{"_id":"@types/q","_rev":"29-5e80fde80c91ecc0bc1148d6d03b9cbc","name":"@types/q","description":"TypeScript definitions for Q","dist-tags":{"latest":"1.0.0","ts2.0":"0.0.33","ts2.1":"0.0.33","ts2.2":"1.0.0","ts2.3":"1.0.0","ts2.4":"1.0.0"},"versions":{"0.0.14-alpha":{"name":"@types/q","version":"0.0.14-alpha","description":"Type definitions for Q from https://www.github.com/DefinitelyTyped/DefinitelyTyped","main":"","scripts":{},"author":{"name":"Barrie Nemetchek","email":"https://github.com/bnemetchek"},"license":"MIT","typings":"index.d.ts","dependencies":{},"_id":"@types/q@0.0.14-alpha","_shasum":"9a9ac951b7d442e136d3b686c99809978b508cbb","_from":"output\\q","_resolved":"file:output\\q","_npmVersion":"3.8.2","_nodeVersion":"5.5.0","_npmUser":{"name":"types","email":"ryan.cavanaugh@microsoft.com"},"dist":{"shasum":"9a9ac951b7d442e136d3b686c99809978b508cbb","tarball":"https://registry.npmjs.org/@types/q/-/q-0.0.14-alpha.tgz"},"maintainers":[{"name":"types","email":"ryan.cavanaugh@microsoft.com"}],"_npmOperationalInternal":{"host":"packages-12-west.internal.npmjs.com","tmp":"tmp/q-0.0.14-alpha.tgz_1463510472248_0.29788138158619404"},"directories":{}},"0.0.15-alpha":{"name":"@types/q","version":"0.0.15-alpha","description":"Type definitions for Q from https://www.github.com/DefinitelyTyped/DefinitelyTyped","main":"","scripts":{},"author":{"name":"Barrie Nemetchek","email":"https://github.com/bnemetchek"},"license":"MIT","typings":"index.d.ts","dependencies":{},"_id":"@types/q@0.0.15-alpha","_shasum":"87f90aa303e8cf4dfb855f823d0c28b5647a990f","_from":"output\\q","_resolved":"file:output\\q","_npmVersion":"3.8.2","_nodeVersion":"5.5.0","_npmUser":{"name":"types","email":"ryan.cavanaugh@microsoft.com"},"dist":{"shasum":"87f90aa303e8cf4dfb855f823d0c28b5647a990f","tarball":"https://registry.npmjs.org/@types/q/-/q-0.0.15-alpha.tgz"},"maintainers":[{"name":"types","email":"ryan.cavanaugh@microsoft.com"}],"_npmOperationalInternal":{"host":"packages-12-west.internal.npmjs.com","tmp":"tmp/q-0.0.15-alpha.tgz_1463695520581_0.020650936290621758"},"directories":{}},"0.0.20-alpha":{"name":"@types/q","version":"0.0.20-alpha","description":"TypeScript definitions for Q","main":"","scripts":{},"author":{"name":"Barrie Nemetchek","email":"https://github.com/bnemetchek"},"license":"MIT","typings":"index.d.ts","dependencies":{},"_id":"@types/q@0.0.20-alpha","_shasum":"a5977d7dd021d0d802ec8c18f7081ff9253759e3","_from":"output\\q","_resolved":"file:output\\q","_npmVersion":"3.8.2","_nodeVersion":"5.5.0","_npmUser":{"name":"types","email":"ryan.cavanaugh@microsoft.com"},"dist":{"shasum":"a5977d7dd021d0d802ec8c18f7081ff9253759e3","tarball":"https://registry.npmjs.org/@types/q/-/q-0.0.20-alpha.tgz"},"maintainers":[{"name":"types","email":"ryan.cavanaugh@microsoft.com"}],"_npmOperationalInternal":{"host":"packages-12-west.internal.npmjs.com","tmp":"tmp/q-0.0.20-alpha.tgz_1463776111204_0.2386988876387477"},"directories":{}},"0.0.21-alpha":{"name":"@types/q","version":"0.0.21-alpha","description":"TypeScript definitions for Q","main":"","scripts":{},"author":{"name":"Barrie Nemetchek","email":"https://github.com/bnemetchek"},"license":"MIT","typings":"index.d.ts","dependencies":{},"_id":"@types/q@0.0.21-alpha","_shasum":"8c19d6d2e472eb38a4bede3a8fca5a2c258d9234","_from":"output\\q","_resolved":"file:output\\q","_npmVersion":"3.8.2","_nodeVersion":"5.5.0","_npmUser":{"name":"types","email":"ryan.cavanaugh@microsoft.com"},"dist":{"shasum":"8c19d6d2e472eb38a4bede3a8fca5a2c258d9234","tarball":"https://registry.npmjs.org/@types/q/-/q-0.0.21-alpha.tgz"},"maintainers":[{"name":"types","email":"ryan.cavanaugh@microsoft.com"}],"_npmOperationalInternal":{"host":"packages-16-east.internal.npmjs.com","tmp":"tmp/q-0.0.21-alpha.tgz_1464155078778_0.3596725962124765"},"directories":{}},"0.0.22-alpha":{"name":"@types/q","version":"0.0.22-alpha","description":"TypeScript definitions for Q","main":"","scripts":{},"author":{"name":"Barrie Nemetchek","email":"https://github.com/bnemetchek"},"repository":{"type":"git","url":"https://www.github.com/DefinitelyTyped/DefinitelyTyped.git"},"license":"MIT","typings":"index.d.ts","dependencies":{},"_id":"@types/q@0.0.22-alpha","_shasum":"dc21ff0552b872421890ede82df637479475bf31","_from":"output\\q","_resolved":"file:output\\q","_npmVersion":"3.9.5","_nodeVersion":"6.2.2","_npmUser":{"name":"types","email":"ryan.cavanaugh@microsoft.com"},"dist":{"shasum":"dc21ff0552b872421890ede82df637479475bf31","tarball":"https://registry.npmjs.org/@types/q/-/q-0.0.22-alpha.tgz"},"maintainers":[{"name":"types","email":"ryan.cavanaugh@microsoft.com"}],"_npmOperationalInternal":{"host":"packages-16-east.internal.npmjs.com","tmp":"tmp/q-0.0.22-alpha.tgz_1467404361400_0.506495000096038"},"directories":{}},"0.0.23-alpha":{"name":"@types/q","version":"0.0.23-alpha","description":"TypeScript definitions for Q","main":"","scripts":{},"author":{"name":"Barrie Nemetchek","email":"https://github.com/bnemetchek"},"repository":{"type":"git","url":"https://www.github.com/DefinitelyTyped/DefinitelyTyped.git"},"license":"MIT","typings":"index.d.ts","dependencies":{},"_id":"@types/q@0.0.23-alpha","_shasum":"4094ef343e0c471d7aaccb5fdad5149838388b7d","_from":"output\\q","_resolved":"file:output\\q","_npmVersion":"3.7.2","_nodeVersion":"6.2.1","_npmUser":{"name":"types","email":"ryan.cavanaugh@microsoft.com"},"dist":{"shasum":"4094ef343e0c471d7aaccb5fdad5149838388b7d","tarball":"https://registry.npmjs.org/@types/q/-/q-0.0.23-alpha.tgz"},"maintainers":[{"name":"types","email":"ryan.cavanaugh@microsoft.com"}],"_npmOperationalInternal":{"host":"packages-12-west.internal.npmjs.com","tmp":"tmp/q-0.0.23-alpha.tgz_1467416567416_0.4687458067201078"},"directories":{}},"0.0.24-alpha":{"name":"@types/q","version":"0.0.24-alpha","description":"TypeScript definitions for Q","main":"","scripts":{},"author":{"name":"Barrie Nemetchek","email":"https://github.com/bnemetchek"},"repository":{"type":"git","url":"https://www.github.com/DefinitelyTyped/DefinitelyTyped.git"},"license":"MIT","typings":"index.d.ts","dependencies":{},"_id":"@types/q@0.0.24-alpha","_shasum":"f7ddf52159870cd3cf6caed5b79826bcfab07561","_from":"output\\q","_resolved":"file:output\\q","_npmVersion":"3.7.2","_nodeVersion":"6.2.1","_npmUser":{"name":"types","email":"ryan.cavanaugh@microsoft.com"},"dist":{"shasum":"f7ddf52159870cd3cf6caed5b79826bcfab07561","tarball":"https://registry.npmjs.org/@types/q/-/q-0.0.24-alpha.tgz"},"maintainers":[{"name":"types","email":"ryan.cavanaugh@microsoft.com"}],"_npmOperationalInternal":{"host":"packages-16-east.internal.npmjs.com","tmp":"tmp/q-0.0.24-alpha.tgz_1467429063170_0.4352709630038589"},"directories":{}},"0.0.25-alpha":{"name":"@types/q","version":"0.0.25-alpha","description":"TypeScript definitions for Q","main":"","scripts":{},"author":{"name":"Barrie Nemetchek","email":"https://github.com/bnemetchek"},"repository":{"type":"git","url":"https://www.github.com/DefinitelyTyped/DefinitelyTyped.git"},"license":"MIT","typings":"index.d.ts","dependencies":{},"_id":"@types/q@0.0.25-alpha","_shasum":"10dde3d22bb7bb3e991b1590c29e60539cd1fa30","_from":"output\\q","_resolved":"file:output\\q","_npmVersion":"3.7.2","_nodeVersion":"6.2.1","_npmUser":{"name":"types","email":"ryan.cavanaugh@microsoft.com"},"dist":{"shasum":"10dde3d22bb7bb3e991b1590c29e60539cd1fa30","tarball":"https://registry.npmjs.org/@types/q/-/q-0.0.25-alpha.tgz"},"maintainers":[{"name":"types","email":"ryan.cavanaugh@microsoft.com"}],"_npmOperationalInternal":{"host":"packages-16-east.internal.npmjs.com","tmp":"tmp/q-0.0.25-alpha.tgz_1467594274310_0.2897014443296939"},"directories":{}},"0.0.26-alpha":{"name":"@types/q","version":"0.0.26-alpha","description":"TypeScript definitions for Q","main":"","scripts":{},"author":{"name":"Barrie Nemetchek","email":"https://github.com/bnemetchek"},"repository":{"type":"git","url":"https://www.github.com/DefinitelyTyped/DefinitelyTyped.git"},"license":"MIT","typings":"index.d.ts","dependencies":{},"_id":"@types/q@0.0.26-alpha","_shasum":"21892900a80eb9f611f979c7da25191b0eda6703","_from":"output\\q","_resolved":"file:output\\q","_npmVersion":"3.10.3","_nodeVersion":"6.3.0","_npmUser":{"name":"types","email":"ryan.cavanaugh@microsoft.com"},"dist":{"shasum":"21892900a80eb9f611f979c7da25191b0eda6703","tarball":"https://registry.npmjs.org/@types/q/-/q-0.0.26-alpha.tgz"},"maintainers":[{"name":"types","email":"ryan.cavanaugh@microsoft.com"}],"_npmOperationalInternal":{"host":"packages-16-east.internal.npmjs.com","tmp":"tmp/q-0.0.26-alpha.tgz_1468012385478_0.16407575295306742"},"directories":{}},"0.0.27":{"name":"@types/q","version":"0.0.27","description":"TypeScript definitions for Q","main":"","scripts":{},"author":{"name":"Barrie Nemetchek","email":"https://github.com/bnemetchek"},"repository":{"type":"git","url":"https://www.github.com/DefinitelyTyped/DefinitelyTyped.git"},"license":"MIT","typings":"index.d.ts","dependencies":{},"_id":"@types/q@0.0.27","_shasum":"502e9e7f885d2568cc52e6fe6dc566f97a31973b","_from":"output\\q","_resolved":"file:output\\q","_npmVersion":"3.10.3","_nodeVersion":"6.3.0","_npmUser":{"name":"types","email":"ts-npm-types@microsoft.com"},"dist":{"shasum":"502e9e7f885d2568cc52e6fe6dc566f97a31973b","tarball":"https://registry.npmjs.org/@types/q/-/q-0.0.27.tgz"},"maintainers":[{"name":"types","email":"ryan.cavanaugh@microsoft.com"}],"_npmOperationalInternal":{"host":"packages-16-east.internal.npmjs.com","tmp":"tmp/q-0.0.27.tgz_1468511261701_0.026471459539607167"},"directories":{}},"0.0.28":{"name":"@types/q","version":"0.0.28","description":"TypeScript definitions for Q","license":"MIT","author":"Barrie Nemetchek <https://github.com/bnemetchek>, Andrew Gaspar <https://github.com/AndrewGaspar/>, John Reilly <https://github.com/johnnyreilly>","main":"","repository":{"type":"git","url":"https://www.github.com/DefinitelyTyped/DefinitelyTyped.git"},"scripts":{},"dependencies":{},"typings":"index.d.ts","_id":"@types/q@0.0.28","dist":{"shasum":"eaa6af8d362e1ba4fee6ccd254f776757d0242a3","tarball":"https://registry.npmjs.org/@types/q/-/q-0.0.28.tgz"},"maintainers":[{"name":"types","email":"ryan.cavanaugh@microsoft.com"}],"_npmUser":{"name":"types","email":"ts-npm-types@microsoft.com"},"_npmOperationalInternal":{"host":"packages-12-west.internal.npmjs.com","tmp":"tmp/q-0.0.28.tgz_1470153912502_0.7029469630215317"},"directories":{}},"0.0.29":{"name":"@types/q","version":"0.0.29","description":"TypeScript definitions for Q","license":"MIT","author":"Barrie Nemetchek <https://github.com/bnemetchek>, Andrew Gaspar <https://github.com/AndrewGaspar/>, John Reilly <https://github.com/johnnyreilly>","main":"","repository":{"type":"git","url":"https://www.github.com/DefinitelyTyped/DefinitelyTyped.git"},"scripts":{},"dependencies":{},"typings":"index.d.ts","_id":"@types/q@0.0.29","dist":{"shasum":"3ab2124367a697a832d0ad17c48ab498475f93e4","tarball":"https://registry.npmjs.org/@types/q/-/q-0.0.29.tgz"},"maintainers":[{"name":"types","email":"ryan.cavanaugh@microsoft.com"}],"_npmUser":{"name":"types","email":"ts-npm-types@microsoft.com"},"_npmOperationalInternal":{"host":"packages-12-west.internal.npmjs.com","tmp":"tmp/q-0.0.29.tgz_1471621070812_0.9116540893446654"},"directories":{}},"0.0.30":{"name":"@types/q","version":"0.0.30","description":"TypeScript definitions for Q","license":"MIT","author":"Barrie Nemetchek <https://github.com/bnemetchek>, Andrew Gaspar <https://github.com/AndrewGaspar/>, John Reilly <https://github.com/johnnyreilly>","main":"","repository":{"type":"git","url":"https://www.github.com/DefinitelyTyped/DefinitelyTyped.git"},"scripts":{},"dependencies":{},"typings":"index.d.ts","_id":"@types/q@0.0.30","dist":{"shasum":"fd7ee1af40f21cdd1f519268073b3432ec17d7a3","tarball":"https://registry.npmjs.org/@types/q/-/q-0.0.30.tgz"},"maintainers":[{"name":"types","email":"ryan.cavanaugh@microsoft.com"}],"_npmUser":{"name":"types","email":"ts-npm-types@microsoft.com"},"_npmOperationalInternal":{"host":"packages-16-east.internal.npmjs.com","tmp":"tmp/q-0.0.30.tgz_1472151244189_0.20236150966957211"},"directories":{}},"0.0.31":{"name":"@types/q","version":"0.0.31","description":"TypeScript definitions for Q","license":"MIT","author":"Barrie Nemetchek <https://github.com/bnemetchek>, Andrew Gaspar <https://github.com/AndrewGaspar/>, John Reilly <https://github.com/johnnyreilly>","main":"","repository":{"type":"git","url":"https://www.github.com/DefinitelyTyped/DefinitelyTyped.git"},"scripts":{},"dependencies":{},"typings":"index.d.ts","typesPublisherContentHash":"95bc16790a3e01f29b3d7527f82775b03ed35e23e74a7a05d0d15ce59f996d2c","_id":"@types/q@0.0.31","dist":{"shasum":"5e4e56003d56ee31aa4038f888840b720770343d","tarball":"https://registry.npmjs.org/@types/q/-/q-0.0.31.tgz"},"maintainers":[{"name":"types","email":"ryan.cavanaugh@microsoft.com"}],"_npmUser":{"name":"types","email":"ts-npm-types@microsoft.com"},"_npmOperationalInternal":{"host":"packages-12-west.internal.npmjs.com","tmp":"tmp/q-0.0.31.tgz_1474308152100_0.7249332086648792"},"directories":{}},"0.0.32":{"name":"@types/q","version":"0.0.32","description":"TypeScript definitions for Q","license":"MIT","author":"Barrie Nemetchek <https://github.com/bnemetchek>, Andrew Gaspar <https://github.com/AndrewGaspar/>, John Reilly <https://github.com/johnnyreilly>","main":"","repository":{"type":"git","url":"https://www.github.com/DefinitelyTyped/DefinitelyTyped.git"},"scripts":{},"dependencies":{},"peerDependencies":{},"typings":"index.d.ts","typesPublisherContentHash":"6597b89d57d9ceec9ef1e6af32e2fd02f4582abaf309f8a76f6746ee1af830d5","_id":"@types/q@0.0.32","dist":{"shasum":"bd284e57c84f1325da702babfc82a5328190c0c5","tarball":"https://registry.npmjs.org/@types/q/-/q-0.0.32.tgz"},"maintainers":[{"name":"types","email":"ryan.cavanaugh@microsoft.com"}],"_npmUser":{"name":"types","email":"ts-npm-types@microsoft.com"},"_npmOperationalInternal":{"host":"packages-16-east.internal.npmjs.com","tmp":"tmp/q-0.0.32.tgz_1475701264683_0.48870944301597774"},"directories":{}},"0.0.33":{"name":"@types/q","version":"0.0.33","description":"TypeScript definitions for Q","license":"MIT","contributors":[{"name":"Barrie Nemetchek","url":"https://github.com/bnemetchek"},{"name":"Andrew Gaspar","url":"https://github.com/AndrewGaspar/"},{"name":"John Reilly","url":"https://github.com/johnnyreilly"}],"main":"","repository":{"type":"git","url":"https://www.github.com/DefinitelyTyped/DefinitelyTyped.git"},"scripts":{},"dependencies":{},"peerDependencies":{},"typesPublisherContentHash":"f53cb3d5f2ec96a1cab17f176ae254287c3f3629cab34cac25d8cd59c0deef6e","typeScriptVersion":"2.0","_id":"@types/q@0.0.33","dist":{"shasum":"9ae1a33d08e3b6c2f3aa2014cb7e5cb9dee5794d","tarball":"https://registry.npmjs.org/@types/q/-/q-0.0.33.tgz"},"maintainers":[{"name":"types","email":"ryan.cavanaugh@microsoft.com"}],"_npmUser":{"name":"types","email":"ts-npm-types@microsoft.com"},"_npmOperationalInternal":{"host":"packages-18-east.internal.npmjs.com","tmp":"tmp/q-0.0.33.tgz_1489518993664_0.2694478230550885"},"directories":{}},"0.0.34":{"name":"@types/q","version":"0.0.34","description":"TypeScript definitions for Q","license":"MIT","contributors":[{"name":"Barrie Nemetchek","url":"https://github.com/bnemetchek"},{"name":"Andrew Gaspar","url":"https://github.com/AndrewGaspar/"},{"name":"John Reilly","url":"https://github.com/johnnyreilly"}],"main":"","repository":{"type":"git","url":"https://www.github.com/DefinitelyTyped/DefinitelyTyped.git"},"scripts":{},"dependencies":{},"peerDependencies":{},"typesPublisherContentHash":"df9ee84987bd28a5133faf0f028162c7704955123f6544e2aec6647920bbcc32","typeScriptVersion":"2.0","_id":"@types/q@0.0.34","dist":{"shasum":"e5d3a54e7a56309d904cdf1dc34f61ac595fae2e","tarball":"https://registry.npmjs.org/@types/q/-/q-0.0.34.tgz"},"maintainers":[{"name":"types","email":"ryan.cavanaugh@microsoft.com"}],"_npmUser":{"name":"types","email":"ts-npm-types@microsoft.com"},"_npmOperationalInternal":{"host":"packages-12-west.internal.npmjs.com","tmp":"tmp/q-0.0.34.tgz_1489541556265_0.7057285429909825"},"directories":{}},"1.0.0":{"name":"@types/q","version":"1.0.0","description":"TypeScript definitions for Q","license":"MIT","contributors":[{"name":"Barrie Nemetchek","url":"https://github.com/bnemetchek"},{"name":"Andrew Gaspar","url":"https://github.com/AndrewGaspar/"},{"name":"John Reilly","url":"https://github.com/johnnyreilly"}],"main":"","repository":{"type":"git","url":"https://www.github.com/DefinitelyTyped/DefinitelyTyped.git"},"scripts":{},"dependencies":{},"peerDependencies":{},"typesPublisherContentHash":"d5cf80b33a7748c89855efc0d3d824526abec1c4a445bc6e3d5f25dbe015ce36","typeScriptVersion":"2.2","_id":"@types/q@1.0.0","dist":{"shasum":"57e5465d665b370d4217e69b344b20faa6b724f5","tarball":"https://registry.npmjs.org/@types/q/-/q-1.0.0.tgz"},"maintainers":[{"name":"types","email":"ryan.cavanaugh@microsoft.com"}],"_npmUser":{"name":"types","email":"ts-npm-types@microsoft.com"},"_npmOperationalInternal":{"host":"packages-12-west.internal.npmjs.com","tmp":"tmp/q-1.0.0.tgz_1489550479788_0.879538988461718"},"directories":{}}},"readme":"# Installation\r\n> `npm install --save @types/q`\r\n\r\n# Summary\r\nThis package contains type definitions for Q (https://github.com/kriskowal/q).\r\n\r\n# Details\r\nFiles were exported from https://www.github.com/DefinitelyTyped/DefinitelyTyped/tree/master/q\r\n\r\nAdditional Details\r\n * Last updated: Wed, 15 Mar 2017 04:00:46 GMT\r\n * Dependencies: none\r\n * Global values: Q\r\n\r\n# Credits\r\nThese definitions were written by Barrie Nemetchek <https://github.com/bnemetchek>, Andrew Gaspar <https://github.com/AndrewGaspar/>, John Reilly <https://github.com/johnnyreilly>.\r\n","maintainers":[{"name":"types","email":"ryan.cavanaugh@microsoft.com"}],"time":{"modified":"2017-05-10T17:14:38.276Z","created":"2016-05-17T18:41:12.798Z","0.0.14-alpha":"2016-05-17T18:41:12.798Z","0.0.15-alpha":"2016-05-19T22:05:21.246Z","0.0.20-alpha":"2016-05-20T20:28:31.638Z","0.0.21-alpha":"2016-05-25T05:44:41.363Z","0.0.22-alpha":"2016-07-01T20:19:24.747Z","0.0.23-alpha":"2016-07-01T23:42:49.833Z","0.0.24-alpha":"2016-07-02T03:11:06.451Z","0.0.25-alpha":"2016-07-04T01:04:37.671Z","0.0.26-alpha":"2016-07-08T21:13:06.881Z","0.0.27":"2016-07-14T15:47:44.158Z","0.0.28":"2016-08-02T16:05:14.412Z","0.0.29":"2016-08-19T15:37:52.607Z","0.0.30":"2016-08-25T18:54:04.801Z","0.0.31":"2016-09-19T18:02:32.329Z","0.0.32":"2016-10-05T21:01:07.939Z","0.0.33":"2017-03-14T19:16:35.773Z","0.0.34":"2017-03-15T01:32:36.481Z","1.0.0":"2017-03-15T04:01:20.035Z"},"license":"MIT","readmeFilename":"","repository":{"type":"git","url":"https://www.github.com/DefinitelyTyped/DefinitelyTyped.git"},"contributors":[{"name":"Barrie Nemetchek","url":"https://github.com/bnemetchek"},{"name":"Andrew Gaspar","url":"https://github.com/AndrewGaspar/"},{"name":"John Reilly","url":"https://github.com/johnnyreilly"}],"_attachments":{},"_etag":"W/\"59134a7e-49ff\"","_lastModified":"Wed, 10 May 2017 17:14:38 GMT","_cached":true}