<?xml version='1.0' encoding='UTF-8'?><ListBucketResult xmlns='http://doc.s3.amazonaws.com/2006-03-01'><Name>chromedriver</Name><Prefix></Prefix><Marker></Marker><IsTruncated>false</IsTruncated><Contents><Key>2.0/chromedriver_linux32.zip</Key><Generation>1380149859530000</Generation><MetaGeneration>2</MetaGeneration><LastModified>2013-09-25T22:57:39.349Z</LastModified><ETag>"c0d96102715c4916b872f91f5bf9b12c"</ETag><Size>7262134</Size><Owner/></Contents><Contents><Key>2.0/chromedriver_linux64.zip</Key><Generation>1380149860664000</Generation><MetaGeneration>2</MetaGeneration><LastModified>2013-09-25T22:57:40.449Z</LastModified><ETag>"858ebaf47e13dce7600191ed59974c09"</ETag><Size>7433593</Size><Owner/></Contents><Contents><Key>2.0/chromedriver_mac32.zip</Key><Generation>1380149857425000</Generation><MetaGeneration>2</MetaGeneration><LastModified>2013-09-25T22:57:37.204Z</LastModified><ETag>"efc13db5afc518000d886c2bdcb3a4bc"</ETag><Size>7614601</Size><Owner/></Contents><Contents><Key>2.0/chromedriver_win32.zip</Key><Generation>1380149858370000</Generation><MetaGeneration>2</MetaGeneration><LastModified>2013-09-25T22:57:38.165Z</LastModified><ETag>"bbf8fd0fe525a06dda162619cac2b200"</ETag><Size>3048831</Size><Owner/></Contents><Contents><Key>2.1/chromedriver_linux32.zip</Key><Generation>1380149869675000</Generation><MetaGeneration>2</MetaGeneration><LastModified>2013-09-25T22:57:49.481Z</LastModified><ETag>"1d7e908253f7240d1596332082cc5742"</ETag><Size>7197760</Size><Owner/></Contents><Contents><Key>2.1/chromedriver_linux64.zip</Key><Generation>1380149870889000</Generation><MetaGeneration>2</MetaGeneration><LastModified>2013-09-25T22:57:50.738Z</LastModified><ETag>"de406b5a1aac2bfb2f419ac01d7231e2"</ETag><Size>7367074</Size><Owner/></Contents><Contents><Key>2.1/chromedriver_mac32.zip</Key><Generation>1380149867471000</Generation><MetaGeneration>2</MetaGeneration><LastModified>2013-09-25T22:57:47.251Z</LastModified><ETag>"41d718a956392c78d788eedd2e0723a5"</ETag><Size>7611294</Size><Owner/></Contents><Contents><Key>2.1/chromedriver_win32.zip</Key><Generation>1380149868374000</Generation><MetaGeneration>2</MetaGeneration><LastModified>2013-09-25T22:57:48.143Z</LastModified><ETag>"d48fd6bce0c6131caa8aad6b5b02b9aa"</ETag><Size>2961443</Size><Owner/></Contents><Contents><Key>2.10/chromedriver_linux32.zip</Key><Generation>1398977182889000</Generation><MetaGeneration>1</MetaGeneration><LastModified>2014-05-01T20:46:22.843Z</LastModified><ETag>"4fecc99b066cb1a346035bf022607104"</ETag><Size>2439424</Size><Owner/></Contents><Contents><Key>2.10/chromedriver_linux64.zip</Key><Generation>1398984058713000</Generation><MetaGeneration>1</MetaGeneration><LastModified>2014-05-01T22:40:58.697Z</LastModified><ETag>"058cd8b7b4b9688507701b5e648fd821"</ETag><Size>2301804</Size><Owner/></Contents><Contents><Key>2.10/chromedriver_mac32.zip</Key><Generation>1398983790201000</Generation><MetaGeneration>1</MetaGeneration><LastModified>2014-05-01T22:36:30.170Z</LastModified><ETag>"fd0dafc3ada3619edda2961f2beadc5c"</ETag><Size>4116418</Size><Owner/></Contents><Contents><Key>2.10/chromedriver_win32.zip</Key><Generation>1398985168260000</Generation><MetaGeneration>1</MetaGeneration><LastModified>2014-05-01T22:59:28.242Z</LastModified><ETag>"082e91e5c8994a7879710caeed62e334"</ETag><Size>2843903</Size><Owner/></Contents><Contents><Key>2.10/notes.txt</Key><Generation>1398977183990000</Generation><MetaGeneration>1</MetaGeneration><LastModified>2014-05-01T20:46:23.990Z</LastModified><ETag>"27c57f1c84c22b4427f57c74f246ce1a"</ETag><Size>4055</Size><Owner/></Contents><Contents><Key>2.11/chromedriver_linux32.zip</Key><Generation>1412731037918000</Generation><MetaGeneration>1</MetaGeneration><LastModified>2014-10-08T01:17:17.918Z</LastModified><ETag>"bf0d731cd34fd07e22f4641c9aec8483"</ETag><Size>2304072</Size><Owner/></Contents><Contents><Key>2.11/chromedriver_linux64.zip</Key><Generation>1412736699874000</Generation><MetaGeneration>1</MetaGeneration><LastModified>2014-10-08T02:51:39.874Z</LastModified><ETag>"7a7336caea140f6ac1cb8fae8df50d36"</ETag><Size>2173523</Size><Owner/></Contents><Contents><Key>2.11/chromedriver_mac32.zip</Key><Generation>1412735160644000</Generation><MetaGeneration>1</MetaGeneration><LastModified>2014-10-08T02:26:00.644Z</LastModified><ETag>"447ebc91ac355fc11e960c95f2c15622"</ETag><Size>3280825</Size><Owner/></Contents><Contents><Key>2.11/chromedriver_win32.zip</Key><Generation>1412739814238000</Generation><MetaGeneration>1</MetaGeneration><LastModified>2014-10-08T03:43:34.238Z</LastModified><ETag>"44443738344b887ff1fe94710a8d45dc"</ETag><Size>2898597</Size><Owner/></Contents><Contents><Key>2.11/notes.txt</Key><Generation>1412731039474000</Generation><MetaGeneration>1</MetaGeneration><LastModified>2014-10-08T01:17:19.473Z</LastModified><ETag>"f235aea2d380a73053c25850ddbba6de"</ETag><Size>4963</Size><Owner/></Contents><Contents><Key>2.12/chromedriver_linux32.zip</Key><Generation>1414402044626000</Generation><MetaGeneration>1</MetaGeneration><LastModified>2014-10-27T09:27:24.626Z</LastModified><ETag>"6f4041e7f8300380cc2a13babbac354e"</ETag><Size>2296539</Size><Owner/></Contents><Contents><Key>2.12/chromedriver_linux64.zip</Key><Generation>1414401969734000</Generation><MetaGeneration>1</MetaGeneration><LastModified>2014-10-27T09:26:09.733Z</LastModified><ETag>"f306b93ff1b34af74371cee87d6560e4"</ETag><Size>2162844</Size><Owner/></Contents><Contents><Key>2.12/chromedriver_mac32.zip</Key><Generation>1414416263998000</Generation><MetaGeneration>1</MetaGeneration><LastModified>2014-10-27T13:24:23.998Z</LastModified><ETag>"259bb87f4ebf3b0bc4792ed203bd69f5"</ETag><Size>3255376</Size><Owner/></Contents><Contents><Key>2.12/chromedriver_win32.zip</Key><Generation>1414404627384000</Generation><MetaGeneration>1</MetaGeneration><LastModified>2014-10-27T10:10:27.384Z</LastModified><ETag>"51eb47ad5ea91422aa1aaa400a724e7b"</ETag><Size>2881463</Size><Owner/></Contents><Contents><Key>2.12/notes.txt</Key><Generation>1414401970903000</Generation><MetaGeneration>1</MetaGeneration><LastModified>2014-10-27T09:26:10.903Z</LastModified><ETag>"81c24211e57eed0065971459c5c861ff"</ETag><Size>5701</Size><Owner/></Contents><Contents><Key>2.13/chromedriver_linux32.zip</Key><Generation>1418217479776000</Generation><MetaGeneration>1</MetaGeneration><LastModified>2014-12-10T13:17:59.776Z</LastModified><ETag>"187dbe7973c82e59446d5bca7ed40acd"</ETag><Size>2341730</Size><Owner/></Contents><Contents><Key>2.13/chromedriver_linux64.zip</Key><Generation>1418217778005000</Generation><MetaGeneration>1</MetaGeneration><LastModified>2014-12-10T13:22:58.004Z</LastModified><ETag>"fcfd993330704f8cfb307a2fca5a9687"</ETag><Size>2208167</Size><Owner/></Contents><Contents><Key>2.13/chromedriver_mac32.zip</Key><Generation>1418220174517000</Generation><MetaGeneration>1</MetaGeneration><LastModified>2014-12-10T14:02:54.517Z</LastModified><ETag>"e37a65a1be68523385761d29decf15d4"</ETag><Size>3429521</Size><Owner/></Contents><Contents><Key>2.13/chromedriver_win32.zip</Key><Generation>1418218847685000</Generation><MetaGeneration>1</MetaGeneration><LastModified>2014-12-10T13:40:47.685Z</LastModified><ETag>"ae85407694d3849450a25431f9669a81"</ETag><Size>2416584</Size><Owner/></Contents><Contents><Key>2.13/notes.txt</Key><Generation>1418217481123000</Generation><MetaGeneration>1</MetaGeneration><LastModified>2014-12-10T13:18:01.123Z</LastModified><ETag>"a57d33a29c8c5ec7ca9c88aa1385fed0"</ETag><Size>6427</Size><Owner/></Contents><Contents><Key>2.14/chromedriver_linux32.zip</Key><Generation>1422443220679000</Generation><MetaGeneration>1</MetaGeneration><LastModified>2015-01-28T11:07:00.679Z</LastModified><ETag>"f130cb3b94a8fbd28212f18c929f79ee"</ETag><Size>2371806</Size><Owner/></Contents><Contents><Key>2.14/chromedriver_linux64.zip</Key><Generation>1422450557964000</Generation><MetaGeneration>1</MetaGeneration><LastModified>2015-01-28T13:09:17.963Z</LastModified><ETag>"8368d266bd832ff2ea292baedbc770be"</ETag><Size>2248753</Size><Owner/></Contents><Contents><Key>2.14/chromedriver_mac32.zip</Key><Generation>1422437367341000</Generation><MetaGeneration>1</MetaGeneration><LastModified>2015-01-28T09:29:27.341Z</LastModified><ETag>"2b8a3e7249c80dec95264cbb55c897ed"</ETag><Size>3478165</Size><Owner/></Contents><Contents><Key>2.14/chromedriver_win32.zip</Key><Generation>1422486303863000</Generation><MetaGeneration>1</MetaGeneration><LastModified>2015-01-28T23:05:03.862Z</LastModified><ETag>"00c70587c3e215f030307d546b315323"</ETag><Size>2402133</Size><Owner/></Contents><Contents><Key>2.14/notes.txt</Key><Generation>1422481920832000</Generation><MetaGeneration>1</MetaGeneration><LastModified>2015-01-28T21:52:00.831Z</LastModified><ETag>"3ea820228a6302426ed5db059df2df7a"</ETag><Size>6874</Size><Owner/></Contents><Contents><Key>2.15/chromedriver_linux32.zip</Key><Generation>1427420498917000</Generation><MetaGeneration>1</MetaGeneration><LastModified>2015-03-27T01:41:38.915Z</LastModified><ETag>"844c200a4d8e79ad68d76ed68f67aadd"</ETag><Size>2421534</Size><Owner/></Contents><Contents><Key>2.15/chromedriver_linux64.zip</Key><Generation>1427418956503000</Generation><MetaGeneration>1</MetaGeneration><LastModified>2015-03-27T01:15:56.502Z</LastModified><ETag>"21c22803a1fd903ba15ea21ee81de317"</ETag><Size>2281614</Size><Owner/></Contents><Contents><Key>2.15/chromedriver_mac32.zip</Key><Generation>1427407699899000</Generation><MetaGeneration>1</MetaGeneration><LastModified>2015-03-26T22:08:19.898Z</LastModified><ETag>"3842a1ed3edc23997ca78bc980310024"</ETag><Size>3510869</Size><Owner/></Contents><Contents><Key>2.15/chromedriver_win32.zip</Key><Generation>1427421316760000</Generation><MetaGeneration>1</MetaGeneration><LastModified>2015-03-27T01:55:16.759Z</LastModified><ETag>"c75b03bf76ab53d185fc18fc89ca1af9"</ETag><Size>2459585</Size><Owner/></Contents><Contents><Key>2.15/notes.txt</Key><Generation>1427407702171000</Generation><MetaGeneration>1</MetaGeneration><LastModified>2015-03-26T22:08:22.170Z</LastModified><ETag>"3c037b0df2c031f17465f6fca11fe7b9"</ETag><Size>6951</Size><Owner/></Contents><Contents><Key>2.16/chromedriver_linux32.zip</Key><Generation>1433768153271000</Generation><MetaGeneration>1</MetaGeneration><LastModified>2015-06-08T12:55:53.270Z</LastModified><ETag>"fffdb4c098adc2ab61b0e0f5b694f27e"</ETag><Size>2417477</Size><Owner/></Contents><Contents><Key>2.16/chromedriver_linux64.zip</Key><Generation>1433775187713000</Generation><MetaGeneration>1</MetaGeneration><LastModified>2015-06-08T14:53:07.712Z</LastModified><ETag>"fa8e1bc6f9ce474582876653604d675e"</ETag><Size>2278361</Size><Owner/></Contents><Contents><Key>2.16/chromedriver_mac32.zip</Key><Generation>1433770172119000</Generation><MetaGeneration>1</MetaGeneration><LastModified>2015-06-08T13:29:32.115Z</LastModified><ETag>"3ae88facdc6ad1b716820cc5f678a6c4"</ETag><Size>3500362</Size><Owner/></Contents><Contents><Key>2.16/chromedriver_win32.zip</Key><Generation>1433766655879000</Generation><MetaGeneration>1</MetaGeneration><LastModified>2015-06-08T12:30:55.879Z</LastModified><ETag>"3e1b4a91e12a9872a4ed83c9e61c122e"</ETag><Size>2443735</Size><Owner/></Contents><Contents><Key>2.16/notes.txt</Key><Generation>1434732771516000</Generation><MetaGeneration>1</MetaGeneration><LastModified>2015-06-19T16:52:51.515Z</LastModified><ETag>"5ca0cfcb8ce5303b1006f23e33b1aa71"</ETag><Size>7517</Size><Owner/></Contents><Contents><Key>2.17/chromedriver_linux64.zip</Key><Generation>1438329406043000</Generation><MetaGeneration>1</MetaGeneration><LastModified>2015-07-31T07:56:46.043Z</LastModified><ETag>"569364de37c2743597cd6b8bb333d21a"</ETag><Size>2529001</Size><Owner/></Contents><Contents><Key>2.17/chromedriver_mac32.zip</Key><Generation>1438360511925000</Generation><MetaGeneration>1</MetaGeneration><LastModified>2015-07-31T16:35:11.924Z</LastModified><ETag>"aa2b200f118f8eaa7ed1d6bd7ca49005"</ETag><Size>3499908</Size><Owner/></Contents><Contents><Key>2.17/chromedriver_win32.zip</Key><Generation>1438294304810000</Generation><MetaGeneration>1</MetaGeneration><LastModified>2015-07-30T22:11:44.809Z</LastModified><ETag>"bfa2d4c80e701980b5fd656e85329806"</ETag><Size>2446222</Size><Owner/></Contents><Contents><Key>2.18/chromedriver_linux32.zip</Key><Generation>1439956086741000</Generation><MetaGeneration>1</MetaGeneration><LastModified>2015-08-19T03:48:06.740Z</LastModified><ETag>"0ac230f5f19c72cebf3042970217ad01"</ETag><Size>2628374</Size><Owner/></Contents><Contents><Key>2.18/chromedriver_linux64.zip</Key><Generation>1439963151803000</Generation><MetaGeneration>1</MetaGeneration><LastModified>2015-08-19T05:45:51.802Z</LastModified><ETag>"709e2dd132ac6c2a09de084fdc19db45"</ETag><Size>2532822</Size><Owner/></Contents><Contents><Key>2.18/chromedriver_mac32.zip</Key><Generation>1440001575272000</Generation><MetaGeneration>1</MetaGeneration><LastModified>2015-08-19T16:26:15.271Z</LastModified><ETag>"6839b10023a48d87c4835481b9fad7a7"</ETag><Size>3519120</Size><Owner/></Contents><Contents><Key>2.18/chromedriver_win32.zip</Key><Generation>1440042647250000</Generation><MetaGeneration>1</MetaGeneration><LastModified>2015-08-20T03:50:47.188Z</LastModified><ETag>"4bdfb306e2bce6bf42e663617578ca24"</ETag><Size>2464234</Size><Owner/></Contents><Contents><Key>2.18/notes.txt</Key><Generation>1440043360290000</Generation><MetaGeneration>1</MetaGeneration><LastModified>2015-08-20T04:02:40.289Z</LastModified><ETag>"43fb06f163f3019e4d2814ef54e2c0fa"</ETag><Size>406</Size><Owner/></Contents><Contents><Key>2.19/chromedriver_linux32.zip</Key><Generation>1440749738688000</Generation><MetaGeneration>1</MetaGeneration><LastModified>2015-08-28T08:15:38.687Z</LastModified><ETag>"b1e881182574cd2354c00c384d0949cc"</ETag><Size>2627270</Size><Owner/></Contents><Contents><Key>2.19/chromedriver_linux64.zip</Key><Generation>1440742715586000</Generation><MetaGeneration>1</MetaGeneration><LastModified>2015-08-28T06:18:35.585Z</LastModified><ETag>"9e476aa088baab9bed9c1a5e7007c9c3"</ETag><Size>2540107</Size><Owner/></Contents><Contents><Key>2.19/chromedriver_mac32.zip</Key><Generation>1440742182122000</Generation><MetaGeneration>1</MetaGeneration><LastModified>2015-08-28T06:09:42.121Z</LastModified><ETag>"425ed409f989f4ca9eb1f2a745039b59"</ETag><Size>3530008</Size><Owner/></Contents><Contents><Key>2.19/chromedriver_win32.zip</Key><Generation>1440742646899000</Generation><MetaGeneration>1</MetaGeneration><LastModified>2015-08-28T06:17:26.898Z</LastModified><ETag>"4bc98ef466ef49e45fbee95a003e01b8"</ETag><Size>2468633</Size><Owner/></Contents><Contents><Key>2.19/notes.txt</Key><Generation>1440779771082000</Generation><MetaGeneration>1</MetaGeneration><LastModified>2015-08-28T16:36:11.081Z</LastModified><ETag>"bb7099e4ad9618f5aca2f8009e4fb82d"</ETag><Size>756</Size><Owner/></Contents><Contents><Key>2.2/chromedriver_linux32.zip</Key><Generation>1380149878519000</Generation><MetaGeneration>2</MetaGeneration><LastModified>2013-09-25T22:57:58.374Z</LastModified><ETag>"801b9f6c28a32575d8eae2abb1cdecd5"</ETag><Size>7252879</Size><Owner/></Contents><Contents><Key>2.2/chromedriver_linux64.zip</Key><Generation>1380149879600000</Generation><MetaGeneration>2</MetaGeneration><LastModified>2013-09-25T22:57:59.432Z</LastModified><ETag>"d5b73ee424717e45601553e91e204ad6"</ETag><Size>7417835</Size><Owner/></Contents><Contents><Key>2.2/chromedriver_mac32.zip</Key><Generation>1380149876563000</Generation><MetaGeneration>2</MetaGeneration><LastModified>2013-09-25T22:57:56.408Z</LastModified><ETag>"e904e2ed0ebcc453492a9fe0550665ee"</ETag><Size>7634565</Size><Owner/></Contents><Contents><Key>2.2/chromedriver_win32.zip</Key><Generation>1380149877467000</Generation><MetaGeneration>2</MetaGeneration><LastModified>2013-09-25T22:57:57.313Z</LastModified><ETag>"c86ce20925db2d16118559cbe6693c6f"</ETag><Size>2978752</Size><Owner/></Contents><Contents><Key>2.20/chromedriver_linux32.zip</Key><Generation>1444349629569000</Generation><MetaGeneration>1</MetaGeneration><LastModified>2015-10-09T00:13:49.568Z</LastModified><ETag>"1e8cbdb84c5b70f86030297c4be3a5f9"</ETag><Size>2612186</Size><Owner/></Contents><Contents><Key>2.20/chromedriver_linux64.zip</Key><Generation>1444346907063000</Generation><MetaGeneration>1</MetaGeneration><LastModified>2015-10-08T23:28:27.062Z</LastModified><ETag>"245858cc984bd946df6a1e6719c8e6f5"</ETag><Size>2528233</Size><Owner/></Contents><Contents><Key>2.20/chromedriver_mac32.zip</Key><Generation>1444346568789000</Generation><MetaGeneration>1</MetaGeneration><LastModified>2015-10-08T23:22:48.789Z</LastModified><ETag>"749d4be0a317e92fd3aecaa022385439"</ETag><Size>3516443</Size><Owner/></Contents><Contents><Key>2.20/chromedriver_win32.zip</Key><Generation>1444352264286000</Generation><MetaGeneration>1</MetaGeneration><LastModified>2015-10-09T00:57:44.285Z</LastModified><ETag>"028ee452b8e23890ec5ec6b0717fd295"</ETag><Size>2456101</Size><Owner/></Contents><Contents><Key>2.20/notes.txt</Key><Generation>1444346573055000</Generation><MetaGeneration>1</MetaGeneration><LastModified>2015-10-08T23:22:53.054Z</LastModified><ETag>"fda30d3acf1a10aa9b193b3121787d80"</ETag><Size>1174</Size><Owner/></Contents><Contents><Key>2.21/chromedriver_linux32.zip</Key><Generation>1453790859217000</Generation><MetaGeneration>1</MetaGeneration><LastModified>2016-01-26T06:47:39.216Z</LastModified><ETag>"d0a589f70e53774db95bf6f46972837c"</ETag><Size>2773434</Size><Owner/></Contents><Contents><Key>2.21/chromedriver_linux64.zip</Key><Generation>1453823463856000</Generation><MetaGeneration>1</MetaGeneration><LastModified>2016-01-26T15:51:03.855Z</LastModified><ETag>"06e57f4c411e1135c6277d17ea8390fd"</ETag><Size>2692616</Size><Owner/></Contents><Contents><Key>2.21/chromedriver_mac32.zip</Key><Generation>1453795148425000</Generation><MetaGeneration>1</MetaGeneration><LastModified>2016-01-26T07:59:08.424Z</LastModified><ETag>"452d8c9cba353ba366d15fbeba013943"</ETag><Size>3727281</Size><Owner/></Contents><Contents><Key>2.21/chromedriver_win32.zip</Key><Generation>1453790823425000</Generation><MetaGeneration>1</MetaGeneration><LastModified>2016-01-26T06:47:03.424Z</LastModified><ETag>"8a93dc3ff02ef9bc3161dd4b20f87215"</ETag><Size>2598298</Size><Owner/></Contents><Contents><Key>2.21/notes.txt</Key><Generation>1454023503441000</Generation><MetaGeneration>1</MetaGeneration><LastModified>2016-01-28T23:25:03.393Z</LastModified><ETag>"d8d67de107327522f0728fb389fee377"</ETag><Size>2546</Size><Owner/></Contents><Contents><Key>2.22/chromedriver_linux32.zip</Key><Generation>1465074179409000</Generation><MetaGeneration>1</MetaGeneration><LastModified>2016-06-04T21:02:59.407Z</LastModified><ETag>"c498db13c92abf0d504c784d2191e9b1"</ETag><Size>2958416</Size><Owner/></Contents><Contents><Key>2.22/chromedriver_linux64.zip</Key><Generation>1465070090313000</Generation><MetaGeneration>1</MetaGeneration><LastModified>2016-06-04T19:54:50.312Z</LastModified><ETag>"2a5e6ccbceb9f498788dc257334dfaa3"</ETag><Size>2722491</Size><Owner/></Contents><Contents><Key>2.22/chromedriver_mac32.zip</Key><Generation>1465071130905000</Generation><MetaGeneration>1</MetaGeneration><LastModified>2016-06-04T20:12:10.903Z</LastModified><ETag>"eed98b5a2895b9cd2432fa52f7091a71"</ETag><Size>3909903</Size><Owner/></Contents><Contents><Key>2.22/chromedriver_win32.zip</Key><Generation>1465073479733000</Generation><MetaGeneration>1</MetaGeneration><LastModified>2016-06-04T20:51:19.732Z</LastModified><ETag>"c5962f884bd58987b1ef0fa04c6a3ce5"</ETag><Size>2736710</Size><Owner/></Contents><Contents><Key>2.22/notes.txt</Key><Generation>1465237937804000</Generation><MetaGeneration>1</MetaGeneration><LastModified>2016-06-06T18:32:17.792Z</LastModified><ETag>"c08143737d292f4b0294745f7ae6a968"</ETag><Size>3677</Size><Owner/></Contents><Contents><Key>2.23/chromedriver_linux32.zip</Key><Generation>1470338000375000</Generation><MetaGeneration>1</MetaGeneration><LastModified>2016-08-04T19:13:20.374Z</LastModified><ETag>"45df7fb52f4cba39a5bdcdaf2c16e171"</ETag><Size>3142707</Size><Owner/></Contents><Contents><Key>2.23/chromedriver_linux64.zip</Key><Generation>1470337322313000</Generation><MetaGeneration>1</MetaGeneration><LastModified>2016-08-04T19:02:02.309Z</LastModified><ETag>"cc89692d75fb0bdfe700ec0ca19808a5"</ETag><Size>3121199</Size><Owner/></Contents><Contents><Key>2.23/chromedriver_mac64.zip</Key><Generation>1470957885071000</Generation><MetaGeneration>1</MetaGeneration><LastModified>2016-08-11T23:24:45.069Z</LastModified><ETag>"92fa9afe62c75557bc08af3fe3450b2b"</ETag><Size>4577224</Size><Owner/></Contents><Contents><Key>2.23/chromedriver_win32.zip</Key><Generation>1470345180550000</Generation><MetaGeneration>1</MetaGeneration><LastModified>2016-08-04T21:13:00.546Z</LastModified><ETag>"6856adb07cc8683d2a1587c05f37f1be"</ETag><Size>2558586</Size><Owner/></Contents><Contents><Key>2.23/notes.txt</Key><Generation>1471544282929000</Generation><MetaGeneration>1</MetaGeneration><LastModified>2016-08-18T18:18:02.910Z</LastModified><ETag>"4fd49a545428804a23905a4637c461d7"</ETag><Size>4015</Size><Owner/></Contents><Contents><Key>2.24/chromedriver_linux32.zip</Key><Generation>1473477991313000</Generation><MetaGeneration>1</MetaGeneration><LastModified>2016-09-10T03:26:31.312Z</LastModified><ETag>"8e6b6d358f1b919a0d1369f90d61e1a4"</ETag><Size>3154004</Size><Owner/></Contents><Contents><Key>2.24/chromedriver_linux64.zip</Key><Generation>1473382634658000</Generation><MetaGeneration>1</MetaGeneration><LastModified>2016-09-09T00:57:14.652Z</LastModified><ETag>"c56e41bdc769ad2c31225b8495fc1a93"</ETag><Size>3116161</Size><Owner/></Contents><Contents><Key>2.24/chromedriver_mac64.zip</Key><Generation>1473386313768000</Generation><MetaGeneration>1</MetaGeneration><LastModified>2016-09-09T01:58:33.765Z</LastModified><ETag>"d117b66fac514344eaf80691ae9a4687"</ETag><Size>4592623</Size><Owner/></Contents><Contents><Key>2.24/chromedriver_win32.zip</Key><Generation>1473389462880000</Generation><MetaGeneration>1</MetaGeneration><LastModified>2016-09-09T02:51:02.878Z</LastModified><ETag>"1a46c83926f891d502427df10b4646b9"</ETag><Size>3464930</Size><Owner/></Contents><Contents><Key>2.24/notes.txt</Key><Generation>1473455450249000</Generation><MetaGeneration>1</MetaGeneration><LastModified>2016-09-09T21:10:50.233Z</LastModified><ETag>"a11c6f26625d160f76fc1fb9c5575a19"</ETag><Size>5052</Size><Owner/></Contents><Contents><Key>2.25/chromedriver_linux32.zip</Key><Generation>1477121565096000</Generation><MetaGeneration>1</MetaGeneration><LastModified>2016-10-22T07:32:45.094Z</LastModified><ETag>"175ac6d5a9d7579b612809434020fd3c"</ETag><Size>3182442</Size><Owner/></Contents><Contents><Key>2.25/chromedriver_linux64.zip</Key><Generation>1477102604586000</Generation><MetaGeneration>1</MetaGeneration><LastModified>2016-10-22T02:16:44.584Z</LastModified><ETag>"16673c4a4262d0f4c01836b5b3b2b110"</ETag><Size>3141794</Size><Owner/></Contents><Contents><Key>2.25/chromedriver_mac64.zip</Key><Generation>1477117431115000</Generation><MetaGeneration>1</MetaGeneration><LastModified>2016-10-22T06:23:51.114Z</LastModified><ETag>"384031f9bb782edce149c0bea89921b6"</ETag><Size>4563462</Size><Owner/></Contents><Contents><Key>2.25/chromedriver_win32.zip</Key><Generation>1477113954064000</Generation><MetaGeneration>1</MetaGeneration><LastModified>2016-10-22T05:25:54.062Z</LastModified><ETag>"2727729883ac960c2edd63558f08f601"</ETag><Size>3521408</Size><Owner/></Contents><Contents><Key>2.25/notes.txt</Key><Generation>1477435098118000</Generation><MetaGeneration>1</MetaGeneration><LastModified>2016-10-25T22:38:18.106Z</LastModified><ETag>"3ff9054860925ff9e891d3644cf40051"</ETag><Size>5414</Size><Owner/></Contents><Contents><Key>2.26/chromedriver_linux32.zip</Key><Generation>1481076236199000</Generation><MetaGeneration>1</MetaGeneration><LastModified>2016-12-07T02:03:56.198Z</LastModified><ETag>"b89d58dbd6182b3d30653a28eb304850"</ETag><Size>3367978</Size><Owner/></Contents><Contents><Key>2.26/chromedriver_linux64.zip</Key><Generation>1480980256590000</Generation><MetaGeneration>1</MetaGeneration><LastModified>2016-12-05T23:24:16.587Z</LastModified><ETag>"3cdae483af1e54c6732abc9af875b9c1"</ETag><Size>3328958</Size><Owner/></Contents><Contents><Key>2.26/chromedriver_mac64.zip</Key><Generation>1481065727362000</Generation><MetaGeneration>1</MetaGeneration><LastModified>2016-12-06T23:08:47.361Z</LastModified><ETag>"d5ef788e1a5b4bfdb22836a45078f0c1"</ETag><Size>4589475</Size><Owner/></Contents><Contents><Key>2.26/chromedriver_win32.zip</Key><Generation>1480986715586000</Generation><MetaGeneration>1</MetaGeneration><LastModified>2016-12-06T01:11:55.585Z</LastModified><ETag>"05b5f443cb1f363b81a9ac7618e862bd"</ETag><Size>3653714</Size><Owner/></Contents><Contents><Key>2.26/notes.txt</Key><Generation>1481328397854000</Generation><MetaGeneration>1</MetaGeneration><LastModified>2016-12-10T00:06:37.841Z</LastModified><ETag>"f4acca44d7620423e556e5d3c59ddc82"</ETag><Size>6502</Size><Owner/></Contents><Contents><Key>2.27/chromedriver_linux32.zip</Key><Generation>1482464809376000</Generation><MetaGeneration>1</MetaGeneration><LastModified>2016-12-23T03:46:49.374Z</LastModified><ETag>"980387b5885be8f69343ba9f11cc7a9f"</ETag><Size>3366113</Size><Owner/></Contents><Contents><Key>2.27/chromedriver_linux64.zip</Key><Generation>1482362999699000</Generation><MetaGeneration>1</MetaGeneration><LastModified>2016-12-21T23:29:59.697Z</LastModified><ETag>"c6d21c8fecf8bd0b880b2c36692153ef"</ETag><Size>3337834</Size><Owner/></Contents><Contents><Key>2.27/chromedriver_mac64.zip</Key><Generation>1482361623295000</Generation><MetaGeneration>1</MetaGeneration><LastModified>2016-12-21T23:07:03.291Z</LastModified><ETag>"56d908397af997f04fab32c05a26b994"</ETag><Size>4604418</Size><Owner/></Contents><Contents><Key>2.27/chromedriver_win32.zip</Key><Generation>1482363909979000</Generation><MetaGeneration>1</MetaGeneration><LastModified>2016-12-21T23:45:09.977Z</LastModified><ETag>"2125188a206e2258364c3e46f07724e5"</ETag><Size>3665470</Size><Owner/></Contents><Contents><Key>2.27/notes.txt</Key><Generation>1482517721706000</Generation><MetaGeneration>1</MetaGeneration><LastModified>2016-12-23T18:28:41.690Z</LastModified><ETag>"c8e31eb43d3b9d9137b4ece5d546bd76"</ETag><Size>6698</Size><Owner/></Contents><Contents><Key>2.28/chromedriver_linux32.zip</Key><Generation>1489023441644719</Generation><MetaGeneration>1</MetaGeneration><LastModified>2017-03-09T01:37:21.636Z</LastModified><ETag>"82e4c112862be0e7e06e5ddcbe8b077c"</ETag><Size>3487993</Size><Owner/></Contents><Contents><Key>2.28/chromedriver_linux64.zip</Key><Generation>1489013591247000</Generation><MetaGeneration>1</MetaGeneration><LastModified>2017-03-08T22:53:11.244Z</LastModified><ETag>"a72088c0a6b018ded2c0fff616da8f65"</ETag><Size>3458530</Size><Owner/></Contents><Contents><Key>2.28/chromedriver_mac64.zip</Key><Generation>1489036912607000</Generation><MetaGeneration>1</MetaGeneration><LastModified>2017-03-09T05:21:52.604Z</LastModified><ETag>"7261a8a4d45f63e6c6f5b712e089cbc3"</ETag><Size>4847203</Size><Owner/></Contents><Contents><Key>2.28/chromedriver_win32.zip</Key><Generation>1489030730635000</Generation><MetaGeneration>1</MetaGeneration><LastModified>2017-03-09T03:38:50.634Z</LastModified><ETag>"daef8743d113cecc3bfe0c65c3423565"</ETag><Size>3794861</Size><Owner/></Contents><Contents><Key>2.28/notes.txt</Key><Generation>1489093687392000</Generation><MetaGeneration>1</MetaGeneration><LastModified>2017-03-09T21:08:07.350Z</LastModified><ETag>"d1dffdb6223ab6a7d886c4b5db2ad829"</ETag><Size>7230</Size><Owner/></Contents><Contents><Key>2.29/chromedriver_linux32.zip</Key><Generation>1491279504035000</Generation><MetaGeneration>1</MetaGeneration><LastModified>2017-04-04T04:18:24.031Z</LastModified><ETag>"ba8f027f85b60ba5b46d3913f8135ec2"</ETag><Size>3436829</Size><Owner/></Contents><Contents><Key>2.29/chromedriver_linux64.zip</Key><Generation>1491268881956559</Generation><MetaGeneration>1</MetaGeneration><LastModified>2017-04-04T01:21:21.907Z</LastModified><ETag>"06a3f9c57ced2e3ea4e7f3ec258b3957"</ETag><Size>3400599</Size><Owner/></Contents><Contents><Key>2.29/chromedriver_mac64.zip</Key><Generation>1491285353066000</Generation><MetaGeneration>1</MetaGeneration><LastModified>2017-04-04T05:55:53.064Z</LastModified><ETag>"5d71bc70834c2ad8a7baf7a901d53566"</ETag><Size>4855744</Size><Owner/></Contents><Contents><Key>2.29/chromedriver_win32.zip</Key><Generation>1491283750502000</Generation><MetaGeneration>1</MetaGeneration><LastModified>2017-04-04T05:29:10.500Z</LastModified><ETag>"b6e3a3fa31d2b45e482b44dcf8abd833"</ETag><Size>3796497</Size><Owner/></Contents><Contents><Key>2.29/notes.txt</Key><Generation>1491321657076000</Generation><MetaGeneration>1</MetaGeneration><LastModified>2017-04-04T16:00:57.032Z</LastModified><ETag>"f31bb0b18e17e774f33cef84ad03e9b6"</ETag><Size>7599</Size><Owner/></Contents><Contents><Key>2.3/chromedriver_linux32.zip</Key><Generation>1380149888081000</Generation><MetaGeneration>2</MetaGeneration><LastModified>2013-09-25T22:58:07.947Z</LastModified><ETag>"f3af4d92060e6d61c2d2ed86ad584246"</ETag><Size>7310301</Size><Owner/></Contents><Contents><Key>2.3/chromedriver_linux64.zip</Key><Generation>1380149889817000</Generation><MetaGeneration>2</MetaGeneration><LastModified>2013-09-25T22:58:09.620Z</LastModified><ETag>"1a816cc185a15af4d450805629790b0a"</ETag><Size>7481138</Size><Owner/></Contents><Contents><Key>2.3/chromedriver_mac32.zip</Key><Generation>1380149885736000</Generation><MetaGeneration>2</MetaGeneration><LastModified>2013-09-25T22:58:05.567Z</LastModified><ETag>"4d72ca0fa6dbddfa1e42dbd1ef0045cc"</ETag><Size>7678021</Size><Owner/></Contents><Contents><Key>2.3/chromedriver_win32.zip</Key><Generation>1380149886823000</Generation><MetaGeneration>2</MetaGeneration><LastModified>2013-09-25T22:58:06.499Z</LastModified><ETag>"3226a146a6b97f2a111d3b2be9b0193f"</ETag><Size>3001138</Size><Owner/></Contents><Contents><Key>2.3/notes.txt</Key><Generation>1380149888474000</Generation><MetaGeneration>2</MetaGeneration><LastModified>2013-09-25T22:58:08.474Z</LastModified><ETag>"3ddc6ac82f5acc8d248b117146ab9b1b"</ETag><Size>591</Size><Owner/></Contents><Contents><Key>2.4/chromedriver_linux32.zip</Key><Generation>1380606156436000</Generation><MetaGeneration>2</MetaGeneration><LastModified>2013-10-01T05:42:36.371Z</LastModified><ETag>"3f8ef2f01a7fb5805bed2d644569acba"</ETag><Size>7365316</Size><Owner/></Contents><Contents><Key>2.4/chromedriver_linux64.zip</Key><Generation>1380605124572000</Generation><MetaGeneration>2</MetaGeneration><LastModified>2013-10-01T05:25:24.406Z</LastModified><ETag>"5e70555cbbf75e3480dd1629a35bc7e3"</ETag><Size>7536826</Size><Owner/></Contents><Contents><Key>2.4/chromedriver_mac32.zip</Key><Generation>1380615154239000</Generation><MetaGeneration>2</MetaGeneration><LastModified>2013-10-01T08:12:34.120Z</LastModified><ETag>"0816b2a06428962b1a2da103eb59323c"</ETag><Size>7727580</Size><Owner/></Contents><Contents><Key>2.4/chromedriver_win32.zip</Key><Generation>1380667399987000</Generation><MetaGeneration>1</MetaGeneration><LastModified>2013-10-01T22:43:19.814Z</LastModified><ETag>"0280d3a9e713a38216a4e34a9ec1fba2"</ETag><Size>2980414</Size><Owner/></Contents><Contents><Key>2.4/notes.txt</Key><Generation>1380605131079000</Generation><MetaGeneration>4</MetaGeneration><LastModified>2013-10-01T05:25:31.079Z</LastModified><ETag>"91ac3af6739a33188186e16c6a76d179"</ETag><Size>1089</Size><Owner/></Contents><Contents><Key>2.5/chromedriver_linux32.zip</Key><Generation>1383328918259000</Generation><MetaGeneration>1</MetaGeneration><LastModified>2013-11-01T18:01:58.116Z</LastModified><ETag>"aa61a13c88349be12750d339c7798dc7"</ETag><Size>7389184</Size><Owner/></Contents><Contents><Key>2.5/chromedriver_linux64.zip</Key><Generation>1383329673456000</Generation><MetaGeneration>1</MetaGeneration><LastModified>2013-11-01T18:14:33.324Z</LastModified><ETag>"2a45ca3b32bd1685bb796eeb564e9fc8"</ETag><Size>7558132</Size><Owner/></Contents><Contents><Key>2.5/chromedriver_mac32.zip</Key><Generation>1383330102006000</Generation><MetaGeneration>1</MetaGeneration><LastModified>2013-11-01T18:21:41.920Z</LastModified><ETag>"9569eb890c607db2b9ba65d451332b38"</ETag><Size>7748945</Size><Owner/></Contents><Contents><Key>2.5/notes.txt</Key><Generation>1383599180707000</Generation><MetaGeneration>1</MetaGeneration><LastModified>2013-11-04T21:06:20.707Z</LastModified><ETag>"7908cf40321cbd45fd0486545cbcf471"</ETag><Size>1472</Size><Owner/></Contents><Contents><Key>2.6/chromedriver_linux32.zip</Key><Generation>1383635603103000</Generation><MetaGeneration>1</MetaGeneration><LastModified>2013-11-05T07:13:23.018Z</LastModified><ETag>"007bbff965cb4be6fe7734236b5afd52"</ETag><Size>7402921</Size><Owner/></Contents><Contents><Key>2.6/chromedriver_linux64.zip</Key><Generation>1383637204372000</Generation><MetaGeneration>1</MetaGeneration><LastModified>2013-11-05T07:40:04.302Z</LastModified><ETag>"0dbc5606c8481f8ae9775d1a27c3a8a5"</ETag><Size>7571534</Size><Owner/></Contents><Contents><Key>2.6/chromedriver_mac32.zip</Key><Generation>1383634780220000</Generation><MetaGeneration>1</MetaGeneration><LastModified>2013-11-05T06:59:40.106Z</LastModified><ETag>"648f6fad997ff0bc9e177cf2ad3963f4"</ETag><Size>7760366</Size><Owner/></Contents><Contents><Key>2.6/chromedriver_win32.zip</Key><Generation>1383754521029000</Generation><MetaGeneration>1</MetaGeneration><LastModified>2013-11-06T16:15:20.926Z</LastModified><ETag>"48f8d2462e44b8d06f88ff56857620c0"</ETag><Size>3078771</Size><Owner/></Contents><Contents><Key>2.6/chromedriver_win32_debug.zip</Key><Generation>1384201923119000</Generation><MetaGeneration>1</MetaGeneration><LastModified>2013-11-11T20:32:03.031Z</LastModified><ETag>"6b6229f734d787f3c7d787097738376d"</ETag><Size>5695292</Size><Owner/></Contents><Contents><Key>2.6/chromedriver_win32_debug_symbols.zip</Key><Generation>1384202252694000</Generation><MetaGeneration>1</MetaGeneration><LastModified>2013-11-11T20:37:32.632Z</LastModified><ETag>"d2ee47c2c6b6bdcd165ccd10cfebdd6b"</ETag><Size>17758457</Size><Owner/></Contents><Contents><Key>2.6/notes.txt</Key><Generation>1383634792719000</Generation><MetaGeneration>1</MetaGeneration><LastModified>2013-11-05T06:59:52.718Z</LastModified><ETag>"e995b11e4ec35c7f2d83da95e27cb092"</ETag><Size>1709</Size><Owner/></Contents><Contents><Key>2.7/chromedriver_linux32.zip</Key><Generation>1385161322161000</Generation><MetaGeneration>1</MetaGeneration><LastModified>2013-11-22T23:02:01.944Z</LastModified><ETag>"f054ab7718126c55daa73dd8b13d10bf"</ETag><Size>7421106</Size><Owner/></Contents><Contents><Key>2.7/chromedriver_linux64.zip</Key><Generation>1385164463398000</Generation><MetaGeneration>1</MetaGeneration><LastModified>2013-11-22T23:54:23.305Z</LastModified><ETag>"07e80e731ee84bc16834c36142d03b8e"</ETag><Size>7591999</Size><Owner/></Contents><Contents><Key>2.7/chromedriver_mac32.zip</Key><Generation>1385167061738000</Generation><MetaGeneration>1</MetaGeneration><LastModified>2013-11-23T00:37:41.700Z</LastModified><ETag>"7a548bf2d0802a9ea6b9425d682d40a5"</ETag><Size>8508628</Size><Owner/></Contents><Contents><Key>2.7/chromedriver_win32.zip</Key><Generation>1385212708709000</Generation><MetaGeneration>1</MetaGeneration><LastModified>2013-11-23T13:18:28.523Z</LastModified><ETag>"f9b86861545951bd24da0235f9793f67"</ETag><Size>3098586</Size><Owner/></Contents><Contents><Key>2.7/notes.txt</Key><Generation>1385161329240000</Generation><MetaGeneration>1</MetaGeneration><LastModified>2013-11-22T23:02:09.240Z</LastModified><ETag>"8da18f0b553807a79265aabca9929bd3"</ETag><Size>2101</Size><Owner/></Contents><Contents><Key>2.8/chromedriver_linux32.zip</Key><Generation>1387237269881000</Generation><MetaGeneration>1</MetaGeneration><LastModified>2013-12-16T23:41:09.841Z</LastModified><ETag>"8db373d7cd45a4a188519041ccf271db"</ETag><Size>7448193</Size><Owner/></Contents><Contents><Key>2.8/chromedriver_linux64.zip</Key><Generation>1387242132675000</Generation><MetaGeneration>1</MetaGeneration><LastModified>2013-12-17T01:02:12.644Z</LastModified><ETag>"72a3eacd74b6e3d67d4871a747ecbeb2"</ETag><Size>7617490</Size><Owner/></Contents><Contents><Key>2.8/chromedriver_mac32.zip</Key><Generation>1387237940606000</Generation><MetaGeneration>1</MetaGeneration><LastModified>2013-12-16T23:52:20.600Z</LastModified><ETag>"ba1ecf067859bd9de4720e63163d5dce"</ETag><Size>8511020</Size><Owner/></Contents><Contents><Key>2.8/chromedriver_win32.zip</Key><Generation>1387272096383000</Generation><MetaGeneration>1</MetaGeneration><LastModified>2013-12-17T09:21:36.370Z</LastModified><ETag>"209236a3fc361f06c0bf8554010fc231"</ETag><Size>3105633</Size><Owner/></Contents><Contents><Key>2.8/notes.txt</Key><Generation>1387237276818000</Generation><MetaGeneration>1</MetaGeneration><LastModified>2013-12-16T23:41:16.818Z</LastModified><ETag>"a91291cc556ed0d44f5e252a79e0cfa1"</ETag><Size>2632</Size><Owner/></Contents><Contents><Key>2.9/chromedriver_linux32.zip</Key><Generation>1391418710616000</Generation><MetaGeneration>1</MetaGeneration><LastModified>2014-02-03T09:11:50.536Z</LastModified><ETag>"780c12bf34d4f4029b7586b927b1fa69"</ETag><Size>2405487</Size><Owner/></Contents><Contents><Key>2.9/chromedriver_linux64.zip</Key><Generation>1391418733835000</Generation><MetaGeneration>1</MetaGeneration><LastModified>2014-02-03T09:12:13.790Z</LastModified><ETag>"e2e44f064ecb69ec5b6f1b80f3d13c93"</ETag><Size>2264246</Size><Owner/></Contents><Contents><Key>2.9/chromedriver_mac32.zip</Key><Generation>1391226207130000</Generation><MetaGeneration>1</MetaGeneration><LastModified>2014-02-01T03:43:26.983Z</LastModified><ETag>"d33f5bbea74968610b5face51a533419"</ETag><Size>4454627</Size><Owner/></Contents><Contents><Key>2.9/chromedriver_win32.zip</Key><Generation>1391772187327000</Generation><MetaGeneration>1</MetaGeneration><LastModified>2014-02-07T11:23:07.160Z</LastModified><ETag>"ef6a4819563ef993c3aac8f229c0ca91"</ETag><Size>3147400</Size><Owner/></Contents><Contents><Key>2.9/notes.txt</Key><Generation>1391222453787000</Generation><MetaGeneration>1</MetaGeneration><LastModified>2014-02-01T02:40:53.787Z</LastModified><ETag>"e1ccebcc93e7f295cf6e5a187ca1b3f3"</ETag><Size>3697</Size><Owner/></Contents><Contents><Key>LATEST_RELEASE</Key><Generation>1491321840121033</Generation><MetaGeneration>1</MetaGeneration><LastModified>2017-04-04T16:04:00.060Z</LastModified><ETag>"24c79c036ff6797799e66b49226f4e6a"</ETag><Size>5</Size><Owner/></Contents><Contents><Key>icons/back.gif</Key><Generation>1380130924972000</Generation><MetaGeneration>2</MetaGeneration><LastModified>2013-09-25T17:42:04.972Z</LastModified><ETag>"4bce9846e05d3bffdfb293d47c840a8e"</ETag><Size>216</Size><Owner/></Contents><Contents><Key>icons/binary.gif</Key><Generation>1380130933627000</Generation><MetaGeneration>2</MetaGeneration><LastModified>2013-09-25T17:42:13.627Z</LastModified><ETag>"96bd4beed88ff93356586485c13e5d89"</ETag><Size>246</Size><Owner/></Contents><Contents><Key>icons/blank.gif</Key><Generation>1380130941334000</Generation><MetaGeneration>2</MetaGeneration><LastModified>2013-09-25T17:42:21.333Z</LastModified><ETag>"19517fb39a31be6b8d7ccf53ad84908f"</ETag><Size>148</Size><Owner/></Contents><Contents><Key>icons/folder.gif</Key><Generation>1380130950680000</Generation><MetaGeneration>2</MetaGeneration><LastModified>2013-09-25T17:42:30.680Z</LastModified><ETag>"d342cba375fea336967317bdb5d7cf19"</ETag><Size>225</Size><Owner/></Contents><Contents><Key>index.html</Key><Generation>1380128358912000</Generation><MetaGeneration>3</MetaGeneration><LastModified>2013-09-25T16:59:18.911Z</LastModified><ETag>"704b0f841aad1b1428481b7ff3c759c0"</ETag><Size>10574</Size><Owner/></Contents></ListBucketResult>