{"_id":"saucelabs","_rev":"43-df91ea70c4e522fbe6685f24df2ec0e4","name":"saucelabs","description":"A wrapper around Sauce Labs REST API","dist-tags":{"latest":"1.4.0"},"versions":{"0.0.1":{"author":{"name":"Dan Jenkins","email":"dan.jenkins@holidayextras.com","url":"www.dan-jenkins.co.uk"},"name":"saucelabs","description":"A wrapper around Saucelabs REST API","version":"0.0.1","homepage":"https://github.com/holidayextras/node-saucelabs","repository":{"type":"git","url":"git://github.com/holidayextras/node-saucelabs.git"},"main":"index.js","dependencies":{},"devDependencies":{},"optionalDependencies":{},"engines":{"node":"*"},"_npmUser":{"name":"danjenkins","email":"dan.jenkins@holidayextras.com"},"_id":"saucelabs@0.0.1","_engineSupported":true,"_npmVersion":"1.1.21","_nodeVersion":"v0.6.18","_defaultsLoaded":true,"dist":{"shasum":"7157eeab74916a6c54ec7c4103a5b8311977a678","tarball":"https://registry.npmjs.org/saucelabs/-/saucelabs-0.0.1.tgz"},"maintainers":[{"name":"danjenkins","email":"dan.jenkins@holidayextras.com"}],"directories":{}},"0.0.2-alpha":{"author":{"name":"Dan Jenkins","email":"dan.jenkins@holidayextras.com","url":"www.dan-jenkins.co.uk"},"name":"saucelabs","description":"A wrapper around Saucelabs REST API","version":"0.0.2-alpha","homepage":"https://github.com/holidayextras/node-saucelabs","repository":{"type":"git","url":"git://github.com/holidayextras/node-saucelabs.git"},"main":"index.js","dependencies":{},"devDependencies":{},"optionalDependencies":{},"engines":{"node":"*"},"_npmUser":{"name":"danjenkins","email":"dan.jenkins@holidayextras.com"},"_id":"saucelabs@0.0.2-alpha","_engineSupported":true,"_npmVersion":"1.1.21","_nodeVersion":"v0.6.18","_defaultsLoaded":true,"dist":{"shasum":"57b36ae17d99f293518be473b4541a3dda541f2f","tarball":"https://registry.npmjs.org/saucelabs/-/saucelabs-0.0.2-alpha.tgz"},"maintainers":[{"name":"danjenkins","email":"dan.jenkins@holidayextras.com"}],"directories":{}},"0.0.2":{"author":{"name":"Dan Jenkins","email":"dan.jenkins@holidayextras.com","url":"www.dan-jenkins.co.uk"},"name":"saucelabs","description":"A wrapper around Saucelabs REST API","version":"0.0.2","homepage":"https://github.com/holidayextras/node-saucelabs","repository":{"type":"git","url":"git://github.com/holidayextras/node-saucelabs.git"},"main":"index.js","dependencies":{},"devDependencies":{},"optionalDependencies":{},"engines":{"node":"*"},"_npmUser":{"name":"danjenkins","email":"dan.jenkins@holidayextras.com"},"_id":"saucelabs@0.0.2","_engineSupported":true,"_npmVersion":"1.1.21","_nodeVersion":"v0.6.18","_defaultsLoaded":true,"dist":{"shasum":"5b32a26782493facff4e09044e15f851e51d9406","tarball":"https://registry.npmjs.org/saucelabs/-/saucelabs-0.0.2.tgz"},"maintainers":[{"name":"danjenkins","email":"dan.jenkins@holidayextras.com"}],"directories":{}},"0.0.3":{"author":{"name":"Dan Jenkins","email":"dan.jenkins@holidayextras.com","url":"www.dan-jenkins.co.uk"},"name":"saucelabs","description":"A wrapper around Saucelabs REST API","version":"0.0.3","homepage":"https://github.com/holidayextras/node-saucelabs","repository":{"type":"git","url":"git://github.com/holidayextras/node-saucelabs.git"},"main":"index.js","dependencies":{},"devDependencies":{},"optionalDependencies":{},"engines":{"node":"*"},"_id":"saucelabs@0.0.3","dist":{"shasum":"f5143e409794593cd0f2cf0e5f3ceab2af9dfd13","tarball":"https://registry.npmjs.org/saucelabs/-/saucelabs-0.0.3.tgz"},"maintainers":[{"name":"danjenkins","email":"dan.jenkins@holidayextras.com"}],"directories":{}},"0.0.4":{"author":{"name":"Dan Jenkins","email":"dan.jenkins@holidayextras.com","url":"www.dan-jenkins.co.uk"},"name":"saucelabs","description":"A wrapper around Saucelabs REST API","version":"0.0.4","homepage":"https://github.com/holidayextras/node-saucelabs","repository":{"type":"git","url":"git://github.com/holidayextras/node-saucelabs.git"},"main":"index.js","dependencies":{},"devDependencies":{},"optionalDependencies":{},"engines":{"node":"*"},"_id":"saucelabs@0.0.4","dist":{"shasum":"ab22efc4d7e9cc0fba98f104754adad25080018a","tarball":"https://registry.npmjs.org/saucelabs/-/saucelabs-0.0.4.tgz"},"maintainers":[{"name":"danjenkins","email":"dan.jenkins@holidayextras.com"}],"directories":{}},"0.0.5":{"author":{"name":"Dan Jenkins","email":"dan.jenkins@holidayextras.com","url":"www.dan-jenkins.co.uk"},"name":"saucelabs","description":"A wrapper around Saucelabs REST API","version":"0.0.5","homepage":"https://github.com/holidayextras/node-saucelabs","repository":{"type":"git","url":"git://github.com/holidayextras/node-saucelabs.git"},"main":"index.js","dependencies":{},"devDependencies":{},"optionalDependencies":{},"engines":{"node":"*"},"_id":"saucelabs@0.0.5","dist":{"shasum":"df04cc5dd5bdf0dac54e16d1a35b7bc96454c944","tarball":"https://registry.npmjs.org/saucelabs/-/saucelabs-0.0.5.tgz"},"maintainers":[{"name":"danjenkins","email":"dan.jenkins@holidayextras.com"}],"directories":{}},"0.0.6":{"author":{"name":"Dan Jenkins","email":"dan.jenkins@holidayextras.com","url":"www.dan-jenkins.co.uk"},"name":"saucelabs","description":"A wrapper around Saucelabs REST API","version":"0.0.6","homepage":"https://github.com/holidayextras/node-saucelabs","repository":{"type":"git","url":"git://github.com/holidayextras/node-saucelabs.git"},"main":"index.js","dependencies":{},"devDependencies":{},"optionalDependencies":{},"engines":{"node":"*"},"_id":"saucelabs@0.0.6","dist":{"shasum":"8b25baa31cb244dc4cbc598f0a99d78ccac758d8","tarball":"https://registry.npmjs.org/saucelabs/-/saucelabs-0.0.6.tgz"},"maintainers":[{"name":"danjenkins","email":"dan.jenkins@holidayextras.com"}],"directories":{}},"0.0.7":{"author":{"name":"Dan Jenkins","email":"dan.jenkins@holidayextras.com","url":"www.dan-jenkins.co.uk"},"name":"saucelabs","description":"A wrapper around Saucelabs REST API","version":"0.0.7","homepage":"https://github.com/holidayextras/node-saucelabs","repository":{"type":"git","url":"git://github.com/holidayextras/node-saucelabs.git"},"main":"index.js","dependencies":{},"devDependencies":{},"optionalDependencies":{},"engines":{"node":"*"},"_id":"saucelabs@0.0.7","dist":{"shasum":"f461f4d0782c640949941f09941a994ffaf844e8","tarball":"https://registry.npmjs.org/saucelabs/-/saucelabs-0.0.7.tgz"},"maintainers":[{"name":"danjenkins","email":"dan.jenkins@holidayextras.com"}],"directories":{}},"0.0.8":{"author":{"name":"Dan Jenkins","email":"dan.jenkins@holidayextras.com","url":"www.dan-jenkins.co.uk"},"name":"saucelabs","description":"A wrapper around Saucelabs REST API","version":"0.0.8","homepage":"https://github.com/holidayextras/node-saucelabs","repository":{"type":"git","url":"git://github.com/holidayextras/node-saucelabs.git"},"main":"index.js","dependencies":{},"devDependencies":{},"optionalDependencies":{},"engines":{"node":"*"},"_id":"saucelabs@0.0.8","dist":{"shasum":"4e520a4891aee0f2bcffd78bd89d4402ed1ba575","tarball":"https://registry.npmjs.org/saucelabs/-/saucelabs-0.0.8.tgz"},"maintainers":[{"name":"danjenkins","email":"dan.jenkins@holidayextras.com"}],"directories":{}},"0.0.9":{"author":{"name":"Dan Jenkins","email":"dan.jenkins@holidayextras.com","url":"www.dan-jenkins.co.uk"},"name":"saucelabs","description":"A wrapper around Saucelabs REST API","version":"0.0.9","homepage":"https://github.com/holidayextras/node-saucelabs","repository":{"type":"git","url":"git://github.com/holidayextras/node-saucelabs.git"},"main":"index.js","dependencies":{},"devDependencies":{},"optionalDependencies":{},"engines":{"node":"*"},"_id":"saucelabs@0.0.9","dist":{"shasum":"0ab3ffd17082a5ae9277e77ef6b63910f5db2c68","tarball":"https://registry.npmjs.org/saucelabs/-/saucelabs-0.0.9.tgz"},"maintainers":[{"name":"danjenkins","email":"dan.jenkins@holidayextras.com"}],"directories":{}},"0.1.0":{"author":{"name":"Dan Jenkins","email":"dan.jenkins@holidayextras.com","url":"www.dan-jenkins.co.uk"},"name":"saucelabs","description":"A wrapper around Sauce Labs REST API","version":"0.1.0","homepage":"https://github.com/holidayextras/node-saucelabs","repository":{"type":"git","url":"git://github.com/holidayextras/node-saucelabs.git"},"devDependencies":{"jshint":"*","mocha":"1.9.x","chai":"1.5.x","nock":"0.17.x"},"engines":{"node":"*"},"scripts":{"test":"make lint test"},"_id":"saucelabs@0.1.0","dist":{"shasum":"078d24cc2bda3d0d2c6de791b1289a8f11014695","tarball":"https://registry.npmjs.org/saucelabs/-/saucelabs-0.1.0.tgz"},"maintainers":[{"name":"danjenkins","email":"dan.jenkins@holidayextras.com"}],"directories":{}},"0.1.1":{"author":{"name":"Dan Jenkins","email":"dan.jenkins@holidayextras.com","url":"www.dan-jenkins.co.uk"},"name":"saucelabs","description":"A wrapper around Sauce Labs REST API","version":"0.1.1","homepage":"https://github.com/holidayextras/node-saucelabs","repository":{"type":"git","url":"git://github.com/holidayextras/node-saucelabs.git"},"devDependencies":{"jshint":"*","mocha":"1.9.x","chai":"1.5.x","nock":"0.17.x"},"engines":{"node":"*"},"scripts":{"test":"make lint test"},"bugs":{"url":"https://github.com/holidayextras/node-saucelabs/issues"},"_id":"saucelabs@0.1.1","dist":{"shasum":"5e0ea1cf3d735d6ea15fde94b5bda6bc15d2c06d","tarball":"https://registry.npmjs.org/saucelabs/-/saucelabs-0.1.1.tgz"},"_from":"./","_npmVersion":"1.3.5","_npmUser":{"name":"unindented","email":"unindented@gmail.com"},"maintainers":[{"name":"danjenkins","email":"dan.jenkins@holidayextras.com"},{"name":"unindented","email":"unindented@gmail.com"},{"name":"pauly","email":"pauly@clarkeology.com"}],"directories":{}},"1.0.0":{"author":{"name":"Dan Jenkins","email":"dan.jenkins@holidayextras.com","url":"www.dan-jenkins.co.uk"},"name":"saucelabs","description":"A wrapper around Sauce Labs REST API","version":"1.0.0","homepage":"https://github.com/holidayextras/node-saucelabs","repository":{"type":"git","url":"git://github.com/holidayextras/node-saucelabs.git"},"devDependencies":{"jshint":"*","mocha":"1.9.x","chai":"1.5.x","nock":"0.17.x","https-proxy-agent":"1.0.0","url":"0.11.0"},"engines":{"node":"*"},"scripts":{"test":"make lint test"},"gitHead":"fc6383e650eae159813b5f748a43b6286883ece2","bugs":{"url":"https://github.com/holidayextras/node-saucelabs/issues"},"_id":"saucelabs@1.0.0","_shasum":"837371eaf3c5a2f29f0cfb24e00f50f5e28d02f9","_from":".","_npmVersion":"2.13.4","_nodeVersion":"0.10.40","_npmUser":{"name":"danjenkins","email":"me@dan-jenkins.co.uk"},"maintainers":[{"name":"danjenkins","email":"dan.jenkins@holidayextras.com"},{"name":"unindented","email":"unindented@gmail.com"},{"name":"pauly","email":"pauly@clarkeology.com"},{"name":"joezo","email":"joe.warren@holidayextras.com"},{"name":"viktort","email":"viktor.trako@gmail.com"},{"name":"rahulpatel","email":"rahul.patel@holidayextras.com"}],"dist":{"shasum":"837371eaf3c5a2f29f0cfb24e00f50f5e28d02f9","tarball":"https://registry.npmjs.org/saucelabs/-/saucelabs-1.0.0.tgz"},"directories":{}},"1.0.1":{"author":{"name":"Dan Jenkins","email":"dan.jenkins@holidayextras.com","url":"www.dan-jenkins.co.uk"},"name":"saucelabs","description":"A wrapper around Sauce Labs REST API","version":"1.0.1","homepage":"https://github.com/holidayextras/node-saucelabs","repository":{"type":"git","url":"git://github.com/holidayextras/node-saucelabs.git"},"devDependencies":{"jshint":"*","mocha":"1.9.x","chai":"1.5.x","nock":"0.17.x","url":"0.11.0"},"engines":{"node":"*"},"scripts":{"test":"make lint test"},"dependencies":{"https-proxy-agent":"^1.0.0"},"gitHead":"232e8424573e9b7b78cc171df33ab4eaee4c7bb1","bugs":{"url":"https://github.com/holidayextras/node-saucelabs/issues"},"_id":"saucelabs@1.0.1","_shasum":"b50a100d9c5a4140748b35335a6e5d70017dadf9","_from":".","_npmVersion":"2.13.4","_nodeVersion":"0.10.40","_npmUser":{"name":"danjenkins","email":"me@dan-jenkins.co.uk"},"maintainers":[{"name":"danjenkins","email":"dan.jenkins@holidayextras.com"},{"name":"unindented","email":"unindented@gmail.com"},{"name":"pauly","email":"pauly@clarkeology.com"},{"name":"joezo","email":"joe.warren@holidayextras.com"},{"name":"viktort","email":"viktor.trako@gmail.com"},{"name":"rahulpatel","email":"rahul.patel@holidayextras.com"}],"dist":{"shasum":"b50a100d9c5a4140748b35335a6e5d70017dadf9","tarball":"https://registry.npmjs.org/saucelabs/-/saucelabs-1.0.1.tgz"},"directories":{}},"1.1.0":{"author":{"name":"Dan Jenkins","email":"dan.jenkins@holidayextras.com","url":"www.dan-jenkins.co.uk"},"name":"saucelabs","description":"A wrapper around Sauce Labs REST API","version":"1.1.0","homepage":"https://github.com/holidayextras/node-saucelabs","repository":{"type":"git","url":"git://github.com/holidayextras/node-saucelabs.git"},"devDependencies":{"jshint":"*","mocha":"1.9.x","chai":"1.5.x","nock":"0.17.x","url":"0.11.0"},"engines":{"node":"*"},"scripts":{"test":"make lint test"},"dependencies":{"https-proxy-agent":"^1.0.0"},"gitHead":"4a873444c4831f45c3bddf1516f75759d9ffd20c","bugs":{"url":"https://github.com/holidayextras/node-saucelabs/issues"},"_id":"saucelabs@1.1.0","_shasum":"4318901bfdcbf479b35ca53c88514b4fb5419f89","_from":".","_npmVersion":"2.14.7","_nodeVersion":"4.2.3","_npmUser":{"name":"danjenkins","email":"me@dan-jenkins.co.uk"},"maintainers":[{"name":"danjenkins","email":"me@dan-jenkins.co.uk"},{"name":"unindented","email":"unindented@gmail.com"}],"dist":{"shasum":"4318901bfdcbf479b35ca53c88514b4fb5419f89","tarball":"https://registry.npmjs.org/saucelabs/-/saucelabs-1.1.0.tgz"},"_npmOperationalInternal":{"host":"packages-5-east.internal.npmjs.com","tmp":"tmp/saucelabs-1.1.0.tgz_1455270428539_0.25741390814073384"},"directories":{}},"1.2.0":{"author":{"name":"Dan Jenkins","email":"dan.jenkins@holidayextras.com","url":"www.dan-jenkins.co.uk"},"name":"saucelabs","description":"A wrapper around Sauce Labs REST API","version":"1.2.0","homepage":"https://github.com/holidayextras/node-saucelabs","repository":{"type":"git","url":"git://github.com/holidayextras/node-saucelabs.git"},"devDependencies":{"jshint":"*","mocha":"1.9.x","chai":"1.5.x","nock":"0.17.x","url":"0.11.0"},"engines":{"node":"*"},"scripts":{"test":"make lint test"},"dependencies":{"https-proxy-agent":"^1.0.0"},"gitHead":"d41cad0ad5bb5616ffbaad2389bd26e698c9b74e","bugs":{"url":"https://github.com/holidayextras/node-saucelabs/issues"},"_id":"saucelabs@1.2.0","_shasum":"5e80476b36da1b42d10f39707e9af2a53b03d88a","_from":".","_npmVersion":"2.14.7","_nodeVersion":"4.2.3","_npmUser":{"name":"danjenkins","email":"me@dan-jenkins.co.uk"},"maintainers":[{"name":"danjenkins","email":"me@dan-jenkins.co.uk"},{"name":"unindented","email":"unindented@gmail.com"}],"dist":{"shasum":"5e80476b36da1b42d10f39707e9af2a53b03d88a","tarball":"https://registry.npmjs.org/saucelabs/-/saucelabs-1.2.0.tgz"},"_npmOperationalInternal":{"host":"packages-5-east.internal.npmjs.com","tmp":"tmp/saucelabs-1.2.0.tgz_1455720553346_0.3458345488179475"},"directories":{}},"1.3.0":{"author":{"name":"Dan Jenkins","email":"dan.jenkins@holidayextras.com","url":"www.dan-jenkins.co.uk"},"name":"saucelabs","description":"A wrapper around Sauce Labs REST API","version":"1.3.0","homepage":"https://github.com/holidayextras/node-saucelabs","repository":{"type":"git","url":"git://github.com/holidayextras/node-saucelabs.git"},"devDependencies":{"jshint":"*","mocha":"1.9.x","chai":"1.5.x","nock":"0.17.x","url":"0.11.0"},"engines":{"node":"*"},"scripts":{"test":"make lint test"},"dependencies":{"https-proxy-agent":"^1.0.0"},"gitHead":"494a72dd13b143cf4b2ca49df6119ceb67ea437f","bugs":{"url":"https://github.com/holidayextras/node-saucelabs/issues"},"_id":"saucelabs@1.3.0","_shasum":"d240e8009df7fa87306ec4578a69ba3b5c424fee","_from":".","_npmVersion":"2.14.7","_nodeVersion":"4.2.3","_npmUser":{"name":"danjenkins","email":"me@dan-jenkins.co.uk"},"maintainers":[{"name":"danjenkins","email":"me@dan-jenkins.co.uk"},{"name":"unindented","email":"unindented@gmail.com"}],"dist":{"shasum":"d240e8009df7fa87306ec4578a69ba3b5c424fee","tarball":"https://registry.npmjs.org/saucelabs/-/saucelabs-1.3.0.tgz"},"_npmOperationalInternal":{"host":"packages-16-east.internal.npmjs.com","tmp":"tmp/saucelabs-1.3.0.tgz_1471447276861_0.15770046832039952"},"directories":{}},"1.4.0":{"author":{"name":"Dan Jenkins","email":"dan.jenkins@holidayextras.com","url":"www.dan-jenkins.co.uk"},"name":"saucelabs","description":"A wrapper around Sauce Labs REST API","version":"1.4.0","homepage":"https://github.com/holidayextras/node-saucelabs","repository":{"type":"git","url":"git://github.com/holidayextras/node-saucelabs.git"},"devDependencies":{"jshint":"*","mocha":"1.9.x","chai":"1.5.x","nock":"0.17.x","url":"0.11.0"},"engines":{"node":"*"},"scripts":{"test":"make lint test"},"dependencies":{"https-proxy-agent":"^1.0.0"},"gitHead":"aa10e2ec45125a6018350c1793ad7abb128d0436","bugs":{"url":"https://github.com/holidayextras/node-saucelabs/issues"},"_id":"saucelabs@1.4.0","_shasum":"b934a9af9da2874b3f40aae1fcde50a4466f5f38","_from":".","_npmVersion":"3.10.8","_nodeVersion":"6.9.1","_npmUser":{"name":"danjenkins","email":"me@dan-jenkins.co.uk"},"maintainers":[{"name":"danjenkins","email":"me@dan-jenkins.co.uk"},{"name":"unindented","email":"unindented@gmail.com"}],"dist":{"shasum":"b934a9af9da2874b3f40aae1fcde50a4466f5f38","tarball":"https://registry.npmjs.org/saucelabs/-/saucelabs-1.4.0.tgz"},"_npmOperationalInternal":{"host":"packages-12-west.internal.npmjs.com","tmp":"tmp/saucelabs-1.4.0.tgz_1486547509028_0.03184225899167359"},"directories":{}}},"readme":"# node-saucelabs [![Build Status](https://secure.travis-ci.org/danjenkins/node-saucelabs.png)](http://travis-ci.org/danjenkins/node-saucelabs)[![Build Status](https://www.codeship.io/projects/83c9b290-21de-0131-e459-3688c4e23c72/status)](https://www.codeship.io/projects/83c9b290-21de-0131-e459-3688c4e23c72/status)\n\nWrapper around the Sauce Labs REST API for [Node.js](http://nodejs.org/).\n\n## Install\n\n```shell\nnpm install saucelabs\n```\n\n## Test\n\nTo run the test suite, first invoke the following command within the repo, installing the development dependencies:\n\n```shell\nnpm install\n```\n\nThen run the tests:\n\n```shell\nnpm test\n```\n\n## Authors\n\n- Dan Jenkins ([danjenkins](https://github.com/danjenkins))\n- Mathieu Sabourin ([OniOni](https://github.com/OniOni))\n- Daniel Perez Alvarez ([unindented](https://github.com/unindented))\n\n## Writing a script\n\n```javascript\nvar SauceLabs = require('saucelabs');\n\nvar myAccount = new SauceLabs({\n  username: \"your-sauce-username\",\n  password: \"your-sauce-api-key\"\n});\n\nmyAccount.getAccountDetails(function (err, res) {\n  console.log(res);\n  myAccount.getServiceStatus(function (err, res) {\n    // Status of the Sauce Labs services\n    console.log(res);\n    myAccount.getAllBrowsers(function (err, res) {\n      // List of all browser/os combinations currently supported on Sauce Labs\n      console.log(res);\n      myAccount.getJobs(function (err, jobs) {\n        // Get a list of all your jobs\n        for (var k in jobs) {\n          if ( jobs.hasOwnProperty( k )) {\n            myAccount.showJob(jobs[k].id, function (err, res) {\n              var str = res.id + \": Status: \" + res.status;\n              if (res.error) {\n                str += \"\\033[31m Error: \" + res.error + \" \\033[0m\";\n              }\n              console.log(str);\n            });\n          }\n        }\n      });\n    });\n  });\n});\n```\n## Using a proxy\nIf you're behind a corporate firewall or would like to utilize a proxy, define it in the constructor like this:\n\n```javascript\nvar sauce = new SauceLabs({\n  username: \"your-sauce-username\",\n  password: \"your-sauce-api-key\",\n  proxy: \"https://your-proxy.com:8000\"\n});\n```\n\n\n## Supported Methods\n\n<table>\n  <thead>\n    <tr>\n      <th width=\"50%\">REST</td>\n      <th width=\"50%\">Node Wrapper</td>\n    </tr>\n  </thead>\n  <tbody>\n    <tr>\n      <td>\n        GET /users/:username <br />\n        Access account details.\n      </td>\n      <td>\n        getAccountDetails(cb) -> cb(err, res)\n      </td>\n    </tr>\n    <tr>\n      <td>\n        GET /:username/limits <br />\n        Access current account limits.\n      </td>\n      <td>\n        getAccountLimits(cb) -> cb(err, res)\n      </td>\n    </tr>\n    <tr>\n      <td>\n        GET /:username/activity <br />\n        Access current account activity.\n      </td>\n      <td>\n        getUserActivity(start, end, cb) -> cb(err, res) <br />\n        getUserActivity(start, cb) -> cb(err, res) <br />\n        getUserActivity(cb) -> cb(err, res)\n      </td>\n    </tr>\n    <tr>\n      <td>\n        GET /users/:username/concurrency <br />\n        Get currently running job counts broken down by account and job status\n      </td>\n      <td>\n        getUserConcurrency(cb) -> cb(err, res)\n      </td>\n    </tr>\n    <tr>\n      <td>\n        GET /users/:username/usage <br />\n        Access historical account usage data.\n      </td>\n      <td>\n        getAccountUsage(cb) -> cb(err, res)\n      </td>\n    </tr>\n    <tr>\n      <td>\n        GET /:username/jobs <br />\n        List all job IDs belonging to a given user.\n      </td>\n      <td>\n        getJobs(cb) -> cb(err, res)\n      </td>\n    </tr>\n    <tr>\n      <td>\n        GET /:username/jobs/:id <br />\n        Show the full information for a job given its ID.\n      </td>\n      <td>\n        showJob(id, cb) -> cb(err, res)\n      </td>\n    </tr>\n    <tr>\n      <td>\n        PUT /:username/jobs/:id <br />\n        Changes a pre-existing job.\n      </td>\n      <td>\n        updateJob(id, data, cb) -> cb(err, res)\n      </td>\n    </tr>\n    <tr>\n      <td>\n        DELETE /:username/jobs/:id <br />\n        Removes the job from the system with all the linked assets.\n      </td>\n      <td>\n        deleteJob(id, cb) -> cb(err, res)\n      </td>\n    </tr>\n    <tr>\n      <td>\n        PUT /:username/jobs/:id/stop <br />\n        Terminates a running job.\n      </td>\n      <td>\n        stopJob(id, data, cb) -> cb(err, res)\n      </td>\n    </tr>\n    <tr>\n      <td>\n        GET /:username/tunnels <br />\n        Retrieves all running tunnels for a given user.\n      </td>\n      <td>\n        getActiveTunnels(cb) -> cb(err, res)\n      </td>\n    </tr>\n    <tr>\n      <td>\n        GET /:username/tunnels/:id <br />\n        Show the full information for a tunnel given its ID.\n      </td>\n      <td>\n        getTunnel(id, cb) -> cb(err, res)\n      </td>\n    </tr>\n    <tr>\n      <td>\n        DELETE /:username/tunnels/:id <br />\n        Shuts down a tunnel given its ID.\n      </td>\n      <td>\n        deleteTunnel(id, cb) -> cb(err, res)\n      </td>\n    </tr>\n    <tr>\n      <td>\n        GET /info/status <br />\n        Returns the current status of Sauce Labs' services.\n      </td>\n      <td>\n        getServiceStatus(cb) -> cb(err, res)\n      </td>\n    </tr>\n    <tr>\n      <td>\n        GET /info/browsers/all <br />\n        Returns an array of strings corresponding to all the browsers currently supported on Sauce Labs.\n      </td>\n      <td>\n        getAllBrowsers(cb) -> cb(err, res)\n      </td>\n    </tr>\n    <tr>\n      <td>\n        GET /info/browsers/selenium-rc <br />\n        Returns an array of strings corresponding to all the browsers currently supported under Selenium on Sauce Labs.\n      </td>\n      <td>\n        getSeleniumBrowsers(cb) -> cb(err, res)\n      </td>\n    </tr>\n    <tr>\n      <td>\n        GET /info/browsers/webdriver <br />\n        Returns an array of strings corresponding to all the browsers currently supported under WebDriver on Sauce Labs.\n      </td>\n      <td>\n        getWebDriverBrowsers(cb) -> cb(err, res)\n      </td>\n    </tr>\n    <tr>\n      <td>\n        GET /info/counter <br />\n        Returns the number of test executed so far on Sauce Labs.\n      </td>\n      <td>\n        getTestCounter(cb) -> cb(err, res)\n      </td>\n    </tr>\n    <tr>\n      <td>\n        POST /users/:username <br />\n        Create a new subaccount.\n      </td>\n      <td>\n        createSubAccount(data, cb) -> cb(err, res)\n      </td>\n    </tr>\n    <tr>\n      <td>\n        POST /users/:username/subscription <br />\n        Update a subaccount Sauce Labs service plan.\n      </td>\n      <td>\n        updateSubAccount(data, cb) -> cb(err, res)\n      </td>\n    </tr>\n    <tr>\n      <td>\n        DELETE /users/:username/subscription <br />\n        Unsubscribe a subaccount from its Sauce Labs service plan.\n      </td>\n      <td>\n        deleteSubAccount(cb) -> cb(err, res)\n      </td>\n    </tr>\n    <tr>\n      <td>\n        Make a public link to a private job, without needing to login.\n      </td>\n      <td>\n        createPublicLink(job_id, datetime, use_hour, cb) -> cb(err, url) <br />\n        createPublicLink(job_id, datetime, cb) -> cb(err, url) <br />\n        createPublicLink(job_id, cb) -> cb(err, url)\n      </td>\n    </tr>\n    <tr>\n      <td>\n        GET /users/:username/list-subaccounts <br />\n        Access list of subaccounts\n      </td>\n      <td>\n        getSubAccountList(cb) -> cb(err, res)\n      </td>\n    </tr>\n    <tr>\n      <td>\n        GET /users/:username/subaccounts <br />\n        Get information about a sub accounts\n      </td>\n      <td>\n        getSubAccounts(cb) -> cb(err, res)\n      </td>\n    </tr>\n  </tbody>\n</table>\n\n## More documentation\n\nCheck out the [Sauce REST API](https://saucelabs.com/docs/rest) for more information.\n\n## License\n\nThe MIT License (MIT)\n\nCopyright (c) 2013 Dan Jenkins\n\nPermission is hereby granted, free of charge, to any person obtaining a copy\nof this software and associated documentation files (the \"Software\"), to deal\nin the Software without restriction, including without limitation the rights\nto use, copy, modify, merge, publish, distribute, sublicense, and/or sell\ncopies of the Software, and to permit persons to whom the Software is\nfurnished to do so, subject to the following conditions:\n\nThe above copyright notice and this permission notice shall be included in\nall copies or substantial portions of the Software.\n\nTHE SOFTWARE IS PROVIDED \"AS IS\", WITHOUT WARRANTY OF ANY KIND, EXPRESS OR\nIMPLIED, INCLUDING BUT NOT LIMITED TO THE WARRANTIES OF MERCHANTABILITY,\nFITNESS FOR A PARTICULAR PURPOSE AND NONINFRINGEMENT. IN NO EVENT SHALL THE\nAUTHORS OR COPYRIGHT HOLDERS BE LIABLE FOR ANY CLAIM, DAMAGES OR OTHER\nLIABILITY, WHETHER IN AN ACTION OF CONTRACT, TORT OR OTHERWISE, ARISING FROM,\nOUT OF OR IN CONNECTION WITH THE SOFTWARE OR THE USE OR OTHER DEALINGS IN\nTHE SOFTWARE.\n","maintainers":[{"name":"danjenkins","email":"me@dan-jenkins.co.uk"},{"name":"unindented","email":"unindented@gmail.com"}],"time":{"modified":"2017-02-08T09:51:50.961Z","created":"2012-06-01T13:24:22.326Z","0.0.1":"2012-06-01T13:24:23.568Z","0.0.2-alpha":"2012-06-03T15:09:08.357Z","0.0.2":"2012-06-09T17:01:25.664Z","0.0.3":"2012-07-30T08:37:17.540Z","0.0.4":"2012-07-30T16:21:45.632Z","0.0.5":"2012-07-30T20:52:00.496Z","0.0.6":"2012-08-28T15:38:08.246Z","0.0.7":"2012-08-30T13:01:55.215Z","0.0.8":"2013-04-22T08:39:23.898Z","0.0.9":"2013-04-29T17:28:53.145Z","0.1.0":"2013-06-06T09:26:36.677Z","0.1.1":"2013-09-22T08:42:39.258Z","1.0.0":"2015-09-07T09:53:24.491Z","1.0.1":"2015-09-09T17:14:45.979Z","1.1.0":"2016-02-12T09:47:11.255Z","1.2.0":"2016-02-17T14:49:15.789Z","1.3.0":"2016-08-17T15:21:17.705Z","1.4.0":"2017-02-08T09:51:50.961Z"},"author":{"name":"Dan Jenkins","email":"dan.jenkins@holidayextras.com","url":"www.dan-jenkins.co.uk"},"repository":{"type":"git","url":"git://github.com/holidayextras/node-saucelabs.git"},"users":{"fgribreau":true},"homepage":"https://github.com/holidayextras/node-saucelabs","bugs":{"url":"https://github.com/holidayextras/node-saucelabs/issues"},"readmeFilename":"README.md","_attachments":{},"_etag":"W/\"589aea36-6c90\"","_lastModified":"Wed, 08 Feb 2017 09:51:50 GMT","_cached":true}