{"_id":"assertion-error-formatter","_rev":"4-5fbbc35cea6cf9a4a0e35809c8d6f31d","name":"assertion-error-formatter","description":"Format errors to display a diff between the actual and expected","dist-tags":{"latest":"2.0.0"},"versions":{"1.0.0":{"name":"assertion-error-formatter","version":"1.0.0","main":"lib/index.js","scripts":{"build":"babel src -d lib --ignore '**/*_test.js' --retain-lines","lint":"yarn run lint-js && yarn run lint-dependencies","lint-dependencies":"dependency-lint","lint-js":"eslint src/** test/test_helper.js","prepublish":"yarn run build","test":"yarn run lint && yarn run unit-test","unit-test":"mocha src"},"repository":{"type":"git","url":"git+https://github.com/charlierudolph/node-assertion-error-formatter.git"},"author":{"name":"Charlie Rudolph","email":"charles.w.rudolph@gmail.com"},"license":"MIT","bugs":{"url":"https://github.com/charlierudolph/node-assertion-error-formatter/issues"},"homepage":"https://github.com/charlierudolph/node-assertion-error-formatter","devDependencies":{"babel-cli":"^6.18.0","babel-core":"^6.21.0","babel-eslint":"^7.1.1","babel-preset-es2015":"^6.18.0","babel-register":"^6.18.0","chai":"^3.5.0","dependency-lint":"^4.3.0","eslint":"^3.7.0","eslint-plugin-babel":"^4.0.0","mocha":"^3.2.0","sinon":"^1.17.6","sinon-chai":"^2.8.0"},"dependencies":{"diff":"^3.0.0","pad-right":"^0.2.2","repeat-string":"^1.6.1"},"gitHead":"d16fb3e3b3875ef2957874e70f61d20ca9be3ea5","description":"Format errors to display a diff between the actual and expected","_id":"assertion-error-formatter@1.0.0","_shasum":"c643798da4787f006231c55dfdcb84734d7e548b","_from":".","_npmVersion":"3.10.9","_nodeVersion":"6.9.2","_npmUser":{"name":"charlierudolph","email":"charles.w.rudolph@gmail.com"},"dist":{"shasum":"c643798da4787f006231c55dfdcb84734d7e548b","tarball":"https://registry.npmjs.org/assertion-error-formatter/-/assertion-error-formatter-1.0.0.tgz"},"maintainers":[{"name":"charlierudolph","email":"charles.w.rudolph@gmail.com"}],"_npmOperationalInternal":{"host":"packages-12-west.internal.npmjs.com","tmp":"tmp/assertion-error-formatter-1.0.0.tgz_1482356434552_0.3426275241654366"},"directories":{}},"1.0.1":{"name":"assertion-error-formatter","version":"1.0.1","main":"lib/index.js","scripts":{"build":"babel src -d lib --ignore '**/*_test.js' --retain-lines","lint":"yarn run lint-js && yarn run lint-dependencies","lint-dependencies":"dependency-lint","lint-js":"eslint src/** test/test_helper.js","prepublish":"yarn run build","test":"yarn run lint && yarn run unit-test","unit-test":"mocha src"},"repository":{"type":"git","url":"git+https://github.com/charlierudolph/node-assertion-error-formatter.git"},"author":{"name":"Charlie Rudolph","email":"charles.w.rudolph@gmail.com"},"license":"MIT","bugs":{"url":"https://github.com/charlierudolph/node-assertion-error-formatter/issues"},"homepage":"https://github.com/charlierudolph/node-assertion-error-formatter","devDependencies":{"babel-cli":"^6.18.0","babel-core":"^6.21.0","babel-eslint":"^7.1.1","babel-preset-es2015":"^6.18.0","babel-register":"^6.18.0","chai":"^3.5.0","dependency-lint":"^4.3.0","eslint":"^3.7.0","eslint-plugin-babel":"^4.0.0","mocha":"^3.2.0","sinon":"^1.17.6","sinon-chai":"^2.8.0"},"dependencies":{"diff":"^3.0.0","pad-right":"^0.2.2","repeat-string":"^1.6.1"},"gitHead":"1ae44232542520094997fc882a214101750a768d","description":"Format errors to display a diff between the actual and expected","_id":"assertion-error-formatter@1.0.1","_shasum":"d02c2cb30d55e95c3dbe9b1c1f5097bab7624162","_from":".","_npmVersion":"3.10.9","_nodeVersion":"6.9.2","_npmUser":{"name":"charlierudolph","email":"charles.w.rudolph@gmail.com"},"dist":{"shasum":"d02c2cb30d55e95c3dbe9b1c1f5097bab7624162","tarball":"https://registry.npmjs.org/assertion-error-formatter/-/assertion-error-formatter-1.0.1.tgz"},"maintainers":[{"name":"charlierudolph","email":"charles.w.rudolph@gmail.com"}],"_npmOperationalInternal":{"host":"packages-12-west.internal.npmjs.com","tmp":"tmp/assertion-error-formatter-1.0.1.tgz_1482356569175_0.44303233502432704"},"directories":{}},"1.0.2":{"name":"assertion-error-formatter","version":"1.0.2","main":"lib/index.js","scripts":{"build":"babel src -d lib --ignore '**/*_test.js' --retain-lines","lint":"yarn run lint-js && yarn run lint-dependencies","lint-dependencies":"dependency-lint","lint-js":"eslint src/** test/test_helper.js","prepublish":"yarn run build","test":"yarn run lint && yarn run unit-test","unit-test":"mocha src"},"repository":{"type":"git","url":"git+https://github.com/charlierudolph/node-assertion-error-formatter.git"},"author":{"name":"Charlie Rudolph","email":"charles.w.rudolph@gmail.com"},"license":"MIT","bugs":{"url":"https://github.com/charlierudolph/node-assertion-error-formatter/issues"},"homepage":"https://github.com/charlierudolph/node-assertion-error-formatter","devDependencies":{"babel-cli":"^6.18.0","babel-core":"^6.21.0","babel-eslint":"^7.1.1","babel-preset-es2015":"^6.18.0","babel-register":"^6.18.0","chai":"^3.5.0","dependency-lint":"^4.3.0","eslint":"^3.7.0","eslint-plugin-babel":"^4.0.0","mocha":"^3.2.0","sinon":"^1.17.6","sinon-chai":"^2.8.0"},"dependencies":{"diff":"^3.0.0","pad-right":"^0.2.2","repeat-string":"^1.6.1"},"files":["lib"],"gitHead":"25d42c02f209d25e591149a603193179201f74de","description":"Format errors to display a diff between the actual and expected","_id":"assertion-error-formatter@1.0.2","_shasum":"38ecf68ae92f5e9e1069f11d711854f84143a2ab","_from":".","_npmVersion":"3.10.9","_nodeVersion":"6.9.2","_npmUser":{"name":"charlierudolph","email":"charles.w.rudolph@gmail.com"},"dist":{"shasum":"38ecf68ae92f5e9e1069f11d711854f84143a2ab","tarball":"https://registry.npmjs.org/assertion-error-formatter/-/assertion-error-formatter-1.0.2.tgz"},"maintainers":[{"name":"charlierudolph","email":"charles.w.rudolph@gmail.com"}],"_npmOperationalInternal":{"host":"packages-12-west.internal.npmjs.com","tmp":"tmp/assertion-error-formatter-1.0.2.tgz_1482359735499_0.06023512873798609"},"directories":{}},"2.0.0":{"name":"assertion-error-formatter","version":"2.0.0","main":"lib/index.js","scripts":{"build":"babel src -d lib --ignore '**/*_test.js' --retain-lines","lint":"yarn run lint-js && yarn run lint-dependencies","lint-dependencies":"dependency-lint","lint-js":"eslint src/** test/test_helper.js","prepublish":"yarn run build","test":"yarn run lint && yarn run unit-test","unit-test":"mocha src"},"repository":{"type":"git","url":"git+https://github.com/charlierudolph/node-assertion-error-formatter.git"},"author":{"name":"Charlie Rudolph","email":"charles.w.rudolph@gmail.com"},"license":"MIT","bugs":{"url":"https://github.com/charlierudolph/node-assertion-error-formatter/issues"},"homepage":"https://github.com/charlierudolph/node-assertion-error-formatter","devDependencies":{"babel-cli":"^6.18.0","babel-core":"^6.21.0","babel-eslint":"^7.1.1","babel-preset-es2015":"^6.18.0","babel-register":"^6.18.0","chai":"^3.5.0","dependency-lint":"^4.3.0","eslint":"^3.7.0","eslint-plugin-babel":"^4.0.0","mocha":"^3.2.0","sinon":"^1.17.6","sinon-chai":"^2.8.0"},"dependencies":{"diff":"^3.0.0","pad-right":"^0.2.2","repeat-string":"^1.6.1"},"files":["lib"],"gitHead":"82b361a5efc85cdffb89146ab6044fd356e76536","description":"Format errors to display a diff between the actual and expected","_id":"assertion-error-formatter@2.0.0","_shasum":"17a24289cc8440889b54318e6d1187ebee2d5494","_from":".","_npmVersion":"3.10.9","_nodeVersion":"6.9.2","_npmUser":{"name":"charlierudolph","email":"charles.w.rudolph@gmail.com"},"dist":{"shasum":"17a24289cc8440889b54318e6d1187ebee2d5494","tarball":"https://registry.npmjs.org/assertion-error-formatter/-/assertion-error-formatter-2.0.0.tgz"},"maintainers":[{"name":"charlierudolph","email":"charles.w.rudolph@gmail.com"}],"_npmOperationalInternal":{"host":"packages-18-east.internal.npmjs.com","tmp":"tmp/assertion-error-formatter-2.0.0.tgz_1482371877712_0.16381223849020898"},"directories":{}}},"readme":"# Node Assertion Error Formatter\n\nFormat errors to display a diff between the actual and expected\n\n## Usage\n```js\nimport {format} from 'assertion-error-formatter'\n\nformat(error)\n```\n\n## API Reference\n\n#### `format(error [, options])`\n\n* `error`: a javascript error\n* `options`: An object with the following keys:\n  * `colorFns`: An object with the keys 'diffAdded', 'diffRemoved', 'errorMessage', 'errorStack'. The values are functions to colorize a string, each defaults to identity.\n  * `inlineDiff`: boolean (default: false)\n    * toggle between inline and unified diffs\n","maintainers":[{"name":"charlierudolph","email":"charles.w.rudolph@gmail.com"}],"time":{"modified":"2016-12-22T01:57:58.515Z","created":"2016-12-21T21:40:36.394Z","1.0.0":"2016-12-21T21:40:36.394Z","1.0.1":"2016-12-21T21:42:51.187Z","1.0.2":"2016-12-21T22:35:37.640Z","2.0.0":"2016-12-22T01:57:58.515Z"},"homepage":"https://github.com/charlierudolph/node-assertion-error-formatter","repository":{"type":"git","url":"git+https://github.com/charlierudolph/node-assertion-error-formatter.git"},"author":{"name":"Charlie Rudolph","email":"charles.w.rudolph@gmail.com"},"bugs":{"url":"https://github.com/charlierudolph/node-assertion-error-formatter/issues"},"license":"MIT","readmeFilename":"README.md","_attachments":{},"_etag":"W/\"585b3326-2434\"","_lastModified":"Thu, 22 Dec 2016 01:57:58 GMT","_cached":true}