{"_id":"tsconfig","_rev":"29-7585500363a04c219674566ea19e126c","name":"tsconfig","description":"Resole and parse `tsconfig.json`, replicating to TypeScript's behaviour","dist-tags":{"latest":"6.0.0"},"versions":{"0.0.1":{"name":"tsconfig","version":"0.0.1","description":"TypeScript project file specification + implementation","main":"dist/lib/index.js","typescript":{"definition":"dist/lib/tsconfig.d.ts"},"directories":{"test":"tests"},"scripts":{"test":"node ./node_modules/mocha/bin/mocha dist/test/**/*.js"},"repository":{"type":"git","url":"https://github.com/TypeStrong/tsconfig.git"},"keywords":["TypeScript","compiler"],"author":{"name":"basaratali@gmail.com"},"license":"MIT","bugs":{"url":"https://github.com/TypeStrong/tsconfig/issues"},"homepage":"https://github.com/TypeStrong/tsconfig","dependencies":{"js-yaml":"^3.2.3","glob-expand":"0.0.2"},"devDependencies":{"grunt":"^0.4.5","grunt-ts":"^1.12.1","mocha":"^2.0.1","chai":"^1.10.0","typescript":"^1.3.0","grunt-dts-bundle":"^0.2.0"},"_id":"tsconfig@0.0.1","dist":{"shasum":"914ac5b8191025e5db008e3e1ffcc9370c0ca39c","tarball":"https://registry.npmjs.org/tsconfig/-/tsconfig-0.0.1.tgz"},"_from":".","_npmVersion":"1.4.3","_npmUser":{"name":"basarat","email":"basaratali@gmail.com"},"maintainers":[{"name":"basarat","email":"basaratali@gmail.com"}]},"0.0.2":{"name":"tsconfig","version":"0.0.2","description":"TypeScript project file specification + implementation","main":"dist/lib/index.js","typescript":{"definition":"dist/lib/tsconfig.d.ts"},"directories":{"test":"tests"},"scripts":{"test":"node ./node_modules/mocha/bin/mocha dist/test/**/*.js"},"repository":{"type":"git","url":"https://github.com/TypeStrong/tsconfig.git"},"keywords":["TypeScript","compiler"],"author":{"name":"basaratali@gmail.com"},"license":"MIT","bugs":{"url":"https://github.com/TypeStrong/tsconfig/issues"},"homepage":"https://github.com/TypeStrong/tsconfig","dependencies":{"js-yaml":"^3.2.3","glob-expand":"0.0.2"},"devDependencies":{"grunt":"^0.4.5","grunt-ts":"^1.12.1","mocha":"^2.0.1","chai":"^1.10.0","typescript":"^1.3.0","grunt-dts-bundle":"^0.2.0"},"_id":"tsconfig@0.0.2","dist":{"shasum":"53500d1e5f0ade9cabfa57c4edeb303ac9c50788","tarball":"https://registry.npmjs.org/tsconfig/-/tsconfig-0.0.2.tgz"},"_from":".","_npmVersion":"1.4.3","_npmUser":{"name":"basarat","email":"basaratali@gmail.com"},"maintainers":[{"name":"basarat","email":"basaratali@gmail.com"}]},"0.0.3":{"name":"tsconfig","version":"0.0.3","description":"TypeScript project file specification + implementation","main":"dist/lib/index.js","typescript":{"definition":"dist/lib/tsconfig.d.ts"},"directories":{"test":"tests"},"scripts":{"test":"node ./node_modules/mocha/bin/mocha dist/test/**/*.js"},"repository":{"type":"git","url":"https://github.com/TypeStrong/tsconfig.git"},"keywords":["TypeScript","compiler"],"author":{"name":"basaratali@gmail.com"},"license":"MIT","bugs":{"url":"https://github.com/TypeStrong/tsconfig/issues"},"homepage":"https://github.com/TypeStrong/tsconfig","dependencies":{"js-yaml":"^3.2.3","glob-expand":"0.0.2"},"devDependencies":{"grunt":"^0.4.5","grunt-ts":"^1.12.1","mocha":"^2.0.1","chai":"^1.10.0","typescript":"^1.3.0","grunt-dts-bundle":"^0.2.0"},"_id":"tsconfig@0.0.3","dist":{"shasum":"57be20c9a56201e2a99a6785198dfba7281eefa2","tarball":"https://registry.npmjs.org/tsconfig/-/tsconfig-0.0.3.tgz"},"_from":".","_npmVersion":"1.4.3","_npmUser":{"name":"basarat","email":"basaratali@gmail.com"},"maintainers":[{"name":"basarat","email":"basaratali@gmail.com"}]},"1.0.0":{"name":"tsconfig","version":"1.0.0","description":"TypeScript project file specification + implementation","main":"dist/tsconfig.js","typescript":{"definition":"tsconfig.d.ts"},"files":["dist/","LICENSE","tsconfig.d.ts"],"scripts":{"lint":"# TODO","build":"npm run build-ts","build-ts":"rm -rf dist && tsc","test-spec":"mocha dist/**/*.spec.js -R spec --bail","test-cov":"istanbul cover node_modules/mocha/bin/_mocha -- dist/**/*.spec.js -R spec --bail","test":"npm run build && npm run lint && npm run test-cov","prepublish":"npm run build"},"repository":{"type":"git","url":"https://github.com/TypeStrong/tsconfig.git"},"keywords":["TypeScript","compiler","config","tsconfig","json","resolve"],"author":{"name":"Blake Embrey","email":"hello@blakeembrey.com","url":"http://blakeembrey.me"},"contributors":[{"name":"basaratali@gmail.com"}],"license":"MIT","bugs":{"url":"https://github.com/TypeStrong/tsconfig/issues"},"homepage":"https://github.com/TypeStrong/tsconfig","dependencies":{"globby":"^2.1.0","xtend":"^4.0.0"},"devDependencies":{"chai":"^3.0.0","istanbul":"^0.3.17","mocha":"^2.0.1","typescript":"^1.5.0-beta"},"gitHead":"b09711dfedebf7869eeb6443b923619ea2b09878","_id":"tsconfig@1.0.0","_shasum":"668c31feb7de21efb067ae5733bc3a9af866aa32","_from":".","_npmVersion":"2.11.3","_nodeVersion":"2.3.3","_npmUser":{"name":"blakeembrey","email":"hello@blakeembrey.com"},"maintainers":[{"name":"basarat","email":"basaratali@gmail.com"},{"name":"blakeembrey","email":"hello@blakeembrey.com"}],"dist":{"shasum":"668c31feb7de21efb067ae5733bc3a9af866aa32","tarball":"https://registry.npmjs.org/tsconfig/-/tsconfig-1.0.0.tgz"},"directories":{}},"1.0.1":{"name":"tsconfig","version":"1.0.1","description":"TypeScript project file specification + implementation","main":"dist/tsconfig.js","typescript":{"definition":"tsconfig.d.ts"},"files":["dist/","LICENSE","tsconfig.d.ts"],"scripts":{"lint":"# TODO","build":"npm run build-ts","build-ts":"rm -rf dist && tsc","test-spec":"mocha dist/**/*.spec.js -R spec --bail","test-cov":"istanbul cover node_modules/mocha/bin/_mocha -- dist/**/*.spec.js -R spec --bail","test":"npm run build && npm run lint && npm run test-cov","prepublish":"npm run build"},"repository":{"type":"git","url":"https://github.com/TypeStrong/tsconfig.git"},"keywords":["TypeScript","compiler","config","tsconfig","json","resolve"],"author":{"name":"Blake Embrey","email":"hello@blakeembrey.com","url":"http://blakeembrey.me"},"contributors":[{"name":"basaratali@gmail.com"}],"license":"MIT","bugs":{"url":"https://github.com/TypeStrong/tsconfig/issues"},"homepage":"https://github.com/TypeStrong/tsconfig","dependencies":{"globby":"^2.1.0","xtend":"^4.0.0"},"devDependencies":{"chai":"^3.0.0","istanbul":"^0.3.17","mocha":"^2.0.1","typescript":"^1.5.0-beta"},"gitHead":"948224374048130e72b456dd7f8f07c3d9492a77","_id":"tsconfig@1.0.1","_shasum":"bf8a5787d30a62e63e4239492b0e191b297ea4a1","_from":".","_npmVersion":"2.11.3","_nodeVersion":"2.3.3","_npmUser":{"name":"blakeembrey","email":"hello@blakeembrey.com"},"maintainers":[{"name":"basarat","email":"basaratali@gmail.com"},{"name":"blakeembrey","email":"hello@blakeembrey.com"}],"dist":{"shasum":"bf8a5787d30a62e63e4239492b0e191b297ea4a1","tarball":"https://registry.npmjs.org/tsconfig/-/tsconfig-1.0.1.tgz"},"directories":{}},"1.0.3":{"name":"tsconfig","version":"1.0.3","description":"TypeScript project file specification + implementation","main":"dist/tsconfig.js","files":["dist/","LICENSE","tsconfig.d.ts"],"scripts":{"lint":"# TODO","build":"npm run build-ts","build-ts":"rm -rf dist && tsc","test-spec":"mocha dist/**/*.spec.js -R spec --bail","test-cov":"istanbul cover node_modules/mocha/bin/_mocha -- dist/**/*.spec.js -R spec --bail","test":"npm run build && npm run lint && npm run test-cov","prepublish":"npm run build"},"repository":{"type":"git","url":"https://github.com/TypeStrong/tsconfig.git"},"keywords":["TypeScript","compiler","config","tsconfig","json","resolve"],"author":{"name":"Blake Embrey","email":"hello@blakeembrey.com","url":"http://blakeembrey.me"},"contributors":[{"name":"basaratali@gmail.com"}],"license":"MIT","bugs":{"url":"https://github.com/TypeStrong/tsconfig/issues"},"homepage":"https://github.com/TypeStrong/tsconfig","dependencies":{"globby":"^2.1.0","parse-json":"^2.2.0","strip-bom":"^2.0.0","xtend":"^4.0.0"},"devDependencies":{"chai":"^3.0.0","istanbul":"^0.3.17","mocha":"^2.0.1","typescript":"^1.5.0-beta"},"gitHead":"be5007c5505f73810c6510ecbdc166bed4dfe036","_id":"tsconfig@1.0.3","_shasum":"7ce0e7821e0d04cda12012f26105b7bdad624a99","_from":".","_npmVersion":"2.14.2","_nodeVersion":"4.0.0","_npmUser":{"name":"blakeembrey","email":"hello@blakeembrey.com"},"dist":{"shasum":"7ce0e7821e0d04cda12012f26105b7bdad624a99","tarball":"https://registry.npmjs.org/tsconfig/-/tsconfig-1.0.3.tgz"},"maintainers":[{"name":"basarat","email":"basaratali@gmail.com"},{"name":"blakeembrey","email":"hello@blakeembrey.com"}],"directories":{}},"1.0.4":{"name":"tsconfig","version":"1.0.4","description":"TypeScript project file specification + implementation","main":"dist/tsconfig.js","typings":"tsconfig.d.ts","files":["dist/","LICENSE","tsconfig.d.ts"],"scripts":{"lint":"# TODO","build":"npm run build-ts","build-ts":"rm -rf dist && tsc","test-spec":"mocha dist/**/*.spec.js -R spec --bail","test-cov":"istanbul cover node_modules/mocha/bin/_mocha -- dist/**/*.spec.js -R spec --bail","test":"npm run build && npm run lint && npm run test-cov","prepublish":"npm run build"},"repository":{"type":"git","url":"https://github.com/TypeStrong/tsconfig.git"},"keywords":["TypeScript","compiler","config","tsconfig","json","resolve"],"author":{"name":"Blake Embrey","email":"hello@blakeembrey.com","url":"http://blakeembrey.me"},"contributors":[{"name":"basaratali@gmail.com"}],"license":"MIT","bugs":{"url":"https://github.com/TypeStrong/tsconfig/issues"},"homepage":"https://github.com/TypeStrong/tsconfig","dependencies":{"globby":"^2.1.0","parse-json":"^2.2.0","strip-bom":"^2.0.0","xtend":"^4.0.0"},"devDependencies":{"chai":"^3.0.0","istanbul":"^0.3.17","mocha":"^2.0.1","typescript":"^1.5.0-beta"},"gitHead":"830e983bef9d3bf0d4d839e0b78f50634a8716b6","_id":"tsconfig@1.0.4","_shasum":"c97025817af768596cc73c3b410f53e1d0ce9b01","_from":".","_npmVersion":"2.14.2","_nodeVersion":"4.0.0","_npmUser":{"name":"blakeembrey","email":"hello@blakeembrey.com"},"dist":{"shasum":"c97025817af768596cc73c3b410f53e1d0ce9b01","tarball":"https://registry.npmjs.org/tsconfig/-/tsconfig-1.0.4.tgz"},"maintainers":[{"name":"basarat","email":"basaratali@gmail.com"},{"name":"blakeembrey","email":"hello@blakeembrey.com"}],"directories":{}},"1.0.5":{"name":"tsconfig","version":"1.0.5","description":"TypeScript project file specification + implementation","main":"dist/tsconfig.js","typings":"dist/tsconfig.d.ts","files":["dist/","LICENSE","tsconfig.d.ts"],"scripts":{"lint":"# TODO","build":"npm run build-ts","build-ts":"rm -rf dist && tsc","test-spec":"mocha dist/**/*.spec.js -R spec --bail","test-cov":"istanbul cover node_modules/mocha/bin/_mocha -- dist/**/*.spec.js -R spec --bail","test":"npm run build && npm run lint && npm run test-cov","prepublish":"npm run build"},"repository":{"type":"git","url":"https://github.com/TypeStrong/tsconfig.git"},"keywords":["TypeScript","compiler","config","tsconfig","json","resolve"],"author":{"name":"Blake Embrey","email":"hello@blakeembrey.com","url":"http://blakeembrey.me"},"contributors":[{"name":"basaratali@gmail.com"}],"license":"MIT","bugs":{"url":"https://github.com/TypeStrong/tsconfig/issues"},"homepage":"https://github.com/TypeStrong/tsconfig","dependencies":{"globby":"^2.1.0","parse-json":"^2.2.0","strip-bom":"^2.0.0","xtend":"^4.0.0"},"devDependencies":{"chai":"^3.0.0","istanbul":"^0.3.17","mocha":"^2.0.1","typescript":"^1.5.0-beta"},"gitHead":"26caa95a8a9a40dd7ab0bd009612cafc0c29e5fc","_id":"tsconfig@1.0.5","_shasum":"0899c6409821866490f49fe5758ed1adb5a4ef9a","_from":".","_npmVersion":"2.14.2","_nodeVersion":"4.0.0","_npmUser":{"name":"blakeembrey","email":"hello@blakeembrey.com"},"dist":{"shasum":"0899c6409821866490f49fe5758ed1adb5a4ef9a","tarball":"https://registry.npmjs.org/tsconfig/-/tsconfig-1.0.5.tgz"},"maintainers":[{"name":"basarat","email":"basaratali@gmail.com"},{"name":"blakeembrey","email":"hello@blakeembrey.com"}],"directories":{}},"1.0.6":{"name":"tsconfig","version":"1.0.6","description":"TypeScript project file specification + implementation","main":"dist/tsconfig.js","typings":"dist/tsconfig.d.ts","files":["dist/","LICENSE","tsconfig.d.ts"],"scripts":{"lint":"echo TODO","build":"npm run build-ts","build-ts":"rm -rf dist && tsc","test-spec":"mocha dist/**/*.spec.js -R spec --bail","test-cov":"istanbul cover node_modules/mocha/bin/_mocha -- dist/**/*.spec.js -R spec --bail","test":"npm run build && npm run lint && npm run test-cov","prepublish":"npm run build"},"repository":{"type":"git","url":"git+https://github.com/TypeStrong/tsconfig.git"},"keywords":["TypeScript","compiler","config","tsconfig","json","resolve"],"author":{"name":"Blake Embrey","email":"hello@blakeembrey.com","url":"http://blakeembrey.me"},"contributors":[{"name":"basaratali@gmail.com"}],"license":"MIT","bugs":{"url":"https://github.com/TypeStrong/tsconfig/issues"},"homepage":"https://github.com/TypeStrong/tsconfig","dependencies":{"globby":"^2.1.0","parse-json":"^2.2.0","strip-bom":"^2.0.0","xtend":"^4.0.0"},"devDependencies":{"chai":"^3.0.0","istanbul":"^0.3.17","mocha":"^2.0.1","typescript":"^1.5.0-beta"},"gitHead":"64a443db5f3c0356f20a939d3182d7c147e7ba67","_id":"tsconfig@1.0.6","_shasum":"e55d24ac57f2f554076790064e995d00e928fc72","_from":".","_npmVersion":"2.13.3","_nodeVersion":"3.2.0","_npmUser":{"name":"basarat","email":"basaratali@gmail.com"},"maintainers":[{"name":"basarat","email":"basaratali@gmail.com"},{"name":"blakeembrey","email":"hello@blakeembrey.com"}],"dist":{"shasum":"e55d24ac57f2f554076790064e995d00e928fc72","tarball":"https://registry.npmjs.org/tsconfig/-/tsconfig-1.0.6.tgz"},"directories":{}},"1.0.7":{"name":"tsconfig","version":"1.0.7","description":"TypeScript project file specification + implementation","main":"dist/tsconfig.js","typings":"dist/tsconfig.d.ts","files":["dist/","LICENSE","tsconfig.d.ts"],"scripts":{"lint":"echo TODO","build":"npm run build-ts","build-ts":"rm -rf dist && tsc","test-spec":"mocha dist/**/*.spec.js -R spec --bail","test-cov":"istanbul cover node_modules/mocha/bin/_mocha -- dist/**/*.spec.js -R spec --bail","test":"npm run build && npm run lint && npm run test-cov","prepublish":"npm run build"},"repository":{"type":"git","url":"https://github.com/TypeStrong/tsconfig.git"},"keywords":["TypeScript","compiler","config","tsconfig","json","resolve"],"author":{"name":"Blake Embrey","email":"hello@blakeembrey.com","url":"http://blakeembrey.me"},"contributors":[{"name":"basaratali@gmail.com"}],"license":"MIT","bugs":{"url":"https://github.com/TypeStrong/tsconfig/issues"},"homepage":"https://github.com/TypeStrong/tsconfig","dependencies":{"globby":"^2.1.0","parse-json":"^2.2.0","strip-bom":"^2.0.0","xtend":"^4.0.0"},"devDependencies":{"chai":"^3.0.0","istanbul":"^0.3.17","mocha":"^2.0.1","typescript":"^1.5.0-beta"},"gitHead":"22f10980f1b7433a59d2eff1f46a2901aafe5f26","_id":"tsconfig@1.0.7","_shasum":"ff02d1f90eb2e1e25f9da8105304b4c5dfcd0ebd","_from":".","_npmVersion":"2.11.3","_nodeVersion":"0.12.7","_npmUser":{"name":"blakeembrey","email":"hello@blakeembrey.com"},"dist":{"shasum":"ff02d1f90eb2e1e25f9da8105304b4c5dfcd0ebd","tarball":"https://registry.npmjs.org/tsconfig/-/tsconfig-1.0.7.tgz"},"maintainers":[{"name":"basarat","email":"basaratali@gmail.com"},{"name":"blakeembrey","email":"hello@blakeembrey.com"}],"directories":{}},"1.1.0":{"name":"tsconfig","version":"1.1.0","description":"TypeScript project file specification + implementation","main":"dist/tsconfig.js","typings":"dist/tsconfig.d.ts","files":["dist/","LICENSE","tsconfig.d.ts"],"scripts":{"lint":"echo TODO","build":"npm run build-ts","build-ts":"rm -rf dist && tsc","test-spec":"mocha dist/**/*.spec.js -R spec --bail","test-cov":"istanbul cover node_modules/mocha/bin/_mocha -- dist/**/*.spec.js -R spec --bail","test":"npm run build && npm run lint && npm run test-cov","prepublish":"npm run build"},"repository":{"type":"git","url":"https://github.com/TypeStrong/tsconfig.git"},"keywords":["TypeScript","compiler","config","tsconfig","json","resolve"],"author":{"name":"Blake Embrey","email":"hello@blakeembrey.com","url":"http://blakeembrey.me"},"contributors":[{"name":"basaratali@gmail.com"}],"license":"MIT","bugs":{"url":"https://github.com/TypeStrong/tsconfig/issues"},"homepage":"https://github.com/TypeStrong/tsconfig","dependencies":{"glob":"^5.0.15","parse-json":"^2.2.0","strip-bom":"^2.0.0","xtend":"^4.0.0"},"devDependencies":{"chai":"^3.0.0","istanbul":"^0.3.17","mocha":"^2.0.1","typescript":"^1.5.0-beta"},"gitHead":"3a0f08d19bceb5de79f31202d977114124ced2da","_id":"tsconfig@1.1.0","_shasum":"f20debc9555e2a61a4be88ecbf2f1ef0b7a82e12","_from":".","_npmVersion":"2.11.3","_nodeVersion":"0.12.7","_npmUser":{"name":"blakeembrey","email":"hello@blakeembrey.com"},"dist":{"shasum":"f20debc9555e2a61a4be88ecbf2f1ef0b7a82e12","tarball":"https://registry.npmjs.org/tsconfig/-/tsconfig-1.1.0.tgz"},"maintainers":[{"name":"basarat","email":"basaratali@gmail.com"},{"name":"blakeembrey","email":"hello@blakeembrey.com"}],"directories":{}},"2.0.0":{"name":"tsconfig","version":"2.0.0","description":"TypeScript project file specification + implementation","main":"dist/tsconfig.js","typings":"dist/tsconfig.d.ts","files":["dist/","LICENSE","tsconfig.d.ts"],"scripts":{"lint":"echo TODO","build":"npm run build-ts","build-ts":"rm -rf dist && tsc","test-spec":"mocha dist/**/*.spec.js -R spec --bail","test-cov":"istanbul cover node_modules/mocha/bin/_mocha -- dist/**/*.spec.js -R spec --bail","test":"npm run build && npm run lint && npm run test-cov","prepublish":"npm run build"},"repository":{"type":"git","url":"https://github.com/TypeStrong/tsconfig.git"},"keywords":["TypeScript","compiler","config","tsconfig","json","resolve"],"author":{"name":"Blake Embrey","email":"hello@blakeembrey.com","url":"http://blakeembrey.me"},"contributors":[{"name":"basaratali@gmail.com"}],"license":"MIT","bugs":{"url":"https://github.com/TypeStrong/tsconfig/issues"},"homepage":"https://github.com/TypeStrong/tsconfig","dependencies":{"array-uniq":"^1.0.2","glob":"^5.0.15","globby":"^3.0.1","parse-json":"^2.2.0","pinkie-promise":"^1.0.0","strip-bom":"^2.0.0","xtend":"^4.0.0"},"devDependencies":{"chai":"^3.0.0","istanbul":"^0.3.17","mocha":"^2.0.1","typescript":"^1.5.0-beta"},"gitHead":"1d003cdff64effa81543ee1be7940cdce1ac3fe2","_id":"tsconfig@2.0.0","_shasum":"38d50639895c9d5e3d1686611d2817e81bf7e190","_from":".","_npmVersion":"2.11.3","_nodeVersion":"0.12.7","_npmUser":{"name":"blakeembrey","email":"hello@blakeembrey.com"},"dist":{"shasum":"38d50639895c9d5e3d1686611d2817e81bf7e190","tarball":"https://registry.npmjs.org/tsconfig/-/tsconfig-2.0.0.tgz"},"maintainers":[{"name":"basarat","email":"basaratali@gmail.com"},{"name":"blakeembrey","email":"hello@blakeembrey.com"}],"directories":{}},"2.0.1":{"name":"tsconfig","version":"2.0.1","description":"TypeScript project file specification + implementation","main":"dist/tsconfig.js","typings":"dist/tsconfig.d.ts","files":["dist/","LICENSE","tsconfig.d.ts"],"scripts":{"lint":"echo TODO","build":"npm run build-ts","build-ts":"rm -rf dist && tsc","test-spec":"mocha dist/**/*.spec.js -R spec --bail","test-cov":"istanbul cover node_modules/mocha/bin/_mocha -- dist/**/*.spec.js -R spec --bail","test":"npm run build && npm run lint && npm run test-cov","prepublish":"npm run build"},"repository":{"type":"git","url":"https://github.com/TypeStrong/tsconfig.git"},"keywords":["TypeScript","compiler","config","tsconfig","json","resolve"],"author":{"name":"Blake Embrey","email":"hello@blakeembrey.com","url":"http://blakeembrey.me"},"contributors":[{"name":"basaratali@gmail.com"}],"license":"MIT","bugs":{"url":"https://github.com/TypeStrong/tsconfig/issues"},"homepage":"https://github.com/TypeStrong/tsconfig","dependencies":{"array-uniq":"^1.0.2","glob":"^5.0.15","globby":"^3.0.1","parse-json":"^2.2.0","pinkie-promise":"^1.0.0","strip-bom":"^2.0.0","xtend":"^4.0.0"},"devDependencies":{"chai":"^3.0.0","istanbul":"^0.3.17","mocha":"^2.0.1","typescript":"^1.5.0-beta"},"gitHead":"3f67ca74c9990ae3e87aba5e5ffae6cd5288ee91","_id":"tsconfig@2.0.1","_shasum":"318d9f481b703e4b9dea603db9015b906e6b1704","_from":".","_npmVersion":"2.14.2","_nodeVersion":"4.0.0","_npmUser":{"name":"blakeembrey","email":"hello@blakeembrey.com"},"maintainers":[{"name":"basarat","email":"basaratali@gmail.com"},{"name":"blakeembrey","email":"hello@blakeembrey.com"}],"dist":{"shasum":"318d9f481b703e4b9dea603db9015b906e6b1704","tarball":"https://registry.npmjs.org/tsconfig/-/tsconfig-2.0.1.tgz"},"directories":{}},"2.1.0":{"name":"tsconfig","version":"2.1.0","description":"TypeScript project file specification + implementation","main":"dist/tsconfig.js","typings":"dist/tsconfig.d.ts","files":["dist/","LICENSE","tsconfig.d.ts"],"scripts":{"lint":"echo TODO","build":"npm run build-ts","build-ts":"rm -rf dist && tsc","test-spec":"mocha dist/**/*.spec.js -R spec --bail","test-cov":"istanbul cover node_modules/mocha/bin/_mocha -- dist/**/*.spec.js -R spec --bail","test":"npm run build && npm run lint && npm run test-cov","prepublish":"npm run build"},"repository":{"type":"git","url":"https://github.com/TypeStrong/tsconfig.git"},"keywords":["TypeScript","compiler","config","tsconfig","json","resolve"],"author":{"name":"Blake Embrey","email":"hello@blakeembrey.com","url":"http://blakeembrey.me"},"contributors":[{"name":"basaratali@gmail.com"}],"license":"MIT","bugs":{"url":"https://github.com/TypeStrong/tsconfig/issues"},"homepage":"https://github.com/TypeStrong/tsconfig","dependencies":{"array-uniq":"^1.0.2","globby":"^3.0.1","parse-json":"^2.2.0","pinkie-promise":"^1.0.0","strip-bom":"^2.0.0","xtend":"^4.0.0"},"devDependencies":{"chai":"^3.0.0","istanbul":"^0.3.17","mocha":"^2.0.1","typescript":"^1.5.0-beta"},"gitHead":"ea9f710a30bf364c86993abfbd7b92ee376e0b61","_id":"tsconfig@2.1.0","_shasum":"40f3c5c67f14d162daeb86843a2c00ab35c0f9d4","_from":".","_npmVersion":"2.14.2","_nodeVersion":"4.0.0","_npmUser":{"name":"blakeembrey","email":"hello@blakeembrey.com"},"maintainers":[{"name":"basarat","email":"basaratali@gmail.com"},{"name":"blakeembrey","email":"hello@blakeembrey.com"}],"dist":{"shasum":"40f3c5c67f14d162daeb86843a2c00ab35c0f9d4","tarball":"https://registry.npmjs.org/tsconfig/-/tsconfig-2.1.0.tgz"},"directories":{}},"2.1.1":{"name":"tsconfig","version":"2.1.1","description":"TypeScript project file specification + implementation","main":"dist/tsconfig.js","typings":"dist/tsconfig.d.ts","files":["dist/","LICENSE","typings.json"],"scripts":{"lint":"echo TODO","build":"npm run build-ts","build-ts":"rm -rf dist && tsc","test-spec":"mocha dist/**/*.spec.js -R spec --bail","test-cov":"istanbul cover node_modules/mocha/bin/_mocha -- dist/**/*.spec.js -R spec --bail","test":"npm run build && npm run lint && npm run test-cov","prepublish":"npm run build"},"repository":{"type":"git","url":"https://github.com/TypeStrong/tsconfig.git"},"keywords":["TypeScript","compiler","config","tsconfig","json","resolve"],"author":{"name":"Blake Embrey","email":"hello@blakeembrey.com","url":"http://blakeembrey.me"},"contributors":[{"name":"basaratali@gmail.com"}],"license":"MIT","bugs":{"url":"https://github.com/TypeStrong/tsconfig/issues"},"homepage":"https://github.com/TypeStrong/tsconfig","dependencies":{"array-uniq":"^1.0.2","globby":"^3.0.1","parse-json":"^2.2.0","pinkie-promise":"^1.0.0","strip-bom":"^2.0.0","xtend":"^4.0.0"},"devDependencies":{"chai":"^3.0.0","istanbul":"^0.3.17","mocha":"^2.0.1","typescript":"^1.5.0-beta"},"gitHead":"d8174262cb1508f16f9f96eb2028d90519708ad1","_id":"tsconfig@2.1.1","_shasum":"adea14b645f1b530342a6451386fadcf2c48aa30","_from":".","_npmVersion":"1.4.28","_npmUser":{"name":"blakeembrey","email":"hello@blakeembrey.com"},"maintainers":[{"name":"basarat","email":"basaratali@gmail.com"},{"name":"blakeembrey","email":"hello@blakeembrey.com"}],"dist":{"shasum":"adea14b645f1b530342a6451386fadcf2c48aa30","tarball":"https://registry.npmjs.org/tsconfig/-/tsconfig-2.1.1.tgz"},"directories":{}},"2.2.0":{"name":"tsconfig","version":"2.2.0","description":"TypeScript project file specification + implementation","main":"dist/tsconfig.js","files":["dist/","LICENSE","typings.json"],"scripts":{"lint":"echo TODO","build":"npm run build-ts","build-ts":"rm -rf dist && tsc","test-spec":"mocha dist/**/*.spec.js -R spec --bail","test-cov":"istanbul cover node_modules/mocha/bin/_mocha -- dist/**/*.spec.js -R spec --bail","test":"npm run build && npm run lint && npm run test-cov","prepublish":"npm run build"},"repository":{"type":"git","url":"https://github.com/TypeStrong/tsconfig.git"},"keywords":["TypeScript","compiler","config","tsconfig","json","resolve"],"author":{"name":"Blake Embrey","email":"hello@blakeembrey.com","url":"http://blakeembrey.me"},"contributors":[{"name":"basaratali@gmail.com"}],"license":"MIT","bugs":{"url":"https://github.com/TypeStrong/tsconfig/issues"},"homepage":"https://github.com/TypeStrong/tsconfig","dependencies":{"array-uniq":"^1.0.2","globby":"^4.0.0","parse-json":"^2.2.0","pinkie-promise":"^2.0.0","strip-bom":"^2.0.0","strip-json-comments":"^2.0.0","xtend":"^4.0.0"},"devDependencies":{"chai":"^3.0.0","istanbul":"^0.4.0","mocha":"^2.0.1","typescript":"^1.5.0-beta"},"gitHead":"2308fd5dd55dc0efd1445fa68310d40cf4b52782","_id":"tsconfig@2.2.0","_shasum":"7fc16e2790dab70c049bd861c1c532bb770e0837","_from":".","_npmVersion":"3.3.6","_nodeVersion":"5.0.0","_npmUser":{"name":"blakeembrey","email":"hello@blakeembrey.com"},"dist":{"shasum":"7fc16e2790dab70c049bd861c1c532bb770e0837","tarball":"https://registry.npmjs.org/tsconfig/-/tsconfig-2.2.0.tgz"},"maintainers":[{"name":"basarat","email":"basaratali@gmail.com"},{"name":"blakeembrey","email":"hello@blakeembrey.com"}],"directories":{}},"3.0.0":{"name":"tsconfig","version":"3.0.0","description":"TypeScript project file specification + implementation","main":"dist/tsconfig.js","files":["dist/","LICENSE","typings.json"],"scripts":{"lint":"echo TODO","build":"npm run build-ts","build-ts":"rm -rf dist && tsc","test-spec":"mocha dist/**/*.spec.js -R spec --bail","test-cov":"istanbul cover node_modules/mocha/bin/_mocha -- dist/**/*.spec.js -R spec --bail","test":"npm run build && npm run lint && npm run test-cov","prepublish":"typings install && npm run build"},"repository":{"type":"git","url":"git+https://github.com/TypeStrong/tsconfig.git"},"keywords":["TypeScript","compiler","config","tsconfig","json","resolve"],"author":{"name":"Blake Embrey","email":"hello@blakeembrey.com","url":"http://blakeembrey.me"},"contributors":[{"name":"basaratali@gmail.com"}],"license":"MIT","bugs":{"url":"https://github.com/TypeStrong/tsconfig/issues"},"homepage":"https://github.com/TypeStrong/tsconfig","dependencies":{"array-uniq":"^1.0.2","globby":"^4.0.0","parse-json":"^2.2.0","pinkie-promise":"^2.0.0","strip-bom":"^2.0.0","strip-json-comments":"^2.0.0","xtend":"^4.0.0"},"devDependencies":{"chai":"^3.0.0","istanbul":"^0.4.0","mocha":"^2.0.1","typescript":"^1.8.10","typings":"^1.0.4"},"gitHead":"447e8bf352b8ee4f08a83f161ed40939679a73e2","_id":"tsconfig@3.0.0","_shasum":"4b610995da8b2dd6e050834f1c41b312eff79d8a","_from":".","_npmVersion":"3.8.9","_nodeVersion":"6.2.0","_npmUser":{"name":"blakeembrey","email":"hello@blakeembrey.com"},"dist":{"shasum":"4b610995da8b2dd6e050834f1c41b312eff79d8a","tarball":"https://registry.npmjs.org/tsconfig/-/tsconfig-3.0.0.tgz"},"maintainers":[{"name":"basarat","email":"basaratali@gmail.com"},{"name":"blakeembrey","email":"hello@blakeembrey.com"}],"_npmOperationalInternal":{"host":"packages-12-west.internal.npmjs.com","tmp":"tmp/tsconfig-3.0.0.tgz_1465231859652_0.05021167220547795"},"directories":{}},"4.0.0":{"name":"tsconfig","version":"4.0.0","description":"Resole and parse `tsconfig.json`, replicating to TypeScript's behaviour","main":"dist/tsconfig.js","files":["dist/","LICENSE","typings.json"],"scripts":{"lint":"tslint \"src/**/*.ts\"","build":"npm run build-ts","build-ts":"rm -rf dist && tsc","test-spec":"mocha dist/**/*.spec.js -R spec --bail","test-cov":"istanbul cover node_modules/mocha/bin/_mocha -- dist/**/*.spec.js -R spec --bail","test":"npm run build && npm run lint && npm run test-cov","prepublish":"typings install && npm run build"},"repository":{"type":"git","url":"git+https://github.com/TypeStrong/tsconfig.git"},"keywords":["TypeScript","compiler","config","tsconfig","json","resolve"],"author":{"name":"Blake Embrey","email":"hello@blakeembrey.com","url":"http://blakeembrey.me"},"contributors":[{"name":"basaratali@gmail.com"}],"license":"MIT","bugs":{"url":"https://github.com/TypeStrong/tsconfig/issues"},"homepage":"https://github.com/TypeStrong/tsconfig","dependencies":{"any-promise":"^1.3.0","parse-json":"^2.2.0","strip-bom":"^2.0.0","strip-json-comments":"^2.0.0"},"devDependencies":{"bluebird":"^3.4.1","chai":"^3.0.0","istanbul":"^0.4.0","mocha":"^2.0.1","tslint":"^3.13.0","tslint-config-standard":"^1.3.0","typescript":"^1.8.10","typings":"^1.0.4"},"gitHead":"1735d66fdb0e420bda80e4a3f6f94b1354c13ed1","_id":"tsconfig@4.0.0","_shasum":"f5178d5b12c0e58da7d79d30ad1d6371074b4a21","_from":".","_npmVersion":"3.9.3","_nodeVersion":"6.2.1","_npmUser":{"name":"blakeembrey","email":"hello@blakeembrey.com"},"dist":{"shasum":"f5178d5b12c0e58da7d79d30ad1d6371074b4a21","tarball":"https://registry.npmjs.org/tsconfig/-/tsconfig-4.0.0.tgz"},"maintainers":[{"name":"basarat","email":"basaratali@gmail.com"},{"name":"blakeembrey","email":"hello@blakeembrey.com"}],"_npmOperationalInternal":{"host":"packages-12-west.internal.npmjs.com","tmp":"tmp/tsconfig-4.0.0.tgz_1469227111332_0.5960152307525277"},"directories":{}},"5.0.0":{"name":"tsconfig","version":"5.0.0","description":"Resole and parse `tsconfig.json`, replicating to TypeScript's behaviour","main":"dist/tsconfig.js","files":["dist/","LICENSE","typings.json"],"scripts":{"lint":"tslint \"src/**/*.ts\"","build":"npm run build-ts","build-ts":"rm -rf dist && tsc","test-spec":"mocha dist/**/*.spec.js -R spec --bail","test-cov":"istanbul cover node_modules/mocha/bin/_mocha -- dist/**/*.spec.js -R spec --bail","test":"npm run build && npm run lint && npm run test-cov","prepublish":"typings install && npm run build"},"repository":{"type":"git","url":"git+https://github.com/TypeStrong/tsconfig.git"},"keywords":["TypeScript","compiler","config","tsconfig","json","resolve"],"author":{"name":"Blake Embrey","email":"hello@blakeembrey.com","url":"http://blakeembrey.me"},"contributors":[{"name":"basaratali@gmail.com"}],"license":"MIT","bugs":{"url":"https://github.com/TypeStrong/tsconfig/issues"},"homepage":"https://github.com/TypeStrong/tsconfig","dependencies":{"any-promise":"^1.3.0","parse-json":"^2.2.0","strip-bom":"^2.0.0","strip-json-comments":"^2.0.0"},"devDependencies":{"bluebird":"^3.4.1","chai":"^3.0.0","istanbul":"^0.4.0","mocha":"^2.0.1","tslint":"^3.13.0","tslint-config-standard":"^1.3.0","typescript":"^1.8.10","typings":"^1.0.4"},"gitHead":"98f11579ef1384f0be92227855720c3159a221ef","_id":"tsconfig@5.0.0","_shasum":"f228adb80a6134d80f92466a6a52c9737b2c4d25","_from":".","_npmVersion":"3.9.3","_nodeVersion":"6.2.1","_npmUser":{"name":"blakeembrey","email":"hello@blakeembrey.com"},"dist":{"shasum":"f228adb80a6134d80f92466a6a52c9737b2c4d25","tarball":"https://registry.npmjs.org/tsconfig/-/tsconfig-5.0.0.tgz"},"maintainers":[{"name":"basarat","email":"basaratali@gmail.com"},{"name":"blakeembrey","email":"hello@blakeembrey.com"}],"_npmOperationalInternal":{"host":"packages-12-west.internal.npmjs.com","tmp":"tmp/tsconfig-5.0.0.tgz_1469229186170_0.0402246133890003"},"directories":{}},"5.0.1":{"name":"tsconfig","version":"5.0.1","description":"Resole and parse `tsconfig.json`, replicating to TypeScript's behaviour","main":"dist/tsconfig.js","files":["dist/","LICENSE","typings.json"],"scripts":{"lint":"tslint \"src/**/*.ts\"","build":"npm run build-ts","build-ts":"rm -rf dist && tsc","test-spec":"mocha dist/**/*.spec.js -R spec --bail","test-cov":"istanbul cover node_modules/mocha/bin/_mocha -- dist/**/*.spec.js -R spec --bail","test":"npm run build && npm run lint && npm run test-cov","prepublish":"typings install && npm run build"},"repository":{"type":"git","url":"git+https://github.com/TypeStrong/tsconfig.git"},"keywords":["TypeScript","compiler","config","tsconfig","json","resolve"],"author":{"name":"Blake Embrey","email":"hello@blakeembrey.com","url":"http://blakeembrey.me"},"contributors":[{"name":"basaratali@gmail.com"}],"license":"MIT","bugs":{"url":"https://github.com/TypeStrong/tsconfig/issues"},"homepage":"https://github.com/TypeStrong/tsconfig","dependencies":{"any-promise":"^1.3.0","parse-json":"^2.2.0","strip-bom":"^2.0.0","strip-json-comments":"^2.0.0"},"devDependencies":{"bluebird":"^3.4.1","chai":"^3.0.0","istanbul":"^0.4.0","mocha":"^2.0.1","tslint":"^3.13.0","tslint-config-standard":"^1.3.0","typescript":"^1.8.10","typings":"^1.0.4"},"gitHead":"3f464825acb23fc1ea4bbbdfe3aef4c7a9378df1","_id":"tsconfig@5.0.1","_shasum":"8e4405bfbb382e952d9868a8f02650a512b9b2af","_from":".","_npmVersion":"3.9.3","_nodeVersion":"6.2.1","_npmUser":{"name":"blakeembrey","email":"hello@blakeembrey.com"},"dist":{"shasum":"8e4405bfbb382e952d9868a8f02650a512b9b2af","tarball":"https://registry.npmjs.org/tsconfig/-/tsconfig-5.0.1.tgz"},"maintainers":[{"name":"basarat","email":"basaratali@gmail.com"},{"name":"blakeembrey","email":"hello@blakeembrey.com"}],"_npmOperationalInternal":{"host":"packages-16-east.internal.npmjs.com","tmp":"tmp/tsconfig-5.0.1.tgz_1469229471460_0.7137358298059553"},"directories":{}},"5.0.2":{"name":"tsconfig","version":"5.0.2","description":"Resole and parse `tsconfig.json`, replicating to TypeScript's behaviour","main":"dist/tsconfig.js","files":["dist/","LICENSE","typings.json"],"scripts":{"lint":"tslint \"src/**/*.ts\"","build":"npm run build-ts","build-ts":"rm -rf dist && tsc","test-spec":"mocha dist/**/*.spec.js -R spec --bail","test-cov":"istanbul cover node_modules/mocha/bin/_mocha -- dist/**/*.spec.js -R spec --bail","test":"npm run build && npm run lint && npm run test-cov","prepublish":"typings install && npm run build"},"repository":{"type":"git","url":"git+https://github.com/TypeStrong/tsconfig.git"},"keywords":["TypeScript","compiler","config","tsconfig","json","resolve"],"author":{"name":"Blake Embrey","email":"hello@blakeembrey.com","url":"http://blakeembrey.me"},"contributors":[{"name":"basaratali@gmail.com"}],"license":"MIT","bugs":{"url":"https://github.com/TypeStrong/tsconfig/issues"},"homepage":"https://github.com/TypeStrong/tsconfig","dependencies":{"any-promise":"^1.3.0","parse-json":"^2.2.0","strip-bom":"^2.0.0","strip-json-comments":"^2.0.0"},"devDependencies":{"bluebird":"^3.4.1","chai":"^3.0.0","istanbul":"^0.4.0","mocha":"^2.0.1","tslint":"^3.13.0","tslint-config-standard":"^1.3.0","typescript":"^1.8.10","typings":"^1.0.4"},"gitHead":"5deba48a003887a16288cc155564ceaf09958116","_id":"tsconfig@5.0.2","_shasum":"fa866a3f5b36783f7f39809f6c89f079f275d230","_from":".","_npmVersion":"3.9.3","_nodeVersion":"6.2.1","_npmUser":{"name":"blakeembrey","email":"hello@blakeembrey.com"},"dist":{"shasum":"fa866a3f5b36783f7f39809f6c89f079f275d230","tarball":"https://registry.npmjs.org/tsconfig/-/tsconfig-5.0.2.tgz"},"maintainers":[{"name":"basarat","email":"basaratali@gmail.com"},{"name":"blakeembrey","email":"hello@blakeembrey.com"}],"_npmOperationalInternal":{"host":"packages-16-east.internal.npmjs.com","tmp":"tmp/tsconfig-5.0.2.tgz_1469230135971_0.08470809063874185"},"directories":{}},"5.0.3":{"name":"tsconfig","version":"5.0.3","description":"Resole and parse `tsconfig.json`, replicating to TypeScript's behaviour","main":"dist/tsconfig.js","files":["dist/","LICENSE","typings.json"],"scripts":{"lint":"tslint \"src/**/*.ts\"","build":"npm run build-ts","build-ts":"rm -rf dist && tsc","test-spec":"mocha dist/**/*.spec.js -R spec --bail","test-cov":"istanbul cover node_modules/mocha/bin/_mocha -- dist/**/*.spec.js -R spec --bail","test":"npm run build && npm run lint && npm run test-cov","prepublish":"typings install && npm run build"},"repository":{"type":"git","url":"git+https://github.com/TypeStrong/tsconfig.git"},"keywords":["TypeScript","compiler","config","tsconfig","json","resolve"],"author":{"name":"Blake Embrey","email":"hello@blakeembrey.com","url":"http://blakeembrey.me"},"contributors":[{"name":"basaratali@gmail.com"}],"license":"MIT","bugs":{"url":"https://github.com/TypeStrong/tsconfig/issues"},"homepage":"https://github.com/TypeStrong/tsconfig","dependencies":{"any-promise":"^1.3.0","parse-json":"^2.2.0","strip-bom":"^2.0.0","strip-json-comments":"^2.0.0"},"devDependencies":{"bluebird":"^3.4.1","chai":"^3.0.0","istanbul":"^0.4.0","mocha":"^2.0.1","tslint":"^3.13.0","tslint-config-standard":"^1.3.0","typescript":"^1.8.10","typings":"^1.0.4"},"gitHead":"879d806c38dad95c6a3c5775c1f7edafd3dfc0d1","_id":"tsconfig@5.0.3","_shasum":"5f4278e701800967a8fc383fd19648878f2a6e3a","_from":".","_npmVersion":"3.9.3","_nodeVersion":"6.2.1","_npmUser":{"name":"blakeembrey","email":"hello@blakeembrey.com"},"dist":{"shasum":"5f4278e701800967a8fc383fd19648878f2a6e3a","tarball":"https://registry.npmjs.org/tsconfig/-/tsconfig-5.0.3.tgz"},"maintainers":[{"name":"basarat","email":"basaratali@gmail.com"},{"name":"blakeembrey","email":"hello@blakeembrey.com"}],"_npmOperationalInternal":{"host":"packages-12-west.internal.npmjs.com","tmp":"tmp/tsconfig-5.0.3.tgz_1469529574387_0.9332096804864705"},"directories":{}},"6.0.0":{"name":"tsconfig","version":"6.0.0","description":"Resole and parse `tsconfig.json`, replicating to TypeScript's behaviour","main":"dist/tsconfig.js","files":["dist/","LICENSE","typings.json"],"scripts":{"lint":"tslint \"src/**/*.ts\"","build":"npm run build-ts","build-ts":"rm -rf dist && tsc","test-spec":"mocha dist/**/*.spec.js -R spec --bail","test-cov":"istanbul cover node_modules/mocha/bin/_mocha -- dist/**/*.spec.js -R spec --bail","test":"npm run build && npm run lint && npm run test-cov","prepublish":"typings install && npm run build"},"repository":{"type":"git","url":"git+https://github.com/TypeStrong/tsconfig.git"},"keywords":["TypeScript","compiler","config","tsconfig","json","resolve"],"author":{"name":"Blake Embrey","email":"hello@blakeembrey.com","url":"http://blakeembrey.me"},"contributors":[{"name":"basaratali@gmail.com"}],"license":"MIT","bugs":{"url":"https://github.com/TypeStrong/tsconfig/issues"},"homepage":"https://github.com/TypeStrong/tsconfig","dependencies":{"strip-bom":"^3.0.0","strip-json-comments":"^2.0.0"},"devDependencies":{"bluebird":"^3.4.1","chai":"^3.0.0","istanbul":"^0.4.0","mocha":"^3.2.0","tslint":"^4.5.1","tslint-config-standard":"^4.0.0","typescript":"^2.2.1","typings":"^2.1.0"},"gitHead":"def9987175c6e9b901ae655dcc9b6a00e61aa12c","_id":"tsconfig@6.0.0","_shasum":"6b0e8376003d7af1864f8df8f89dd0059ffcd032","_from":".","_npmVersion":"3.10.10","_nodeVersion":"7.3.0","_npmUser":{"name":"blakeembrey","email":"hello@blakeembrey.com"},"dist":{"shasum":"6b0e8376003d7af1864f8df8f89dd0059ffcd032","tarball":"https://registry.npmjs.org/tsconfig/-/tsconfig-6.0.0.tgz"},"maintainers":[{"name":"basarat","email":"basaratali@gmail.com"},{"name":"blakeembrey","email":"hello@blakeembrey.com"}],"_npmOperationalInternal":{"host":"packages-12-west.internal.npmjs.com","tmp":"tmp/tsconfig-6.0.0.tgz_1489798748074_0.3184626956935972"},"directories":{}}},"readme":"# TSConfig\n\n[![NPM version][npm-image]][npm-url]\n[![NPM downloads][downloads-image]][downloads-url]\n[![Build status][travis-image]][travis-url]\n[![Test coverage][coveralls-image]][coveralls-url]\n\nResolve and parse [`tsconfig.json`](https://github.com/Microsoft/TypeScript/wiki/tsconfig.json), replicating TypeScript's behaviour.\n\n## Usage\n\nSee the [TypeScript wiki](https://github.com/Microsoft/TypeScript/wiki/tsconfig.json) for information on setting up `tsconfig.json`.\n\n### API\n\n* **resolve(cwd: string, path?: string): Promise<string | void>** Resolve `tsconfig.json`, like TypeScript, allowing a path to be specified and falling back to recursively resolving `tsconfig.json` upward when no path is specified.\n* **resolveSync(cwd: string, path?: string): string | void** Synchronous `resolve`.\n* **find(cwd: string): Promise<string | void>** Standalone behaviour of recursively resolving `tsconfig.json` upward.\n* **findSync(cwd: string): string | void** Synchronous `find`.\n* **load(cwd: string, path?: string): Promise<{ path?: string, config: any }>** Resolve, load and parse `tsconfig.json`.\n* **loadSync(cwd: string, path?: string): { path?: string, config: any }** Synchronous `load`.\n* **readFile(filename: string): Promise<any>** Read a JSON file as `tsconfig.json` (strip BOM, parse JSON and support empty contents).\n* **readFileSync(filename: string): any** Synchronous `readFile`.\n* **parse(contents: string, filename: string): any** Parse file contents as `tsconfig.json` (strip BOM, parse JSON and support empty contents).\n\n## Contributing\n\nFeel free to open issues for discussion.\n\n```sh\n# Install dependencies/typings.\nnpm install\n\n# Run test suite.\nnpm test\n```\n\n## License\n\nMIT License\n\n[npm-image]: https://img.shields.io/npm/v/tsconfig.svg?style=flat\n[npm-url]: https://npmjs.org/package/tsconfig\n[downloads-image]: https://img.shields.io/npm/dm/tsconfig.svg?style=flat\n[downloads-url]: https://npmjs.org/package/tsconfig\n[travis-image]: https://img.shields.io/travis/TypeStrong/tsconfig.svg?style=flat\n[travis-url]: https://travis-ci.org/TypeStrong/tsconfig\n[coveralls-image]: https://img.shields.io/coveralls/TypeStrong/tsconfig.svg?style=flat\n[coveralls-url]: https://coveralls.io/r/TypeStrong/tsconfig?branch=master\n","maintainers":[{"name":"basarat","email":"basaratali@gmail.com"},{"name":"blakeembrey","email":"hello@blakeembrey.com"}],"time":{"modified":"2017-03-18T00:59:08.305Z","created":"2015-01-20T05:28:29.003Z","0.0.1":"2015-01-20T05:28:29.003Z","0.0.2":"2015-01-20T05:56:32.926Z","0.0.3":"2015-01-20T06:32:23.918Z","1.0.0":"2015-07-13T05:08:18.886Z","1.0.1":"2015-07-14T00:29:55.688Z","1.0.3":"2015-09-16T21:41:55.010Z","1.0.4":"2015-09-23T02:21:07.045Z","1.0.5":"2015-09-23T02:47:50.010Z","1.0.6":"2015-09-30T00:32:55.250Z","1.0.7":"2015-10-08T00:20:31.006Z","1.1.0":"2015-10-08T18:42:49.060Z","2.0.0":"2015-10-09T21:33:09.206Z","2.0.1":"2015-10-19T04:53:03.703Z","2.1.0":"2015-10-27T04:19:27.646Z","2.1.1":"2015-11-01T23:19:27.698Z","2.2.0":"2015-11-18T18:30:54.395Z","3.0.0":"2016-06-06T16:51:01.764Z","4.0.0":"2016-07-22T22:38:31.554Z","5.0.0":"2016-07-22T23:13:06.400Z","5.0.1":"2016-07-22T23:17:54.260Z","5.0.2":"2016-07-22T23:28:59.022Z","5.0.3":"2016-07-26T10:39:34.642Z","6.0.0":"2017-03-18T00:59:08.305Z"},"homepage":"https://github.com/TypeStrong/tsconfig","keywords":["TypeScript","compiler","config","tsconfig","json","resolve"],"repository":{"type":"git","url":"git+https://github.com/TypeStrong/tsconfig.git"},"author":{"name":"Blake Embrey","email":"hello@blakeembrey.com","url":"http://blakeembrey.me"},"bugs":{"url":"https://github.com/TypeStrong/tsconfig/issues"},"license":"MIT","readmeFilename":"README.md","users":{"enzuguri":true,"ivan.marquez":true},"contributors":[{"name":"basaratali@gmail.com"}],"_attachments":{},"_etag":"W/\"58cc865c-a80c\"","_lastModified":"Sat, 18 Mar 2017 00:59:08 GMT"}