{"_id":"yn","_rev":"11-508455efb35e8b67954ecdb94a9847d4","name":"yn","description":"Parse yes/no like values","dist-tags":{"latest":"2.0.0"},"versions":{"1.0.0":{"name":"yn","version":"1.0.0","description":"Parse yes/no like values","license":"MIT","repository":{"type":"git","url":"git://github.com/sindresorhus/yn"},"author":{"name":"Sindre Sorhus","email":"sindresorhus@gmail.com","url":"http://sindresorhus.com"},"engines":{"node":">=0.10.0"},"scripts":{"test":"node test.js"},"files":["index.js"],"keywords":["yn","yes","no","cli","prompt","validate","input","answer","true","false","parse"],"devDependencies":{"ava":"0.0.3"},"gitHead":"538882e720bd9188993da62f0dc9195f2ee73eb7","bugs":{"url":"https://github.com/sindresorhus/yn/issues"},"homepage":"https://github.com/sindresorhus/yn","_id":"yn@1.0.0","_shasum":"b3455cdf8392aa84d2f8c572098b17eb9514564a","_from":".","_npmVersion":"1.4.14","_npmUser":{"name":"sindresorhus","email":"sindresorhus@gmail.com"},"maintainers":[{"name":"sindresorhus","email":"sindresorhus@gmail.com"}],"dist":{"shasum":"b3455cdf8392aa84d2f8c572098b17eb9514564a","tarball":"https://registry.npmjs.org/yn/-/yn-1.0.0.tgz"},"directories":{}},"1.1.0":{"name":"yn","version":"1.1.0","description":"Parse yes/no like values","license":"MIT","repository":{"type":"git","url":"https://github.com/sindresorhus/yn"},"author":{"name":"Sindre Sorhus","email":"sindresorhus@gmail.com","url":"http://sindresorhus.com"},"engines":{"node":">=0.10.0"},"scripts":{"test":"node test.js"},"files":["index.js","lenient.js"],"keywords":["yn","yes","no","cli","prompt","validate","input","answer","true","false","parse","lenient"],"devDependencies":{"ava":"0.0.4"},"gitHead":"3a24bebe671776a92e08d54bee2b4aeec6bec019","bugs":{"url":"https://github.com/sindresorhus/yn/issues"},"homepage":"https://github.com/sindresorhus/yn","_id":"yn@1.1.0","_shasum":"1eb23c230ddce3d7db988a0b687b3c151c2a8d3d","_from":".","_npmVersion":"2.1.2","_nodeVersion":"0.10.32","_npmUser":{"name":"sindresorhus","email":"sindresorhus@gmail.com"},"maintainers":[{"name":"sindresorhus","email":"sindresorhus@gmail.com"}],"dist":{"shasum":"1eb23c230ddce3d7db988a0b687b3c151c2a8d3d","tarball":"https://registry.npmjs.org/yn/-/yn-1.1.0.tgz"},"directories":{}},"1.2.0":{"name":"yn","version":"1.2.0","description":"Parse yes/no like values","license":"MIT","repository":{"type":"git","url":"git+https://github.com/sindresorhus/yn.git"},"author":{"name":"Sindre Sorhus","email":"sindresorhus@gmail.com","url":"sindresorhus.com"},"contributors":[{"name":"Justin Woo","email":"moomoowoo@gmail.com"},{"name":"Mark Stosberg","email":"mark@rideamigos.com"}],"engines":{"node":">=0.10.0"},"scripts":{"test":"xo && ava"},"files":["index.js","lenient.js"],"keywords":["yn","yes","no","cli","prompt","validate","input","answer","true","false","parse","lenient"],"devDependencies":{"ava":"*","xo":"*"},"gitHead":"c640cad3ab0eb9084a035068c31c639344324a80","bugs":{"url":"https://github.com/sindresorhus/yn/issues"},"homepage":"https://github.com/sindresorhus/yn#readme","_id":"yn@1.2.0","_shasum":"d237a4c533f279b2b89d3acac2db4b8c795e4a63","_from":".","_npmVersion":"2.14.2","_nodeVersion":"4.0.0","_npmUser":{"name":"sindresorhus","email":"sindresorhus@gmail.com"},"dist":{"shasum":"d237a4c533f279b2b89d3acac2db4b8c795e4a63","tarball":"https://registry.npmjs.org/yn/-/yn-1.2.0.tgz"},"maintainers":[{"name":"sindresorhus","email":"sindresorhus@gmail.com"}],"directories":{}},"1.3.0":{"name":"yn","version":"1.3.0","description":"Parse yes/no like values","license":"MIT","repository":{"type":"git","url":"git+https://github.com/sindresorhus/yn.git"},"author":{"name":"Sindre Sorhus","email":"sindresorhus@gmail.com","url":"sindresorhus.com"},"contributors":[{"name":"Justin Woo","email":"moomoowoo@gmail.com"},{"name":"Mark Stosberg","email":"mark@rideamigos.com"}],"engines":{"node":">=0.10.0"},"scripts":{"test":"xo && ava"},"files":["index.js","lenient.js"],"keywords":["yn","yes","no","cli","prompt","validate","input","answer","true","false","parse","lenient"],"devDependencies":{"ava":"^0.17.0","xo":"^0.16.0"},"dependencies":{"object-assign":"^4.1.1"},"gitHead":"ad2cf2fd3ed88245ca27fac3b3337a296e4e748f","bugs":{"url":"https://github.com/sindresorhus/yn/issues"},"homepage":"https://github.com/sindresorhus/yn#readme","_id":"yn@1.3.0","_shasum":"1b0812abb8d805d48966f8df385dc9dacc9a19d8","_from":".","_npmVersion":"2.15.11","_nodeVersion":"4.7.3","_npmUser":{"name":"sindresorhus","email":"sindresorhus@gmail.com"},"dist":{"shasum":"1b0812abb8d805d48966f8df385dc9dacc9a19d8","tarball":"https://registry.npmjs.org/yn/-/yn-1.3.0.tgz"},"maintainers":[{"name":"sindresorhus","email":"sindresorhus@gmail.com"}],"_npmOperationalInternal":{"host":"packages-12-west.internal.npmjs.com","tmp":"tmp/yn-1.3.0.tgz_1494265595762_0.31341670523397624"},"directories":{}},"2.0.0":{"name":"yn","version":"2.0.0","description":"Parse yes/no like values","license":"MIT","repository":{"type":"git","url":"git+https://github.com/sindresorhus/yn.git"},"author":{"name":"Sindre Sorhus","email":"sindresorhus@gmail.com","url":"sindresorhus.com"},"contributors":[{"name":"Justin Woo","email":"moomoowoo@gmail.com"},{"name":"Mark Stosberg","email":"mark@rideamigos.com"}],"engines":{"node":">=4"},"scripts":{"test":"xo && ava"},"files":["index.js","lenient.js"],"keywords":["yn","yes","no","cli","prompt","validate","input","answer","true","false","parse","lenient"],"devDependencies":{"ava":"*","xo":"*"},"gitHead":"56e845e105950b4b3e4651c0370e5126b02dc9c2","bugs":{"url":"https://github.com/sindresorhus/yn/issues"},"homepage":"https://github.com/sindresorhus/yn#readme","_id":"yn@2.0.0","_shasum":"e5adabc8acf408f6385fc76495684c88e6af689a","_from":".","_npmVersion":"3.10.8","_nodeVersion":"6.9.1","_npmUser":{"name":"sindresorhus","email":"sindresorhus@gmail.com"},"dist":{"shasum":"e5adabc8acf408f6385fc76495684c88e6af689a","tarball":"https://registry.npmjs.org/yn/-/yn-2.0.0.tgz"},"maintainers":[{"name":"sindresorhus","email":"sindresorhus@gmail.com"}],"_npmOperationalInternal":{"host":"packages-12-west.internal.npmjs.com","tmp":"tmp/yn-2.0.0.tgz_1494619444361_0.5543094554450363"},"directories":{}}},"readme":"# yn [![Build Status](https://travis-ci.org/sindresorhus/yn.svg?branch=master)](https://travis-ci.org/sindresorhus/yn)\n\n> Parse yes/no like values\n\nUseful for validating answers of a CLI prompt.\n\n-\n\nThe following case-insensitive values are recognized:\n\n```js\n'y', 'yes', 'true', true, '1', 1, 'n', 'no', 'false', false, '0', 0\n```\n\n*Enable lenient mode to gracefully handle typos.*\n\n\n## Install\n\n```\n$ npm install --save yn\n```\n\n\n## Usage\n\n```js\nconst yn = require('yn');\n\nyn('y');\n//=> true\n\nyn('NO');\n//=> false\n\nyn(true);\n//=> true\n\nyn('abomasum');\n//=> null\n\nyn('abomasum', {default: false});\n//=> false\n\nyn('mo', {lenient: true});\n//=> false\n```\n\nUnrecognized values return `null`.\n\n\n## API\n\n### yn(input, [options])\n\n#### input\n\nType: `any`\n\nValue that should be converted.\n\n#### options\n\nType: `object`\n\n##### lenient\n\nType: `boolean`<br>\nDefault: `false`\n\nUse a key distance-based score to leniently accept typos of `yes` and `no`.\n\n##### default\n\nType: `boolean`<br>\nDefault: `null`\n\nDefault value if no match was found.\n\n\n## License\n\nMIT © [Sindre Sorhus](http://sindresorhus.com)\n","maintainers":[{"name":"sindresorhus","email":"sindresorhus@gmail.com"}],"time":{"modified":"2017-05-12T20:04:04.605Z","created":"2014-08-06T23:45:19.192Z","1.0.0":"2014-08-06T23:45:19.192Z","1.1.0":"2014-10-10T09:58:31.491Z","1.2.0":"2015-09-15T15:21:06.561Z","1.3.0":"2017-05-08T17:46:35.993Z","2.0.0":"2017-05-12T20:04:04.605Z"},"homepage":"https://github.com/sindresorhus/yn#readme","keywords":["yn","yes","no","cli","prompt","validate","input","answer","true","false","parse","lenient"],"repository":{"type":"git","url":"git+https://github.com/sindresorhus/yn.git"},"author":{"name":"Sindre Sorhus","email":"sindresorhus@gmail.com","url":"sindresorhus.com"},"bugs":{"url":"https://github.com/sindresorhus/yn/issues"},"license":"MIT","readmeFilename":"readme.md","users":{"julien-f":true,"axelav":true,"antixrist":true,"programmer.severson":true},"contributors":[{"name":"Justin Woo","email":"moomoowoo@gmail.com"},{"name":"Mark Stosberg","email":"mark@rideamigos.com"}],"_attachments":{},"_etag":"W/\"59161534-2097\"","_lastModified":"Fri, 12 May 2017 20:04:04 GMT"}