{"_id":"source-map-support","_rev":"134-d9ce814a27dcf491416875a626ad7e86","name":"source-map-support","description":"Fixes stack traces for files with source maps","dist-tags":{"latest":"0.4.15"},"versions":{"0.1.0":{"name":"source-map-support","version":"0.1.0","main":"./source-map-support.js","scripts":{"test":"node_modules/mocha/bin/mocha"},"dependencies":{"source-map":"0.1.8"},"devDependencies":{"mocha":"1.8.1"},"_id":"source-map-support@0.1.0","description":"This module provides source map support for stack traces in node via the [V8 stack trace API](http://code.google.com/p/v8/wiki/JavaScriptStackTraceApi). It uses the [source-map](https://github.com/mozilla/source-map) module to replace the paths and line n","dist":{"shasum":"223a2f7f2d5fae3c9060e0e1af00d009a02e7d09","tarball":"https://registry.npmjs.org/source-map-support/-/source-map-support-0.1.0.tgz"},"_npmVersion":"1.1.59","_npmUser":{"name":"evanw","email":"evan.exe@gmail.com"},"maintainers":[{"name":"evanw","email":"evan.exe@gmail.com"}],"directories":{}},"0.1.1":{"name":"source-map-support","description":"Fixes stack traces for files with source maps","version":"0.1.1","main":"./source-map-support.js","scripts":{"test":"node_modules/mocha/bin/mocha"},"dependencies":{"source-map":"0.1.8"},"devDependencies":{"mocha":"1.8.1"},"_id":"source-map-support@0.1.1","dist":{"shasum":"75566d39678abb70eb4220f0aa9f8c085e48f890","tarball":"https://registry.npmjs.org/source-map-support/-/source-map-support-0.1.1.tgz"},"_npmVersion":"1.1.59","_npmUser":{"name":"evanw","email":"evan.exe@gmail.com"},"maintainers":[{"name":"evanw","email":"evan.exe@gmail.com"}],"directories":{}},"0.1.2":{"name":"source-map-support","description":"Fixes stack traces for files with source maps","version":"0.1.2","main":"./source-map-support.js","scripts":{"test":"node_modules/mocha/bin/mocha"},"dependencies":{"source-map":"0.1.8"},"devDependencies":{"mocha":"1.8.1"},"_id":"source-map-support@0.1.2","dist":{"shasum":"6f495a103efeb54d21b2b79c66536ccf24a86515","tarball":"https://registry.npmjs.org/source-map-support/-/source-map-support-0.1.2.tgz"},"_npmVersion":"1.1.59","_npmUser":{"name":"evanw","email":"evan.exe@gmail.com"},"maintainers":[{"name":"evanw","email":"evan.exe@gmail.com"}],"directories":{}},"0.1.3":{"name":"source-map-support","description":"Fixes stack traces for files with source maps","version":"0.1.3","main":"./source-map-support.js","scripts":{"test":"node_modules/mocha/bin/mocha"},"dependencies":{"source-map":"0.1.8"},"devDependencies":{"mocha":"1.8.1"},"_id":"source-map-support@0.1.3","dist":{"shasum":"890ebda1fcebef240f10fe3244039101cf29f742","tarball":"https://registry.npmjs.org/source-map-support/-/source-map-support-0.1.3.tgz"},"_from":".","_npmVersion":"1.2.18","_npmUser":{"name":"evanw","email":"evan.exe@gmail.com"},"maintainers":[{"name":"evanw","email":"evan.exe@gmail.com"}],"directories":{}},"0.1.4":{"name":"source-map-support","description":"Fixes stack traces for files with source maps","version":"0.1.4","main":"./source-map-support.js","scripts":{"test":"node_modules/mocha/bin/mocha"},"dependencies":{"source-map":"0.1.8"},"devDependencies":{"mocha":"1.8.1"},"_id":"source-map-support@0.1.4","dist":{"shasum":"98c14cfdad80d2dea7ff0a02e765cf04ea097f36","tarball":"https://registry.npmjs.org/source-map-support/-/source-map-support-0.1.4.tgz"},"_npmVersion":"1.1.59","_npmUser":{"name":"evanw","email":"evan.exe@gmail.com"},"maintainers":[{"name":"evanw","email":"evan.exe@gmail.com"}],"directories":{}},"0.1.5":{"name":"source-map-support","description":"Fixes stack traces for files with source maps","version":"0.1.5","main":"./source-map-support.js","scripts":{"test":"node_modules/mocha/bin/mocha"},"dependencies":{"source-map":"0.1.8"},"devDependencies":{"mocha":"1.8.1"},"_id":"source-map-support@0.1.5","dist":{"shasum":"42a018a0c49ef113564b4f06dd22c35118836578","tarball":"https://registry.npmjs.org/source-map-support/-/source-map-support-0.1.5.tgz"},"_npmVersion":"1.1.59","_npmUser":{"name":"evanw","email":"evan.exe@gmail.com"},"maintainers":[{"name":"evanw","email":"evan.exe@gmail.com"}],"directories":{}},"0.1.6":{"name":"source-map-support","description":"Fixes stack traces for files with source maps","version":"0.1.6","main":"./source-map-support.js","scripts":{"test":"node_modules/mocha/bin/mocha"},"dependencies":{"source-map":"0.1.8"},"devDependencies":{"mocha":"1.8.1"},"_id":"source-map-support@0.1.6","dist":{"shasum":"fea029f979948849ea083df528d5f72effad1098","tarball":"https://registry.npmjs.org/source-map-support/-/source-map-support-0.1.6.tgz"},"_npmVersion":"1.1.59","_npmUser":{"name":"evanw","email":"evan.exe@gmail.com"},"maintainers":[{"name":"evanw","email":"evan.exe@gmail.com"}],"directories":{}},"0.1.7":{"name":"source-map-support","description":"Fixes stack traces for files with source maps","version":"0.1.7","main":"./source-map-support.js","scripts":{"test":"node_modules/mocha/bin/mocha"},"dependencies":{"source-map":"0.1.8"},"devDependencies":{"mocha":"1.8.1"},"_id":"source-map-support@0.1.7","dist":{"shasum":"01008cacda83fb11b627d5ac803f1bd25d7f3c21","tarball":"https://registry.npmjs.org/source-map-support/-/source-map-support-0.1.7.tgz"},"_npmVersion":"1.1.59","_npmUser":{"name":"evanw","email":"evan.exe@gmail.com"},"maintainers":[{"name":"evanw","email":"evan.exe@gmail.com"}],"directories":{}},"0.1.8":{"name":"source-map-support","description":"Fixes stack traces for files with source maps","version":"0.1.8","main":"./source-map-support.js","scripts":{"test":"node_modules/mocha/bin/mocha"},"dependencies":{"source-map":"0.1.24"},"devDependencies":{"mocha":"1.8.1"},"_id":"source-map-support@0.1.8","dist":{"shasum":"c2786b6e62ee374d9958aa2c30bd69504907b813","tarball":"https://registry.npmjs.org/source-map-support/-/source-map-support-0.1.8.tgz"},"_npmVersion":"1.1.59","_npmUser":{"name":"evanw","email":"evan.exe@gmail.com"},"maintainers":[{"name":"evanw","email":"evan.exe@gmail.com"}],"directories":{}},"0.1.9":{"name":"source-map-support","description":"Fixes stack traces for files with source maps","version":"0.1.9","main":"./source-map-support.js","scripts":{"test":"node_modules/mocha/bin/mocha"},"dependencies":{"source-map":"0.1.26"},"devDependencies":{"mocha":"1.8.1"},"_id":"source-map-support@0.1.9","dist":{"shasum":"87989156b56f203b8f90e0e9dee069f71edc98e9","tarball":"https://registry.npmjs.org/source-map-support/-/source-map-support-0.1.9.tgz"},"_npmVersion":"1.1.59","_npmUser":{"name":"evanw","email":"evan.exe@gmail.com"},"maintainers":[{"name":"evanw","email":"evan.exe@gmail.com"}],"directories":{}},"0.2.0":{"name":"source-map-support","description":"Fixes stack traces for files with source maps","version":"0.2.0","main":"./source-map-support.js","scripts":{"test":"node_modules/mocha/bin/mocha"},"dependencies":{"source-map":"0.1.26"},"devDependencies":{"mocha":"1.8.1"},"_id":"source-map-support@0.2.0","dist":{"shasum":"4fb21cc0010d4f54c1c7b5fffdb6c34fd2aa62c0","tarball":"https://registry.npmjs.org/source-map-support/-/source-map-support-0.2.0.tgz"},"_npmVersion":"1.1.59","_npmUser":{"name":"evanw","email":"evan.exe@gmail.com"},"maintainers":[{"name":"evanw","email":"evan.exe@gmail.com"}],"directories":{}},"0.2.1":{"name":"source-map-support","description":"Fixes stack traces for files with source maps","version":"0.2.1","main":"./source-map-support.js","scripts":{"test":"node_modules/mocha/bin/mocha"},"dependencies":{"source-map":"0.1.26"},"devDependencies":{"mocha":"1.8.1"},"_id":"source-map-support@0.2.1","dist":{"shasum":"87a990dceaf3b8b03fb5f8c0e65a035764f45bc3","tarball":"https://registry.npmjs.org/source-map-support/-/source-map-support-0.2.1.tgz"},"_npmVersion":"1.1.59","_npmUser":{"name":"evanw","email":"evan.exe@gmail.com"},"maintainers":[{"name":"evanw","email":"evan.exe@gmail.com"}],"directories":{}},"0.2.2":{"name":"source-map-support","description":"Fixes stack traces for files with source maps","version":"0.2.2","main":"./source-map-support.js","scripts":{"test":"node_modules/mocha/bin/mocha"},"dependencies":{"source-map-typescript-fix":"0.1.27"},"devDependencies":{"mocha":"1.8.1"},"_id":"source-map-support@0.2.2","dist":{"shasum":"1995d7125376a127920ca05cf7555527b50941a2","tarball":"https://registry.npmjs.org/source-map-support/-/source-map-support-0.2.2.tgz"},"_npmVersion":"1.1.59","_npmUser":{"name":"evanw","email":"evan.exe@gmail.com"},"maintainers":[{"name":"evanw","email":"evan.exe@gmail.com"}],"directories":{}},"0.2.3":{"name":"source-map-support","description":"Fixes stack traces for files with source maps","version":"0.2.3","main":"./source-map-support.js","scripts":{"test":"node_modules/mocha/bin/mocha"},"dependencies":{"source-map":"0.1.29"},"devDependencies":{"mocha":"1.8.1"},"repository":{"type":"git","url":"https://github.com/evanw/node-source-map-support"},"bugs":{"url":"https://github.com/evanw/node-source-map-support/issues"},"_id":"source-map-support@0.2.3","dist":{"shasum":"6ded229c559d2a99ed3b51bddd045514d276b456","tarball":"https://registry.npmjs.org/source-map-support/-/source-map-support-0.2.3.tgz"},"_from":".","_npmVersion":"1.3.8","_npmUser":{"name":"evanw","email":"evan.exe@gmail.com"},"maintainers":[{"name":"evanw","email":"evan.exe@gmail.com"}],"directories":{}},"0.2.4":{"name":"source-map-support","description":"Fixes stack traces for files with source maps","version":"0.2.4","main":"./source-map-support.js","scripts":{"test":"node_modules/mocha/bin/mocha"},"dependencies":{"source-map":"0.1.29"},"devDependencies":{"mocha":"1.8.1"},"repository":{"type":"git","url":"https://github.com/evanw/node-source-map-support"},"bugs":{"url":"https://github.com/evanw/node-source-map-support/issues"},"_id":"source-map-support@0.2.4","dist":{"shasum":"dc3846ea6f7eb6390ef08a3dfa8a9ce9a8870dc9","tarball":"https://registry.npmjs.org/source-map-support/-/source-map-support-0.2.4.tgz"},"_from":".","_npmVersion":"1.3.8","_npmUser":{"name":"evanw","email":"evan.exe@gmail.com"},"maintainers":[{"name":"evanw","email":"evan.exe@gmail.com"}],"directories":{}},"0.2.5":{"name":"source-map-support","description":"Fixes stack traces for files with source maps","version":"0.2.5","main":"./source-map-support.js","scripts":{"test":"node_modules/mocha/bin/mocha"},"dependencies":{"source-map":"0.1.29"},"devDependencies":{"coffee-script":"1.6.3","browserify":"2.35.2","mocha":"1.8.1"},"repository":{"type":"git","url":"https://github.com/evanw/node-source-map-support"},"bugs":{"url":"https://github.com/evanw/node-source-map-support/issues"},"_id":"source-map-support@0.2.5","dist":{"shasum":"7763063eea538ea4a1a5e3ab29b68222f16187f6","tarball":"https://registry.npmjs.org/source-map-support/-/source-map-support-0.2.5.tgz"},"_from":".","_npmVersion":"1.3.8","_npmUser":{"name":"evanw","email":"evan.exe@gmail.com"},"maintainers":[{"name":"evanw","email":"evan.exe@gmail.com"}],"directories":{}},"0.2.6":{"name":"source-map-support","description":"Fixes stack traces for files with source maps","version":"0.2.6","main":"./source-map-support.js","scripts":{"test":"node_modules/mocha/bin/mocha"},"dependencies":{"source-map":"0.1.32"},"devDependencies":{"coffee-script":"1.7.1","browserify":"3.44.2","mocha":"1.18.2"},"repository":{"type":"git","url":"https://github.com/evanw/node-source-map-support"},"bugs":{"url":"https://github.com/evanw/node-source-map-support/issues"},"homepage":"https://github.com/evanw/node-source-map-support","_id":"source-map-support@0.2.6","_shasum":"c1e1282e8ae9ffa8a50d3842528faff230dabb9c","_from":".","_npmVersion":"1.4.7","_npmUser":{"name":"evanw","email":"evan.exe@gmail.com"},"maintainers":[{"name":"evanw","email":"evan.exe@gmail.com"}],"dist":{"shasum":"c1e1282e8ae9ffa8a50d3842528faff230dabb9c","tarball":"https://registry.npmjs.org/source-map-support/-/source-map-support-0.2.6.tgz"},"directories":{}},"0.2.7":{"name":"source-map-support","description":"Fixes stack traces for files with source maps","version":"0.2.7","main":"./source-map-support.js","scripts":{"test":"node_modules/mocha/bin/mocha"},"dependencies":{"source-map":"0.1.32"},"devDependencies":{"coffee-script":"1.7.1","browserify":"3.44.2","mocha":"1.18.2"},"repository":{"type":"git","url":"https://github.com/evanw/node-source-map-support"},"bugs":{"url":"https://github.com/evanw/node-source-map-support/issues"},"homepage":"https://github.com/evanw/node-source-map-support","_id":"source-map-support@0.2.7","_shasum":"2480585e0891c8c1dd0dcbb1d7585f57de0b6ee1","_from":".","_npmVersion":"1.4.7","_npmUser":{"name":"evanw","email":"evan.exe@gmail.com"},"maintainers":[{"name":"evanw","email":"evan.exe@gmail.com"}],"dist":{"shasum":"2480585e0891c8c1dd0dcbb1d7585f57de0b6ee1","tarball":"https://registry.npmjs.org/source-map-support/-/source-map-support-0.2.7.tgz"},"directories":{}},"0.2.8":{"name":"source-map-support","description":"Fixes stack traces for files with source maps","version":"0.2.8","main":"./source-map-support.js","scripts":{"test":"node_modules/mocha/bin/mocha"},"dependencies":{"source-map":"0.1.32"},"devDependencies":{"coffee-script":"1.7.1","browserify":"3.44.2","mocha":"1.18.2"},"repository":{"type":"git","url":"https://github.com/evanw/node-source-map-support"},"bugs":{"url":"https://github.com/evanw/node-source-map-support/issues"},"gitHead":"636b1b28e42c7cd3aa7fdfd9949ecd5bb9aef701","homepage":"https://github.com/evanw/node-source-map-support","_id":"source-map-support@0.2.8","_shasum":"b3ec3962a8413456a1050fed66da97da8e45707d","_from":".","_npmVersion":"1.4.21","_npmUser":{"name":"evanw","email":"evan.exe@gmail.com"},"maintainers":[{"name":"evanw","email":"evan.exe@gmail.com"}],"dist":{"shasum":"b3ec3962a8413456a1050fed66da97da8e45707d","tarball":"https://registry.npmjs.org/source-map-support/-/source-map-support-0.2.8.tgz"},"directories":{}},"0.2.9":{"name":"source-map-support","description":"Fixes stack traces for files with source maps","version":"0.2.9","main":"./source-map-support.js","scripts":{"test":"node_modules/mocha/bin/mocha"},"dependencies":{"source-map":"0.1.32"},"devDependencies":{"coffee-script":"1.7.1","browserify":"3.44.2","mocha":"1.18.2"},"repository":{"type":"git","url":"https://github.com/evanw/node-source-map-support"},"bugs":{"url":"https://github.com/evanw/node-source-map-support/issues"},"licenses":[{"type":"MIT"}],"gitHead":"fc511adace58467c478967819b38b3945d2183ef","homepage":"https://github.com/evanw/node-source-map-support","_id":"source-map-support@0.2.9","_shasum":"0bfb3bdae680f36b51815160bb950d0b17f4a248","_from":".","_npmVersion":"1.4.28","_npmUser":{"name":"evanw","email":"evan.exe@gmail.com"},"maintainers":[{"name":"evanw","email":"evan.exe@gmail.com"}],"dist":{"shasum":"0bfb3bdae680f36b51815160bb950d0b17f4a248","tarball":"https://registry.npmjs.org/source-map-support/-/source-map-support-0.2.9.tgz"},"directories":{}},"0.2.10":{"name":"source-map-support","description":"Fixes stack traces for files with source maps","version":"0.2.10","main":"./source-map-support.js","scripts":{"test":"node_modules/mocha/bin/mocha"},"dependencies":{"source-map":"0.1.32"},"devDependencies":{"coffee-script":"1.7.1","browserify":"3.44.2","mocha":"1.18.2"},"repository":{"type":"git","url":"https://github.com/evanw/node-source-map-support"},"bugs":{"url":"https://github.com/evanw/node-source-map-support/issues"},"licenses":[{"type":"MIT"}],"gitHead":"e1a092fe79a1abf1a6d7b59b7878ced3fa9e793d","homepage":"https://github.com/evanw/node-source-map-support","_id":"source-map-support@0.2.10","_shasum":"ea5a3900a1c1cb25096a0ae8cc5c2b4b10ded3dc","_from":".","_npmVersion":"1.4.28","_npmUser":{"name":"evanw","email":"evan.exe@gmail.com"},"maintainers":[{"name":"evanw","email":"evan.exe@gmail.com"}],"dist":{"shasum":"ea5a3900a1c1cb25096a0ae8cc5c2b4b10ded3dc","tarball":"https://registry.npmjs.org/source-map-support/-/source-map-support-0.2.10.tgz"},"directories":{}},"0.3.0":{"name":"source-map-support","description":"Fixes stack traces for files with source maps","version":"0.3.0","main":"./source-map-support.js","scripts":{"build":"node build.js","test":"mocha"},"dependencies":{"source-map":"0.1.32"},"devDependencies":{"coffee-script":"1.7.1","browserify":"3.44.2","mocha":"1.18.2"},"repository":{"type":"git","url":"https://github.com/evanw/node-source-map-support"},"bugs":{"url":"https://github.com/evanw/node-source-map-support/issues"},"license":"MIT","gitHead":"698b93960022c0e5e12cfc8bd360f0c5fc343443","homepage":"https://github.com/evanw/node-source-map-support","_id":"source-map-support@0.3.0","_shasum":"5f61583d9589b993bc2c15b13eed12f3a1df38b5","_from":".","_npmVersion":"1.4.28","_npmUser":{"name":"evanw","email":"evan.exe@gmail.com"},"maintainers":[{"name":"evanw","email":"evan.exe@gmail.com"}],"dist":{"shasum":"5f61583d9589b993bc2c15b13eed12f3a1df38b5","tarball":"https://registry.npmjs.org/source-map-support/-/source-map-support-0.3.0.tgz"},"directories":{}},"0.3.1":{"name":"source-map-support","description":"Fixes stack traces for files with source maps","version":"0.3.1","main":"./source-map-support.js","scripts":{"build":"node build.js","test":"mocha"},"dependencies":{"source-map":"0.1.32"},"devDependencies":{"coffee-script":"1.7.1","browserify":"3.44.2","mocha":"1.18.2"},"repository":{"type":"git","url":"https://github.com/evanw/node-source-map-support"},"bugs":{"url":"https://github.com/evanw/node-source-map-support/issues"},"license":"MIT","gitHead":"d2a81fb29a1703986c110b3f413da51c23e7c2e2","homepage":"https://github.com/evanw/node-source-map-support","_id":"source-map-support@0.3.1","_shasum":"d53932170bf4ab391a9aba4a5a5e91ef99d1ebc7","_from":".","_npmVersion":"1.4.28","_npmUser":{"name":"evanw","email":"evan.exe@gmail.com"},"maintainers":[{"name":"evanw","email":"evan.exe@gmail.com"}],"dist":{"shasum":"d53932170bf4ab391a9aba4a5a5e91ef99d1ebc7","tarball":"https://registry.npmjs.org/source-map-support/-/source-map-support-0.3.1.tgz"},"directories":{}},"0.3.2":{"name":"source-map-support","description":"Fixes stack traces for files with source maps","version":"0.3.2","main":"./source-map-support.js","scripts":{"build":"node build.js","test":"mocha"},"dependencies":{"source-map":"0.1.32"},"devDependencies":{"coffee-script":"1.7.1","browserify":"3.44.2","mocha":"1.18.2"},"repository":{"type":"git","url":"https://github.com/evanw/node-source-map-support"},"bugs":{"url":"https://github.com/evanw/node-source-map-support/issues"},"license":"MIT","gitHead":"61e1237d159d48a7129e745d2bce5f5a3c7eaf16","homepage":"https://github.com/evanw/node-source-map-support","_id":"source-map-support@0.3.2","_shasum":"737d5c901e0b78fdb53aca713d24f23ccbb10be1","_from":".","_npmVersion":"1.4.28","_npmUser":{"name":"evanw","email":"evan.exe@gmail.com"},"maintainers":[{"name":"evanw","email":"evan.exe@gmail.com"}],"dist":{"shasum":"737d5c901e0b78fdb53aca713d24f23ccbb10be1","tarball":"https://registry.npmjs.org/source-map-support/-/source-map-support-0.3.2.tgz"},"directories":{}},"0.3.3":{"name":"source-map-support","description":"Fixes stack traces for files with source maps","version":"0.3.3","main":"./source-map-support.js","scripts":{"build":"node build.js","serve-tests":"http-server -p 1336","test":"mocha"},"dependencies":{"source-map":"0.1.32"},"devDependencies":{"browserify":"3.44.2","coffee-script":"1.7.1","http-server":"^0.8.5","mocha":"1.18.2"},"repository":{"type":"git","url":"git+https://github.com/evanw/node-source-map-support.git"},"bugs":{"url":"https://github.com/evanw/node-source-map-support/issues"},"license":"MIT","gitHead":"793a35a2eb78dff24649fc2439c7c5fa23e2bc0a","homepage":"https://github.com/evanw/node-source-map-support#readme","_id":"source-map-support@0.3.3","_shasum":"34900977d5ba3f07c7757ee72e73bb1a9b53754f","_from":".","_npmVersion":"3.3.8","_nodeVersion":"4.2.1","_npmUser":{"name":"julien-f","email":"julien.fontanet@isonoe.net"},"dist":{"shasum":"34900977d5ba3f07c7757ee72e73bb1a9b53754f","tarball":"https://registry.npmjs.org/source-map-support/-/source-map-support-0.3.3.tgz"},"maintainers":[{"name":"evanw","email":"evan.exe@gmail.com"},{"name":"julien-f","email":"julien.fontanet@isonoe.net"},{"name":"linusu","email":"linus@folkdatorn.se"}],"directories":{}},"0.4.0":{"name":"source-map-support","description":"Fixes stack traces for files with source maps","version":"0.4.0","main":"./source-map-support.js","scripts":{"build":"node build.js","serve-tests":"http-server -p 1336","test":"mocha"},"dependencies":{"source-map":"0.1.32"},"devDependencies":{"browserify":"3.44.2","coffee-script":"1.7.1","http-server":"^0.8.5","mocha":"1.18.2"},"repository":{"type":"git","url":"git+https://github.com/evanw/node-source-map-support.git"},"bugs":{"url":"https://github.com/evanw/node-source-map-support/issues"},"license":"MIT","gitHead":"70c54a8ab65103f307558a901299b998d1bb45c7","homepage":"https://github.com/evanw/node-source-map-support#readme","_id":"source-map-support@0.4.0","_shasum":"cb92292bc05455ce48691de545ac2690bb1cc976","_from":".","_npmVersion":"3.3.12","_nodeVersion":"5.1.0","_npmUser":{"name":"linusu","email":"linus@folkdatorn.se"},"maintainers":[{"name":"evanw","email":"evan.exe@gmail.com"},{"name":"julien-f","email":"julien.fontanet@isonoe.net"},{"name":"linusu","email":"linus@folkdatorn.se"}],"dist":{"shasum":"cb92292bc05455ce48691de545ac2690bb1cc976","tarball":"https://registry.npmjs.org/source-map-support/-/source-map-support-0.4.0.tgz"},"directories":{}},"0.4.1":{"name":"source-map-support","description":"Fixes stack traces for files with source maps","version":"0.4.1","main":"./source-map-support.js","scripts":{"build":"node build.js","serve-tests":"http-server -p 1336","test":"mocha"},"dependencies":{"source-map":"0.1.32"},"devDependencies":{"browserify":"3.44.2","coffee-script":"1.7.1","http-server":"^0.8.5","mocha":"1.18.2"},"repository":{"type":"git","url":"git+https://github.com/evanw/node-source-map-support.git"},"bugs":{"url":"https://github.com/evanw/node-source-map-support/issues"},"license":"MIT","gitHead":"c1941852bf41f060dfdd4fd9a466ed4e6190822b","homepage":"https://github.com/evanw/node-source-map-support#readme","_id":"source-map-support@0.4.1","_shasum":"b0a9280fdb28a812286cbba843ddb0f00b057203","_from":".","_npmVersion":"3.9.3","_nodeVersion":"6.2.1","_npmUser":{"name":"linusu","email":"linus@folkdatorn.se"},"dist":{"shasum":"b0a9280fdb28a812286cbba843ddb0f00b057203","tarball":"https://registry.npmjs.org/source-map-support/-/source-map-support-0.4.1.tgz"},"maintainers":[{"name":"evanw","email":"evan.exe@gmail.com"},{"name":"julien-f","email":"julien.fontanet@isonoe.net"},{"name":"linusu","email":"linus@folkdatorn.se"}],"_npmOperationalInternal":{"host":"packages-12-west.internal.npmjs.com","tmp":"tmp/source-map-support-0.4.1.tgz_1467184264027_0.9928716984577477"},"directories":{}},"0.4.2":{"name":"source-map-support","description":"Fixes stack traces for files with source maps","version":"0.4.2","main":"./source-map-support.js","scripts":{"build":"node build.js","serve-tests":"http-server -p 1336","test":"mocha"},"dependencies":{"source-map":"0.1.32"},"devDependencies":{"browserify":"3.44.2","coffee-script":"1.7.1","http-server":"^0.8.5","mocha":"1.18.2"},"repository":{"type":"git","url":"git+https://github.com/evanw/node-source-map-support.git"},"bugs":{"url":"https://github.com/evanw/node-source-map-support/issues"},"license":"MIT","gitHead":"88db836311cd4cb6f7b0b763eaea606ac6d32a9e","homepage":"https://github.com/evanw/node-source-map-support#readme","_id":"source-map-support@0.4.2","_shasum":"0710dc5315401e0bedbe0899a1bb938adbc02d5b","_from":".","_npmVersion":"3.9.3","_nodeVersion":"6.2.1","_npmUser":{"name":"linusu","email":"linus@folkdatorn.se"},"dist":{"shasum":"0710dc5315401e0bedbe0899a1bb938adbc02d5b","tarball":"https://registry.npmjs.org/source-map-support/-/source-map-support-0.4.2.tgz"},"maintainers":[{"name":"evanw","email":"evan.exe@gmail.com"},{"name":"julien-f","email":"julien.fontanet@isonoe.net"},{"name":"linusu","email":"linus@folkdatorn.se"}],"_npmOperationalInternal":{"host":"packages-12-west.internal.npmjs.com","tmp":"tmp/source-map-support-0.4.2.tgz_1468502651539_0.33101745694875717"},"directories":{}},"0.4.3":{"name":"source-map-support","description":"Fixes stack traces for files with source maps","version":"0.4.3","main":"./source-map-support.js","scripts":{"build":"node build.js","serve-tests":"http-server -p 1336","test":"mocha"},"dependencies":{"source-map":"^0.5.3"},"devDependencies":{"browserify":"3.44.2","coffee-script":"1.7.1","http-server":"^0.8.5","mocha":"1.18.2"},"repository":{"type":"git","url":"git+https://github.com/evanw/node-source-map-support.git"},"bugs":{"url":"https://github.com/evanw/node-source-map-support/issues"},"license":"MIT","gitHead":"d091c9f96630a792c7de3789ceb5239206cd7f23","homepage":"https://github.com/evanw/node-source-map-support#readme","_id":"source-map-support@0.4.3","_shasum":"693c8383d4389a4569486987c219744dfc601685","_from":".","_npmVersion":"3.10.7","_nodeVersion":"6.7.0","_npmUser":{"name":"linusu","email":"linus@folkdatorn.se"},"dist":{"shasum":"693c8383d4389a4569486987c219744dfc601685","tarball":"https://registry.npmjs.org/source-map-support/-/source-map-support-0.4.3.tgz"},"maintainers":[{"name":"evanw","email":"evan.exe@gmail.com"},{"name":"julien-f","email":"julien.fontanet@isonoe.net"},{"name":"linusu","email":"linus@folkdatorn.se"}],"_npmOperationalInternal":{"host":"packages-16-east.internal.npmjs.com","tmp":"tmp/source-map-support-0.4.3.tgz_1475140520970_0.5110758899245411"},"directories":{}},"0.4.4":{"name":"source-map-support","description":"Fixes stack traces for files with source maps","version":"0.4.4","main":"./source-map-support.js","scripts":{"build":"node build.js","serve-tests":"http-server -p 1336","test":"mocha"},"dependencies":{"source-map":"^0.5.3"},"devDependencies":{"browserify":"3.44.2","coffee-script":"1.7.1","http-server":"^0.8.5","mocha":"1.18.2"},"repository":{"type":"git","url":"git+https://github.com/evanw/node-source-map-support.git"},"bugs":{"url":"https://github.com/evanw/node-source-map-support/issues"},"license":"MIT","gitHead":"f8bc802e1348eaf5643c5f9211bda1b4edc11f21","homepage":"https://github.com/evanw/node-source-map-support#readme","_id":"source-map-support@0.4.4","_shasum":"0df5765a05a560c91bc8f8641cf79f2affc0322e","_from":".","_npmVersion":"3.10.7","_nodeVersion":"6.7.0","_npmUser":{"name":"linusu","email":"linus@folkdatorn.se"},"dist":{"shasum":"0df5765a05a560c91bc8f8641cf79f2affc0322e","tarball":"https://registry.npmjs.org/source-map-support/-/source-map-support-0.4.4.tgz"},"maintainers":[{"name":"evanw","email":"evan.exe@gmail.com"},{"name":"julien-f","email":"julien.fontanet@isonoe.net"},{"name":"linusu","email":"linus@folkdatorn.se"}],"_npmOperationalInternal":{"host":"packages-12-west.internal.npmjs.com","tmp":"tmp/source-map-support-0.4.4.tgz_1476618874683_0.5653874424751848"},"directories":{}},"0.4.5":{"name":"source-map-support","description":"Fixes stack traces for files with source maps","version":"0.4.5","main":"./source-map-support.js","scripts":{"build":"node build.js","serve-tests":"http-server -p 1336","test":"mocha"},"dependencies":{"source-map":"^0.5.3"},"devDependencies":{"browserify":"3.44.2","coffee-script":"1.7.1","http-server":"^0.8.5","mocha":"1.18.2"},"repository":{"type":"git","url":"git+https://github.com/evanw/node-source-map-support.git"},"bugs":{"url":"https://github.com/evanw/node-source-map-support/issues"},"license":"MIT","gitHead":"bdea7fefc11c78a733a08d5228a747801df191e8","homepage":"https://github.com/evanw/node-source-map-support#readme","_id":"source-map-support@0.4.5","_shasum":"4438df4219e1b3c7feb674614b4c67f9722db1e4","_from":".","_npmVersion":"3.10.7","_nodeVersion":"6.7.0","_npmUser":{"name":"linusu","email":"linus@folkdatorn.se"},"dist":{"shasum":"4438df4219e1b3c7feb674614b4c67f9722db1e4","tarball":"https://registry.npmjs.org/source-map-support/-/source-map-support-0.4.5.tgz"},"maintainers":[{"name":"evanw","email":"evan.exe@gmail.com"},{"name":"julien-f","email":"julien.fontanet@isonoe.net"},{"name":"linusu","email":"linus@folkdatorn.se"}],"_npmOperationalInternal":{"host":"packages-12-west.internal.npmjs.com","tmp":"tmp/source-map-support-0.4.5.tgz_1476773585548_0.42083092918619514"},"directories":{}},"0.4.6":{"name":"source-map-support","description":"Fixes stack traces for files with source maps","version":"0.4.6","main":"./source-map-support.js","scripts":{"build":"node build.js","serve-tests":"http-server -p 1336","test":"mocha"},"dependencies":{"source-map":"^0.5.3"},"devDependencies":{"browserify":"3.44.2","coffee-script":"1.7.1","http-server":"^0.8.5","mocha":"1.18.2"},"repository":{"type":"git","url":"git+https://github.com/evanw/node-source-map-support.git"},"bugs":{"url":"https://github.com/evanw/node-source-map-support/issues"},"license":"MIT","gitHead":"313c03883ec48dd99cdf43fc9457d40d9599c142","homepage":"https://github.com/evanw/node-source-map-support#readme","_id":"source-map-support@0.4.6","_shasum":"32552aa64b458392a85eab3b0b5ee61527167aeb","_from":".","_npmVersion":"3.10.7","_nodeVersion":"6.7.0","_npmUser":{"name":"linusu","email":"linus@folkdatorn.se"},"dist":{"shasum":"32552aa64b458392a85eab3b0b5ee61527167aeb","tarball":"https://registry.npmjs.org/source-map-support/-/source-map-support-0.4.6.tgz"},"maintainers":[{"name":"evanw","email":"evan.exe@gmail.com"},{"name":"julien-f","email":"julien.fontanet@isonoe.net"},{"name":"linusu","email":"linus@folkdatorn.se"}],"_npmOperationalInternal":{"host":"packages-12-west.internal.npmjs.com","tmp":"tmp/source-map-support-0.4.6.tgz_1477849990257_0.13668421655893326"},"directories":{}},"0.4.7":{"name":"source-map-support","description":"Fixes stack traces for files with source maps","version":"0.4.7","main":"./source-map-support.js","scripts":{"build":"node build.js","serve-tests":"http-server -p 1336","prepublish":"npm run build","test":"mocha"},"dependencies":{"source-map":"^0.5.3"},"devDependencies":{"browserify":"3.44.2","coffee-script":"1.7.1","http-server":"^0.8.5","mocha":"1.18.2"},"repository":{"type":"git","url":"git+https://github.com/evanw/node-source-map-support.git"},"bugs":{"url":"https://github.com/evanw/node-source-map-support/issues"},"license":"MIT","gitHead":"abcee93b7098c3d301448a5c4243fa38edb219cb","homepage":"https://github.com/evanw/node-source-map-support#readme","_id":"source-map-support@0.4.7","_shasum":"7a7988e0e66241c778c78dd179199bb6bcd35bd6","_from":".","_npmVersion":"3.10.9","_nodeVersion":"7.2.1","_npmUser":{"name":"linusu","email":"linus@folkdatorn.se"},"dist":{"shasum":"7a7988e0e66241c778c78dd179199bb6bcd35bd6","tarball":"https://registry.npmjs.org/source-map-support/-/source-map-support-0.4.7.tgz"},"maintainers":[{"name":"evanw","email":"evan.exe@gmail.com"},{"name":"julien-f","email":"julien.fontanet@isonoe.net"},{"name":"linusu","email":"linus@folkdatorn.se"}],"_npmOperationalInternal":{"host":"packages-18-east.internal.npmjs.com","tmp":"tmp/source-map-support-0.4.7.tgz_1482395653487_0.7900435377378017"},"directories":{}},"0.4.8":{"name":"source-map-support","description":"Fixes stack traces for files with source maps","version":"0.4.8","main":"./source-map-support.js","scripts":{"build":"node build.js","serve-tests":"http-server -p 1336","prepublish":"npm run build","test":"mocha"},"dependencies":{"source-map":"^0.5.3"},"devDependencies":{"browserify":"3.44.2","coffee-script":"1.7.1","http-server":"^0.8.5","mocha":"1.18.2"},"repository":{"type":"git","url":"git+https://github.com/evanw/node-source-map-support.git"},"bugs":{"url":"https://github.com/evanw/node-source-map-support/issues"},"license":"MIT","gitHead":"e13f8144210c1658eaf40fb251c7af963d7d5d59","homepage":"https://github.com/evanw/node-source-map-support#readme","_id":"source-map-support@0.4.8","_shasum":"4871918d8a3af07289182e974e32844327b2e98b","_from":".","_npmVersion":"3.10.9","_nodeVersion":"7.2.0","_npmUser":{"name":"linusu","email":"linus@folkdatorn.se"},"dist":{"shasum":"4871918d8a3af07289182e974e32844327b2e98b","tarball":"https://registry.npmjs.org/source-map-support/-/source-map-support-0.4.8.tgz"},"maintainers":[{"name":"evanw","email":"evan.exe@gmail.com"},{"name":"julien-f","email":"julien.fontanet@isonoe.net"},{"name":"linusu","email":"linus@folkdatorn.se"}],"_npmOperationalInternal":{"host":"packages-18-east.internal.npmjs.com","tmp":"tmp/source-map-support-0.4.8.tgz_1482667448940_0.5775479932781309"},"directories":{}},"0.4.9":{"name":"source-map-support","description":"Fixes stack traces for files with source maps","version":"0.4.9","main":"./source-map-support.js","scripts":{"build":"node build.js","serve-tests":"http-server -p 1336","prepublish":"npm run build","test":"mocha"},"dependencies":{"source-map":"^0.5.3"},"devDependencies":{"browserify":"3.44.2","coffee-script":"1.7.1","http-server":"^0.8.5","mocha":"1.18.2","webpack":"^1.13.3"},"repository":{"type":"git","url":"git+https://github.com/evanw/node-source-map-support.git"},"bugs":{"url":"https://github.com/evanw/node-source-map-support/issues"},"license":"MIT","gitHead":"b70e2feb8c9382dd9db39a39cd17c3baec75ba3d","homepage":"https://github.com/evanw/node-source-map-support#readme","_id":"source-map-support@0.4.9","_shasum":"45eaa04f067e049d987b27599ed014a37750aaff","_from":".","_npmVersion":"3.10.9","_nodeVersion":"7.2.0","_npmUser":{"name":"linusu","email":"linus@folkdatorn.se"},"dist":{"shasum":"45eaa04f067e049d987b27599ed014a37750aaff","tarball":"https://registry.npmjs.org/source-map-support/-/source-map-support-0.4.9.tgz"},"maintainers":[{"name":"evanw","email":"evan.exe@gmail.com"},{"name":"julien-f","email":"julien.fontanet@isonoe.net"},{"name":"linusu","email":"linus@folkdatorn.se"}],"_npmOperationalInternal":{"host":"packages-12-west.internal.npmjs.com","tmp":"tmp/source-map-support-0.4.9.tgz_1484489996552_0.3482065387070179"},"directories":{}},"0.4.10":{"name":"source-map-support","description":"Fixes stack traces for files with source maps","version":"0.4.10","main":"./source-map-support.js","scripts":{"build":"node build.js","serve-tests":"http-server -p 1336","prepublish":"npm run build","test":"mocha"},"dependencies":{"source-map":"^0.5.3"},"devDependencies":{"browserify":"3.44.2","coffee-script":"1.7.1","http-server":"^0.8.5","mocha":"1.18.2","webpack":"^1.13.3"},"repository":{"type":"git","url":"git+https://github.com/evanw/node-source-map-support.git"},"bugs":{"url":"https://github.com/evanw/node-source-map-support/issues"},"license":"MIT","gitHead":"7b6d793e1f468c8738060803cf204678daf1a909","homepage":"https://github.com/evanw/node-source-map-support#readme","_id":"source-map-support@0.4.10","_shasum":"d7b19038040a14c0837a18e630a196453952b378","_from":".","_npmVersion":"4.0.5","_nodeVersion":"7.4.0","_npmUser":{"name":"linusu","email":"linus@folkdatorn.se"},"dist":{"shasum":"d7b19038040a14c0837a18e630a196453952b378","tarball":"https://registry.npmjs.org/source-map-support/-/source-map-support-0.4.10.tgz"},"maintainers":[{"name":"evanw","email":"evan.exe@gmail.com"},{"name":"julien-f","email":"julien.fontanet@isonoe.net"},{"name":"linusu","email":"linus@folkdatorn.se"}],"_npmOperationalInternal":{"host":"packages-18-east.internal.npmjs.com","tmp":"tmp/source-map-support-0.4.10.tgz_1484659797605_0.9107796454336494"},"directories":{}},"0.4.11":{"name":"source-map-support","description":"Fixes stack traces for files with source maps","version":"0.4.11","main":"./source-map-support.js","scripts":{"build":"node build.js","serve-tests":"http-server -p 1336","prepublish":"npm run build","test":"mocha"},"dependencies":{"source-map":"^0.5.3"},"devDependencies":{"browserify":"3.44.2","coffee-script":"1.7.1","http-server":"^0.8.5","mocha":"1.18.2","webpack":"^1.13.3"},"repository":{"type":"git","url":"git+https://github.com/evanw/node-source-map-support.git"},"bugs":{"url":"https://github.com/evanw/node-source-map-support/issues"},"license":"MIT","gitHead":"84473223d1101e6bb7d8c166ca9ef53e544e76f3","homepage":"https://github.com/evanw/node-source-map-support#readme","_id":"source-map-support@0.4.11","_shasum":"647f939978b38535909530885303daf23279f322","_from":".","_npmVersion":"4.0.5","_nodeVersion":"7.4.0","_npmUser":{"name":"linusu","email":"linus@folkdatorn.se"},"dist":{"shasum":"647f939978b38535909530885303daf23279f322","tarball":"https://registry.npmjs.org/source-map-support/-/source-map-support-0.4.11.tgz"},"maintainers":[{"name":"evanw","email":"evan.exe@gmail.com"},{"name":"julien-f","email":"julien.fontanet@isonoe.net"},{"name":"linusu","email":"linus@folkdatorn.se"}],"_npmOperationalInternal":{"host":"packages-18-east.internal.npmjs.com","tmp":"tmp/source-map-support-0.4.11.tgz_1485541672964_0.37963404692709446"},"directories":{}},"0.4.12":{"name":"source-map-support","description":"Fixes stack traces for files with source maps","version":"0.4.12","main":"./source-map-support.js","scripts":{"build":"node build.js","serve-tests":"http-server -p 1336","prepublish":"npm run build","test":"mocha"},"dependencies":{"source-map":"^0.5.6"},"devDependencies":{"browserify":"3.44.2","coffee-script":"1.7.1","http-server":"^0.8.5","mocha":"1.18.2","webpack":"^1.13.3"},"repository":{"type":"git","url":"git+https://github.com/evanw/node-source-map-support.git"},"bugs":{"url":"https://github.com/evanw/node-source-map-support/issues"},"license":"MIT","gitHead":"6d664f261fccdb92de6ac2dfd3882db5a6116d5d","homepage":"https://github.com/evanw/node-source-map-support#readme","_id":"source-map-support@0.4.12","_shasum":"f47d02bf01efaf0c160d3a37d038401b92b1867e","_from":".","_npmVersion":"4.1.2","_nodeVersion":"7.7.1","_npmUser":{"name":"linusu","email":"linus@folkdatorn.se"},"dist":{"shasum":"f47d02bf01efaf0c160d3a37d038401b92b1867e","tarball":"https://registry.npmjs.org/source-map-support/-/source-map-support-0.4.12.tgz"},"maintainers":[{"name":"evanw","email":"evan.exe@gmail.com"},{"name":"julien-f","email":"julien.fontanet@isonoe.net"},{"name":"linusu","email":"linus@folkdatorn.se"}],"_npmOperationalInternal":{"host":"packages-18-east.internal.npmjs.com","tmp":"tmp/source-map-support-0.4.12.tgz_1489421816566_0.49270504154264927"},"directories":{}},"0.4.13":{"name":"source-map-support","description":"Fixes stack traces for files with source maps","version":"0.4.13","main":"./source-map-support.js","scripts":{"build":"node build.js","serve-tests":"http-server -p 1336","prepublish":"npm run build","test":"mocha"},"dependencies":{"source-map":"^0.5.6"},"devDependencies":{"browserify":"3.44.2","coffee-script":"1.7.1","http-server":"^0.8.5","mocha":"1.18.2","webpack":"^1.13.3"},"repository":{"type":"git","url":"git+https://github.com/evanw/node-source-map-support.git"},"bugs":{"url":"https://github.com/evanw/node-source-map-support/issues"},"license":"MIT","gitHead":"1dfbc2455089706412bf55f5a519056dced7ff2f","homepage":"https://github.com/evanw/node-source-map-support#readme","_id":"source-map-support@0.4.13","_shasum":"9782e6f7deb424d5f173327a1879eb46453bdcd4","_from":".","_npmVersion":"4.1.2","_nodeVersion":"7.7.1","_npmUser":{"name":"linusu","email":"linus@folkdatorn.se"},"dist":{"shasum":"9782e6f7deb424d5f173327a1879eb46453bdcd4","tarball":"https://registry.npmjs.org/source-map-support/-/source-map-support-0.4.13.tgz"},"maintainers":[{"name":"evanw","email":"evan.exe@gmail.com"},{"name":"julien-f","email":"julien.fontanet@isonoe.net"},{"name":"linusu","email":"linus@folkdatorn.se"}],"_npmOperationalInternal":{"host":"packages-12-west.internal.npmjs.com","tmp":"tmp/source-map-support-0.4.13.tgz_1489659559908_0.08529316005297005"},"directories":{}},"0.4.14":{"name":"source-map-support","description":"Fixes stack traces for files with source maps","version":"0.4.14","main":"./source-map-support.js","scripts":{"build":"node build.js","serve-tests":"http-server -p 1336","prepublish":"npm run build","test":"mocha"},"dependencies":{"source-map":"^0.5.6"},"devDependencies":{"browserify":"3.44.2","coffee-script":"1.7.1","http-server":"^0.8.5","mocha":"1.18.2","webpack":"^1.13.3"},"repository":{"type":"git","url":"git+https://github.com/evanw/node-source-map-support.git"},"bugs":{"url":"https://github.com/evanw/node-source-map-support/issues"},"license":"MIT","gitHead":"8db1d646dbe9c05f824001477637b62dbcb49f0c","homepage":"https://github.com/evanw/node-source-map-support#readme","_id":"source-map-support@0.4.14","_shasum":"9d4463772598b86271b4f523f6c1f4e02a7d6aef","_from":".","_npmVersion":"4.1.2","_nodeVersion":"7.6.0","_npmUser":{"name":"linusu","email":"linus@folkdatorn.se"},"dist":{"shasum":"9d4463772598b86271b4f523f6c1f4e02a7d6aef","tarball":"https://registry.npmjs.org/source-map-support/-/source-map-support-0.4.14.tgz"},"maintainers":[{"name":"evanw","email":"evan.exe@gmail.com"},{"name":"julien-f","email":"julien.fontanet@isonoe.net"},{"name":"linusu","email":"linus@folkdatorn.se"}],"_npmOperationalInternal":{"host":"packages-18-east.internal.npmjs.com","tmp":"tmp/source-map-support-0.4.14.tgz_1489832152112_0.39926239755004644"},"directories":{}},"0.4.15":{"name":"source-map-support","description":"Fixes stack traces for files with source maps","version":"0.4.15","main":"./source-map-support.js","scripts":{"build":"node build.js","serve-tests":"http-server -p 1336","prepublish":"npm run build","test":"mocha"},"dependencies":{"source-map":"^0.5.6"},"devDependencies":{"browserify":"3.44.2","coffee-script":"1.7.1","http-server":"^0.8.5","mocha":"1.18.2","webpack":"^1.13.3"},"repository":{"type":"git","url":"git+https://github.com/evanw/node-source-map-support.git"},"bugs":{"url":"https://github.com/evanw/node-source-map-support/issues"},"license":"MIT","gitHead":"6728c4b37e2bcad010426f083af8a931a8b44e40","homepage":"https://github.com/evanw/node-source-map-support#readme","_id":"source-map-support@0.4.15","_shasum":"03202df65c06d2bd8c7ec2362a193056fef8d3b1","_from":".","_npmVersion":"4.2.0","_nodeVersion":"7.9.0","_npmUser":{"name":"linusu","email":"linus@folkdatorn.se"},"dist":{"shasum":"03202df65c06d2bd8c7ec2362a193056fef8d3b1","tarball":"https://registry.npmjs.org/source-map-support/-/source-map-support-0.4.15.tgz"},"maintainers":[{"name":"evanw","email":"evan.exe@gmail.com"},{"name":"julien-f","email":"julien.fontanet@isonoe.net"},{"name":"linusu","email":"linus@folkdatorn.se"}],"_npmOperationalInternal":{"host":"packages-12-west.internal.npmjs.com","tmp":"tmp/source-map-support-0.4.15.tgz_1493392075307_0.5563798504881561"},"directories":{}}},"readme":"# Source Map Support\n[![Build Status](https://travis-ci.org/evanw/node-source-map-support.svg?branch=master)](https://travis-ci.org/evanw/node-source-map-support)\n\nThis module provides source map support for stack traces in node via the [V8 stack trace API](http://code.google.com/p/v8/wiki/JavaScriptStackTraceApi). It uses the [source-map](https://github.com/mozilla/source-map) module to replace the paths and line numbers of source-mapped files with their original paths and line numbers. The output mimics node's stack trace format with the goal of making every compile-to-JS language more of a first-class citizen. Source maps are completely general (not specific to any one language) so you can use source maps with multiple compile-to-JS languages in the same node process.\n\n## Installation and Usage\n\n#### Node support\n\n```\n$ npm install source-map-support\n```\n\nSource maps can be generated using libraries such as [source-map-index-generator](https://github.com/twolfson/source-map-index-generator). Once you have a valid source map, insert the following line at the top of your compiled code:\n\n```js\nrequire('source-map-support').install();\n```\n\nAnd place a source mapping comment somewhere in the file (usually done automatically or with an option by your transpiler):\n\n```\n//# sourceMappingURL=path/to/source.map\n```\n\nIf multiple sourceMappingURL comments exist in one file, the last sourceMappingURL comment will be\nrespected (e.g. if a file mentions the comment in code, or went through multiple transpilers).\nThe path should either be absolute or relative to the compiled file.\n\nIt is also possible to to install the source map support directly by\nrequiring the `register` module which can be handy with ES6:\n\n```js\nimport 'source-map-support/register'\n\n// Instead of:\nimport sourceMapSupport from 'source-map-support'\nsourceMapSupport.install()\n```\nNote: if you're using babel-register, it includes source-map-support already.\n\nIt is also very useful with Mocha:\n\n```\n$ mocha --require source-map-support/register tests/\n```\n\n#### Browser support\n\nThis library also works in Chrome. While the DevTools console already supports source maps, the V8 engine doesn't and `Error.prototype.stack` will be incorrect without this library. Everything will just work if you deploy your source files using [browserify](http://browserify.org/). Just make sure to pass the `--debug` flag to the browserify command so your source maps are included in the bundled code.\n\nThis library also works if you use another build process or just include the source files directly. In this case, include the file `browser-source-map-support.js` in your page and call `sourceMapSupport.install()`. It contains the whole library already bundled for the browser using browserify.\n\n```html\n<script src=\"browser-source-map-support.js\"></script>\n<script>sourceMapSupport.install();</script>\n```\n\nThis library also works if you use AMD (Asynchronous Module Definition), which is used in tools like [RequireJS](http://requirejs.org/). Just list `browser-source-map-support` as a dependency:\n\n```html\n<script>\n  define(['browser-source-map-support'], function(sourceMapSupport) {\n    sourceMapSupport.install();\n  });\n</script>\n```\n\n## Options\n\nThis module installs two things: a change to the `stack` property on `Error` objects and a handler for uncaught exceptions that mimics node's default exception handler (the handler can be seen in the demos below). You may want to disable the handler if you have your own uncaught exception handler. This can be done by passing an argument to the installer:\n\n```js\nrequire('source-map-support').install({\n  handleUncaughtExceptions: false\n});\n```\n\nThis module loads source maps from the filesystem by default. You can provide alternate loading behavior through a callback as shown below. For example, [Meteor](https://github.com/meteor) keeps all source maps cached in memory to avoid disk access.\n\n```js\nrequire('source-map-support').install({\n  retrieveSourceMap: function(source) {\n    if (source === 'compiled.js') {\n      return {\n        url: 'original.js',\n        map: fs.readFileSync('compiled.js.map', 'utf8')\n      };\n    }\n    return null;\n  }\n});\n```\n\nThe module will by default assume a browser environment if XMLHttpRequest and window are defined. If either of these do not exist it will instead assume a node environment. \nIn some rare cases, e.g. when running a browser emulation and where both variables are also set, you can explictly specify the environment to be either 'browser' or 'node'. \n\n```js\nrequire('source-map-support').install({\n  environment: 'node'\n});\n```\n\nTo support files with inline source maps, the `hookRequire` options can be specified, which will monitor all source files for inline source maps.\n\n\n```js\nrequire('source-map-support').install({\n  hookRequire: true\n});\n```\n\nThis monkey patches the `require` module loading chain, so is not enabled by default and is not recommended for any sort of production usage.\n\n## Demos\n\n#### Basic Demo\n\noriginal.js:\n\n```js\nthrow new Error('test'); // This is the original code\n```\n\ncompiled.js:\n\n```js\nrequire('source-map-support').install();\n\nthrow new Error('test'); // This is the compiled code\n// The next line defines the sourceMapping.\n//# sourceMappingURL=compiled.js.map\n```\n\ncompiled.js.map:\n\n```json\n{\n  \"version\": 3,\n  \"file\": \"compiled.js\",\n  \"sources\": [\"original.js\"],\n  \"names\": [],\n  \"mappings\": \";;AAAA,MAAM,IAAI\"\n}\n```\n\nRun compiled.js using node (notice how the stack trace uses original.js instead of compiled.js):\n\n```\n$ node compiled.js\n\noriginal.js:1\nthrow new Error('test'); // This is the original code\n      ^\nError: test\n    at Object.<anonymous> (original.js:1:7)\n    at Module._compile (module.js:456:26)\n    at Object.Module._extensions..js (module.js:474:10)\n    at Module.load (module.js:356:32)\n    at Function.Module._load (module.js:312:12)\n    at Function.Module.runMain (module.js:497:10)\n    at startup (node.js:119:16)\n    at node.js:901:3\n```\n\n#### TypeScript Demo\n\ndemo.ts:\n\n```typescript\ndeclare function require(name: string);\nrequire('source-map-support').install();\nclass Foo {\n  constructor() { this.bar(); }\n  bar() { throw new Error('this is a demo'); }\n}\nnew Foo();\n```\n\nCompile and run the file using the TypeScript compiler from the terminal:\n\n```\n$ npm install source-map-support typescript\n$ node_modules/typescript/bin/tsc -sourcemap demo.ts\n$ node demo.js\n\ndemo.ts:5\n  bar() { throw new Error('this is a demo'); }\n                ^\nError: this is a demo\n    at Foo.bar (demo.ts:5:17)\n    at new Foo (demo.ts:4:24)\n    at Object.<anonymous> (demo.ts:7:1)\n    at Module._compile (module.js:456:26)\n    at Object.Module._extensions..js (module.js:474:10)\n    at Module.load (module.js:356:32)\n    at Function.Module._load (module.js:312:12)\n    at Function.Module.runMain (module.js:497:10)\n    at startup (node.js:119:16)\n    at node.js:901:3\n```\n    \n#### CoffeeScript Demo\n\ndemo.coffee:\n\n```coffee\nrequire('source-map-support').install()\nfoo = ->\n  bar = -> throw new Error 'this is a demo'\n  bar()\nfoo()\n```\n\nCompile and run the file using the CoffeeScript compiler from the terminal:\n\n```sh\n$ npm install source-map-support coffee-script\n$ node_modules/coffee-script/bin/coffee --map --compile demo.coffee\n$ node demo.js\n\ndemo.coffee:3\n  bar = -> throw new Error 'this is a demo'\n                     ^\nError: this is a demo\n    at bar (demo.coffee:3:22)\n    at foo (demo.coffee:4:3)\n    at Object.<anonymous> (demo.coffee:5:1)\n    at Object.<anonymous> (demo.coffee:1:1)\n    at Module._compile (module.js:456:26)\n    at Object.Module._extensions..js (module.js:474:10)\n    at Module.load (module.js:356:32)\n    at Function.Module._load (module.js:312:12)\n    at Function.Module.runMain (module.js:497:10)\n    at startup (node.js:119:16)\n```\n\n## Tests\n\nThis repo contains both automated tests for node and manual tests for the browser. The automated tests can be run using mocha (type `mocha` in the root directory). To run the manual tests:\n\n* Build the tests using `build.js`\n* Launch the HTTP server (`npm run serve-tests`) and visit\n  * http://127.0.0.1:1336/amd-test\n  * http://127.0.0.1:1336/browser-test\n  * http://127.0.0.1:1336/browserify-test - **Currently not working** due to a bug with browserify (see [pull request #66](https://github.com/evanw/node-source-map-support/pull/66) for details).\n* For `header-test`, run `server.js` inside that directory and visit http://127.0.0.1:1337/\n\n## License\n\nThis code is available under the [MIT license](http://opensource.org/licenses/MIT).\n","maintainers":[{"name":"evanw","email":"evan.exe@gmail.com"},{"name":"julien-f","email":"julien.fontanet@isonoe.net"},{"name":"linusu","email":"linus@folkdatorn.se"}],"time":{"modified":"2017-05-13T08:38:19.169Z","created":"2013-01-18T11:30:08.096Z","0.1.0":"2013-01-18T11:30:09.137Z","0.1.1":"2013-03-05T01:46:19.756Z","0.1.2":"2013-03-10T02:25:01.719Z","0.1.3":"2013-04-25T01:36:53.334Z","0.1.4":"2013-04-28T21:31:09.558Z","0.1.5":"2013-05-04T18:10:32.007Z","0.1.6":"2013-06-11T11:31:24.968Z","0.1.7":"2013-06-27T05:55:24.037Z","0.1.8":"2013-06-27T06:21:21.643Z","0.1.9":"2013-07-21T01:36:23.080Z","0.2.0":"2013-07-21T20:55:04.526Z","0.2.1":"2013-08-03T14:25:29.710Z","0.2.2":"2013-08-16T05:46:33.018Z","0.2.3":"2013-09-05T05:34:23.906Z","0.2.4":"2013-11-10T21:20:02.520Z","0.2.5":"2013-11-14T05:16:32.508Z","0.2.6":"2014-04-26T19:56:44.448Z","0.2.7":"2014-07-03T15:42:31.553Z","0.2.8":"2014-10-22T08:06:44.178Z","0.2.9":"2015-01-08T08:42:22.439Z","0.2.10":"2015-03-12T08:00:23.604Z","0.3.0":"2015-05-29T05:03:38.759Z","0.3.1":"2015-05-30T17:11:15.477Z","0.3.2":"2015-06-25T06:03:28.157Z","0.3.3":"2015-10-23T15:17:32.806Z","0.4.0":"2015-11-30T06:09:33.082Z","0.4.1":"2016-06-29T07:11:06.738Z","0.4.2":"2016-07-14T13:24:14.374Z","0.4.3":"2016-09-29T09:15:21.859Z","0.4.4":"2016-10-16T11:54:36.620Z","0.4.5":"2016-10-18T06:53:07.622Z","0.4.6":"2016-10-30T17:53:12.589Z","0.4.7":"2016-12-22T08:34:14.281Z","0.4.8":"2016-12-25T12:04:09.601Z","0.4.9":"2017-01-15T14:19:59.194Z","0.4.10":"2017-01-17T13:29:58.338Z","0.4.11":"2017-01-27T18:27:53.591Z","0.4.12":"2017-03-13T16:16:57.283Z","0.4.13":"2017-03-16T10:19:21.840Z","0.4.14":"2017-03-18T10:15:52.807Z","0.4.15":"2017-04-28T15:07:57.456Z"},"users":{"forivall":true,"samuelrn":true,"julien-f":true,"garthk":true,"pje":true,"yxqme":true,"antanst":true,"rizowski":true,"cb1kenobi":true,"princetoad":true,"sopepos":true,"ristostevcev":true,"ackhub":true,"easimonenko":true,"shanewholloway":true,"mikestaub":true,"leonardorb":true,"shaddyhm":true,"langri-sha":true,"leizongmin":true,"karlkori":true,"adriancmiranda":true,"serge-nikitin":true,"creamidea":true},"repository":{"type":"git","url":"git+https://github.com/evanw/node-source-map-support.git"},"bugs":{"url":"https://github.com/evanw/node-source-map-support/issues"},"readmeFilename":"README.md","homepage":"https://github.com/evanw/node-source-map-support#readme","license":"MIT","_attachments":{},"_etag":"W/\"5916c5fb-d162\"","_lastModified":"Sat, 13 May 2017 08:38:19 GMT","_cached":true}