{"_id":"webdriver-js-extender","_rev":"6-a889f44149f62246c90fc88ce6bfd9dd","name":"webdriver-js-extender","description":"A plugin which adds additional commands to selenium's javascript implementation of the webdriver client side API","dist-tags":{"latest":"1.0.0"},"versions":{"0.1.0":{"name":"webdriver-js-extender","version":"0.1.0","description":"A plugin which adds additional commands to selenium's javascript implementation of the webdriver client side API","scripts":{"prepublish":"gulp prepublish","test":"gulp test"},"keywords":["testing","webdriver","webdriverjs","selenium","appium"],"repository":{"type":"git","url":"git://github.com/angular/webdriver-js-entender.git"},"main":"built/lib/index.js","author":{"name":"Sammy Jelin","email":"sjelin@gmail.com"},"license":"MIT","dependencies":{"selenium-webdriver":"^2.53.2"},"gitHead":"daa9c789ea1c4958ce01c2c6ffdef505c9fb1fd0","bugs":{"url":"https://github.com/angular/webdriver-js-entender/issues"},"homepage":"https://github.com/angular/webdriver-js-entender#readme","_id":"webdriver-js-extender@0.1.0","_shasum":"693ee801d1c56cd6bb8eef54488e971494b26519","_from":".","_npmVersion":"3.7.2","_nodeVersion":"4.0.0","_npmUser":{"name":"angularcore","email":"angular-core+npm@google.com"},"dist":{"shasum":"693ee801d1c56cd6bb8eef54488e971494b26519","tarball":"https://registry.npmjs.org/webdriver-js-extender/-/webdriver-js-extender-0.1.0.tgz"},"maintainers":[{"name":"angularcore","email":"angular-core+npm@google.com"}],"_npmOperationalInternal":{"host":"packages-16-east.internal.npmjs.com","tmp":"tmp/webdriver-js-extender-0.1.0.tgz_1467334758208_0.8567124784458429"},"directories":{}},"0.1.1":{"name":"webdriver-js-extender","version":"0.1.1","description":"A plugin which adds additional commands to selenium's javascript implementation of the webdriver client side API","scripts":{"prepublish":"gulp prepublish","test":"gulp test"},"keywords":["testing","webdriver","webdriverjs","selenium","appium"],"repository":{"type":"git","url":"git://github.com/angular/webdriver-js-entender.git"},"main":"built/lib/index.js","author":{"name":"Sammy Jelin","email":"sjelin@gmail.com"},"license":"MIT","typings":"built/lib/index.d.ts","dependencies":{"selenium-webdriver":"^2.53.2"},"gitHead":"050b3993da0b1d603e5a38e023c88ae48a8329e6","bugs":{"url":"https://github.com/angular/webdriver-js-entender/issues"},"homepage":"https://github.com/angular/webdriver-js-entender#readme","_id":"webdriver-js-extender@0.1.1","_shasum":"c6dc1f5d65b1b945156c707aaf56a9f9a7168bf8","_from":".","_npmVersion":"3.7.2","_nodeVersion":"4.0.0","_npmUser":{"name":"angularcore","email":"angular-core+npm@google.com"},"dist":{"shasum":"c6dc1f5d65b1b945156c707aaf56a9f9a7168bf8","tarball":"https://registry.npmjs.org/webdriver-js-extender/-/webdriver-js-extender-0.1.1.tgz"},"maintainers":[{"name":"angularcore","email":"angular-core+npm@google.com"}],"_npmOperationalInternal":{"host":"packages-16-east.internal.npmjs.com","tmp":"tmp/webdriver-js-extender-0.1.1.tgz_1467398876638_0.21502119838260114"},"directories":{}},"0.2.1":{"name":"webdriver-js-extender","version":"0.2.1","description":"A plugin which adds additional commands to selenium's javascript implementation of the webdriver client side API","scripts":{"prepublish":"gulp prepublish","test":"gulp test"},"keywords":["testing","webdriver","webdriverjs","selenium","appium"],"repository":{"type":"git","url":"git://github.com/angular/webdriver-js-entender.git"},"main":"built/lib/index.js","author":{"name":"Sammy Jelin","email":"sjelin@gmail.com"},"license":"MIT","typings":"built/lib/index.d.ts","dependencies":{"selenium-webdriver":"^2.53.2"},"devDependencies":{"clang-format":"^1.0.42","gulp":"^3.9.1","gulp-clang-format":"^1.0.23","jasmine":"^2.4.1","run-sequence":"^1.2.2","typescript":"^1.8.10","typings":"^1.3.2"},"gitHead":"4a269459f9cb401ee88b1b9553bddb72dc843c90","bugs":{"url":"https://github.com/angular/webdriver-js-entender/issues"},"homepage":"https://github.com/angular/webdriver-js-entender#readme","_id":"webdriver-js-extender@0.2.1","_shasum":"73c1ace149c3361e8469b2c9deba553c00837691","_from":".","_npmVersion":"3.10.6","_nodeVersion":"5.10.1","_npmUser":{"name":"angularcore","email":"angular-core+npm@google.com"},"dist":{"shasum":"73c1ace149c3361e8469b2c9deba553c00837691","tarball":"https://registry.npmjs.org/webdriver-js-extender/-/webdriver-js-extender-0.2.1.tgz"},"maintainers":[{"name":"angularcore","email":"angular-core+npm@google.com"}],"_npmOperationalInternal":{"host":"packages-12-west.internal.npmjs.com","tmp":"tmp/webdriver-js-extender-0.2.1.tgz_1470135012110_0.3269759677350521"},"directories":{}},"0.2.2":{"name":"webdriver-js-extender","version":"0.2.2","description":"A plugin which adds additional commands to selenium's javascript implementation of the webdriver client side API","scripts":{"prepublish":"gulp prepublish","test":"gulp test"},"keywords":["testing","webdriver","webdriverjs","selenium","appium"],"repository":{"type":"git","url":"git://github.com/angular/webdriver-js-entender.git"},"main":"built/lib/index.js","author":{"name":"Sammy Jelin","email":"sjelin@gmail.com"},"license":"MIT","typings":"built/lib/index.d.ts","dependencies":{"selenium-webdriver":"^2.53.2"},"devDependencies":{"clang-format":"^1.0.42","gulp":"^3.9.1","gulp-clang-format":"^1.0.23","jasmine":"^2.4.1","run-sequence":"^1.2.2","typescript":"^1.8.10","typings":"^1.3.2"},"gitHead":"4a269459f9cb401ee88b1b9553bddb72dc843c90","bugs":{"url":"https://github.com/angular/webdriver-js-entender/issues"},"homepage":"https://github.com/angular/webdriver-js-entender#readme","_id":"webdriver-js-extender@0.2.2","_shasum":"140ecbe40145411e0b10349776573ef41724d0b3","_from":".","_npmVersion":"3.10.6","_nodeVersion":"5.10.1","_npmUser":{"name":"angularcore","email":"angular-core+npm@google.com"},"dist":{"shasum":"140ecbe40145411e0b10349776573ef41724d0b3","tarball":"https://registry.npmjs.org/webdriver-js-extender/-/webdriver-js-extender-0.2.2.tgz"},"maintainers":[{"name":"angularcore","email":"angular-core+npm@google.com"}],"_npmOperationalInternal":{"host":"packages-12-west.internal.npmjs.com","tmp":"tmp/webdriver-js-extender-0.2.2.tgz_1470136491566_0.8170886121224612"},"directories":{}},"0.2.3":{"name":"webdriver-js-extender","version":"0.2.3","description":"A plugin which adds additional commands to selenium's javascript implementation of the webdriver client side API","scripts":{"prepublish":"gulp prepublish","test":"gulp test"},"keywords":["testing","webdriver","webdriverjs","selenium","appium"],"repository":{"type":"git","url":"git://github.com/angular/webdriver-js-entender.git"},"main":"built/lib/index.js","author":{"name":"Sammy Jelin","email":"sjelin@gmail.com"},"license":"MIT","typings":"built/lib/index.d.ts","dependencies":{"@types/selenium-webdriver":"^2.53.35","selenium-webdriver":"^2.53.2"},"devDependencies":{"@types/es6-promise":"0.0.32","@types/jasmine":"^2.5.37","@types/node":"^6.0.46","clang-format":"^1.0.42","gulp":"^3.9.1","gulp-clang-format":"^1.0.23","jasmine":"^2.4.1","portfinder":"^1.0.10","run-sequence":"^1.2.2","selenium-mock":"^0.1.5","typescript":"^2.0.0"},"gitHead":"6e62f1dffefc8f09776f71723c52999419649dfc","bugs":{"url":"https://github.com/angular/webdriver-js-entender/issues"},"homepage":"https://github.com/angular/webdriver-js-entender#readme","_id":"webdriver-js-extender@0.2.3","_shasum":"ad478badab804a65b67c3cdefe540f5708c35c79","_from":".","_npmVersion":"3.10.8","_nodeVersion":"6.9.1","_npmUser":{"name":"angularcore","email":"angular-core+npm@google.com"},"dist":{"shasum":"ad478badab804a65b67c3cdefe540f5708c35c79","tarball":"https://registry.npmjs.org/webdriver-js-extender/-/webdriver-js-extender-0.2.3.tgz"},"maintainers":[{"name":"angularcore","email":"angular-core+npm@google.com"}],"_npmOperationalInternal":{"host":"packages-18-east.internal.npmjs.com","tmp":"tmp/webdriver-js-extender-0.2.3.tgz_1482188609732_0.5271690464578569"},"directories":{}},"1.0.0":{"name":"webdriver-js-extender","version":"1.0.0","description":"A plugin which adds additional commands to selenium's javascript implementation of the webdriver client side API","scripts":{"prepublish":"gulp prepublish","test":"gulp test"},"keywords":["testing","webdriver","webdriverjs","selenium","appium"],"repository":{"type":"git","url":"git://github.com/angular/webdriver-js-entender.git"},"main":"built/lib/index.js","author":{"name":"Sammy Jelin","email":"sjelin@gmail.com"},"license":"MIT","typings":"built/lib/index.d.ts","dependencies":{"@types/selenium-webdriver":"^2.53.35","selenium-webdriver":"^2.53.2"},"devDependencies":{"@types/es6-promise":"0.0.32","@types/jasmine":"^2.5.37","@types/node":"^6.0.46","clang-format":"^1.0.42","gulp":"^3.9.1","gulp-clang-format":"^1.0.23","jasmine":"^2.4.1","portfinder":"^1.0.10","run-sequence":"^1.2.2","selenium-mock":"^0.1.5","typescript":"^2.0.0"},"gitHead":"611b5374c27d710c0c9dc1b6b6f340f0638375d3","bugs":{"url":"https://github.com/angular/webdriver-js-entender/issues"},"homepage":"https://github.com/angular/webdriver-js-entender#readme","_id":"webdriver-js-extender@1.0.0","_shasum":"81c533a9e33d5bfb597b4e63e2cdb25b54777515","_from":".","_npmVersion":"3.10.9","_nodeVersion":"6.9.2","_npmUser":{"name":"angularcore","email":"angular-core+npm@google.com"},"dist":{"shasum":"81c533a9e33d5bfb597b4e63e2cdb25b54777515","tarball":"https://registry.npmjs.org/webdriver-js-extender/-/webdriver-js-extender-1.0.0.tgz"},"maintainers":[{"name":"angularcore","email":"angular-core+npm@google.com"}],"_npmOperationalInternal":{"host":"packages-12-west.internal.npmjs.com","tmp":"tmp/webdriver-js-extender-1.0.0.tgz_1485200936471_0.10989799536764622"},"directories":{}}},"readme":"WebDriver JS Extender\n=====================\n\nThis tools extends [Selenium's javascript implementation](\nhttps://www.npmjs.com/package/selenium-webdriver) of the WebDriver API\nto include additional commands (e.g. commands required for [appium](\nhttps://github.com/appium/appium)).\n\nCurrently, few commands are implemented.  But the groundwork has been laid,\nfuture commands should be easy to add, and PRs are very welcome!  See\n[CONTRIBUTING.md](CONTRIBUTING.md) for details.\n\nUsage\n-----\n\nIf you are using a versoin of `selenium-webdriver` below `3.0.0-beta-1`, you\nmust use the `patch()` function before you create your webdriver instance:\n\n```js\nrequire('webdriver-js-extender').patch(\n    require('selenium-webdriver/lib/command'),\n    require('selenium-webdriver/executors'),\n    require('selenium-webdriver/http'));\n```\n\nOnce you've patched `selenium-webdriver` (or if you're using version `3.x`), all\nyou need to do is run the `extend` function on your webdriver instance:\n\n```js\n  var extendedWebdriver = require('webdriver-js-extender').extend(webdriver);\n\n  extendedWebdriver.setNetworkConnection(5);\n```\n","maintainers":[{"name":"angularcore","email":"angular-core+npm@google.com"}],"time":{"modified":"2017-01-23T19:48:56.710Z","created":"2016-07-01T00:59:20.066Z","0.1.0":"2016-07-01T00:59:20.066Z","0.1.1":"2016-07-01T18:47:58.765Z","0.2.1":"2016-08-02T10:50:14.165Z","0.2.2":"2016-08-02T11:14:53.549Z","0.2.3":"2016-12-19T23:03:31.591Z","1.0.0":"2017-01-23T19:48:56.710Z"},"homepage":"https://github.com/angular/webdriver-js-entender#readme","keywords":["testing","webdriver","webdriverjs","selenium","appium"],"repository":{"type":"git","url":"git://github.com/angular/webdriver-js-entender.git"},"author":{"name":"Sammy Jelin","email":"sjelin@gmail.com"},"bugs":{"url":"https://github.com/angular/webdriver-js-entender/issues"},"license":"MIT","readmeFilename":"README.md","_attachments":{},"_etag":"W/\"58865e28-2d66\"","_lastModified":"Mon, 23 Jan 2017 19:48:56 GMT","_cached":true}