{"_id":"upper-case","_rev":"17-2db8c13c8375f26e4f01512e15c974dc","name":"upper-case","description":"Upper case a string","dist-tags":{"latest":"1.1.3"},"versions":{"0.0.1":{"name":"upper-case","version":"0.0.1","description":"Uppercase a string","main":"upper-case.js","scripts":{"test":"istanbul cover _mocha -- -R spec"},"repository":{"type":"git","url":"git://github.com/blakeembrey/upper-case.git"},"keywords":["cases","upper","uppercase","case"],"author":{"name":"Blake Embrey"},"license":"MIT","bugs":{"url":"https://github.com/blakeembrey/upper-case/issues"},"homepage":"https://github.com/blakeembrey/upper-case","devDependencies":{"mocha":"~1.17.1","istanbul":"~0.2.4"},"_id":"upper-case@0.0.1","dist":{"shasum":"9c976c7d5fa373e9fdcd93766eb5fe27369bda37","tarball":"https://registry.npmjs.org/upper-case/-/upper-case-0.0.1.tgz"},"_from":".","_npmVersion":"1.4.4","_npmUser":{"name":"blakeembrey","email":"hello@blakeembrey.com"},"maintainers":[{"name":"blakeembrey","email":"hello@blakeembrey.com"}],"directories":{}},"1.0.0":{"name":"upper-case","version":"1.0.0","description":"Uppercase a string","main":"upper-case.js","scripts":{"test":"istanbul cover _mocha -- -R spec"},"repository":{"type":"git","url":"git://github.com/blakeembrey/upper-case.git"},"keywords":["cases","upper","uppercase","case"],"author":{"name":"Blake Embrey","email":"hello@blakeembrey.com","url":"http://blakeembrey.me"},"license":"MIT","bugs":{"url":"https://github.com/blakeembrey/upper-case/issues"},"homepage":"https://github.com/blakeembrey/upper-case","devDependencies":{"istanbul":"^0.3.0","mocha":"^1.21.4"},"gitHead":"d40f49a00950fc6457856ee34834dfea95a5b03a","_id":"upper-case@1.0.0","_shasum":"c1bd336e39fca9263f4286332d16a3984da3172c","_from":".","_npmVersion":"1.4.14","_npmUser":{"name":"blakeembrey","email":"hello@blakeembrey.com"},"maintainers":[{"name":"blakeembrey","email":"hello@blakeembrey.com"}],"dist":{"shasum":"c1bd336e39fca9263f4286332d16a3984da3172c","tarball":"https://registry.npmjs.org/upper-case/-/upper-case-1.0.0.tgz"},"directories":{}},"1.0.1":{"name":"upper-case","version":"1.0.1","description":"Upper case a string","main":"upper-case.js","scripts":{"test":"istanbul cover _mocha -- -R spec"},"repository":{"type":"git","url":"git://github.com/blakeembrey/upper-case.git"},"keywords":["cases","upper","uppercase","case"],"author":{"name":"Blake Embrey","email":"hello@blakeembrey.com","url":"http://blakeembrey.me"},"license":"MIT","bugs":{"url":"https://github.com/blakeembrey/upper-case/issues"},"homepage":"https://github.com/blakeembrey/upper-case","devDependencies":{"istanbul":"^0.3.0","mocha":"^1.21.4"},"gitHead":"ebd034931be49c51aba6c37075f053b4e80abf25","_id":"upper-case@1.0.1","_shasum":"ab10e8ca8cff530d3103e56d4f256f9df5534f54","_from":".","_npmVersion":"1.4.14","_npmUser":{"name":"blakeembrey","email":"hello@blakeembrey.com"},"maintainers":[{"name":"blakeembrey","email":"hello@blakeembrey.com"}],"dist":{"shasum":"ab10e8ca8cff530d3103e56d4f256f9df5534f54","tarball":"https://registry.npmjs.org/upper-case/-/upper-case-1.0.1.tgz"},"directories":{}},"1.0.2":{"name":"upper-case","version":"1.0.2","description":"Upper case a string","main":"upper-case.js","scripts":{"test":"istanbul cover _mocha -- -R spec"},"repository":{"type":"git","url":"git://github.com/blakeembrey/upper-case.git"},"keywords":["cases","upper","uppercase","case"],"author":{"name":"Blake Embrey","email":"hello@blakeembrey.com","url":"http://blakeembrey.me"},"license":"MIT","bugs":{"url":"https://github.com/blakeembrey/upper-case/issues"},"homepage":"https://github.com/blakeembrey/upper-case","devDependencies":{"istanbul":"^0.3.0","mocha":"^1.21.4"},"gitHead":"401df8abb3b0fd4763de0a734330bec2344ffcd5","_id":"upper-case@1.0.2","_shasum":"48d1b8196718db7fca9be22825cf9f5769e4cbd7","_from":".","_npmVersion":"1.4.14","_npmUser":{"name":"blakeembrey","email":"hello@blakeembrey.com"},"maintainers":[{"name":"blakeembrey","email":"hello@blakeembrey.com"}],"dist":{"shasum":"48d1b8196718db7fca9be22825cf9f5769e4cbd7","tarball":"https://registry.npmjs.org/upper-case/-/upper-case-1.0.2.tgz"},"directories":{}},"1.0.3":{"name":"upper-case","version":"1.0.3","description":"Upper case a string","main":"upper-case.js","scripts":{"test":"istanbul cover _mocha -- -R spec"},"repository":{"type":"git","url":"git://github.com/blakeembrey/upper-case.git"},"keywords":["cases","upper","uppercase","case"],"author":{"name":"Blake Embrey","email":"hello@blakeembrey.com","url":"http://blakeembrey.me"},"license":"MIT","bugs":{"url":"https://github.com/blakeembrey/upper-case/issues"},"homepage":"https://github.com/blakeembrey/upper-case","devDependencies":{"istanbul":"^0.3.0","mocha":"^1.21.4"},"gitHead":"e177cff88bf8bee5b2b93ff435cc55b8c6d733fa","_id":"upper-case@1.0.3","_shasum":"99b0e11fa1174b2d80ad588468fa5f4be7ce27e4","_from":".","_npmVersion":"1.4.14","_npmUser":{"name":"blakeembrey","email":"hello@blakeembrey.com"},"maintainers":[{"name":"blakeembrey","email":"hello@blakeembrey.com"}],"dist":{"shasum":"99b0e11fa1174b2d80ad588468fa5f4be7ce27e4","tarball":"https://registry.npmjs.org/upper-case/-/upper-case-1.0.3.tgz"},"directories":{}},"1.1.0":{"name":"upper-case","version":"1.1.0","description":"Upper case a string","main":"upper-case.js","scripts":{"test":"istanbul cover _mocha -- -R spec"},"repository":{"type":"git","url":"git://github.com/blakeembrey/upper-case.git"},"keywords":["cases","upper","uppercase","case"],"author":{"name":"Blake Embrey","email":"hello@blakeembrey.com","url":"http://blakeembrey.me"},"license":"MIT","bugs":{"url":"https://github.com/blakeembrey/upper-case/issues"},"homepage":"https://github.com/blakeembrey/upper-case","devDependencies":{"istanbul":"^0.3.0","mocha":"^1.21.4","pre-commit":"0.0.9"},"gitHead":"d9ce2fda841f2f4d3a990b47dc3b09e0af355519","_id":"upper-case@1.1.0","_shasum":"5640e20ccdac35bc4bd76e8996158aa2359ffa0a","_from":".","_npmVersion":"2.1.17","_nodeVersion":"0.11.14","_npmUser":{"name":"blakeembrey","email":"hello@blakeembrey.com"},"maintainers":[{"name":"blakeembrey","email":"hello@blakeembrey.com"}],"dist":{"shasum":"5640e20ccdac35bc4bd76e8996158aa2359ffa0a","tarball":"https://registry.npmjs.org/upper-case/-/upper-case-1.1.0.tgz"},"directories":{}},"1.1.1":{"name":"upper-case","version":"1.1.1","description":"Upper case a string","main":"upper-case.js","files":["upper-case.js","LICENSE"],"scripts":{"test":"istanbul cover _mocha -- -R spec"},"repository":{"type":"git","url":"git://github.com/blakeembrey/upper-case.git"},"keywords":["cases","upper","uppercase","case"],"author":{"name":"Blake Embrey","email":"hello@blakeembrey.com","url":"http://blakeembrey.me"},"license":"MIT","bugs":{"url":"https://github.com/blakeembrey/upper-case/issues"},"homepage":"https://github.com/blakeembrey/upper-case","devDependencies":{"istanbul":"^0.3.0","mocha":"^1.21.4","pre-commit":"0.0.9"},"gitHead":"4a2a31e7fbd4d4a8ffaad85c1586142bf11a3da0","_id":"upper-case@1.1.1","_shasum":"2140075b68653491d25084c1f350a06497acc030","_from":".","_npmVersion":"2.1.17","_nodeVersion":"0.11.14","_npmUser":{"name":"blakeembrey","email":"hello@blakeembrey.com"},"maintainers":[{"name":"blakeembrey","email":"hello@blakeembrey.com"}],"dist":{"shasum":"2140075b68653491d25084c1f350a06497acc030","tarball":"https://registry.npmjs.org/upper-case/-/upper-case-1.1.1.tgz"},"directories":{}},"1.1.2":{"name":"upper-case","version":"1.1.2","description":"Upper case a string","main":"upper-case.js","files":["upper-case.js","LICENSE"],"scripts":{"lint":"standard","test-std":"mocha -- -R spec --bail","test-cov":"istanbul cover node_modules/mocha/bin/_mocha -- -R spec --bail","test":"npm run lint && npm run test-cov"},"standard":{"ignore":["coverage/**","node_modules/**","bower_components/**"]},"repository":{"type":"git","url":"git://github.com/blakeembrey/upper-case.git"},"keywords":["cases","upper","uppercase","case"],"author":{"name":"Blake Embrey","email":"hello@blakeembrey.com","url":"http://blakeembrey.me"},"license":"MIT","bugs":{"url":"https://github.com/blakeembrey/upper-case/issues"},"homepage":"https://github.com/blakeembrey/upper-case","devDependencies":{"istanbul":"^0.3.5","mocha":"^2.1.0","pre-commit":"^1.0.2","standard":"^2.4.5"},"gitHead":"df8fac5b57457374ed1fc79ccbf102635d568a4f","_id":"upper-case@1.1.2","_shasum":"18973f566860831d5617724efd5c1b15cfd26d36","_from":".","_npmVersion":"2.5.1","_nodeVersion":"0.12.0","_npmUser":{"name":"blakeembrey","email":"hello@blakeembrey.com"},"maintainers":[{"name":"blakeembrey","email":"hello@blakeembrey.com"}],"dist":{"shasum":"18973f566860831d5617724efd5c1b15cfd26d36","tarball":"https://registry.npmjs.org/upper-case/-/upper-case-1.1.2.tgz"},"directories":{}},"1.1.3":{"name":"upper-case","version":"1.1.3","description":"Upper case a string","main":"upper-case.js","typings":"upper-case.d.ts","files":["upper-case.js","upper-case.d.ts","LICENSE"],"scripts":{"lint":"standard","test-std":"mocha -- -R spec --bail","test-cov":"istanbul cover node_modules/mocha/bin/_mocha -- -R spec --bail","test":"npm run lint && npm run test-cov"},"standard":{"ignore":["coverage/**","node_modules/**","bower_components/**"]},"repository":{"type":"git","url":"git://github.com/blakeembrey/upper-case.git"},"keywords":["cases","upper","uppercase","case"],"author":{"name":"Blake Embrey","email":"hello@blakeembrey.com","url":"http://blakeembrey.me"},"license":"MIT","bugs":{"url":"https://github.com/blakeembrey/upper-case/issues"},"homepage":"https://github.com/blakeembrey/upper-case","devDependencies":{"istanbul":"^0.3.5","mocha":"^2.1.0","pre-commit":"^1.0.2","standard":"^2.4.5"},"gitHead":"9df13a7ee6dad5c984f7e9c0fc3f15cef382d425","_id":"upper-case@1.1.3","_shasum":"f6b4501c2ec4cdd26ba78be7222961de77621598","_from":".","_npmVersion":"3.3.12","_nodeVersion":"5.2.0","_npmUser":{"name":"blakeembrey","email":"hello@blakeembrey.com"},"dist":{"shasum":"f6b4501c2ec4cdd26ba78be7222961de77621598","tarball":"https://registry.npmjs.org/upper-case/-/upper-case-1.1.3.tgz"},"maintainers":[{"name":"blakeembrey","email":"hello@blakeembrey.com"}],"directories":{}}},"readme":"# Upper Case\n\n[![NPM version][npm-image]][npm-url]\n[![NPM downloads][downloads-image]][downloads-url]\n[![Build status][travis-image]][travis-url]\n[![Test coverage][coveralls-image]][coveralls-url]\n\nUpper case a string.\n\nSupports Unicode (non-ASCII characters) and non-string entities, such as objects with a `toString` property, numbers and booleans. Empty values (`null` and `undefined`) will result in an empty string.\n\n## Installation\n\n```\nnpm install upper-case --save\n```\n\n## Usage\n\n```js\nvar upperCase = require('upper-case')\n\nupperCase(null)           //=> \"\"\nupperCase('string')       //=> \"STRING\"\nupperCase('string', 'tr') //=> \"STRİNG\"\n\nupperCase({ toString: function () { return 'test' } }) //=> \"TEST\"\n```\n\n## Typings\n\nIncludes a [TypeScript definition](upper-case.d.ts).\n\n## License\n\nMIT\n\n[npm-image]: https://img.shields.io/npm/v/upper-case.svg?style=flat\n[npm-url]: https://npmjs.org/package/upper-case\n[downloads-image]: https://img.shields.io/npm/dm/upper-case.svg?style=flat\n[downloads-url]: https://npmjs.org/package/upper-case\n[travis-image]: https://img.shields.io/travis/blakeembrey/upper-case.svg?style=flat\n[travis-url]: https://travis-ci.org/blakeembrey/upper-case\n[coveralls-image]: https://img.shields.io/coveralls/blakeembrey/upper-case.svg?style=flat\n[coveralls-url]: https://coveralls.io/r/blakeembrey/upper-case?branch=master\n","maintainers":[{"name":"blakeembrey","email":"hello@blakeembrey.com"}],"time":{"modified":"2015-12-16T00:26:07.018Z","created":"2014-03-05T03:40:31.587Z","0.0.1":"2014-03-05T03:40:31.587Z","1.0.0":"2014-08-17T19:07:21.522Z","1.0.1":"2014-08-17T20:31:02.667Z","1.0.2":"2014-08-17T20:55:43.124Z","1.0.3":"2014-08-17T20:58:52.214Z","1.1.0":"2015-01-12T03:39:27.593Z","1.1.1":"2015-01-12T07:48:09.280Z","1.1.2":"2015-02-08T07:43:09.713Z","1.1.3":"2015-12-16T00:26:07.018Z"},"homepage":"https://github.com/blakeembrey/upper-case","keywords":["cases","upper","uppercase","case"],"repository":{"type":"git","url":"git://github.com/blakeembrey/upper-case.git"},"author":{"name":"Blake Embrey","email":"hello@blakeembrey.com","url":"http://blakeembrey.me"},"bugs":{"url":"https://github.com/blakeembrey/upper-case/issues"},"license":"MIT","readmeFilename":"README.md","_attachments":{},"_etag":"W/\"5670af9f-3060\"","_lastModified":"Wed, 16 Dec 2015 00:26:07 GMT","_cached":true}