{"_id":"pify","_rev":"46-f2ae699059e30487a242c878f1c05764","name":"pify","description":"Promisify a callback-style function","dist-tags":{"latest":"3.0.0"},"versions":{"1.0.0":{"name":"pify","version":"1.0.0","description":"Promisify a callback-style function","license":"MIT","repository":{"type":"git","url":"https://github.com/sindresorhus/pify"},"author":{"name":"Sindre Sorhus","email":"sindresorhus@gmail.com","url":"sindresorhus.com"},"engines":{"node":">=0.12.0"},"scripts":{"test":"xo && ava"},"files":["index.js"],"keywords":["promise","promises","promisify","denodify","denodeify","callback","cb","node","then","thenify","convert","transform","wrap","wrapper","bind","to","async","es2015"],"devDependencies":{"ava":"*","pinkie-promise":"^1.0.0","xo":"*"},"gitHead":"9f9082534d0eff1f0bae57501e10c820342a4259","bugs":{"url":"https://github.com/sindresorhus/pify/issues"},"homepage":"https://github.com/sindresorhus/pify","_id":"pify@1.0.0","_shasum":"ef1490fdd87eb5f84c411507d72e2b535790bc4e","_from":".","_npmVersion":"2.11.3","_nodeVersion":"0.12.7","_npmUser":{"name":"sindresorhus","email":"sindresorhus@gmail.com"},"dist":{"shasum":"ef1490fdd87eb5f84c411507d72e2b535790bc4e","tarball":"https://registry.npmjs.org/pify/-/pify-1.0.0.tgz"},"maintainers":[{"name":"sindresorhus","email":"sindresorhus@gmail.com"}],"directories":{}},"1.1.0":{"name":"pify","version":"1.1.0","description":"Promisify a callback-style function","license":"MIT","repository":{"type":"git","url":"https://github.com/sindresorhus/pify"},"author":{"name":"Sindre Sorhus","email":"sindresorhus@gmail.com","url":"sindresorhus.com"},"engines":{"node":">=0.12.0"},"scripts":{"test":"xo && ava"},"files":["index.js"],"keywords":["promise","promises","promisify","denodify","denodeify","callback","cb","node","then","thenify","convert","transform","wrap","wrapper","bind","to","async","es2015"],"devDependencies":{"ava":"*","pinkie-promise":"^1.0.0","xo":"*"},"gitHead":"e8c4e6f46cbd20d4886da5ef748c2c8863fa8767","bugs":{"url":"https://github.com/sindresorhus/pify/issues"},"homepage":"https://github.com/sindresorhus/pify","_id":"pify@1.1.0","_shasum":"0b89b22c63d089de78f9668e2148165e85b10674","_from":".","_npmVersion":"2.11.3","_nodeVersion":"0.12.7","_npmUser":{"name":"sindresorhus","email":"sindresorhus@gmail.com"},"dist":{"shasum":"0b89b22c63d089de78f9668e2148165e85b10674","tarball":"https://registry.npmjs.org/pify/-/pify-1.1.0.tgz"},"maintainers":[{"name":"sindresorhus","email":"sindresorhus@gmail.com"}],"directories":{}},"1.1.1":{"name":"pify","version":"1.1.1","description":"Promisify a callback-style function","license":"MIT","repository":{"type":"git","url":"git+https://github.com/sindresorhus/pify.git"},"author":{"name":"Sindre Sorhus","email":"sindresorhus@gmail.com","url":"sindresorhus.com"},"engines":{"node":">=0.10.0"},"scripts":{"test":"xo && ava"},"files":["index.js"],"keywords":["promise","promises","promisify","denodify","denodeify","callback","cb","node","then","thenify","convert","transform","wrap","wrapper","bind","to","async","es2015"],"devDependencies":{"ava":"*","pinkie-promise":"^1.0.0","xo":"*"},"gitHead":"e40e7d47d41acaf51dcea2299e583fea6c0157a8","bugs":{"url":"https://github.com/sindresorhus/pify/issues"},"homepage":"https://github.com/sindresorhus/pify#readme","_id":"pify@1.1.1","_shasum":"d06afb0e685893d6c16566d1f819b5ede2b33a29","_from":".","_npmVersion":"2.14.1","_nodeVersion":"0.12.7","_npmUser":{"name":"sindresorhus","email":"sindresorhus@gmail.com"},"dist":{"shasum":"d06afb0e685893d6c16566d1f819b5ede2b33a29","tarball":"https://registry.npmjs.org/pify/-/pify-1.1.1.tgz"},"maintainers":[{"name":"sindresorhus","email":"sindresorhus@gmail.com"}],"directories":{}},"2.0.0":{"name":"pify","version":"2.0.0","description":"Promisify a callback-style function","license":"MIT","repository":{"type":"git","url":"https://github.com/sindresorhus/pify"},"author":{"name":"Sindre Sorhus","email":"sindresorhus@gmail.com","url":"sindresorhus.com"},"engines":{"node":">=0.10.0"},"scripts":{"test":"xo && ava"},"files":["index.js"],"keywords":["promise","promises","promisify","denodify","denodeify","callback","cb","node","then","thenify","convert","transform","wrap","wrapper","bind","to","async","es2015"],"devDependencies":{"ava":"*","pinkie-promise":"^1.0.0","xo":"*"},"gitHead":"1498ffad69776d3906f0ef177f861d8e82ae8be7","bugs":{"url":"https://github.com/sindresorhus/pify/issues"},"homepage":"https://github.com/sindresorhus/pify","_id":"pify@2.0.0","_shasum":"7caa2a72d2c4a5ebb9f4db1cfcc5bf5ea0c10264","_from":".","_npmVersion":"2.11.3","_nodeVersion":"0.12.7","_npmUser":{"name":"sindresorhus","email":"sindresorhus@gmail.com"},"dist":{"shasum":"7caa2a72d2c4a5ebb9f4db1cfcc5bf5ea0c10264","tarball":"https://registry.npmjs.org/pify/-/pify-2.0.0.tgz"},"maintainers":[{"name":"sindresorhus","email":"sindresorhus@gmail.com"}],"directories":{}},"2.1.0":{"name":"pify","version":"2.1.0","description":"Promisify a callback-style function","license":"MIT","repository":{"type":"git","url":"https://github.com/sindresorhus/pify"},"author":{"name":"Sindre Sorhus","email":"sindresorhus@gmail.com","url":"sindresorhus.com"},"engines":{"node":">=0.10.0"},"scripts":{"test":"xo && ava"},"files":["index.js"],"keywords":["promise","promises","promisify","denodify","denodeify","callback","cb","node","then","thenify","convert","transform","wrap","wrapper","bind","to","async","es2015"],"devDependencies":{"ava":"*","pinkie-promise":"^1.0.0","xo":"*"},"gitHead":"9b0d12e83b849f4b75264cf08e0bfcf93c85d346","bugs":{"url":"https://github.com/sindresorhus/pify/issues"},"homepage":"https://github.com/sindresorhus/pify","_id":"pify@2.1.0","_shasum":"093996c0190b737612e3519fd24c7147166fcb6e","_from":".","_npmVersion":"2.13.3","_nodeVersion":"3.0.0","_npmUser":{"name":"sindresorhus","email":"sindresorhus@gmail.com"},"dist":{"shasum":"093996c0190b737612e3519fd24c7147166fcb6e","tarball":"https://registry.npmjs.org/pify/-/pify-2.1.0.tgz"},"maintainers":[{"name":"sindresorhus","email":"sindresorhus@gmail.com"}],"directories":{}},"2.2.0":{"name":"pify","version":"2.2.0","description":"Promisify a callback-style function","license":"MIT","repository":{"type":"git","url":"git+https://github.com/sindresorhus/pify.git"},"author":{"name":"Sindre Sorhus","email":"sindresorhus@gmail.com","url":"sindresorhus.com"},"engines":{"node":">=0.10.0"},"scripts":{"test":"xo && ava"},"files":["index.js"],"keywords":["promise","promises","promisify","denodify","denodeify","callback","cb","node","then","thenify","convert","transform","wrap","wrapper","bind","to","async","es2015"],"devDependencies":{"ava":"*","pinkie-promise":"^1.0.0","xo":"*"},"gitHead":"665ffa9dcac562c59187279b0220300aa21740b0","bugs":{"url":"https://github.com/sindresorhus/pify/issues"},"homepage":"https://github.com/sindresorhus/pify#readme","_id":"pify@2.2.0","_shasum":"c65e870246c78b5a4ce6c0a6f35048c9aecd6cff","_from":".","_npmVersion":"2.14.2","_nodeVersion":"4.0.0","_npmUser":{"name":"sindresorhus","email":"sindresorhus@gmail.com"},"dist":{"shasum":"c65e870246c78b5a4ce6c0a6f35048c9aecd6cff","tarball":"https://registry.npmjs.org/pify/-/pify-2.2.0.tgz"},"maintainers":[{"name":"sindresorhus","email":"sindresorhus@gmail.com"}],"directories":{}},"2.3.0":{"name":"pify","version":"2.3.0","description":"Promisify a callback-style function","license":"MIT","repository":{"type":"git","url":"https://github.com/sindresorhus/pify"},"author":{"name":"Sindre Sorhus","email":"sindresorhus@gmail.com","url":"sindresorhus.com"},"engines":{"node":">=0.10.0"},"scripts":{"test":"xo && ava && npm run optimization-test","optimization-test":"node --allow-natives-syntax optimization-test.js"},"files":["index.js"],"keywords":["promise","promises","promisify","denodify","denodeify","callback","cb","node","then","thenify","convert","transform","wrap","wrapper","bind","to","async","es2015"],"devDependencies":{"ava":"*","pinkie-promise":"^1.0.0","v8-natives":"0.0.2","xo":"*"},"gitHead":"2dd0d8b880e4ebcc5cc33ae126b02647418e4440","bugs":{"url":"https://github.com/sindresorhus/pify/issues"},"homepage":"https://github.com/sindresorhus/pify","_id":"pify@2.3.0","_shasum":"ed141a6ac043a849ea588498e7dca8b15330e90c","_from":".","_npmVersion":"2.14.7","_nodeVersion":"4.2.1","_npmUser":{"name":"sindresorhus","email":"sindresorhus@gmail.com"},"dist":{"shasum":"ed141a6ac043a849ea588498e7dca8b15330e90c","tarball":"https://registry.npmjs.org/pify/-/pify-2.3.0.tgz"},"maintainers":[{"name":"sindresorhus","email":"sindresorhus@gmail.com"}],"directories":{}},"3.0.0":{"name":"pify","version":"3.0.0","description":"Promisify a callback-style function","license":"MIT","repository":{"type":"git","url":"git+https://github.com/sindresorhus/pify.git"},"author":{"name":"Sindre Sorhus","email":"sindresorhus@gmail.com","url":"sindresorhus.com"},"engines":{"node":">=4"},"scripts":{"test":"xo && ava && npm run optimization-test","optimization-test":"node --allow-natives-syntax optimization-test.js"},"files":["index.js"],"keywords":["promise","promises","promisify","all","denodify","denodeify","callback","cb","node","then","thenify","convert","transform","wrap","wrapper","bind","to","async","await","es2015","bluebird"],"devDependencies":{"ava":"*","pinkie-promise":"^2.0.0","v8-natives":"^1.0.0","xo":"*"},"gitHead":"e64328eb378e2ecd6bf8c0eb40aa3277680aaff4","bugs":{"url":"https://github.com/sindresorhus/pify/issues"},"homepage":"https://github.com/sindresorhus/pify#readme","_id":"pify@3.0.0","_shasum":"e5a4acd2c101fdf3d9a4d07f0dbc4db49dd28176","_from":".","_npmVersion":"2.15.11","_nodeVersion":"4.8.3","_npmUser":{"name":"sindresorhus","email":"sindresorhus@gmail.com"},"dist":{"shasum":"e5a4acd2c101fdf3d9a4d07f0dbc4db49dd28176","tarball":"https://registry.npmjs.org/pify/-/pify-3.0.0.tgz"},"maintainers":[{"name":"sindresorhus","email":"sindresorhus@gmail.com"}],"_npmOperationalInternal":{"host":"s3://npm-registry-packages","tmp":"tmp/pify-3.0.0.tgz_1495952727749_0.4502641425933689"},"directories":{}}},"readme":"# pify [![Build Status](https://travis-ci.org/sindresorhus/pify.svg?branch=master)](https://travis-ci.org/sindresorhus/pify)\n\n> Promisify a callback-style function\n\n\n## Install\n\n```\n$ npm install --save pify\n```\n\n\n## Usage\n\n```js\nconst fs = require('fs');\nconst pify = require('pify');\n\n// Promisify a single function\npify(fs.readFile)('package.json', 'utf8').then(data => {\n\tconsole.log(JSON.parse(data).name);\n\t//=> 'pify'\n});\n\n// Promisify all methods in a module\npify(fs).readFile('package.json', 'utf8').then(data => {\n\tconsole.log(JSON.parse(data).name);\n\t//=> 'pify'\n});\n```\n\n\n## API\n\n### pify(input, [options])\n\nReturns a `Promise` wrapped version of the supplied function or module.\n\n#### input\n\nType: `Function` `Object`\n\nCallback-style function or module whose methods you want to promisify.\n\n#### options\n\n##### multiArgs\n\nType: `boolean`<br>\nDefault: `false`\n\nBy default, the promisified function will only return the second argument from the callback, which works fine for most APIs. This option can be useful for modules like `request` that return multiple arguments. Turning this on will make it return an array of all arguments from the callback, excluding the error argument, instead of just the second argument. This also applies to rejections, where it returns an array of all the callback arguments, including the error.\n\n```js\nconst request = require('request');\nconst pify = require('pify');\n\npify(request, {multiArgs: true})('https://sindresorhus.com').then(result => {\n\tconst [httpResponse, body] = result;\n});\n```\n\n##### include\n\nType: `string[]` `RegExp[]`\n\nMethods in a module to promisify. Remaining methods will be left untouched.\n\n##### exclude\n\nType: `string[]` `RegExp[]`<br>\nDefault: `[/.+(Sync|Stream)$/]`\n\nMethods in a module **not** to promisify. Methods with names ending with `'Sync'` are excluded by default.\n\n##### excludeMain\n\nType: `boolean`<br>\nDefault: `false`\n\nIf given module is a function itself, it will be promisified. Turn this option on if you want to promisify only methods of the module.\n\n```js\nconst pify = require('pify');\n\nfunction fn() {\n\treturn true;\n}\n\nfn.method = (data, callback) => {\n\tsetImmediate(() => {\n\t\tcallback(null, data);\n\t});\n};\n\n// Promisify methods but not `fn()`\nconst promiseFn = pify(fn, {excludeMain: true});\n\nif (promiseFn()) {\n\tpromiseFn.method('hi').then(data => {\n\t\tconsole.log(data);\n\t});\n}\n```\n\n##### errorFirst\n\nType: `boolean`<br>\nDefault: `true`\n\nWhether the callback has an error as the first argument. You'll want to set this to `false` if you're dealing with an API that doesn't have an error as the first argument, like `fs.exists()`, some browser APIs, Chrome Extension APIs, etc.\n\n##### promiseModule\n\nType: `Function`\n\nCustom promise module to use instead of the native one.\n\nCheck out [`pinkie-promise`](https://github.com/floatdrop/pinkie-promise) if you need a tiny promise polyfill.\n\n\n## Related\n\n- [p-event](https://github.com/sindresorhus/p-event) - Promisify an event by waiting for it to be emitted\n- [p-map](https://github.com/sindresorhus/p-map) - Map over promises concurrently\n- [More…](https://github.com/sindresorhus/promise-fun)\n\n\n## License\n\nMIT © [Sindre Sorhus](https://sindresorhus.com)\n","maintainers":[{"name":"sindresorhus","email":"sindresorhus@gmail.com"}],"time":{"modified":"2017-05-28T06:25:28.083Z","created":"2015-08-29T08:15:22.672Z","1.0.0":"2015-08-29T08:15:22.672Z","1.1.0":"2015-08-30T04:05:41.513Z","1.1.1":"2015-09-01T16:53:09.168Z","2.0.0":"2015-09-04T07:45:20.325Z","2.1.0":"2015-09-08T19:54:14.378Z","2.2.0":"2015-09-11T07:09:26.197Z","2.3.0":"2015-10-26T13:16:18.238Z","3.0.0":"2017-05-28T06:25:28.083Z"},"homepage":"https://github.com/sindresorhus/pify#readme","keywords":["promise","promises","promisify","all","denodify","denodeify","callback","cb","node","then","thenify","convert","transform","wrap","wrapper","bind","to","async","await","es2015","bluebird"],"repository":{"type":"git","url":"git+https://github.com/sindresorhus/pify.git"},"author":{"name":"Sindre Sorhus","email":"sindresorhus@gmail.com","url":"sindresorhus.com"},"bugs":{"url":"https://github.com/sindresorhus/pify/issues"},"license":"MIT","readmeFilename":"readme.md","users":{"axelav":true,"jamescostian":true,"3846masa":true,"theoy":true,"antixrist":true,"f124275809":true,"riyadhalnur":true,"quocnguyen":true,"scottfreecode":true,"danielbayley":true,"mariusc23":true,"nickytonline":true,"joanmi":true,"wangfeia":true,"edloidas":true,"j.su":true,"marcellk":true,"faraoman":true,"moonou":true,"seangenabe":true,"bluelovers":true,"shanewholloway":true,"shakakira":true,"zeusdeux":true,"daizch":true,"benrussert":true,"rocket0191":true,"grreenzz":true,"danielpavelic":true,"sensui":true,"fabien0102":true,"stevenvachon":true,"laomu":true,"gpuente":true,"ash":true,"rsp":true},"_attachments":{},"_etag":"W/\"592a6d58-3a66\"","_lastModified":"Sun, 28 May 2017 06:25:28 GMT","_cached":true}