{"_id":"array-uniq","_rev":"18-141dde24804216a762f2bf203d4d7e30","name":"array-uniq","description":"Create an array without duplicates","dist-tags":{"latest":"1.0.3"},"versions":{"0.1.0":{"name":"array-uniq","version":"0.1.0","description":"Returns a new array without duplicates","license":"MIT","repository":{"type":"git","url":"git://github.com/sindresorhus/array-uniq"},"author":{"name":"Sindre Sorhus","email":"sindresorhus@gmail.com","url":"http://sindresorhus.com"},"engines":{"node":">=0.10.0"},"scripts":{"test":"mocha"},"files":["index.js"],"keywords":["array","arr","set","uniq","unique","es6","duplicate","remove"],"devDependencies":{"es6-set":"^0.1.0","mocha":"*"},"bugs":{"url":"https://github.com/sindresorhus/array-uniq/issues"},"homepage":"https://github.com/sindresorhus/array-uniq","_id":"array-uniq@0.1.0","_shasum":"dc39af2405e05f814062e9cc88f563ec1213b24a","_from":".","_npmVersion":"1.4.9","_npmUser":{"name":"sindresorhus","email":"sindresorhus@gmail.com"},"maintainers":[{"name":"sindresorhus","email":"sindresorhus@gmail.com"}],"dist":{"shasum":"dc39af2405e05f814062e9cc88f563ec1213b24a","tarball":"https://registry.npmjs.org/array-uniq/-/array-uniq-0.1.0.tgz"},"directories":{}},"0.1.1":{"name":"array-uniq","version":"0.1.1","description":"Create an array without duplicates","license":"MIT","repository":{"type":"git","url":"git://github.com/sindresorhus/array-uniq"},"author":{"name":"Sindre Sorhus","email":"sindresorhus@gmail.com","url":"http://sindresorhus.com"},"engines":{"node":">=0.10.0"},"scripts":{"test":"mocha"},"files":["index.js"],"keywords":["array","arr","set","uniq","unique","es6","duplicate","remove"],"devDependencies":{"es6-set":"^0.1.0","mocha":"*"},"bugs":{"url":"https://github.com/sindresorhus/array-uniq/issues"},"homepage":"https://github.com/sindresorhus/array-uniq","_id":"array-uniq@0.1.1","_shasum":"5861f3ed4e4bb6175597a4e078e8aa78ebe958c7","_from":".","_npmVersion":"1.4.9","_npmUser":{"name":"sindresorhus","email":"sindresorhus@gmail.com"},"maintainers":[{"name":"sindresorhus","email":"sindresorhus@gmail.com"}],"dist":{"shasum":"5861f3ed4e4bb6175597a4e078e8aa78ebe958c7","tarball":"https://registry.npmjs.org/array-uniq/-/array-uniq-0.1.1.tgz"},"directories":{}},"1.0.0":{"name":"array-uniq","version":"1.0.0","description":"Create an array without duplicates","license":"MIT","repository":{"type":"git","url":"git://github.com/sindresorhus/array-uniq"},"author":{"name":"Sindre Sorhus","email":"sindresorhus@gmail.com","url":"http://sindresorhus.com"},"engines":{"node":">=0.10.0"},"scripts":{"test":"mocha"},"files":["index.js"],"keywords":["array","arr","set","uniq","unique","es6","duplicate","remove"],"devDependencies":{"es6-set":"^0.1.0","mocha":"*","require-uncached":"^1.0.2"},"gitHead":"3341fbc7cbbe748d1153efee053f723ac8bc0835","bugs":{"url":"https://github.com/sindresorhus/array-uniq/issues"},"homepage":"https://github.com/sindresorhus/array-uniq","_id":"array-uniq@1.0.0","_shasum":"bc8cb48a6ff5c63e86e330736e5de5eccb2e2b9a","_from":".","_npmVersion":"1.4.14","_npmUser":{"name":"sindresorhus","email":"sindresorhus@gmail.com"},"maintainers":[{"name":"sindresorhus","email":"sindresorhus@gmail.com"}],"dist":{"shasum":"bc8cb48a6ff5c63e86e330736e5de5eccb2e2b9a","tarball":"https://registry.npmjs.org/array-uniq/-/array-uniq-1.0.0.tgz"},"directories":{}},"1.0.1":{"name":"array-uniq","version":"1.0.1","description":"Create an array without duplicates","license":"MIT","repository":{"type":"git","url":"https://github.com/sindresorhus/array-uniq"},"author":{"name":"Sindre Sorhus","email":"sindresorhus@gmail.com","url":"http://sindresorhus.com"},"engines":{"node":">=0.10.0"},"scripts":{"test":"mocha"},"files":["index.js"],"keywords":["array","arr","set","uniq","unique","es6","duplicate","remove"],"devDependencies":{"es6-set":"^0.1.0","mocha":"*","require-uncached":"^1.0.2"},"gitHead":"ca78ebf20825ee7fe297aaeb698437aaaffcfb44","bugs":{"url":"https://github.com/sindresorhus/array-uniq/issues"},"homepage":"https://github.com/sindresorhus/array-uniq","_id":"array-uniq@1.0.1","_shasum":"25e1d96853d7f6f77cecf693f86cac4052046790","_from":".","_npmVersion":"2.0.2","_nodeVersion":"0.10.32","_npmUser":{"name":"sindresorhus","email":"sindresorhus@gmail.com"},"maintainers":[{"name":"sindresorhus","email":"sindresorhus@gmail.com"}],"dist":{"shasum":"25e1d96853d7f6f77cecf693f86cac4052046790","tarball":"https://registry.npmjs.org/array-uniq/-/array-uniq-1.0.1.tgz"},"directories":{}},"1.0.2":{"name":"array-uniq","version":"1.0.2","description":"Create an array without duplicates","license":"MIT","repository":{"type":"git","url":"https://github.com/sindresorhus/array-uniq"},"author":{"name":"Sindre Sorhus","email":"sindresorhus@gmail.com","url":"http://sindresorhus.com"},"engines":{"node":">=0.10.0"},"scripts":{"test":"mocha"},"files":["index.js"],"keywords":["array","arr","set","uniq","unique","es6","duplicate","remove"],"devDependencies":{"es6-set":"^0.1.0","mocha":"*","require-uncached":"^1.0.2"},"gitHead":"d5e311f37692dfd25ec216490df10632ce5f69f3","bugs":{"url":"https://github.com/sindresorhus/array-uniq/issues"},"homepage":"https://github.com/sindresorhus/array-uniq","_id":"array-uniq@1.0.2","_shasum":"5fcc373920775723cfd64d65c64bef53bf9eba6d","_from":".","_npmVersion":"2.1.5","_nodeVersion":"0.10.32","_npmUser":{"name":"sindresorhus","email":"sindresorhus@gmail.com"},"maintainers":[{"name":"sindresorhus","email":"sindresorhus@gmail.com"}],"dist":{"shasum":"5fcc373920775723cfd64d65c64bef53bf9eba6d","tarball":"https://registry.npmjs.org/array-uniq/-/array-uniq-1.0.2.tgz"},"directories":{}},"1.0.3":{"name":"array-uniq","version":"1.0.3","description":"Create an array without duplicates","license":"MIT","repository":{"type":"git","url":"git+https://github.com/sindresorhus/array-uniq.git"},"author":{"name":"Sindre Sorhus","email":"sindresorhus@gmail.com","url":"sindresorhus.com"},"engines":{"node":">=0.10.0"},"scripts":{"test":"xo && ava"},"files":["index.js"],"keywords":["array","arr","set","uniq","unique","es6","duplicate","remove"],"devDependencies":{"ava":"*","es6-set":"^0.1.0","require-uncached":"^1.0.2","xo":"*"},"gitHead":"3b5bf5a90a585b3950284d575f33d09663f6083a","bugs":{"url":"https://github.com/sindresorhus/array-uniq/issues"},"homepage":"https://github.com/sindresorhus/array-uniq#readme","_id":"array-uniq@1.0.3","_shasum":"af6ac877a25cc7f74e058894753858dfdb24fdb6","_from":".","_npmVersion":"2.15.0","_nodeVersion":"4.4.2","_npmUser":{"name":"sindresorhus","email":"sindresorhus@gmail.com"},"dist":{"shasum":"af6ac877a25cc7f74e058894753858dfdb24fdb6","tarball":"https://registry.npmjs.org/array-uniq/-/array-uniq-1.0.3.tgz"},"maintainers":[{"name":"sindresorhus","email":"sindresorhus@gmail.com"}],"_npmOperationalInternal":{"host":"packages-12-west.internal.npmjs.com","tmp":"tmp/array-uniq-1.0.3.tgz_1466079716839_0.9139188586268574"},"directories":{}}},"readme":"# array-uniq [![Build Status](https://travis-ci.org/sindresorhus/array-uniq.svg?branch=master)](https://travis-ci.org/sindresorhus/array-uniq)\n\n> Create an array without duplicates\n\nIt's already pretty fast, but will be much faster when [Set](https://developer.mozilla.org/en-US/docs/Web/JavaScript/Reference/Global_Objects/Set) becomes available in V8 (especially with large arrays).\n\n\n## Install\n\n```\n$ npm install --save array-uniq\n```\n\n\n## Usage\n\n```js\nconst arrayUniq = require('array-uniq');\n\narrayUniq([1, 1, 2, 3, 3]);\n//=> [1, 2, 3]\n\narrayUniq(['foo', 'foo', 'bar', 'foo']);\n//=> ['foo', 'bar']\n```\n\n\n## License\n\nMIT © [Sindre Sorhus](https://sindresorhus.com)\n","maintainers":[{"name":"sindresorhus","email":"sindresorhus@gmail.com"}],"time":{"modified":"2017-04-24T05:48:43.501Z","created":"2014-06-13T18:33:32.947Z","0.1.0":"2014-06-13T18:33:32.947Z","0.1.1":"2014-07-15T00:19:17.899Z","1.0.0":"2014-08-13T16:38:30.278Z","1.0.1":"2014-09-28T20:52:20.959Z","1.0.2":"2014-12-11T05:33:57.502Z","1.0.3":"2016-06-16T12:21:59.429Z"},"homepage":"https://github.com/sindresorhus/array-uniq#readme","keywords":["array","arr","set","uniq","unique","es6","duplicate","remove"],"repository":{"type":"git","url":"git+https://github.com/sindresorhus/array-uniq.git"},"author":{"name":"Sindre Sorhus","email":"sindresorhus@gmail.com","url":"sindresorhus.com"},"bugs":{"url":"https://github.com/sindresorhus/array-uniq/issues"},"license":"MIT","readmeFilename":"readme.md","users":{"jamescostian":true,"koslun":true,"vlazar":true,"preco21":true,"mrzmmr":true,"rocket0191":true,"ninozhang":true},"_attachments":{},"_etag":"W/\"58fd91bb-2157\"","_lastModified":"Mon, 24 Apr 2017 05:48:43 GMT","_cached":true}