{"_id":"@types/cucumber","_rev":"58-5f1e390e451dc228d46c517fcac33227","name":"@types/cucumber","description":"TypeScript definitions for cucumber-js","dist-tags":{"latest":"2.0.1","ts2.0":"2.0.1","ts2.1":"2.0.1","ts2.2":"2.0.1","ts2.3":"2.0.1","ts2.4":"2.0.1"},"versions":{"0.0.15-alpha":{"name":"@types/cucumber","version":"0.0.15-alpha","description":"Type definitions for cucumber-js from https://www.github.com/DefinitelyTyped/DefinitelyTyped","main":"","scripts":{},"author":{"name":"Abraão Alves","email":"https://github.com/abraaoalves"},"license":"MIT","typings":"index.d.ts","dependencies":{},"_id":"@types/cucumber@0.0.15-alpha","_shasum":"c8a7c650f58c6d6c28660c91b8010889ad7d31d6","_from":"output\\cucumber","_resolved":"file:output\\cucumber","_npmVersion":"3.8.2","_nodeVersion":"5.5.0","_npmUser":{"name":"types","email":"ryan.cavanaugh@microsoft.com"},"dist":{"shasum":"c8a7c650f58c6d6c28660c91b8010889ad7d31d6","tarball":"https://registry.npmjs.org/@types/cucumber/-/cucumber-0.0.15-alpha.tgz"},"maintainers":[{"name":"types","email":"ryan.cavanaugh@microsoft.com"}],"_npmOperationalInternal":{"host":"packages-12-west.internal.npmjs.com","tmp":"tmp/cucumber-0.0.15-alpha.tgz_1463460227461_0.44304102077148855"},"directories":{}},"0.0.16-alpha":{"name":"@types/cucumber","version":"0.0.16-alpha","description":"Type definitions for cucumber-js from https://www.github.com/DefinitelyTyped/DefinitelyTyped","main":"","scripts":{},"author":{"name":"Abraão Alves","email":"https://github.com/abraaoalves"},"license":"MIT","typings":"index.d.ts","dependencies":{},"_id":"@types/cucumber@0.0.16-alpha","_shasum":"8450541a130d80b026c2424cc1821a5ba1061fee","_from":"output\\cucumber","_resolved":"file:output\\cucumber","_npmVersion":"3.8.2","_nodeVersion":"5.5.0","_npmUser":{"name":"types","email":"ryan.cavanaugh@microsoft.com"},"dist":{"shasum":"8450541a130d80b026c2424cc1821a5ba1061fee","tarball":"https://registry.npmjs.org/@types/cucumber/-/cucumber-0.0.16-alpha.tgz"},"maintainers":[{"name":"types","email":"ryan.cavanaugh@microsoft.com"}],"_npmOperationalInternal":{"host":"packages-12-west.internal.npmjs.com","tmp":"tmp/cucumber-0.0.16-alpha.tgz_1463690219710_0.6116243021097034"},"directories":{}},"0.0.21-alpha":{"name":"@types/cucumber","version":"0.0.21-alpha","description":"TypeScript definitions for cucumber-js","main":"","scripts":{},"author":{"name":"Abraão Alves","email":"https://github.com/abraaoalves"},"license":"MIT","typings":"index.d.ts","dependencies":{},"_id":"@types/cucumber@0.0.21-alpha","_shasum":"619f05c3822a0968b63eb9e159b4d72871ad4dd8","_from":"output\\cucumber","_resolved":"file:output\\cucumber","_npmVersion":"3.8.2","_nodeVersion":"5.5.0","_npmUser":{"name":"types","email":"ryan.cavanaugh@microsoft.com"},"dist":{"shasum":"619f05c3822a0968b63eb9e159b4d72871ad4dd8","tarball":"https://registry.npmjs.org/@types/cucumber/-/cucumber-0.0.21-alpha.tgz"},"maintainers":[{"name":"types","email":"ryan.cavanaugh@microsoft.com"}],"_npmOperationalInternal":{"host":"packages-12-west.internal.npmjs.com","tmp":"tmp/cucumber-0.0.21-alpha.tgz_1463772304547_0.21354432962834835"},"directories":{}},"0.0.22-alpha":{"name":"@types/cucumber","version":"0.0.22-alpha","description":"TypeScript definitions for cucumber-js","main":"","scripts":{},"author":{"name":"Abraão Alves","email":"https://github.com/abraaoalves"},"license":"MIT","typings":"index.d.ts","dependencies":{},"_id":"@types/cucumber@0.0.22-alpha","_shasum":"e00bf8a92bad1c8ada39f9eb179102383a4aab70","_from":"output\\cucumber","_resolved":"file:output\\cucumber","_npmVersion":"3.8.2","_nodeVersion":"5.5.0","_npmUser":{"name":"types","email":"ryan.cavanaugh@microsoft.com"},"dist":{"shasum":"e00bf8a92bad1c8ada39f9eb179102383a4aab70","tarball":"https://registry.npmjs.org/@types/cucumber/-/cucumber-0.0.22-alpha.tgz"},"maintainers":[{"name":"types","email":"ryan.cavanaugh@microsoft.com"}],"_npmOperationalInternal":{"host":"packages-16-east.internal.npmjs.com","tmp":"tmp/cucumber-0.0.22-alpha.tgz_1464151395339_0.5654128065798432"},"directories":{}},"0.0.23-alpha":{"name":"@types/cucumber","version":"0.0.23-alpha","description":"TypeScript definitions for cucumber-js","main":"","scripts":{},"author":{"name":"Abraão Alves","email":"https://github.com/abraaoalves"},"repository":{"type":"git","url":"https://www.github.com/DefinitelyTyped/DefinitelyTyped.git"},"license":"MIT","typings":"index.d.ts","dependencies":{},"_id":"@types/cucumber@0.0.23-alpha","_shasum":"10378ee9e129321fd7d3518aa4dd383b11d5059a","_from":"output\\cucumber","_resolved":"file:output\\cucumber","_npmVersion":"3.9.5","_nodeVersion":"6.2.2","_npmUser":{"name":"types","email":"ryan.cavanaugh@microsoft.com"},"dist":{"shasum":"10378ee9e129321fd7d3518aa4dd383b11d5059a","tarball":"https://registry.npmjs.org/@types/cucumber/-/cucumber-0.0.23-alpha.tgz"},"maintainers":[{"name":"types","email":"ryan.cavanaugh@microsoft.com"}],"_npmOperationalInternal":{"host":"packages-12-west.internal.npmjs.com","tmp":"tmp/cucumber-0.0.23-alpha.tgz_1467400510370_0.77493990608491"},"directories":{}},"0.0.24-alpha":{"name":"@types/cucumber","version":"0.0.24-alpha","description":"TypeScript definitions for cucumber-js","main":"","scripts":{},"author":{"name":"Abraão Alves","email":"https://github.com/abraaoalves"},"repository":{"type":"git","url":"https://www.github.com/DefinitelyTyped/DefinitelyTyped.git"},"license":"MIT","typings":"index.d.ts","dependencies":{},"_id":"@types/cucumber@0.0.24-alpha","_shasum":"28554a633b18aa71c256827c884895f1dc4a75a0","_from":"output\\cucumber","_resolved":"file:output\\cucumber","_npmVersion":"3.7.2","_nodeVersion":"6.2.1","_npmUser":{"name":"types","email":"ryan.cavanaugh@microsoft.com"},"dist":{"shasum":"28554a633b18aa71c256827c884895f1dc4a75a0","tarball":"https://registry.npmjs.org/@types/cucumber/-/cucumber-0.0.24-alpha.tgz"},"maintainers":[{"name":"types","email":"ryan.cavanaugh@microsoft.com"}],"_npmOperationalInternal":{"host":"packages-12-west.internal.npmjs.com","tmp":"tmp/cucumber-0.0.24-alpha.tgz_1467412608537_0.3378038115333766"},"directories":{}},"0.0.25-alpha":{"name":"@types/cucumber","version":"0.0.25-alpha","description":"TypeScript definitions for cucumber-js","main":"","scripts":{},"author":{"name":"Abraão Alves","email":"https://github.com/abraaoalves"},"repository":{"type":"git","url":"https://www.github.com/DefinitelyTyped/DefinitelyTyped.git"},"license":"MIT","typings":"index.d.ts","dependencies":{},"_id":"@types/cucumber@0.0.25-alpha","_shasum":"c2fad5354149f0f105a11a4b0c53c9570fc31d31","_from":"output\\cucumber","_resolved":"file:output\\cucumber","_npmVersion":"3.7.2","_nodeVersion":"6.2.1","_npmUser":{"name":"types","email":"ryan.cavanaugh@microsoft.com"},"dist":{"shasum":"c2fad5354149f0f105a11a4b0c53c9570fc31d31","tarball":"https://registry.npmjs.org/@types/cucumber/-/cucumber-0.0.25-alpha.tgz"},"maintainers":[{"name":"types","email":"ryan.cavanaugh@microsoft.com"}],"_npmOperationalInternal":{"host":"packages-12-west.internal.npmjs.com","tmp":"tmp/cucumber-0.0.25-alpha.tgz_1467425715855_0.5925748688168824"},"directories":{}},"0.0.26-alpha":{"name":"@types/cucumber","version":"0.0.26-alpha","description":"TypeScript definitions for cucumber-js","main":"","scripts":{},"author":{"name":"Abraão Alves","email":"https://github.com/abraaoalves"},"repository":{"type":"git","url":"https://www.github.com/DefinitelyTyped/DefinitelyTyped.git"},"license":"MIT","typings":"index.d.ts","dependencies":{},"_id":"@types/cucumber@0.0.26-alpha","_shasum":"3d045418560a1f7b0b3b70add22efa0d03f12185","_from":"output\\cucumber","_resolved":"file:output\\cucumber","_npmVersion":"3.7.2","_nodeVersion":"6.2.1","_npmUser":{"name":"types","email":"ryan.cavanaugh@microsoft.com"},"dist":{"shasum":"3d045418560a1f7b0b3b70add22efa0d03f12185","tarball":"https://registry.npmjs.org/@types/cucumber/-/cucumber-0.0.26-alpha.tgz"},"maintainers":[{"name":"types","email":"ryan.cavanaugh@microsoft.com"}],"_npmOperationalInternal":{"host":"packages-16-east.internal.npmjs.com","tmp":"tmp/cucumber-0.0.26-alpha.tgz_1467590472578_0.9497821093536913"},"directories":{}},"0.0.27-alpha":{"name":"@types/cucumber","version":"0.0.27-alpha","description":"TypeScript definitions for cucumber-js","main":"","scripts":{},"author":{"name":"Abraão Alves","email":"https://github.com/abraaoalves"},"repository":{"type":"git","url":"https://www.github.com/DefinitelyTyped/DefinitelyTyped.git"},"license":"MIT","typings":"index.d.ts","dependencies":{},"_id":"@types/cucumber@0.0.27-alpha","_shasum":"7480117bbc1960debc254a09bc5ed1e4e33ffe0f","_from":"output\\cucumber","_resolved":"file:output\\cucumber","_npmVersion":"3.10.3","_nodeVersion":"6.3.0","_npmUser":{"name":"types","email":"ryan.cavanaugh@microsoft.com"},"dist":{"shasum":"7480117bbc1960debc254a09bc5ed1e4e33ffe0f","tarball":"https://registry.npmjs.org/@types/cucumber/-/cucumber-0.0.27-alpha.tgz"},"maintainers":[{"name":"types","email":"ryan.cavanaugh@microsoft.com"}],"_npmOperationalInternal":{"host":"packages-12-west.internal.npmjs.com","tmp":"tmp/cucumber-0.0.27-alpha.tgz_1468007544844_0.8896959070116282"},"directories":{}},"0.0.28":{"name":"@types/cucumber","version":"0.0.28","description":"TypeScript definitions for cucumber-js","main":"","scripts":{},"author":{"name":"Abraão Alves","email":"https://github.com/abraaoalves"},"repository":{"type":"git","url":"https://www.github.com/DefinitelyTyped/DefinitelyTyped.git"},"license":"MIT","typings":"index.d.ts","dependencies":{},"_id":"@types/cucumber@0.0.28","_shasum":"0bdbd7612ba0ce91f13729c9a92bba0f5b925284","_from":"output\\cucumber","_resolved":"file:output\\cucumber","_npmVersion":"3.10.3","_nodeVersion":"6.3.0","_npmUser":{"name":"types","email":"ts-npm-types@microsoft.com"},"dist":{"shasum":"0bdbd7612ba0ce91f13729c9a92bba0f5b925284","tarball":"https://registry.npmjs.org/@types/cucumber/-/cucumber-0.0.28.tgz"},"maintainers":[{"name":"types","email":"ryan.cavanaugh@microsoft.com"}],"_npmOperationalInternal":{"host":"packages-16-east.internal.npmjs.com","tmp":"tmp/cucumber-0.0.28.tgz_1468506169641_0.3668837766163051"},"directories":{}},"0.0.29":{"name":"@types/cucumber","version":"0.0.29","description":"TypeScript definitions for cucumber-js","license":"MIT","author":"Abraão Alves <https://github.com/abraaoalves>","main":"","repository":{"type":"git","url":"https://www.github.com/DefinitelyTyped/DefinitelyTyped.git"},"scripts":{},"dependencies":{},"typings":"index.d.ts","_id":"@types/cucumber@0.0.29","dist":{"shasum":"357dd7ffe08afbd8c38db48fc2b40eac07feaf75","tarball":"https://registry.npmjs.org/@types/cucumber/-/cucumber-0.0.29.tgz"},"maintainers":[{"name":"types","email":"ryan.cavanaugh@microsoft.com"}],"_npmUser":{"name":"types","email":"ts-npm-types@microsoft.com"},"_npmOperationalInternal":{"host":"packages-12-west.internal.npmjs.com","tmp":"tmp/cucumber-0.0.29.tgz_1470153017806_0.07509782630950212"},"directories":{}},"0.0.30":{"name":"@types/cucumber","version":"0.0.30","description":"TypeScript definitions for cucumber-js","license":"MIT","author":"Abraão Alves <https://github.com/abraaoalves>","main":"","repository":{"type":"git","url":"https://www.github.com/DefinitelyTyped/DefinitelyTyped.git"},"scripts":{},"dependencies":{},"typings":"index.d.ts","_id":"@types/cucumber@0.0.30","dist":{"shasum":"e7013e843571a6e71b02abaf5733136d02cb8d83","tarball":"https://registry.npmjs.org/@types/cucumber/-/cucumber-0.0.30.tgz"},"maintainers":[{"name":"types","email":"ryan.cavanaugh@microsoft.com"}],"_npmUser":{"name":"types","email":"ts-npm-types@microsoft.com"},"_npmOperationalInternal":{"host":"packages-16-east.internal.npmjs.com","tmp":"tmp/cucumber-0.0.30.tgz_1471620193342_0.9867655453272164"},"directories":{}},"0.0.31":{"name":"@types/cucumber","version":"0.0.31","description":"TypeScript definitions for cucumber-js","license":"MIT","author":"Abraão Alves <https://github.com/abraaoalves>","main":"","repository":{"type":"git","url":"https://www.github.com/DefinitelyTyped/DefinitelyTyped.git"},"scripts":{},"dependencies":{},"typings":"index.d.ts","_id":"@types/cucumber@0.0.31","dist":{"shasum":"5dc09d922dc340ad18240b8565a395f160440574","tarball":"https://registry.npmjs.org/@types/cucumber/-/cucumber-0.0.31.tgz"},"maintainers":[{"name":"types","email":"ryan.cavanaugh@microsoft.com"}],"_npmUser":{"name":"types","email":"ts-npm-types@microsoft.com"},"_npmOperationalInternal":{"host":"packages-16-east.internal.npmjs.com","tmp":"tmp/cucumber-0.0.31.tgz_1472150284398_0.7903558954130858"},"directories":{}},"0.0.32":{"name":"@types/cucumber","version":"0.0.32","description":"TypeScript definitions for cucumber-js","license":"MIT","author":"Abraão Alves <https://github.com/abraaoalves>","main":"","repository":{"type":"git","url":"https://www.github.com/DefinitelyTyped/DefinitelyTyped.git"},"scripts":{},"dependencies":{},"typings":"index.d.ts","typesPublisherContentHash":"c355753e1ddd7ec5134acfbb2af637e37b00b123a423afacd863987638745e0d","_id":"@types/cucumber@0.0.32","dist":{"shasum":"b5d410acd7116254a3f66b9a687bd28e8f6500df","tarball":"https://registry.npmjs.org/@types/cucumber/-/cucumber-0.0.32.tgz"},"maintainers":[{"name":"types","email":"ryan.cavanaugh@microsoft.com"}],"_npmUser":{"name":"types","email":"ts-npm-types@microsoft.com"},"_npmOperationalInternal":{"host":"packages-16-east.internal.npmjs.com","tmp":"tmp/cucumber-0.0.32.tgz_1474302812558_0.7809460130520165"},"directories":{}},"0.0.33":{"name":"@types/cucumber","version":"0.0.33","description":"TypeScript definitions for cucumber-js","license":"MIT","author":"Abraão Alves <https://github.com/abraaoalves>","main":"","repository":{"type":"git","url":"https://www.github.com/DefinitelyTyped/DefinitelyTyped.git"},"scripts":{},"dependencies":{},"peerDependencies":{},"typings":"index.d.ts","typesPublisherContentHash":"176b542bf8c7b05ebb3ff44f9ac5d705f018174521ebfc73accda45a46304d09","_id":"@types/cucumber@0.0.33","dist":{"shasum":"e32e48e19cccd8f42579e5d7f91c41c945631fa6","tarball":"https://registry.npmjs.org/@types/cucumber/-/cucumber-0.0.33.tgz"},"maintainers":[{"name":"types","email":"ryan.cavanaugh@microsoft.com"}],"_npmUser":{"name":"types","email":"ts-npm-types@microsoft.com"},"_npmOperationalInternal":{"host":"packages-12-west.internal.npmjs.com","tmp":"tmp/cucumber-0.0.33.tgz_1477509917485_0.6237729880958796"},"directories":{}},"0.0.34":{"name":"@types/cucumber","version":"0.0.34","description":"TypeScript definitions for cucumber-js","license":"MIT","author":"Abraão Alves <https://github.com/abraaoalves>","main":"","repository":{"type":"git","url":"https://www.github.com/DefinitelyTyped/DefinitelyTyped.git"},"scripts":{},"dependencies":{},"peerDependencies":{},"typesPublisherContentHash":"173e78b58a3977ce4c815dbc91e20c2eb3240740f5c927a047c2c987f6935916","typeScriptVersion":"2.0","_id":"@types/cucumber@0.0.34","dist":{"shasum":"9b2ca26a7ba7ba1b8fcfeeb0c055a9b4b07c20c1","tarball":"https://registry.npmjs.org/@types/cucumber/-/cucumber-0.0.34.tgz"},"maintainers":[{"name":"types","email":"ryan.cavanaugh@microsoft.com"}],"_npmUser":{"name":"types","email":"ts-npm-types@microsoft.com"},"_npmOperationalInternal":{"host":"packages-12-west.internal.npmjs.com","tmp":"tmp/cucumber-0.0.34.tgz_1483239449623_0.34519462171010673"},"directories":{}},"0.0.35":{"name":"@types/cucumber","version":"0.0.35","description":"TypeScript definitions for cucumber-js","license":"MIT","author":"Abraão Alves <https://github.com/abraaoalves>, Jan Molak <https://github.com/jan-molak>","main":"","repository":{"type":"git","url":"https://www.github.com/DefinitelyTyped/DefinitelyTyped.git"},"scripts":{},"dependencies":{},"peerDependencies":{},"typesPublisherContentHash":"37abbe2306837047c98a17e28a401ca021d0c75ee59c5d406a8fe2cd41d8f392","typeScriptVersion":"2.0","_id":"@types/cucumber@0.0.35","dist":{"shasum":"30fa6e3fda0f8dfa141dee3b39f1033d075dbaf2","tarball":"https://registry.npmjs.org/@types/cucumber/-/cucumber-0.0.35.tgz"},"maintainers":[{"name":"types","email":"ryan.cavanaugh@microsoft.com"}],"_npmUser":{"name":"types","email":"ts-npm-types@microsoft.com"},"_npmOperationalInternal":{"host":"packages-18-east.internal.npmjs.com","tmp":"tmp/cucumber-0.0.35.tgz_1483646222499_0.3593533206731081"},"directories":{}},"0.0.36":{"name":"@types/cucumber","version":"0.0.36","description":"TypeScript definitions for cucumber-js","license":"MIT","author":"Abraão Alves <https://github.com/abraaoalves>, Jan Molak <https://github.com/jan-molak>","main":"","repository":{"type":"git","url":"https://www.github.com/DefinitelyTyped/DefinitelyTyped.git"},"scripts":{},"dependencies":{},"peerDependencies":{},"typesPublisherContentHash":"68c43988d79f3562641623165f308313d24d57594db795db4b5be4ad850666b5","typeScriptVersion":"2.0","_id":"@types/cucumber@0.0.36","dist":{"shasum":"66168e7fad847d1c87eef6017c2a03aa78b40418","tarball":"https://registry.npmjs.org/@types/cucumber/-/cucumber-0.0.36.tgz"},"maintainers":[{"name":"types","email":"ryan.cavanaugh@microsoft.com"}],"_npmUser":{"name":"types","email":"ts-npm-types@microsoft.com"},"_npmOperationalInternal":{"host":"packages-12-west.internal.npmjs.com","tmp":"tmp/cucumber-0.0.36.tgz_1487018375103_0.2747167132329196"},"directories":{}},"0.0.37":{"name":"@types/cucumber","version":"0.0.37","description":"TypeScript definitions for cucumber-js","license":"MIT","contributors":[{"name":"Abraão Alves","url":"https://github.com/abraaoalves"},{"name":"Jan Molak","url":"https://github.com/jan-molak"}],"main":"","repository":{"type":"git","url":"https://www.github.com/DefinitelyTyped/DefinitelyTyped.git"},"scripts":{},"dependencies":{},"peerDependencies":{},"typesPublisherContentHash":"33e6263676f5ab7548cc574024b6599b60b7e94a6ba0277180df2ef7ff3afe1a","typeScriptVersion":"2.0","_id":"@types/cucumber@0.0.37","dist":{"shasum":"b6cb3f038ed4e0608264e2c0b3cf6be3b4dd17cb","tarball":"https://registry.npmjs.org/@types/cucumber/-/cucumber-0.0.37.tgz"},"maintainers":[{"name":"types","email":"ryan.cavanaugh@microsoft.com"}],"_npmUser":{"name":"types","email":"ts-npm-types@microsoft.com"},"_npmOperationalInternal":{"host":"packages-18-east.internal.npmjs.com","tmp":"tmp/cucumber-0.0.37.tgz_1487577972079_0.14951448910869658"},"directories":{}},"0.0.38":{"name":"@types/cucumber","version":"0.0.38","description":"TypeScript definitions for cucumber-js","license":"MIT","contributors":[{"name":"Abraão Alves","url":"https://github.com/abraaoalves"},{"name":"Jan Molak","url":"https://github.com/jan-molak"}],"main":"","repository":{"type":"git","url":"https://www.github.com/DefinitelyTyped/DefinitelyTyped.git"},"scripts":{},"dependencies":{},"peerDependencies":{},"typesPublisherContentHash":"e926a274b05e55fe4cd54cdb83836321c440a34239b968e0fa762258a3b25d14","typeScriptVersion":"2.0","_id":"@types/cucumber@0.0.38","dist":{"shasum":"36c3988922de47119c2cd461b922fc24af36a1e7","tarball":"https://registry.npmjs.org/@types/cucumber/-/cucumber-0.0.38.tgz"},"maintainers":[{"name":"types","email":"ryan.cavanaugh@microsoft.com"}],"_npmUser":{"name":"types","email":"ts-npm-types@microsoft.com"},"_npmOperationalInternal":{"host":"packages-18-east.internal.npmjs.com","tmp":"tmp/cucumber-0.0.38.tgz_1488949181044_0.7396742708515376"},"directories":{}},"0.0.39":{"name":"@types/cucumber","version":"0.0.39","description":"TypeScript definitions for cucumber-js","license":"MIT","contributors":[{"name":"Abraão Alves","url":"https://github.com/abraaoalves"},{"name":"Jan Molak","url":"https://github.com/jan-molak"},{"name":"Isaiah Soung","url":"https://github.com/isoung"}],"main":"","repository":{"type":"git","url":"https://www.github.com/DefinitelyTyped/DefinitelyTyped.git"},"scripts":{},"dependencies":{},"peerDependencies":{},"typesPublisherContentHash":"3ae75aa417e8e8cc0dc3558424bed58e5155d6b90a5ca4af8bd8b83aa755eb35","typeScriptVersion":"2.0","_id":"@types/cucumber@0.0.39","dist":{"shasum":"080b2ed64da22fa919359a2d18efef7e84c5c263","tarball":"https://registry.npmjs.org/@types/cucumber/-/cucumber-0.0.39.tgz"},"maintainers":[{"name":"types","email":"ryan.cavanaugh@microsoft.com"}],"_npmUser":{"name":"types","email":"ts-npm-types@microsoft.com"},"_npmOperationalInternal":{"host":"packages-12-west.internal.npmjs.com","tmp":"tmp/cucumber-0.0.39.tgz_1490141586705_0.7110438805539161"},"directories":{}},"1.3.0":{"name":"@types/cucumber","version":"1.3.0","description":"TypeScript definitions for cucumber-js","license":"MIT","contributors":[{"name":"Abraão Alves","url":"https://github.com/abraaoalves"},{"name":"Jan Molak","url":"https://github.com/jan-molak"},{"name":"Isaiah Soung","url":"https://github.com/isoung"}],"main":"","repository":{"type":"git","url":"https://www.github.com/DefinitelyTyped/DefinitelyTyped.git"},"scripts":{},"dependencies":{},"peerDependencies":{},"typesPublisherContentHash":"e640a5b71387ab1df2ec5d3ad88a3b5d87d1b774289a408614c0607dbba56510","typeScriptVersion":"2.0","_id":"@types/cucumber@1.3.0","dist":{"shasum":"89cf776a12c29c121b92cdfa8d488d779e297b77","tarball":"https://registry.npmjs.org/@types/cucumber/-/cucumber-1.3.0.tgz"},"maintainers":[{"name":"types","email":"ryan.cavanaugh@microsoft.com"}],"_npmUser":{"name":"types","email":"ts-npm-types@microsoft.com"},"_npmOperationalInternal":{"host":"packages-12-west.internal.npmjs.com","tmp":"tmp/cucumber-1.3.0.tgz_1490208150412_0.6220486122183502"},"directories":{}},"2.0.0":{"name":"@types/cucumber","version":"2.0.0","description":"TypeScript definitions for cucumber-js","license":"MIT","contributors":[{"name":"Abraão Alves","url":"https://github.com/abraaoalves"},{"name":"Jan Molak","url":"https://github.com/jan-molak"},{"name":"Isaiah Soung","url":"https://github.com/isoung"}],"main":"","repository":{"type":"git","url":"https://www.github.com/DefinitelyTyped/DefinitelyTyped.git"},"scripts":{},"dependencies":{},"peerDependencies":{},"typesPublisherContentHash":"5ae436dd8fb9ee2007be16728b5fb1a92bd354f6335d057d01e7ac583cbefdd6","typeScriptVersion":"2.0","_id":"@types/cucumber@2.0.0","dist":{"shasum":"c349fd98979e895b64b62b05c4b5f71c774798ce","tarball":"https://registry.npmjs.org/@types/cucumber/-/cucumber-2.0.0.tgz"},"maintainers":[{"name":"types","email":"ryan.cavanaugh@microsoft.com"}],"_npmUser":{"name":"types","email":"ts-npm-types@microsoft.com"},"_npmOperationalInternal":{"host":"packages-18-east.internal.npmjs.com","tmp":"tmp/cucumber-2.0.0.tgz_1490208749139_0.9719816704746336"},"directories":{}},"1.3.1":{"name":"@types/cucumber","version":"1.3.1","description":"TypeScript definitions for cucumber-js","license":"MIT","contributors":[{"name":"Abraão Alves","url":"https://github.com/abraaoalves"},{"name":"Jan Molak","url":"https://github.com/jan-molak"},{"name":"Isaiah Soung","url":"https://github.com/isoung"}],"main":"","repository":{"type":"git","url":"https://www.github.com/DefinitelyTyped/DefinitelyTyped.git"},"scripts":{},"dependencies":{},"peerDependencies":{},"typesPublisherContentHash":"3df008ebe2761815c5b47b53eb22da7d2dd4b249c3ee7273a022653d3926a0f0","typeScriptVersion":"2.0","_id":"@types/cucumber@1.3.1","dist":{"shasum":"3dc2ca926faa50a007347868ccf033eb17b252c9","tarball":"https://registry.npmjs.org/@types/cucumber/-/cucumber-1.3.1.tgz"},"maintainers":[{"name":"types","email":"ryan.cavanaugh@microsoft.com"}],"_npmUser":{"name":"types","email":"ts-npm-types@microsoft.com"},"_npmOperationalInternal":{"host":"packages-12-west.internal.npmjs.com","tmp":"tmp/cucumber-1.3.1.tgz_1492451645417_0.20338954380713403"},"directories":{}},"2.0.1":{"name":"@types/cucumber","version":"2.0.1","description":"TypeScript definitions for cucumber-js","license":"MIT","contributors":[{"name":"Abraão Alves","url":"https://github.com/abraaoalves"},{"name":"Jan Molak","url":"https://github.com/jan-molak"},{"name":"Isaiah Soung","url":"https://github.com/isoung"}],"main":"","repository":{"type":"git","url":"https://www.github.com/DefinitelyTyped/DefinitelyTyped.git"},"scripts":{},"dependencies":{},"peerDependencies":{},"typesPublisherContentHash":"57425973b803c2ffb21ecbfa0b1462a04abf2e9c3db105a6c221d1ff4a149c71","typeScriptVersion":"2.0","_id":"@types/cucumber@2.0.1","dist":{"shasum":"a94c9c61cff45a7e932d8298d252f86c87b48ad4","tarball":"https://registry.npmjs.org/@types/cucumber/-/cucumber-2.0.1.tgz"},"maintainers":[{"name":"types","email":"ryan.cavanaugh@microsoft.com"}],"_npmUser":{"name":"types","email":"ts-npm-types@microsoft.com"},"_npmOperationalInternal":{"host":"packages-12-west.internal.npmjs.com","tmp":"tmp/cucumber-2.0.1.tgz_1492451725921_0.8218036917969584"},"directories":{}}},"readme":"# Installation\r\n> `npm install --save @types/cucumber`\r\n\r\n# Summary\r\nThis package contains type definitions for cucumber-js (https://github.com/cucumber/cucumber-js).\r\n\r\n# Details\r\nFiles were exported from https://www.github.com/DefinitelyTyped/DefinitelyTyped/tree/master/types/cucumber\r\n\r\nAdditional Details\r\n * Last updated: Mon, 17 Apr 2017 17:55:17 GMT\r\n * Dependencies: none\r\n * Global values: none\r\n\r\n# Credits\r\nThese definitions were written by Abraão Alves <https://github.com/abraaoalves>, Jan Molak <https://github.com/jan-molak>, Isaiah Soung <https://github.com/isoung>.\r\n","maintainers":[{"name":"types","email":"ts-npm-types@microsoft.com"}],"time":{"modified":"2017-05-10T17:13:27.705Z","created":"2016-05-17T04:43:48.010Z","0.0.15-alpha":"2016-05-17T04:43:48.010Z","0.0.16-alpha":"2016-05-19T20:37:02.010Z","0.0.21-alpha":"2016-05-20T19:25:04.982Z","0.0.22-alpha":"2016-05-25T04:43:17.791Z","0.0.23-alpha":"2016-07-01T19:15:10.978Z","0.0.24-alpha":"2016-07-01T22:36:50.727Z","0.0.25-alpha":"2016-07-02T02:15:16.463Z","0.0.26-alpha":"2016-07-04T00:01:16.203Z","0.0.27-alpha":"2016-07-08T19:52:25.279Z","0.0.28":"2016-07-14T14:22:51.723Z","0.0.29":"2016-08-02T15:50:19.581Z","0.0.30":"2016-08-19T15:23:14.600Z","0.0.31":"2016-08-25T18:38:04.958Z","0.0.32":"2016-09-19T16:33:34.510Z","0.0.33":"2016-10-26T19:25:17.721Z","0.0.34":"2017-01-01T02:57:30.073Z","0.0.35":"2017-01-05T19:57:04.605Z","0.0.36":"2017-02-13T20:39:35.347Z","0.0.37":"2017-02-20T08:06:13.812Z","0.0.38":"2017-03-08T04:59:42.941Z","0.0.39":"2017-03-22T00:13:06.945Z","1.3.0":"2017-03-22T18:42:30.637Z","2.0.0":"2017-03-22T18:52:31.008Z","1.3.1":"2017-04-17T17:54:05.712Z","2.0.1":"2017-04-17T17:55:26.145Z"},"license":"MIT","readmeFilename":"","repository":{"type":"git","url":"https://www.github.com/DefinitelyTyped/DefinitelyTyped.git"},"contributors":[{"name":"Abraão Alves","url":"https://github.com/abraaoalves"},{"name":"Jan Molak","url":"https://github.com/jan-molak"},{"name":"Isaiah Soung","url":"https://github.com/isoung"}],"_attachments":{},"_etag":"W/\"59134a37-67dd\"","_lastModified":"Wed, 10 May 2017 17:13:27 GMT"}