{"_id":"stacktrace-gps","_rev":"40-d0ef3cb5facd5e639a3cabf2006f50e7","name":"stacktrace-gps","description":"Turns partial code location into precise code location","dist-tags":{"latest":"3.0.1","next":"2.4.0"},"versions":{"0.1.0":{"name":"stacktrace-gps","description":"JS Object representation of a stack frame","author":{"name":"Eric Wendelin","email":"me@eriwen.com","url":"http://eriwen.com"},"version":"0.1.0","keywords":["stacktrace","error"],"homepage":"http://www.stacktracejs.com","repository":{"type":"git","url":"git://github.com/stacktracejs/stacktrace-gps.git"},"bugs":{"url":"https://github.com/stacktracejs/stacktrace-gps/issues"},"licenses":[{"type":"Public Domain","url":"https://github.com/stacktracejs/stacktrace-gps/blob/master/LICENSE"}],"main":"./stacktrace-gps.js","_id":"stacktrace-gps@0.1.0","_shasum":"7a6c38c68dd85ec15a9d2ab0b027210da3ddf2b1","_from":".","_npmVersion":"1.4.9","_npmUser":{"name":"eriwen","email":"me@eriwen.com"},"maintainers":[{"name":"eriwen","email":"me@eriwen.com"}],"dist":{"shasum":"87419977c5872ac6108fe7c659fd24bce1b4112d","tarball":"https://registry.npmjs.org/stacktrace-gps/-/stacktrace-gps-0.1.0.tgz"},"directories":{}},"0.2.0":{"name":"stacktrace-gps","description":"Turns partial code location into precise code location","maintainers":[{"name":"eriwen","email":"me@eriwen.com"}],"version":"0.2.0","keywords":["stacktrace","error","debugger"],"homepage":"http://www.stacktracejs.com","repository":{"type":"git","url":"git://github.com/stacktracejs/stacktrace-gps.git"},"devDependencies":{"colors":"~1.0.3","coveralls":"^2.11.2","jasmine-node":"~1.14","jasmine-sinon":"^0.4.0","jshint":"^2.5.6","karma":"~0.12","karma-chrome-launcher":"^0.1.5","karma-coverage":"^0.2.6","karma-firefox-launcher":"^0.1.3","karma-ie-launcher":"^0.1.5","karma-jasmine":"^0.1.5","karma-opera-launcher":"^0.1.0","karma-phantomjs-launcher":"^0.1.4","karma-safari-launcher":"^0.1.1","karma-sauce-launcher":"^0.2.10","karma-sinon":"^1.0.3","sinon":"^1.10.3"},"bugs":{"url":"https://github.com/stacktracejs/stacktrace-gps/issues"},"licenses":[{"type":"Public Domain","url":"https://github.com/stacktracejs/stacktrace-gps/blob/master/LICENSE"}],"main":"./stacktrace-gps.js","scripts":{"test":"make test"},"dependencies":{"es6-promise":"^2.0.0"},"gitHead":"d01a35280607e4a3b77b6c11e42e7180d63224ab","_id":"stacktrace-gps@0.2.0","_shasum":"7a03da402d2f90be08190c51fc3421c3473562d8","_from":".","_npmVersion":"1.4.28","_npmUser":{"name":"eriwen","email":"me@eriwen.com"},"dist":{"shasum":"7a03da402d2f90be08190c51fc3421c3473562d8","tarball":"https://registry.npmjs.org/stacktrace-gps/-/stacktrace-gps-0.2.0.tgz"},"directories":{}},"0.2.1":{"name":"stacktrace-gps","description":"Turns partial code location into precise code location","maintainers":[{"name":"eriwen","email":"me@eriwen.com"}],"version":"0.2.1","keywords":["stacktrace","error","debugger"],"homepage":"http://www.stacktracejs.com","repository":{"type":"git","url":"git://github.com/stacktracejs/stacktrace-gps.git"},"dependencies":{"stackframe":"~0","source-map":"^0.1.40"},"devDependencies":{"colors":"~1.0.3","coveralls":"^2.11.2","jasmine-node":"~1.14","jasmine-sinon":"^0.4.0","jshint":"^2.5.6","karma":"~0.12","karma-chrome-launcher":"^0.1.5","karma-coverage":"^0.2.6","karma-firefox-launcher":"^0.1.3","karma-ie-launcher":"^0.1.5","karma-jasmine":"^0.1.5","karma-opera-launcher":"^0.1.0","karma-phantomjs-launcher":"^0.1.4","karma-safari-launcher":"^0.1.1","karma-sauce-launcher":"^0.2.10","karma-sinon":"^1.0.3","sinon":"^1.10.3","uglify-js2":"^2.1.11","webpack":"^1.4.12"},"bugs":{"url":"https://github.com/stacktracejs/stacktrace-gps/issues"},"licenses":[{"type":"Public Domain","url":"https://github.com/stacktracejs/stacktrace-gps/blob/master/LICENSE"}],"main":"./stacktrace-gps.js","scripts":{"test":"make test"},"gitHead":"456042a98df086b65dba3945234491d30c7e47be","_id":"stacktrace-gps@0.2.1","_shasum":"9e0b1a6c61fda3340dc03950b72c435d391d86bd","_from":".","_npmVersion":"1.4.28","_npmUser":{"name":"eriwen","email":"me@eriwen.com"},"dist":{"shasum":"9e0b1a6c61fda3340dc03950b72c435d391d86bd","tarball":"https://registry.npmjs.org/stacktrace-gps/-/stacktrace-gps-0.2.1.tgz"},"directories":{}},"1.0.0":{"name":"stacktrace-gps","description":"Turns partial code location into precise code location","maintainers":[{"name":"eriwen","email":"me@eriwen.com"}],"version":"1.0.0","keywords":["stacktrace","error","debugger"],"homepage":"http://www.stacktracejs.com","repository":{"type":"git","url":"git://github.com/stacktracejs/stacktrace-gps.git"},"dependencies":{"es6-promise":"~2","source-map":"^0.1.40","stackframe":"~0"},"devDependencies":{"colors":"~1.0.3","coveralls":"^2.11.2","jasmine-node":"~1.14","jasmine-sinon":"^0.4.0","jshint":"^2.5.6","karma":"~0.12","karma-chrome-launcher":"^0.1.5","karma-coverage":"^0.2.6","karma-firefox-launcher":"^0.1.3","karma-ie-launcher":"^0.1.5","karma-jasmine":"^0.1.5","karma-opera-launcher":"^0.1.0","karma-phantomjs-launcher":"^0.1.4","karma-safari-launcher":"^0.1.1","karma-sauce-launcher":"^0.2.10","karma-sinon":"^1.0.3","sinon":"^1.10.3","uglify-js2":"^2.1.11","webpack":"^1.4.12"},"bugs":{"url":"https://github.com/stacktracejs/stacktrace-gps/issues"},"licenses":[{"type":"Public Domain","url":"https://github.com/stacktracejs/stacktrace-gps/blob/master/LICENSE"}],"main":"./stacktrace-gps.js","scripts":{"test":"make test"},"gitHead":"b411df2c4e7592dcf7de9ea64455da7c36e87a2c","_id":"stacktrace-gps@1.0.0","_shasum":"92b9b15148dfe350136291006dc876401210586d","_from":".","_npmVersion":"1.4.28","_npmUser":{"name":"eriwen","email":"me@eriwen.com"},"dist":{"shasum":"92b9b15148dfe350136291006dc876401210586d","tarball":"https://registry.npmjs.org/stacktrace-gps/-/stacktrace-gps-1.0.0.tgz"},"directories":{}},"1.0.1":{"name":"stacktrace-gps","description":"Turns partial code location into precise code location","maintainers":[{"name":"eriwen","email":"me@eriwen.com"}],"version":"1.0.1","keywords":["stacktrace","error","debugger"],"homepage":"http://www.stacktracejs.com","repository":{"type":"git","url":"git://github.com/stacktracejs/stacktrace-gps.git"},"dependencies":{"es6-promise":"~2","source-map":"^0.1.40","stackframe":"~0"},"devDependencies":{"colors":"~1.0.3","coveralls":"^2.11.2","jasmine-node":"~1.14","jasmine-sinon":"^0.4.0","jshint":"^2.5.6","karma":"~0.12","karma-chrome-launcher":"^0.1.5","karma-coverage":"^0.2.6","karma-firefox-launcher":"^0.1.3","karma-ie-launcher":"^0.1.5","karma-jasmine":"^0.1.5","karma-opera-launcher":"^0.1.0","karma-phantomjs-launcher":"^0.1.4","karma-safari-launcher":"^0.1.1","karma-sauce-launcher":"^0.2.10","karma-sinon":"^1.0.3","sinon":"^1.12.1","uglify-js2":"^2.1.11","webpack":"^1.4.12"},"bugs":{"url":"https://github.com/stacktracejs/stacktrace-gps/issues"},"licenses":[{"type":"Public Domain","url":"https://github.com/stacktracejs/stacktrace-gps/blob/master/LICENSE"}],"main":"./stacktrace-gps.js","scripts":{"test":"make test"},"gitHead":"a8fa8cc1d5ca3621d5a3f81b488356dcbe9b9f22","_id":"stacktrace-gps@1.0.1","_shasum":"203a6d381028b96d007c43e4c331e39fa03cca88","_from":".","_npmVersion":"1.4.28","_npmUser":{"name":"eriwen","email":"me@eriwen.com"},"dist":{"shasum":"203a6d381028b96d007c43e4c331e39fa03cca88","tarball":"https://registry.npmjs.org/stacktrace-gps/-/stacktrace-gps-1.0.1.tgz"},"directories":{}},"1.0.2":{"name":"stacktrace-gps","description":"Turns partial code location into precise code location","maintainers":[{"name":"eriwen","email":"me@eriwen.com"}],"version":"1.0.2","keywords":["stacktrace","error","debugger"],"homepage":"http://www.stacktracejs.com","repository":{"type":"git","url":"git://github.com/stacktracejs/stacktrace-gps.git"},"dependencies":{"es6-promise":"~2","source-map":"^0.1.40","stackframe":"~0"},"devDependencies":{"colors":"~1.0.3","coveralls":"^2.11.2","jasmine-node":"~1.14","jasmine-sinon":"^0.4.0","jshint":"^2.5.6","karma":"~0.12","karma-chrome-launcher":"^0.1.5","karma-coverage":"^0.2.6","karma-firefox-launcher":"^0.1.3","karma-ie-launcher":"^0.1.5","karma-jasmine":"^0.1.5","karma-opera-launcher":"^0.1.0","karma-phantomjs-launcher":"^0.1.4","karma-safari-launcher":"^0.1.1","karma-sauce-launcher":"^0.2.10","karma-sinon":"^1.0.3","sinon":"^1.12.1","uglify-js2":"^2.1.11","webpack":"^1.4.12"},"bugs":{"url":"https://github.com/stacktracejs/stacktrace-gps/issues"},"licenses":[{"type":"Public Domain","url":"https://github.com/stacktracejs/stacktrace-gps/blob/master/LICENSE"}],"main":"./stacktrace-gps.js","files":["LICENSE","README.md","stacktrace-gps.js","dist/","node_modules/stackframe/","node_modules/es6-promise/","node_modules/source-map/"],"scripts":{"test":"make test"},"gitHead":"54e29a4c132265bc1ad604ed07c8cad2f52dd522","_id":"stacktrace-gps@1.0.2","_shasum":"29ae7d94607599694d11c88caf8d4263ce942ec9","_from":".","_npmVersion":"1.4.28","_npmUser":{"name":"eriwen","email":"me@eriwen.com"},"dist":{"shasum":"29ae7d94607599694d11c88caf8d4263ce942ec9","tarball":"https://registry.npmjs.org/stacktrace-gps/-/stacktrace-gps-1.0.2.tgz"},"directories":{}},"1.0.3":{"name":"stacktrace-gps","description":"Turns partial code location into precise code location","maintainers":[{"name":"eriwen","email":"me@eriwen.com"}],"version":"1.0.3","keywords":["stacktrace","error","debugger"],"homepage":"http://www.stacktracejs.com","repository":{"type":"git","url":"git://github.com/stacktracejs/stacktrace-gps.git"},"dependencies":{"es6-promise":"~2","source-map":"^0.1.40","stackframe":"~0"},"devDependencies":{"colors":"~1.0.3","coveralls":"^2.11.2","jasmine-node":"~1.14","jasmine-sinon":"^0.4.0","jshint":"^2.5.6","karma":"~0.12","karma-chrome-launcher":"^0.1.5","karma-coverage":"^0.2.6","karma-firefox-launcher":"^0.1.3","karma-ie-launcher":"^0.1.5","karma-jasmine":"^0.1.5","karma-opera-launcher":"^0.1.0","karma-phantomjs-launcher":"^0.1.4","karma-safari-launcher":"^0.1.1","karma-sauce-launcher":"^0.2.10","karma-sinon":"^1.0.3","sinon":"^1.12.1","uglify-js2":"^2.1.11","webpack":"^1.4.12"},"bugs":{"url":"https://github.com/stacktracejs/stacktrace-gps/issues"},"licenses":[{"type":"Public Domain","url":"https://github.com/stacktracejs/stacktrace-gps/blob/master/LICENSE"}],"main":"./stacktrace-gps.js","files":["LICENSE","README.md","stacktrace-gps.js","dist/","node_modules/stackframe/","node_modules/es6-promise/","node_modules/source-map/"],"scripts":{"test":"make test"},"gitHead":"5e188bba481dc9a07b949ffe90bb78827e0043df","_id":"stacktrace-gps@1.0.3","_shasum":"abfc32d7c73c75edae7a4d57afa2a204bf0a1a47","_from":".","_npmVersion":"1.4.28","_npmUser":{"name":"eriwen","email":"me@eriwen.com"},"dist":{"shasum":"abfc32d7c73c75edae7a4d57afa2a204bf0a1a47","tarball":"https://registry.npmjs.org/stacktrace-gps/-/stacktrace-gps-1.0.3.tgz"},"directories":{}},"1.0.4":{"name":"stacktrace-gps","description":"Turns partial code location into precise code location","maintainers":[{"name":"eriwen","email":"me@eriwen.com"}],"version":"1.0.4","keywords":["stacktrace","error","debugger"],"homepage":"http://www.stacktracejs.com","repository":{"type":"git","url":"git://github.com/stacktracejs/stacktrace-gps.git"},"dependencies":{"es6-promise":"~2","source-map":"^0.1.40","stackframe":"~0"},"devDependencies":{"colors":"~1.0.3","coveralls":"^2.11.2","jasmine-node":"~1.14","jasmine-sinon":"^0.4.0","jshint":"^2.5.6","karma":"~0.12","karma-chrome-launcher":"^0.1.5","karma-coverage":"^0.2.6","karma-firefox-launcher":"^0.1.3","karma-ie-launcher":"^0.1.5","karma-jasmine":"^0.1.5","karma-opera-launcher":"^0.1.0","karma-phantomjs-launcher":"^0.1.4","karma-safari-launcher":"^0.1.1","karma-sauce-launcher":"^0.2.10","karma-sinon":"^1.0.3","sinon":"^1.12.1","uglify-js2":"^2.1.11","webpack":"^1.4.12"},"bugs":{"url":"https://github.com/stacktracejs/stacktrace-gps/issues"},"licenses":[{"type":"Public Domain","url":"https://github.com/stacktracejs/stacktrace-gps/blob/master/LICENSE"}],"main":"./stacktrace-gps.js","files":["LICENSE","README.md","stacktrace-gps.js","dist/","node_modules/stackframe/","node_modules/es6-promise/","node_modules/source-map/"],"scripts":{"test":"make test"},"gitHead":"bc89baca1313cd3415e4321b7ef0aa42b1988f05","_id":"stacktrace-gps@1.0.4","_shasum":"dada6000da4792794244854765b218a56c65ba05","_from":".","_npmVersion":"1.4.28","_npmUser":{"name":"eriwen","email":"me@eriwen.com"},"dist":{"shasum":"dada6000da4792794244854765b218a56c65ba05","tarball":"https://registry.npmjs.org/stacktrace-gps/-/stacktrace-gps-1.0.4.tgz"},"directories":{}},"2.0.0":{"name":"stacktrace-gps","description":"Turns partial code location into precise code location","maintainers":[{"name":"eriwen","email":"me@eriwen.com"}],"version":"2.0.0","keywords":["stacktrace","error","debugger"],"homepage":"http://www.stacktracejs.com","repository":{"type":"git","url":"git://github.com/stacktracejs/stacktrace-gps.git"},"dependencies":{"es6-promise":"^2.0.1","source-map":"^0.1.43","stackframe":"~0"},"devDependencies":{"colors":"~1.0.3","coveralls":"^2.11.2","jasmine-node":"~1.14","jasmine-sinon":"^0.4.0","jshint":"^2.5.6","karma":"~0.12","karma-chrome-launcher":"^0.1.5","karma-coverage":"^0.2.6","karma-firefox-launcher":"^0.1.3","karma-ie-launcher":"^0.1.5","karma-jasmine":"^0.1.5","karma-opera-launcher":"^0.1.0","karma-phantomjs-launcher":"^0.1.4","karma-safari-launcher":"^0.1.1","karma-sauce-launcher":"^0.2.10","karma-sinon":"^1.0.3","karma-sinon-ie":"^1.0.1","sinon":"git://github.com/eriwen/Sinon.JS#v1.12.3-prebuilt","uglify-js2":"^2.1.11","webpack":"^1.4.12"},"bugs":{"url":"https://github.com/stacktracejs/stacktrace-gps/issues"},"licenses":[{"type":"Public Domain","url":"https://github.com/stacktracejs/stacktrace-gps/blob/master/LICENSE"}],"main":"./stacktrace-gps.js","files":["LICENSE","README.md","stacktrace-gps.js","dist/","node_modules/stackframe/","node_modules/es6-promise/","node_modules/source-map/"],"scripts":{"test":"make test"},"gitHead":"097a81b8e5fc2f7362f16f1444334d160776774b","_id":"stacktrace-gps@2.0.0","_shasum":"1766cf1c63533c611a6db5e6b93884db56ffdb34","_from":".","_npmVersion":"1.4.28","_npmUser":{"name":"eriwen","email":"me@eriwen.com"},"dist":{"shasum":"1766cf1c63533c611a6db5e6b93884db56ffdb34","tarball":"https://registry.npmjs.org/stacktrace-gps/-/stacktrace-gps-2.0.0.tgz"},"directories":{}},"2.1.0":{"name":"stacktrace-gps","description":"Turns partial code location into precise code location","maintainers":[{"name":"eriwen","email":"me@eriwen.com"}],"version":"2.1.0","keywords":["stacktrace","error","debugger"],"homepage":"http://www.stacktracejs.com","repository":{"type":"git","url":"git://github.com/stacktracejs/stacktrace-gps.git"},"dependencies":{"es6-promise":"^2.0.1","source-map":"^0.1.43","stackframe":"~0"},"devDependencies":{"colors":"~1.0.3","coveralls":"^2.11.2","jasmine-node":"~1.14","jasmine-sinon":"^0.4.0","jshint":"^2.5.6","karma":"~0.12","karma-chrome-launcher":"^0.1.5","karma-coverage":"^0.2.6","karma-firefox-launcher":"^0.1.3","karma-ie-launcher":"^0.1.5","karma-jasmine":"^0.1.5","karma-opera-launcher":"^0.1.0","karma-phantomjs-launcher":"^0.1.4","karma-safari-launcher":"^0.1.1","karma-sauce-launcher":"^0.2.10","karma-sinon":"^1.0.3","karma-sinon-ie":"^1.0.1","sinon":"^1.2.22","uglify-js2":"^2.1.11","webpack":"^1.4.12"},"bugs":{"url":"https://github.com/stacktracejs/stacktrace-gps/issues"},"licenses":[{"type":"Public Domain","url":"https://github.com/stacktracejs/stacktrace-gps/blob/master/LICENSE"}],"main":"./stacktrace-gps.js","files":["LICENSE","README.md","stacktrace-gps.js","dist/","node_modules/stackframe/","node_modules/es6-promise/","node_modules/source-map/"],"scripts":{"test":"make test"},"gitHead":"47653ee35e83af7168d8ee262d0f94eb8f30995d","_id":"stacktrace-gps@2.1.0","_shasum":"cc989116ffec5bb0ca6e2be9940b321a635d5bed","_from":".","_npmVersion":"1.4.28","_npmUser":{"name":"eriwen","email":"me@eriwen.com"},"dist":{"shasum":"cc989116ffec5bb0ca6e2be9940b321a635d5bed","tarball":"https://registry.npmjs.org/stacktrace-gps/-/stacktrace-gps-2.1.0.tgz"},"directories":{}},"2.1.1":{"name":"stacktrace-gps","description":"Turns partial code location into precise code location","maintainers":[{"name":"eriwen","email":"me@eriwen.com"}],"version":"2.1.1","keywords":["stacktrace","error","debugger"],"homepage":"http://www.stacktracejs.com","repository":{"type":"git","url":"git://github.com/stacktracejs/stacktrace-gps.git"},"dependencies":{"es6-promise":"^2.0.1","source-map":"^0.1.43","stackframe":"~0.2.2"},"devDependencies":{"colors":"~1.0.3","coveralls":"^2.11.2","jasmine-node":"~1.14","jasmine-sinon":"^0.4.0","jshint":"^2.5.6","karma":"~0.12","karma-chrome-launcher":"^0.1.5","karma-coverage":"^0.2.6","karma-firefox-launcher":"^0.1.3","karma-ie-launcher":"^0.1.5","karma-jasmine":"^0.1.5","karma-opera-launcher":"^0.1.0","karma-phantomjs-launcher":"^0.1.4","karma-safari-launcher":"^0.1.1","karma-sauce-launcher":"^0.2.10","karma-sinon":"^1.0.3","sinon":"^1.2.22","uglify-js2":"^2.1.11","webpack":"^1.4.12"},"bugs":{"url":"https://github.com/stacktracejs/stacktrace-gps/issues"},"licenses":[{"type":"Public Domain","url":"https://github.com/stacktracejs/stacktrace-gps/blob/master/LICENSE"}],"main":"./stacktrace-gps.js","files":["LICENSE","README.md","stacktrace-gps.js","dist/","node_modules/stackframe/","node_modules/es6-promise/","node_modules/source-map/"],"scripts":{"test":"make test"},"gitHead":"634020111da858f61728790f221babb796d6560e","_id":"stacktrace-gps@2.1.1","_shasum":"7b260f1a2bc37944b3163182305d5310e887db9a","_from":".","_npmVersion":"2.5.0","_nodeVersion":"0.10.35","_npmUser":{"name":"eriwen","email":"me@eriwen.com"},"dist":{"shasum":"7b260f1a2bc37944b3163182305d5310e887db9a","tarball":"https://registry.npmjs.org/stacktrace-gps/-/stacktrace-gps-2.1.1.tgz"},"directories":{}},"2.1.2":{"name":"stacktrace-gps","description":"Turns partial code location into precise code location","maintainers":[{"name":"eriwen","email":"me@eriwen.com"}],"version":"2.1.2","keywords":["stacktrace","error","debugger"],"homepage":"http://www.stacktracejs.com","repository":{"type":"git","url":"git://github.com/stacktracejs/stacktrace-gps.git"},"dependencies":{"es6-promise":"^2.0.1","source-map":"^0.1.43","stackframe":"~0.2.2"},"devDependencies":{"colors":"~1.0.3","coveralls":"^2.11.2","jasmine-node":"~1.14","jasmine-sinon":"^0.4.0","jshint":"^2.5.6","karma":"~0.12","karma-chrome-launcher":"^0.1.5","karma-coverage":"^0.2.6","karma-firefox-launcher":"^0.1.3","karma-ie-launcher":"^0.1.5","karma-jasmine":"^0.1.5","karma-opera-launcher":"^0.1.0","karma-phantomjs-launcher":"^0.1.4","karma-safari-launcher":"^0.1.1","karma-sauce-launcher":"^0.2.10","karma-sinon":"^1.0.3","sinon":"^1.2.22","uglify-js2":"^2.1.11","webpack":"^1.4.12"},"bugs":{"url":"https://github.com/stacktracejs/stacktrace-gps/issues"},"licenses":[{"type":"Public Domain","url":"https://github.com/stacktracejs/stacktrace-gps/blob/master/LICENSE"}],"main":"./stacktrace-gps.js","files":["LICENSE","README.md","stacktrace-gps.js","dist/","node_modules/stackframe/","node_modules/es6-promise/","node_modules/source-map/"],"scripts":{"test":"make test"},"gitHead":"7066162b3295695f685484fe160dbfcc086c37f0","_id":"stacktrace-gps@2.1.2","_shasum":"293bf7da38f31df3a70473671e1cee2f1444ea3b","_from":".","_npmVersion":"2.5.0","_nodeVersion":"0.10.35","_npmUser":{"name":"eriwen","email":"me@eriwen.com"},"dist":{"shasum":"293bf7da38f31df3a70473671e1cee2f1444ea3b","tarball":"https://registry.npmjs.org/stacktrace-gps/-/stacktrace-gps-2.1.2.tgz"},"directories":{}},"2.1.3":{"name":"stacktrace-gps","description":"Turns partial code location into precise code location","maintainers":[{"name":"eriwen","email":"me@eriwen.com"}],"version":"2.1.3","keywords":["stacktrace","error","debugger"],"homepage":"http://www.stacktracejs.com","repository":{"type":"git","url":"git://github.com/stacktracejs/stacktrace-gps.git"},"dependencies":{"source-map":"^0.1.43","stackframe":"~0.2.2"},"devDependencies":{"colors":"~1.0.3","coveralls":"^2.11.3","del":"^1.2.0","gulp":"^3.9.0","gulp-concat":"^2.6.0","gulp-coveralls":"^0.1.4","gulp-jshint":"^1.11.2","gulp-sourcemaps":"^1.5.2","gulp-uglify":"^1.2.0","jasmine-node":"~1.14","jasmine-sinon":"^0.4.0","karma":"~0.12","karma-chrome-launcher":"^0.1.5","karma-coverage":"^0.2.6","karma-firefox-launcher":"^0.1.3","karma-ie-launcher":"^0.1.5","karma-jasmine":"^0.1.6","karma-opera-launcher":"^0.1.0","karma-phantomjs2-launcher":"^0.3.0","karma-safari-launcher":"^0.1.1","karma-sauce-launcher":"^0.2.10","karma-sinon":"^1.0.3","run-sequence":"^1.1.1","sinon":"^1.2.22","webpack":"^1.11.0"},"bugs":{"url":"https://github.com/stacktracejs/stacktrace-gps/issues"},"licenses":[{"type":"Public Domain","url":"https://github.com/stacktracejs/stacktrace-gps/blob/master/LICENSE"}],"main":"./stacktrace-gps.js","files":["LICENSE","README.md","stacktrace-gps.js","dist/","node_modules/source-map/"],"scripts":{"test":"gulp test"},"gitHead":"20042831f6a3f8aed19abd9e98bdc1e42b6ef82f","_id":"stacktrace-gps@2.1.3","_shasum":"fd0f11b6842b39189893966fc8a52d5926d84aa2","_from":".","_npmVersion":"2.10.1","_nodeVersion":"0.12.4","_npmUser":{"name":"eriwen","email":"me@eriwen.com"},"dist":{"shasum":"fd0f11b6842b39189893966fc8a52d5926d84aa2","tarball":"https://registry.npmjs.org/stacktrace-gps/-/stacktrace-gps-2.1.3.tgz"},"directories":{}},"2.2.0":{"name":"stacktrace-gps","description":"Turns partial code location into precise code location","maintainers":[{"name":"eriwen","email":"me@eriwen.com"}],"version":"2.2.0","license":"SEE LICENSE IN LICENSE","keywords":["stacktrace","error","debugger"],"homepage":"http://www.stacktracejs.com","repository":{"type":"git","url":"git://github.com/stacktracejs/stacktrace-gps.git"},"dependencies":{"source-map":"^0.1.43","stackframe":"~0.3"},"devDependencies":{"colors":"^1.1.2","del":"^1.2.0","es6-promise":"^3.0.2","gulp":"^3.9.0","gulp-concat":"^2.6.0","gulp-coveralls":"^0.1.4","gulp-jshint":"^1.11.2","gulp-rename":"^1.2.2","gulp-sourcemaps":"^1.5.2","gulp-uglify":"^1.2.0","jasmine-node":"~1.14","jasmine-sinon":"^0.4.0","karma":"~0.12","karma-chrome-launcher":"^0.1.5","karma-coverage":"^0.2.6","karma-firefox-launcher":"^0.1.3","karma-ie-launcher":"^0.1.5","karma-jasmine":"^0.1.6","karma-opera-launcher":"^0.1.0","karma-phantomjs2-launcher":"^0.3.0","karma-safari-launcher":"^0.1.1","karma-sauce-launcher":"^0.2.10","karma-sinon":"^1.0.3","run-sequence":"^1.1.1","sinon":"^1.2.22","webpack":"^1.11.0"},"bugs":{"url":"https://github.com/stacktracejs/stacktrace-gps/issues"},"main":"./stacktrace-gps.js","files":["LICENSE","README.md","stacktrace-gps.js","dist/","node_modules/source-map/"],"scripts":{"test":"gulp test"},"gitHead":"ba71a5cca10bfd24ad92884b5b8d0fbde5d283df","_id":"stacktrace-gps@2.2.0","_shasum":"66ce5d0362745401cc5c8e7ca484707aba2d6dd7","_from":".","_npmVersion":"2.10.1","_nodeVersion":"0.12.4","_npmUser":{"name":"eriwen","email":"me@eriwen.com"},"dist":{"shasum":"66ce5d0362745401cc5c8e7ca484707aba2d6dd7","tarball":"https://registry.npmjs.org/stacktrace-gps/-/stacktrace-gps-2.2.0.tgz"},"directories":{}},"2.2.1":{"name":"stacktrace-gps","description":"Turns partial code location into precise code location","maintainers":[{"name":"eriwen","email":"me@eriwen.com"}],"version":"2.2.1","license":"SEE LICENSE IN LICENSE","keywords":["stacktrace","error","debugger"],"homepage":"http://www.stacktracejs.com","repository":{"type":"git","url":"git://github.com/stacktracejs/stacktrace-gps.git"},"dependencies":{"source-map":"^0.5.0","stackframe":"~0.3"},"devDependencies":{"colors":"^1.1.2","del":"^1.2.1","es6-promise":"^3.0.2","gulp":"^3.9.0","gulp-concat":"^2.6.0","gulp-coveralls":"^0.1.4","gulp-jshint":"^1.11.2","gulp-rename":"^1.2.2","gulp-sourcemaps":"^1.5.2","gulp-uglify":"^1.4.1","jasmine-node":"~1.14","jasmine-sinon":"^0.4.0","karma":"~0.12","karma-chrome-launcher":"^0.1.5","karma-coverage":"^0.2.6","karma-firefox-launcher":"^0.1.3","karma-ie-launcher":"^0.1.5","karma-jasmine":"^0.1.6","karma-opera-launcher":"^0.1.0","karma-phantomjs2-launcher":"^0.3.2","karma-safari-launcher":"^0.1.1","karma-sauce-launcher":"^0.2.10","karma-sinon":"^1.0.3","run-sequence":"^1.1.1","sinon":"^1.16.1","webpack":"^1.12.1"},"bugs":{"url":"https://github.com/stacktracejs/stacktrace-gps/issues"},"main":"./stacktrace-gps.js","files":["LICENSE","README.md","stacktrace-gps.js","dist/","node_modules/source-map/"],"scripts":{"test":"gulp test"},"gitHead":"fabcbca5f78638a6d1d346ed1b989fbde6b9428c","_id":"stacktrace-gps@2.2.1","_shasum":"fe4bf976aa0b7a8f2e470fcd0c05afb1154b3a29","_from":".","_npmVersion":"2.10.1","_nodeVersion":"0.12.4","_npmUser":{"name":"eriwen","email":"me@eriwen.com"},"dist":{"shasum":"fe4bf976aa0b7a8f2e470fcd0c05afb1154b3a29","tarball":"https://registry.npmjs.org/stacktrace-gps/-/stacktrace-gps-2.2.1.tgz"},"directories":{}},"2.3.0":{"name":"stacktrace-gps","description":"Turns partial code location into precise code location","maintainers":[{"name":"eriwen","email":"me@eriwen.com"},{"name":"oliversalzburg","email":"oliver.salzburg@gmail.com"}],"version":"2.3.0","license":"SEE LICENSE IN LICENSE","keywords":["stacktrace","error","debugger"],"homepage":"http://www.stacktracejs.com","repository":{"type":"git","url":"git://github.com/stacktracejs/stacktrace-gps.git"},"dependencies":{"source-map":"^0.5.1","stackframe":"~0.3"},"devDependencies":{"colors":"^1.1.2","del":"^1.2.1","es6-promise":"^3.0.2","gulp":"^3.9.0","gulp-concat":"^2.6.0","gulp-coveralls":"^0.1.4","gulp-jshint":"^1.11.2","gulp-rename":"^1.2.2","gulp-sourcemaps":"^1.6.0","gulp-uglify":"^1.4.2","jasmine-node":"~1.14","jasmine-sinon":"^0.4.0","karma":"~0.12","karma-chrome-launcher":"^0.1.5","karma-coverage":"^0.2.6","karma-firefox-launcher":"^0.1.3","karma-ie-launcher":"^0.1.5","karma-jasmine":"^0.1.6","karma-opera-launcher":"^0.1.0","karma-phantomjs2-launcher":"^0.3.2","karma-safari-launcher":"^0.1.1","karma-sauce-launcher":"^0.2.10","karma-sinon":"^1.0.3","run-sequence":"^1.1.4","sinon":"^1.17.1","webpack":"^1.12.2"},"bugs":{"url":"https://github.com/stacktracejs/stacktrace-gps/issues"},"main":"./stacktrace-gps.js","files":["LICENSE","README.md","stacktrace-gps.js","dist/","node_modules/source-map/"],"scripts":{"test":"gulp test"},"gitHead":"c0bb7c57a42ddab8a826acdf17188a16ed099aa1","_id":"stacktrace-gps@2.3.0","_shasum":"3e38ebc8d6d133f15ba1f116dcd23664bc69add7","_from":".","_npmVersion":"2.10.1","_nodeVersion":"0.12.4","_npmUser":{"name":"eriwen","email":"me@eriwen.com"},"dist":{"shasum":"3e38ebc8d6d133f15ba1f116dcd23664bc69add7","tarball":"https://registry.npmjs.org/stacktrace-gps/-/stacktrace-gps-2.3.0.tgz"},"directories":{}},"2.3.1":{"name":"stacktrace-gps","description":"Turns partial code location into precise code location","maintainers":[{"name":"eriwen","email":"me@eriwen.com"},{"name":"oliversalzburg","email":"oliver.salzburg@gmail.com"}],"version":"2.3.1","license":"SEE LICENSE IN LICENSE","keywords":["stacktrace","error","debugger"],"homepage":"http://www.stacktracejs.com","repository":{"type":"git","url":"git://github.com/stacktracejs/stacktrace-gps.git"},"dependencies":{"source-map":"^0.5.1","stackframe":"~0.3"},"devDependencies":{"colors":"^1.1.2","del":"^1.2.1","es6-promise":"^3.0.2","gulp":"^3.9.0","gulp-concat":"^2.6.0","gulp-coveralls":"^0.1.4","gulp-jshint":"^1.11.2","gulp-rename":"^1.2.2","gulp-sourcemaps":"^1.6.0","gulp-uglify":"^1.4.2","jasmine-node":"~1.14","jasmine-sinon":"^0.4.0","karma":"~0.12","karma-chrome-launcher":"^0.1.5","karma-coverage":"^0.2.6","karma-firefox-launcher":"^0.1.3","karma-ie-launcher":"^0.1.5","karma-jasmine":"^0.1.6","karma-opera-launcher":"^0.1.0","karma-phantomjs2-launcher":"^0.3.2","karma-safari-launcher":"^0.1.1","karma-sauce-launcher":"^0.2.10","karma-sinon":"^1.0.3","run-sequence":"^1.1.4","sinon":"^1.17.1","webpack":"^1.12.2"},"bugs":{"url":"https://github.com/stacktracejs/stacktrace-gps/issues"},"main":"./stacktrace-gps.js","files":["LICENSE","README.md","stacktrace-gps.js","dist/","node_modules/source-map/"],"scripts":{"test":"gulp test"},"gitHead":"90e649cebf23161bb113230750ca497d669b4ffc","_id":"stacktrace-gps@2.3.1","_shasum":"1e603de02f6f27e9921fa479949534ef25b90180","_from":".","_npmVersion":"2.10.1","_nodeVersion":"0.12.4","_npmUser":{"name":"eriwen","email":"me@eriwen.com"},"dist":{"shasum":"1e603de02f6f27e9921fa479949534ef25b90180","tarball":"https://registry.npmjs.org/stacktrace-gps/-/stacktrace-gps-2.3.1.tgz"},"directories":{}},"2.3.2":{"name":"stacktrace-gps","description":"Turns partial code location into precise code location","maintainers":[{"name":"eriwen","email":"me@eriwen.com"},{"name":"oliversalzburg","email":"oliver.salzburg@gmail.com"}],"version":"2.3.2","license":"SEE LICENSE IN LICENSE","keywords":["stacktrace","error","debugger"],"homepage":"http://www.stacktracejs.com","repository":{"type":"git","url":"git://github.com/stacktracejs/stacktrace-gps.git"},"dependencies":{"source-map":"^0.5.1","stackframe":"~0.3"},"devDependencies":{"colors":"^1.1.2","del":"^1.2.1","es6-promise":"^3.0.2","gulp":"^3.9.0","gulp-concat":"^2.6.0","gulp-coveralls":"^0.1.4","gulp-jshint":"^1.11.2","gulp-rename":"^1.2.2","gulp-sourcemaps":"^1.6.0","gulp-uglify":"^1.4.2","jasmine-node":"~1.14","jasmine-sinon":"^0.4.0","karma":"~0.12","karma-chrome-launcher":"^0.1.5","karma-coverage":"^0.2.6","karma-firefox-launcher":"^0.1.3","karma-ie-launcher":"^0.1.5","karma-jasmine":"^0.1.6","karma-opera-launcher":"^0.1.0","karma-phantomjs2-launcher":"^0.3.2","karma-safari-launcher":"^0.1.1","karma-sauce-launcher":"^0.2.10","karma-sinon":"^1.0.3","run-sequence":"^1.1.4","sinon":"^1.17.1","webpack":"^1.12.2"},"bugs":{"url":"https://github.com/stacktracejs/stacktrace-gps/issues"},"main":"./stacktrace-gps.js","files":["LICENSE","README.md","stacktrace-gps.js","dist/","node_modules/source-map/"],"scripts":{"test":"gulp test"},"gitHead":"770e1245a7eb59d5ccaa6c0787451a8b214d467f","_id":"stacktrace-gps@2.3.2","_shasum":"b41b72228630cc29443518ec1fde70b255c1d3f1","_from":".","_npmVersion":"3.3.10","_nodeVersion":"4.2.1","_npmUser":{"name":"oliversalzburg","email":"oliver.salzburg@gmail.com"},"dist":{"shasum":"b41b72228630cc29443518ec1fde70b255c1d3f1","tarball":"https://registry.npmjs.org/stacktrace-gps/-/stacktrace-gps-2.3.2.tgz"},"directories":{}},"2.3.3":{"name":"stacktrace-gps","description":"Turns partial code location into precise code location","maintainers":[{"name":"eriwen","email":"me@eriwen.com"},{"name":"oliversalzburg","email":"oliver.salzburg@gmail.com"}],"version":"2.3.3","license":"SEE LICENSE IN LICENSE","keywords":["stacktrace","error","debugger"],"homepage":"http://www.stacktracejs.com","repository":{"type":"git","url":"git://github.com/stacktracejs/stacktrace-gps.git"},"dependencies":{"source-map":"^0.5.1","stackframe":"~0.3"},"devDependencies":{"colors":"^1.1.2","del":"^1.2.1","es6-promise":"^3.0.2","gulp":"^3.9.0","gulp-concat":"^2.6.0","gulp-coveralls":"^0.1.4","gulp-jshint":"^1.11.2","gulp-rename":"^1.2.2","gulp-sourcemaps":"^1.6.0","gulp-uglify":"^1.4.2","jasmine-node":"~1.14","jasmine-sinon":"^0.4.0","karma":"~0.12","karma-chrome-launcher":"^0.1.5","karma-coverage":"^0.2.6","karma-firefox-launcher":"^0.1.3","karma-ie-launcher":"^0.1.5","karma-jasmine":"^0.1.6","karma-opera-launcher":"^0.1.0","karma-phantomjs2-launcher":"^0.3.2","karma-safari-launcher":"^0.1.1","karma-sauce-launcher":"^0.2.10","karma-sinon":"^1.0.3","run-sequence":"^1.1.4","sinon":"^1.17.1","webpack":"^1.12.2"},"bugs":{"url":"https://github.com/stacktracejs/stacktrace-gps/issues"},"main":"./stacktrace-gps.js","files":["LICENSE","README.md","stacktrace-gps.js","dist/","node_modules/source-map/"],"scripts":{"test":"gulp test"},"gitHead":"e92806be743a37d7b73173aab69f9a6bc7a0d366","_id":"stacktrace-gps@2.3.3","_shasum":"9ef45b9cd753b72c0e3ecbee30622bb6b45418cd","_from":".","_npmVersion":"2.10.1","_nodeVersion":"0.12.4","_npmUser":{"name":"eriwen","email":"me@eriwen.com"},"dist":{"shasum":"9ef45b9cd753b72c0e3ecbee30622bb6b45418cd","tarball":"https://registry.npmjs.org/stacktrace-gps/-/stacktrace-gps-2.3.3.tgz"},"directories":{}},"2.4.0":{"name":"stacktrace-gps","description":"Turns partial code location into precise code location","maintainers":[{"name":"eriwen","email":"me@eriwen.com"},{"name":"oliversalzburg","email":"oliver.salzburg@gmail.com"}],"version":"2.4.0","license":"Unlicense","keywords":["stacktrace","error","debugger"],"homepage":"https://www.stacktracejs.com","repository":{"type":"git","url":"git://github.com/stacktracejs/stacktrace-gps.git"},"dependencies":{"source-map":"^0.5.1","stackframe":"~0.3"},"devDependencies":{"colors":"^1.1.2","del":"^2.2.0","es6-promise":"^3.0.2","gulp":"^3.9.0","gulp-concat":"^2.6.0","gulp-coveralls":"^0.1.4","gulp-jshint":"^2.0.0","gulp-rename":"^1.2.2","gulp-sourcemaps":"^1.6.0","gulp-uglify":"^1.5.1","jasmine-node":"~1.14","jasmine-sinon":"^0.4.0","jshint":"^2.8.0","karma":"^0.13.16","karma-chrome-launcher":"^0.2.2","karma-coverage":"^0.5.3","karma-firefox-launcher":"^0.1.7","karma-ie-launcher":"^0.2.0","karma-jasmine":"^0.1.6","karma-opera-launcher":"^0.3.0","karma-phantomjs2-launcher":"^0.4.0","karma-safari-launcher":"^0.1.1","karma-sauce-launcher":"^0.2.10","karma-sinon":"^1.0.3","karma-spec-reporter":"0.0.23","run-sequence":"^1.1.4","sinon":"^1.17.2","webpack":"^1.12.9"},"bugs":{"url":"https://github.com/stacktracejs/stacktrace-gps/issues"},"main":"./stacktrace-gps.js","files":["LICENSE","README.md","stacktrace-gps.js","dist/","node_modules/source-map/"],"scripts":{"test":"gulp test"},"gitHead":"b9c1d4c10e1fab7c165df3bee47a4f8fe3e9f86a","_id":"stacktrace-gps@2.4.0","_shasum":"724bc3d20fb293b639db1df4845f6abc523496ac","_from":".","_npmVersion":"3.3.12","_nodeVersion":"5.3.0","_npmUser":{"name":"eriwen","email":"me@eriwen.com"},"dist":{"shasum":"724bc3d20fb293b639db1df4845f6abc523496ac","tarball":"https://registry.npmjs.org/stacktrace-gps/-/stacktrace-gps-2.4.0.tgz"},"directories":{}},"2.4.1":{"name":"stacktrace-gps","description":"Turns partial code location into precise code location","maintainers":[{"name":"eriwen","email":"me@eriwen.com"},{"name":"oliversalzburg","email":"oliver.salzburg@gmail.com"}],"version":"2.4.1","license":"Unlicense","keywords":["stacktrace","error","debugger"],"homepage":"https://www.stacktracejs.com","repository":{"type":"git","url":"git://github.com/stacktracejs/stacktrace-gps.git"},"dependencies":{"source-map":"^0.5.1","stackframe":"~0.3"},"devDependencies":{"colors":"^1.1.2","del":"^2.2.0","es6-promise":"^3.0.2","gulp":"^3.9.0","gulp-concat":"^2.6.0","gulp-coveralls":"^0.1.4","gulp-jshint":"^2.0.0","gulp-rename":"^1.2.2","gulp-sourcemaps":"^1.6.0","gulp-uglify":"^1.5.1","jasmine":"^2.4.1","jasmine-ajax":"^3.2.0","jasmine-core":"^2.4.1","jshint":"^2.8.0","karma":"^0.13.16","karma-chrome-launcher":"^0.2.2","karma-coverage":"^0.5.3","karma-firefox-launcher":"^0.1.7","karma-ie-launcher":"^0.2.0","karma-jasmine":"^0.3.6","karma-jasmine-ajax":"^0.1.13","karma-opera-launcher":"^0.3.0","karma-phantomjs2-launcher":"^0.4.0","karma-safari-launcher":"^0.1.1","karma-sauce-launcher":"^0.2.10","karma-spec-reporter":"0.0.23","run-sequence":"^1.1.4","webpack":"^1.12.9"},"bugs":{"url":"https://github.com/stacktracejs/stacktrace-gps/issues"},"main":"./stacktrace-gps.js","files":["LICENSE","README.md","stacktrace-gps.js","dist/","node_modules/source-map/"],"scripts":{"test":"gulp test"},"gitHead":"079b1425a768f403435b10f38800431277245806","_id":"stacktrace-gps@2.4.1","_shasum":"129bdf8537dc22332c5f24ab186bed8e03d7367f","_from":".","_npmVersion":"3.3.12","_nodeVersion":"5.3.0","_npmUser":{"name":"eriwen","email":"me@eriwen.com"},"dist":{"shasum":"129bdf8537dc22332c5f24ab186bed8e03d7367f","tarball":"https://registry.npmjs.org/stacktrace-gps/-/stacktrace-gps-2.4.1.tgz"},"_npmOperationalInternal":{"host":"packages-5-east.internal.npmjs.com","tmp":"tmp/stacktrace-gps-2.4.1.tgz_1456022352664_0.6334009300917387"},"directories":{}},"2.4.2":{"name":"stacktrace-gps","description":"Turns partial code location into precise code location","maintainers":[{"name":"eriwen","email":"me@eriwen.com"},{"name":"oliversalzburg","email":"oliver.salzburg@gmail.com"}],"version":"2.4.2","license":"Unlicense","keywords":["stacktrace","error","debugger"],"homepage":"https://www.stacktracejs.com","repository":{"type":"git","url":"git://github.com/stacktracejs/stacktrace-gps.git"},"dependencies":{"source-map":"0.5.6","stackframe":"~0.3"},"devDependencies":{"colors":"^1.1.2","del":"^2.2.0","es6-promise":"^3.0.2","gulp":"^3.9.0","gulp-concat":"^2.6.0","gulp-coveralls":"^0.1.4","gulp-jshint":"^2.0.0","gulp-rename":"^1.2.2","gulp-sourcemaps":"^1.6.0","gulp-uglify":"^1.5.1","jasmine":"^2.4.1","jasmine-ajax":"^3.2.0","jasmine-core":"^2.4.1","jshint":"^2.8.0","karma":"^0.13.16","karma-chrome-launcher":"^0.2.2","karma-coverage":"^0.5.3","karma-firefox-launcher":"^0.1.7","karma-ie-launcher":"^0.2.0","karma-jasmine":"^0.3.6","karma-jasmine-ajax":"^0.1.13","karma-opera-launcher":"^0.3.0","karma-phantomjs2-launcher":"^0.4.0","karma-safari-launcher":"^0.1.1","karma-sauce-launcher":"^0.2.10","karma-spec-reporter":"0.0.23","run-sequence":"^1.1.4","webpack":"^1.12.9"},"bugs":{"url":"https://github.com/stacktracejs/stacktrace-gps/issues"},"main":"./stacktrace-gps.js","files":["LICENSE","README.md","stacktrace-gps.js","dist/","node_modules/source-map/"],"scripts":{"test":"gulp test"},"gitHead":"5aacb0462893fb9ec73a403bc041ffa0752ab710","_id":"stacktrace-gps@2.4.2","_shasum":"59780abb093158c6030d42185a5d2dc70143f694","_from":".","_npmVersion":"3.3.12","_nodeVersion":"5.3.0","_npmUser":{"name":"eriwen","email":"me@eriwen.com"},"dist":{"shasum":"59780abb093158c6030d42185a5d2dc70143f694","tarball":"https://registry.npmjs.org/stacktrace-gps/-/stacktrace-gps-2.4.2.tgz"},"_npmOperationalInternal":{"host":"packages-16-east.internal.npmjs.com","tmp":"tmp/stacktrace-gps-2.4.2.tgz_1462743372004_0.41008953913114965"},"directories":{}},"2.4.3":{"name":"stacktrace-gps","description":"Turns partial code location into precise code location","maintainers":[{"name":"eriwen","email":"me@eriwen.com"},{"name":"oliversalzburg","email":"oliver.salzburg@gmail.com"}],"version":"2.4.3","license":"Unlicense","keywords":["stacktrace","error","debugger"],"homepage":"https://www.stacktracejs.com","repository":{"type":"git","url":"git://github.com/stacktracejs/stacktrace-gps.git"},"dependencies":{"source-map":"0.5.6","stackframe":"~0.3"},"devDependencies":{"colors":"^1.1.2","del":"^2.2.0","es6-promise":"^3.0.2","gulp":"^3.9.0","gulp-concat":"^2.6.0","gulp-coveralls":"^0.1.4","gulp-jshint":"^2.0.0","gulp-rename":"^1.2.2","gulp-sourcemaps":"^1.6.0","gulp-uglify":"^1.5.1","jasmine":"^2.4.1","jasmine-ajax":"^3.2.0","jasmine-core":"^2.4.1","jshint":"^2.8.0","karma":"^0.13.16","karma-chrome-launcher":"^0.2.2","karma-coverage":"^0.5.3","karma-firefox-launcher":"^0.1.7","karma-ie-launcher":"^0.2.0","karma-jasmine":"^0.3.6","karma-jasmine-ajax":"^0.1.13","karma-opera-launcher":"^0.3.0","karma-phantomjs2-launcher":"^0.4.0","karma-safari-launcher":"^0.1.1","karma-sauce-launcher":"^0.2.10","karma-spec-reporter":"0.0.23","run-sequence":"^1.1.4","webpack":"^1.12.9"},"bugs":{"url":"https://github.com/stacktracejs/stacktrace-gps/issues"},"main":"./stacktrace-gps.js","files":["LICENSE","README.md","stacktrace-gps.js","dist/","node_modules/source-map/"],"scripts":{"test":"gulp test"},"gitHead":"6df1ee096d1e47734ea4adc4172e48ea4f5bd88c","_id":"stacktrace-gps@2.4.3","_shasum":"45b30d54fc84cf1f576aacb95ac81c543bfbf3ce","_from":".","_npmVersion":"3.3.12","_nodeVersion":"5.3.0","_npmUser":{"name":"eriwen","email":"me@eriwen.com"},"dist":{"shasum":"45b30d54fc84cf1f576aacb95ac81c543bfbf3ce","tarball":"https://registry.npmjs.org/stacktrace-gps/-/stacktrace-gps-2.4.3.tgz"},"_npmOperationalInternal":{"host":"packages-16-east.internal.npmjs.com","tmp":"tmp/stacktrace-gps-2.4.3.tgz_1463345172063_0.006480860291048884"},"directories":{}},"2.4.4":{"name":"stacktrace-gps","description":"Turns partial code location into precise code location","maintainers":[{"name":"eriwen","email":"me@eriwen.com"},{"name":"oliversalzburg","email":"oliver.salzburg@gmail.com"}],"version":"2.4.4","license":"Unlicense","keywords":["stacktrace","error","debugger"],"homepage":"https://www.stacktracejs.com","repository":{"type":"git","url":"git://github.com/stacktracejs/stacktrace-gps.git"},"dependencies":{"source-map":"0.5.6","stackframe":"~0.3"},"devDependencies":{"colors":"^1.1.2","del":"^2.2.0","es6-promise":"^3.0.2","gulp":"^3.9.0","gulp-concat":"^2.6.0","gulp-coveralls":"^0.1.4","gulp-jshint":"^2.0.0","gulp-rename":"^1.2.2","gulp-sourcemaps":"^1.6.0","gulp-uglify":"^1.5.1","jasmine":"^2.4.1","jasmine-ajax":"^3.2.0","jasmine-core":"^2.4.1","jshint":"^2.8.0","karma":"^0.13.16","karma-chrome-launcher":"^0.2.2","karma-coverage":"^0.5.3","karma-firefox-launcher":"^0.1.7","karma-ie-launcher":"^0.2.0","karma-jasmine":"^0.3.6","karma-jasmine-ajax":"^0.1.13","karma-opera-launcher":"^0.3.0","karma-phantomjs2-launcher":"^0.4.0","karma-safari-launcher":"^0.1.1","karma-sauce-launcher":"^0.2.10","karma-spec-reporter":"0.0.23","run-sequence":"^1.1.4","webpack":"^1.12.9"},"bugs":{"url":"https://github.com/stacktracejs/stacktrace-gps/issues"},"main":"./stacktrace-gps.js","files":["LICENSE","README.md","stacktrace-gps.js","dist/","node_modules/source-map/"],"scripts":{"test":"gulp test"},"gitHead":"7712308cd40a5f64cde62845d30548569c46bd9d","_id":"stacktrace-gps@2.4.4","_shasum":"69c827e9d6d6f41cf438d7f195e2e3cbfcf28c44","_from":".","_npmVersion":"3.3.12","_nodeVersion":"5.3.0","_npmUser":{"name":"eriwen","email":"me@eriwen.com"},"dist":{"shasum":"69c827e9d6d6f41cf438d7f195e2e3cbfcf28c44","tarball":"https://registry.npmjs.org/stacktrace-gps/-/stacktrace-gps-2.4.4.tgz"},"_npmOperationalInternal":{"host":"packages-16-east.internal.npmjs.com","tmp":"tmp/stacktrace-gps-2.4.4.tgz_1463463675914_0.8597294138744473"},"directories":{}},"3.0.0":{"name":"stacktrace-gps","description":"Turns partial code location into precise code location","maintainers":[{"name":"eriwen","email":"me@eriwen.com"},{"name":"oliversalzburg","email":"oliver.salzburg@gmail.com"}],"version":"3.0.0","license":"Unlicense","keywords":["stacktrace","error","debugger"],"homepage":"https://www.stacktracejs.com","repository":{"type":"git","url":"git://github.com/stacktracejs/stacktrace-gps.git"},"dependencies":{"source-map":"0.5.6","stackframe":"^1.0.2"},"devDependencies":{"colors":"^1.1.2","del":"^2.2.0","es6-promise":"^3.0.2","gulp":"^3.9.0","gulp-concat":"^2.6.0","gulp-coveralls":"^0.1.4","gulp-jshint":"^2.0.0","gulp-rename":"^1.2.2","gulp-sourcemaps":"^1.6.0","gulp-uglify":"^1.5.1","jasmine":"^2.4.1","jasmine-ajax":"^3.2.0","jasmine-core":"^2.4.1","jshint":"^2.8.0","karma":"^0.13.16","karma-chrome-launcher":"^0.2.2","karma-coverage":"^0.5.3","karma-firefox-launcher":"^0.1.7","karma-ie-launcher":"^0.2.0","karma-jasmine":"^0.3.6","karma-jasmine-ajax":"^0.1.13","karma-opera-launcher":"^0.3.0","karma-phantomjs2-launcher":"^0.4.0","karma-safari-launcher":"^0.1.1","karma-sauce-launcher":"^0.2.10","karma-spec-reporter":"0.0.23","run-sequence":"^1.1.4","webpack":"^1.12.9"},"bugs":{"url":"https://github.com/stacktracejs/stacktrace-gps/issues"},"main":"./stacktrace-gps.js","files":["LICENSE","README.md","stacktrace-gps.js","dist/","node_modules/source-map/"],"scripts":{"test":"gulp test"},"gitHead":"1a9de69379ae96e4de0904b10b168d2fc3d0b742","_id":"stacktrace-gps@3.0.0","_shasum":"292550769f56cefa4811b069b97197a9ffe352a1","_from":".","_npmVersion":"3.10.3","_nodeVersion":"6.3.1","_npmUser":{"name":"eriwen","email":"me@eriwen.com"},"dist":{"shasum":"292550769f56cefa4811b069b97197a9ffe352a1","tarball":"https://registry.npmjs.org/stacktrace-gps/-/stacktrace-gps-3.0.0.tgz"},"_npmOperationalInternal":{"host":"packages-12-west.internal.npmjs.com","tmp":"tmp/stacktrace-gps-3.0.0.tgz_1482019898064_0.47312302654609084"},"directories":{}},"3.0.1":{"name":"stacktrace-gps","description":"Turns partial code location into precise code location","maintainers":[{"name":"eriwen","email":"me@eriwen.com"},{"name":"oliversalzburg","email":"oliver.salzburg@gmail.com"}],"version":"3.0.1","license":"MIT","keywords":["stacktrace","error","debugger"],"homepage":"https://www.stacktracejs.com","repository":{"type":"git","url":"git://github.com/stacktracejs/stacktrace-gps.git"},"dependencies":{"source-map":"0.5.6","stackframe":"^1.0.3"},"devDependencies":{"colors":"^1.1.2","del":"^2.2.0","es6-promise":"^3.0.2","gulp":"^3.9.0","gulp-concat":"^2.6.0","gulp-coveralls":"^0.1.4","gulp-jshint":"^2.0.0","gulp-rename":"^1.2.2","gulp-sourcemaps":"^1.6.0","gulp-uglify":"^1.5.1","jasmine":"^2.4.1","jasmine-ajax":"^3.2.0","jasmine-core":"^2.4.1","jshint":"^2.8.0","karma":"^0.13.16","karma-chrome-launcher":"^0.2.2","karma-coverage":"^0.5.3","karma-firefox-launcher":"^0.1.7","karma-ie-launcher":"^0.2.0","karma-jasmine":"^0.3.6","karma-jasmine-ajax":"^0.1.13","karma-opera-launcher":"^0.3.0","karma-phantomjs2-launcher":"^0.4.0","karma-safari-launcher":"^0.1.1","karma-sauce-launcher":"^0.2.10","karma-spec-reporter":"0.0.23","run-sequence":"^1.1.4","webpack":"^1.12.9"},"bugs":{"url":"https://github.com/stacktracejs/stacktrace-gps/issues"},"main":"./stacktrace-gps.js","files":["LICENSE","README.md","stacktrace-gps.js","dist/","node_modules/source-map/"],"scripts":{"test":"gulp test"},"gitHead":"5c3643c681c9d18d905065f1208f44bd15a9d315","_id":"stacktrace-gps@3.0.1","_shasum":"1e6f4997841d2b5bdabab9e6117e965ebbe64286","_from":".","_npmVersion":"3.10.3","_nodeVersion":"6.3.1","_npmUser":{"name":"eriwen","email":"me@eriwen.com"},"dist":{"shasum":"1e6f4997841d2b5bdabab9e6117e965ebbe64286","tarball":"https://registry.npmjs.org/stacktrace-gps/-/stacktrace-gps-3.0.1.tgz"},"_npmOperationalInternal":{"host":"packages-12-west.internal.npmjs.com","tmp":"tmp/stacktrace-gps-3.0.1.tgz_1493521524581_0.018179444829002023"},"directories":{}}},"readme":"stacktrace-gps - Turn partial code location into precise code location\n===================\n[![Build Status](https://travis-ci.org/stacktracejs/stacktrace-gps.svg?branch=master)](https://travis-ci.org/stacktracejs/stacktrace-gps) [![Coverage Status](https://img.shields.io/coveralls/stacktracejs/stacktrace-gps.svg)](https://coveralls.io/r/stacktracejs/stacktrace-gps) [![GitHub license](https://img.shields.io/github/license/stacktracejs/stacktrace-gps.svg)](https://opensource.org/licenses/MIT)\n\nThis library accepts a code location (in the form of a [StackFrame](https://github.com/stacktracejs/stackframe)) and\nreturns a new StackFrame with a more accurate location (using [source maps](http://www.html5rocks.com/en/tutorials/developertools/sourcemaps/)) and guessed function names.\n\nThis is primarily a browser-centric library, but can be used with node.js. See the [Offline Usage section](#offline-usage) below.\n\n## Usage\n```js\nvar stackframe = new StackFrame({fileName: 'http://localhost:3000/file.min.js', lineNumber: 1, columnNumber: 3284});\nvar callback = function myCallback(foundFunctionName) { console.log(foundFunctionName); };\n\n// Such meta. Wow\nvar errback = function myErrback(error) { console.log(StackTrace.fromError(error)); };\n\nvar gps = new StackTraceGPS();\n\n// Pinpoint actual function name and source-mapped location\ngps.pinpoint(stackframe).then(callback, errback);\n//===> Promise(StackFrame({functionName: 'fun', fileName: 'file.js', lineNumber: 203, columnNumber: 9}), Error)\n\n// Better location/name information from source maps\ngps.getMappedLocation(stackframe).then(callback, errback);\n//===> Promise(StackFrame({fileName: 'file.js', lineNumber: 203, columnNumber: 9}), Error)\n\n// Get function name from location information\ngps.findFunctionName(stackframe).then(callback, errback);\n//===> Promise(StackFrame({functionName: 'fun', fileName: 'http://localhost:3000/file.min.js', lineNumber: 1, columnNumber: 3284}), Error)\n```\n\n### Offline Usage\nWith a bit of preparation, you can use this library offline in any environment. Any encountered fileNames not in the cache return resolved\nPromises with the original StackFrame. StackTraceGPS will make a best effort to provide as good of response with what is given and will\nfallback to the original StackFrame if nothing better could be found.\n\n```js\nvar stack = ErrorStackParser.parse(new Error('boom'));\nconsole.assert(stack[0] == new StackFrame({fileName: 'http://localhost:9999/file.min.js', lineNumber: 1, columnNumber: 32}));\n\nvar sourceCache = {'http://localhost:9999/file.min.js': 'var foo=function(){};function bar(){}var baz=eval(\"XXX\");\\n//# sourceMappingURL=file.js.map'};\nvar sourceMap = '{\"version\":3,\"sources\":[\"./file.js\"],\"sourceRoot\":\"http://localhost:4000/\",\"names\":[\"foo\",\"bar\",\"baz\",\"eval\"],\"mappings\":\"AAAA,GAAIA,KAAM,YACV,SAASC,QACT,GAAIC,KAAMC,KAAK\",\"file\":\"file.min.js\"}';\nvar sourceMapConsumerCache = {'http://localhost:4000/file.js.map': new SourceMap.SourceMapConsumer(sourceMap)};\n\nvar gps = new StackTraceGPS({offline: true, sourceCache: sourceCache, sourceMapConsumerCache: sourceMapConsumerCache});\ngps.pinpoint(stack[0]).then(function(betterStackFrame) {\n    console.assert(betterStackFrame === new StackFrame({functionName: 'bar', fileName: 'http://localhost:9999/file.js', lineNumber: 2, columnNumber: 9}));\n});\n```\n\n## Installation\n```\nnpm install stacktrace-gps\nbower install stacktrace-gps\nhttps://raw.githubusercontent.com/stacktracejs/stacktrace-gps/master/dist/stacktrace-gps.min.js\n```\n\n## API\n\n#### `new StackTraceGPS(/*optional*/ options)` => StackTraceGPS\noptions: Object\n* **sourceCache: Object (String URL : String Source)** - Pre-populate source cache to avoid network requests\n* **sourceMapConsumerCache: Object (Source Mapping URL : SourceMap.SourceMapConsumer)** - Pre-populate source cache to avoid network requests\n* **offline: Boolean (default false)** - Set to `true` to prevent all network requests\n* **ajax: Function (String URL => Promise(responseText))** - Function to be used for making X-Domain requests\n* **atob: Function (String => String)** - Function to convert base64-encoded strings to their original representation\n\n#### `.pinpoint(stackframe)` => Promise(StackFrame)\nEnhance function name and use source maps to produce a better StackFrame.\n* **stackframe** - [StackFrame](https://github.com/stacktracejs/stackframe) or like object\ne.g. {fileName: 'path/to/file.js', lineNumber: 100, columnNumber: 5}\n\n#### `.findFunctionName(stackframe)` => Promise(StackFrame)\nEnhance function name and use source maps to produce a better StackFrame.\n* **stackframe** - [StackFrame](https://github.com/stacktracejs/stackframe) or like object\n\n#### `.getMappedLocation(stackframe)` => Promise(StackFrame)\nEnhance function name and use source maps to produce a better StackFrame.\n* **stackframe** - [StackFrame](https://github.com/stacktracejs/stackframe) or like object\n\n## Browser Support\n[![Sauce Test Status](https://saucelabs.com/browser-matrix/stacktracejs.svg)](https://saucelabs.com/u/stacktracejs)\n\nFunctions that rely on [Source Maps](http://www.html5rocks.com/en/tutorials/developertools/sourcemaps/)\n(`pinpoint` and `getMappedLocation`) require recent browsers.\n\n## Contributing\nWant to be listed as a *Contributor*? Start with the [Contributing Guide](CONTRIBUTING.md)!\n","maintainers":[{"name":"eriwen","email":"me@eriwen.com"},{"name":"oliversalzburg","email":"oliver.salzburg@gmail.com"}],"time":{"modified":"2017-04-30T03:05:24.816Z","created":"2014-10-09T20:10:25.521Z","0.1.0":"2014-10-09T20:10:25.521Z","0.2.0":"2014-10-19T03:46:56.429Z","0.2.1":"2014-11-16T21:59:11.741Z","1.0.0":"2014-11-21T05:13:03.157Z","1.0.1":"2014-11-28T04:35:28.768Z","1.0.2":"2014-11-29T18:20:14.175Z","1.0.3":"2014-12-15T05:04:34.988Z","1.0.4":"2015-01-11T05:01:45.806Z","2.0.0":"2015-01-20T03:16:18.930Z","2.1.0":"2015-01-25T15:20:27.309Z","2.1.1":"2015-02-10T03:19:20.733Z","2.1.2":"2015-02-10T03:43:03.621Z","2.1.3":"2015-08-08T21:07:17.690Z","2.2.0":"2015-08-14T03:06:28.353Z","2.2.1":"2015-09-20T14:23:19.960Z","2.3.0":"2015-10-19T00:58:26.420Z","2.3.1":"2015-10-21T14:16:52.434Z","2.3.2":"2015-11-06T12:02:37.738Z","2.3.3":"2015-11-22T01:39:56.959Z","2.4.0":"2016-01-06T06:02:33.566Z","2.4.1":"2016-02-21T02:39:17.044Z","2.4.2":"2016-05-08T21:36:13.096Z","2.4.3":"2016-05-15T20:46:13.924Z","2.4.4":"2016-05-17T05:41:18.221Z","3.0.0":"2016-12-18T00:11:38.309Z","3.0.1":"2017-04-30T03:05:24.816Z"},"homepage":"https://www.stacktracejs.com","keywords":["stacktrace","error","debugger"],"repository":{"type":"git","url":"git://github.com/stacktracejs/stacktrace-gps.git"},"bugs":{"url":"https://github.com/stacktracejs/stacktrace-gps/issues"},"readmeFilename":"README.md","license":"MIT","_attachments":{},"_etag":"W/\"59055474-cd52\"","_lastModified":"Sun, 30 Apr 2017 03:05:24 GMT","_cached":true}