{"_id":"xmlbuilder","_rev":"180-f7d8492ffb2c4061ba0fcdf96844a5a1","name":"xmlbuilder","description":"An XML builder for node.js","dist-tags":{"latest":"9.0.0"},"versions":{"0.0.1":{"name":"xmlbuilder","version":"0.0.1","description":"An XML builder for node.js","author":{"name":"Ozgur Ozcitak","email":"oozcitak@gmail.com"},"licenses":[{"type":"MIT","url":"http://opensource.org/licenses/mit-license.php"}],"repositories":[{"type":"git","url":"git://github.com/oozcitak/xmlbuilder-js.git"}],"bugs":{"web":"http://github.com/oozcitak/xmlbuilder-js/issues"},"directories":{"lib":"./lib"},"dependencies":{},"_id":"xmlbuilder@0.0.1","engines":{"node":"*"},"_nodeSupported":true,"_npmVersion":"0.2.7-2","_nodeVersion":"v0.3.1-pre","dist":{"tarball":"https://registry.npmjs.org/xmlbuilder/-/xmlbuilder-0.0.1.tgz","shasum":"6829a52dcd19245bde1b1daa790c9ee8e859e0de"}},"0.0.2":{"name":"xmlbuilder","version":"0.0.2","description":"An XML builder for node.js","author":{"name":"Ozgur Ozcitak","email":"oozcitak@gmail.com"},"licenses":[{"type":"MIT","url":"http://opensource.org/licenses/mit-license.php"}],"repositories":[{"type":"git","url":"git://github.com/oozcitak/xmlbuilder-js.git"}],"bugs":{"web":"http://github.com/oozcitak/xmlbuilder-js/issues"},"directories":{"lib":"./lib"},"dependencies":{},"_id":"xmlbuilder@0.0.2","engines":{"node":"*"},"_nodeSupported":true,"_npmVersion":"0.2.7-2","_nodeVersion":"v0.3.1-pre","dist":{"tarball":"https://registry.npmjs.org/xmlbuilder/-/xmlbuilder-0.0.2.tgz","shasum":"e1fe817fa03601c05bf635276dc7811c07df9332"}},"0.0.3":{"name":"xmlbuilder","version":"0.0.3","description":"An XML builder for node.js","author":{"name":"Ozgur Ozcitak","email":"oozcitak@gmail.com"},"licenses":[{"type":"MIT","url":"http://opensource.org/licenses/mit-license.php"}],"repositories":[{"type":"git","url":"git://github.com/oozcitak/xmlbuilder-js.git"}],"bugs":{"web":"http://github.com/oozcitak/xmlbuilder-js/issues"},"directories":{"lib":"./lib"},"dependencies":{},"_id":"xmlbuilder@0.0.3","engines":{"node":"*"},"_nodeSupported":true,"_npmVersion":"0.2.7-2","_nodeVersion":"v0.3.1-pre","dist":{"tarball":"https://registry.npmjs.org/xmlbuilder/-/xmlbuilder-0.0.3.tgz","shasum":"856f415c793b61b02bb65c3a341af720f6ecd366"}},"0.0.4":{"name":"xmlbuilder","version":"0.0.4","description":"An XML builder for node.js","author":{"name":"Ozgur Ozcitak","email":"oozcitak@gmail.com"},"licenses":[{"type":"MIT","url":"http://opensource.org/licenses/mit-license.php"}],"repositories":[{"type":"git","url":"git://github.com/oozcitak/xmlbuilder-js.git"}],"bugs":{"web":"http://github.com/oozcitak/xmlbuilder-js/issues"},"directories":{"lib":"./lib"},"main":"./lib/akismet","engines":{"node":">=0.2.0"},"_id":"xmlbuilder@0.0.4","_nodeSupported":true,"_npmVersion":"0.2.5-1","_nodeVersion":"v0.2.4","dist":{"tarball":"https://registry.npmjs.org/xmlbuilder/-/xmlbuilder-0.0.4.tgz","shasum":"7634962aff01a1da4e67e9692fa4311a58e13707"}},"0.0.5":{"name":"xmlbuilder","version":"0.0.5","description":"An XML builder for node.js","author":{"name":"Ozgur Ozcitak","email":"oozcitak@gmail.com"},"licenses":[{"type":"MIT","url":"http://opensource.org/licenses/mit-license.php"}],"repositories":[{"type":"git","url":"git://github.com/oozcitak/xmlbuilder-js.git"}],"bugs":{"url":"http://github.com/oozcitak/xmlbuilder-js/issues"},"directories":{"lib":"./lib"},"main":"./lib/index","engines":{"node":">=0.2.0"},"_id":"xmlbuilder@0.0.5","_nodeSupported":true,"_npmVersion":"0.2.12-1","_nodeVersion":"v0.2.4","dist":{"shasum":"5fa298489953ec26a5884b3e45c775405e4aca31","tarball":"https://registry.npmjs.org/xmlbuilder/-/xmlbuilder-0.0.5.tgz"}},"0.0.6":{"name":"xmlbuilder","version":"0.0.6","description":"An XML builder for node.js","author":{"name":"Ozgur Ozcitak","email":"oozcitak@gmail.com"},"licenses":[{"type":"MIT","url":"http://opensource.org/licenses/mit-license.php"}],"repositories":[{"type":"git","url":"git://github.com/oozcitak/xmlbuilder-js.git"}],"bugs":{"url":"http://github.com/oozcitak/xmlbuilder-js/issues"},"directories":{"lib":"./lib"},"main":"./lib/index","engines":{"node":">=0.2.0"},"_id":"xmlbuilder@0.0.6","_engineSupported":true,"_npmVersion":"0.2.13","_nodeVersion":"v0.3.3-pre","dist":{"shasum":"d2004b76b5a5b104180ab48e330d1c808e2e2adc","tarball":"https://registry.npmjs.org/xmlbuilder/-/xmlbuilder-0.0.6.tgz"}},"0.1.0":{"name":"xmlbuilder","version":"0.1.0","description":"An XML builder for node.js","author":{"name":"Ozgur Ozcitak","email":"oozcitak@gmail.com"},"licenses":[{"type":"MIT","url":"http://opensource.org/licenses/mit-license.php"}],"repositories":[{"type":"git","url":"git://github.com/oozcitak/xmlbuilder-js.git"}],"bugs":{"url":"http://github.com/oozcitak/xmlbuilder-js/issues"},"directories":{"lib":"./lib"},"main":"./lib/index","engines":{"node":">=0.2.0"},"_id":"xmlbuilder@0.1.0","_engineSupported":true,"_npmVersion":"0.2.13","_nodeVersion":"v0.3.3-pre","dist":{"shasum":"38387f0a3f4e0adc6b7c7719e5c64e1dbf88b897","tarball":"https://registry.npmjs.org/xmlbuilder/-/xmlbuilder-0.1.0.tgz"}},"0.1.1":{"name":"xmlbuilder","version":"0.1.1","description":"An XML builder for node.js","author":{"name":"Ozgur Ozcitak","email":"oozcitak@gmail.com"},"licenses":[{"type":"MIT","url":"http://opensource.org/licenses/mit-license.php"}],"repositories":[{"type":"git","url":"git://github.com/oozcitak/xmlbuilder-js.git"}],"bugs":{"url":"http://github.com/oozcitak/xmlbuilder-js/issues"},"directories":{"lib":"./lib"},"main":"./lib/index","engines":{"node":">=0.2.0"},"_id":"xmlbuilder@0.1.1","_engineSupported":true,"_npmVersion":"0.2.13","_nodeVersion":"v0.3.3-pre","dist":{"shasum":"a52dc1e9cd812f69a4577c169397b828be2dad5b","tarball":"https://registry.npmjs.org/xmlbuilder/-/xmlbuilder-0.1.1.tgz"}},"0.1.2":{"name":"xmlbuilder","version":"0.1.2","description":"An XML builder for node.js","author":{"name":"Ozgur Ozcitak","email":"oozcitak@gmail.com"},"licenses":[{"type":"MIT","url":"http://opensource.org/licenses/mit-license.php"}],"repositories":[{"type":"git","url":"git://github.com/oozcitak/xmlbuilder-js.git"}],"bugs":{"url":"http://github.com/oozcitak/xmlbuilder-js/issues"},"directories":{"lib":"./lib"},"main":"./lib/index","engines":{"node":">=0.2.0"},"_id":"xmlbuilder@0.1.2","_engineSupported":true,"_npmVersion":"0.2.13","_nodeVersion":"v0.3.3-pre","dist":{"shasum":"7b7ed43dca548284d4d138169b502adc56acbec4","tarball":"https://registry.npmjs.org/xmlbuilder/-/xmlbuilder-0.1.2.tgz"}},"0.1.3":{"name":"xmlbuilder","version":"0.1.3","description":"An XML builder for node.js","author":{"name":"Ozgur Ozcitak","email":"oozcitak@gmail.com"},"licenses":[{"type":"MIT","url":"http://opensource.org/licenses/mit-license.php"}],"repositories":[{"type":"git","url":"git://github.com/oozcitak/xmlbuilder-js.git"}],"bugs":{"url":"http://github.com/oozcitak/xmlbuilder-js/issues"},"directories":{"lib":"./lib"},"main":"./lib/index","engines":{"node":">=0.2.0"},"dependencies":{},"devDependencies":{},"_id":"xmlbuilder@0.1.3","_engineSupported":true,"_npmVersion":"1.0.5","_nodeVersion":"v0.5.0-pre","_defaultsLoaded":true,"dist":{"shasum":"d2ca27982e4016775e039132deae73d68da84d0b","tarball":"https://registry.npmjs.org/xmlbuilder/-/xmlbuilder-0.1.3.tgz"},"scripts":{}},"0.1.4":{"name":"xmlbuilder","version":"0.1.4","description":"An XML builder for node.js","author":{"name":"Ozgur Ozcitak","email":"oozcitak@gmail.com"},"licenses":[{"type":"MIT","url":"http://opensource.org/licenses/mit-license.php"}],"repositories":[{"type":"git","url":"git://github.com/oozcitak/xmlbuilder-js.git"}],"bugs":{"url":"http://github.com/oozcitak/xmlbuilder-js/issues"},"directories":{"lib":"./lib"},"main":"./lib/index","engines":{"node":">=0.2.0"},"dependencies":{},"devDependencies":{},"_id":"xmlbuilder@0.1.4","_engineSupported":true,"_npmVersion":"1.0.5","_nodeVersion":"v0.5.0-pre","_defaultsLoaded":true,"dist":{"shasum":"ff11c1ac73ea8ee62900c94aa2ccaff9cc031bea","tarball":"https://registry.npmjs.org/xmlbuilder/-/xmlbuilder-0.1.4.tgz"},"scripts":{}},"0.1.5":{"name":"xmlbuilder","version":"0.1.5","description":"An XML builder for node.js","author":{"name":"Ozgur Ozcitak","email":"oozcitak@gmail.com"},"licenses":[{"type":"MIT","url":"http://opensource.org/licenses/mit-license.php"}],"repositories":[{"type":"git","url":"git://github.com/oozcitak/xmlbuilder-js.git"}],"bugs":{"url":"http://github.com/oozcitak/xmlbuilder-js/issues"},"directories":{"lib":"./lib"},"main":"./lib/index","engines":{"node":">=0.2.0"},"dependencies":{},"devDependencies":{},"_id":"xmlbuilder@0.1.5","_engineSupported":true,"_npmVersion":"1.0.5","_nodeVersion":"v0.5.0-pre","_defaultsLoaded":true,"dist":{"shasum":"dd09d16aa0c460dbd646fc6378179a15d7e352dd","tarball":"https://registry.npmjs.org/xmlbuilder/-/xmlbuilder-0.1.5.tgz"},"scripts":{},"maintainers":[{"name":"oozcitak","email":"oozcitak@gmail.com"}]},"0.1.6":{"name":"xmlbuilder","version":"0.1.6","description":"An XML builder for node.js","author":{"name":"Ozgur Ozcitak","email":"oozcitak@gmail.com"},"licenses":[{"type":"MIT","url":"http://opensource.org/licenses/mit-license.php"}],"repositories":[{"type":"git","url":"git://github.com/oozcitak/xmlbuilder-js.git"}],"bugs":{"url":"http://github.com/oozcitak/xmlbuilder-js/issues"},"directories":{"lib":"./lib"},"main":"./lib/index","engines":{"node":">=0.2.0"},"_npmUser":{"name":"oozcitak","email":"oozcitak@gmail.com"},"_id":"xmlbuilder@0.1.6","dependencies":{},"devDependencies":{},"_engineSupported":true,"_npmVersion":"1.0.103","_nodeVersion":"v0.5.0-pre","_defaultsLoaded":true,"dist":{"shasum":"d579144a40195fa9452a3322293259f19ae137c5","tarball":"https://registry.npmjs.org/xmlbuilder/-/xmlbuilder-0.1.6.tgz"},"maintainers":[{"name":"oozcitak","email":"oozcitak@gmail.com"}]},"0.1.7":{"name":"xmlbuilder","version":"0.1.7","description":"An XML builder for node.js","author":{"name":"Ozgur Ozcitak","email":"oozcitak@gmail.com"},"licenses":[{"type":"MIT","url":"http://opensource.org/licenses/mit-license.php"}],"repositories":[{"type":"git","url":"git://github.com/oozcitak/xmlbuilder-js.git"}],"bugs":{"url":"http://github.com/oozcitak/xmlbuilder-js/issues"},"directories":{"lib":"./lib"},"main":"./lib/index","engines":{"node":">=0.2.0"},"_npmUser":{"name":"oozcitak","email":"oozcitak@gmail.com"},"_id":"xmlbuilder@0.1.7","dependencies":{},"devDependencies":{},"_engineSupported":true,"_npmVersion":"1.0.103","_nodeVersion":"v0.5.0-pre","_defaultsLoaded":true,"dist":{"shasum":"02377307a1a6a9edb180a966ed93df150f65376c","tarball":"https://registry.npmjs.org/xmlbuilder/-/xmlbuilder-0.1.7.tgz"},"maintainers":[{"name":"oozcitak","email":"oozcitak@gmail.com"}]},"0.1.8":{"name":"xmlbuilder","version":"0.1.8","keywords":["xml xmlbuilder"],"homepage":"http://github.com/oozcitak/xmlbuilder-js","description":"An XML builder for node.js","author":{"name":"Ozgur Ozcitak","email":"oozcitak@gmail.com"},"licenses":[{"type":"MIT","url":"http://opensource.org/licenses/mit-license.php"}],"repositories":[{"type":"git","url":"git://github.com/oozcitak/xmlbuilder-js.git"}],"bugs":{"url":"http://github.com/oozcitak/xmlbuilder-js/issues"},"directories":{"lib":"./lib"},"main":"./lib/index","engines":{"node":">=0.2.0"},"devDependencies":{"coffee-script":"1.1.x"},"scripts":{"test":"make test"},"_npmUser":{"name":"oozcitak","email":"oozcitak@gmail.com"},"_id":"xmlbuilder@0.1.8","dependencies":{},"_engineSupported":true,"_npmVersion":"1.0.103","_nodeVersion":"v0.5.0-pre","_defaultsLoaded":true,"dist":{"shasum":"f405ffefa83cb044124d93f014b688125d007be7","tarball":"https://registry.npmjs.org/xmlbuilder/-/xmlbuilder-0.1.8.tgz"},"maintainers":[{"name":"oozcitak","email":"oozcitak@gmail.com"}]},"0.2.0":{"name":"xmlbuilder","version":"0.2.0","keywords":["xml xmlbuilder"],"homepage":"http://github.com/oozcitak/xmlbuilder-js","description":"An XML builder for node.js","author":{"name":"Ozgur Ozcitak","email":"oozcitak@gmail.com"},"licenses":[{"type":"MIT","url":"http://opensource.org/licenses/mit-license.php"}],"repositories":[{"type":"git","url":"git://github.com/oozcitak/xmlbuilder-js.git"}],"bugs":{"url":"http://github.com/oozcitak/xmlbuilder-js/issues"},"directories":{"lib":"./lib"},"main":"./lib/index","engines":{"node":">=0.2.0"},"devDependencies":{"coffee-script":"1.1.x"},"scripts":{"test":"make test"},"_npmUser":{"name":"oozcitak","email":"oozcitak@gmail.com"},"_id":"xmlbuilder@0.2.0","dependencies":{},"_engineSupported":true,"_npmVersion":"1.0.103","_nodeVersion":"v0.5.0-pre","_defaultsLoaded":true,"dist":{"shasum":"f10403150a70c5e719f092c0252b4c9fa2cb5068","tarball":"https://registry.npmjs.org/xmlbuilder/-/xmlbuilder-0.2.0.tgz"},"maintainers":[{"name":"oozcitak","email":"oozcitak@gmail.com"}]},"0.2.1":{"name":"xmlbuilder","version":"0.2.1","keywords":["xml xmlbuilder"],"homepage":"http://github.com/oozcitak/xmlbuilder-js","description":"An XML builder for node.js","author":{"name":"Ozgur Ozcitak","email":"oozcitak@gmail.com"},"licenses":[{"type":"MIT","url":"http://opensource.org/licenses/mit-license.php"}],"repository":{"type":"git","url":"git://github.com/oozcitak/xmlbuilder-js.git"},"bugs":{"url":"http://github.com/oozcitak/xmlbuilder-js/issues"},"directories":{"lib":"./lib"},"main":"./lib/index","engines":{"node":">=0.2.0"},"devDependencies":{"coffee-script":"1.1.x"},"scripts":{"test":"make test"},"_npmUser":{"name":"oozcitak","email":"oozcitak@gmail.com"},"_id":"xmlbuilder@0.2.1","dependencies":{},"_engineSupported":true,"_npmVersion":"1.0.103","_nodeVersion":"v0.5.0-pre","_defaultsLoaded":true,"dist":{"shasum":"1d8814a2ba0134358faa54929c8c3bed8e420a0a","tarball":"https://registry.npmjs.org/xmlbuilder/-/xmlbuilder-0.2.1.tgz"},"maintainers":[{"name":"oozcitak","email":"oozcitak@gmail.com"}]},"0.2.2":{"name":"xmlbuilder","version":"0.2.2","keywords":["xml xmlbuilder"],"homepage":"http://github.com/oozcitak/xmlbuilder-js","description":"An XML builder for node.js","author":{"name":"Ozgur Ozcitak","email":"oozcitak@gmail.com"},"licenses":[{"type":"MIT","url":"http://opensource.org/licenses/mit-license.php"}],"repository":{"type":"git","url":"git://github.com/oozcitak/xmlbuilder-js.git"},"bugs":{"url":"http://github.com/oozcitak/xmlbuilder-js/issues"},"directories":{"lib":"./lib"},"main":"./lib/index","engines":{"node":">=0.2.0"},"devDependencies":{"coffee-script":"1.1.x"},"scripts":{"test":"make test"},"_npmUser":{"name":"oozcitak","email":"oozcitak@gmail.com"},"_id":"xmlbuilder@0.2.2","dependencies":{},"_engineSupported":true,"_npmVersion":"1.0.103","_nodeVersion":"v0.5.0-pre","_defaultsLoaded":true,"dist":{"shasum":"552fadd8bf52ae25b7a77b02e117328651c66672","tarball":"https://registry.npmjs.org/xmlbuilder/-/xmlbuilder-0.2.2.tgz"},"maintainers":[{"name":"oozcitak","email":"oozcitak@gmail.com"}]},"0.3.0":{"name":"xmlbuilder","version":"0.3.0","keywords":["xml xmlbuilder"],"homepage":"http://github.com/oozcitak/xmlbuilder-js","description":"An XML builder for node.js","author":{"name":"Ozgur Ozcitak","email":"oozcitak@gmail.com"},"licenses":[{"type":"MIT","url":"http://opensource.org/licenses/mit-license.php"}],"repository":{"type":"git","url":"git://github.com/oozcitak/xmlbuilder-js.git"},"bugs":{"url":"http://github.com/oozcitak/xmlbuilder-js/issues"},"directories":{"lib":"./lib"},"main":"./lib/index","engines":{"node":">=0.2.0"},"devDependencies":{"coffee-script":"1.1.x"},"scripts":{"test":"make test"},"_npmUser":{"name":"oozcitak","email":"oozcitak@gmail.com"},"_id":"xmlbuilder@0.3.0","dependencies":{},"_engineSupported":true,"_npmVersion":"1.0.103","_nodeVersion":"v0.5.0-pre","_defaultsLoaded":true,"dist":{"shasum":"f64520d5232b72029eb17901eb510620cb74acb1","tarball":"https://registry.npmjs.org/xmlbuilder/-/xmlbuilder-0.3.0.tgz"},"maintainers":[{"name":"oozcitak","email":"oozcitak@gmail.com"}]},"0.3.1":{"name":"xmlbuilder","version":"0.3.1","keywords":["xml xmlbuilder"],"homepage":"http://github.com/oozcitak/xmlbuilder-js","description":"An XML builder for node.js","author":{"name":"Ozgur Ozcitak","email":"oozcitak@gmail.com"},"licenses":[{"type":"MIT","url":"http://opensource.org/licenses/mit-license.php"}],"repository":{"type":"git","url":"git://github.com/oozcitak/xmlbuilder-js.git"},"bugs":{"url":"http://github.com/oozcitak/xmlbuilder-js/issues"},"directories":{"lib":"./lib"},"main":"./lib/index","engines":{"node":">=0.2.0"},"devDependencies":{"coffee-script":"1.1.x"},"scripts":{"test":"make test"},"_npmUser":{"name":"oozcitak","email":"oozcitak@gmail.com"},"_id":"xmlbuilder@0.3.1","dependencies":{},"_engineSupported":true,"_npmVersion":"1.0.103","_nodeVersion":"v0.5.0-pre","_defaultsLoaded":true,"dist":{"shasum":"5ed4c22b4622c2437faf83e4f236f23d6bbf2641","tarball":"https://registry.npmjs.org/xmlbuilder/-/xmlbuilder-0.3.1.tgz"},"maintainers":[{"name":"oozcitak","email":"oozcitak@gmail.com"}]},"0.3.2":{"name":"xmlbuilder","version":"0.3.2","keywords":["xml xmlbuilder"],"homepage":"http://github.com/oozcitak/xmlbuilder-js","description":"An XML builder for node.js","author":{"name":"Ozgur Ozcitak","email":"oozcitak@gmail.com"},"licenses":[{"type":"MIT","url":"http://opensource.org/licenses/mit-license.php"}],"repository":{"type":"git","url":"git://github.com/oozcitak/xmlbuilder-js.git"},"bugs":{"url":"http://github.com/oozcitak/xmlbuilder-js/issues"},"directories":{"lib":"./lib"},"main":"./lib/index","engines":{"node":">=0.2.0"},"devDependencies":{"coffee-script":"1.1.x"},"scripts":{"test":"make test"},"_npmUser":{"name":"oozcitak","email":"oozcitak@gmail.com"},"_id":"xmlbuilder@0.3.2","dependencies":{},"_engineSupported":true,"_npmVersion":"1.1.0-alpha-2","_nodeVersion":"v0.6.3","_defaultsLoaded":true,"dist":{"shasum":"c4c20845f048f0a9ba0157e47237becd654fd6f9","tarball":"https://registry.npmjs.org/xmlbuilder/-/xmlbuilder-0.3.2.tgz"},"maintainers":[{"name":"oozcitak","email":"oozcitak@gmail.com"}]},"0.3.3":{"name":"xmlbuilder","version":"0.3.3","keywords":["xml xmlbuilder"],"homepage":"http://github.com/oozcitak/xmlbuilder-js","description":"An XML builder for node.js","author":{"name":"Ozgur Ozcitak","email":"oozcitak@gmail.com"},"licenses":[{"type":"MIT","url":"http://opensource.org/licenses/mit-license.php"}],"repository":{"type":"git","url":"git://github.com/oozcitak/xmlbuilder-js.git"},"bugs":{"url":"http://github.com/oozcitak/xmlbuilder-js/issues"},"directories":{"lib":"./lib"},"main":"./lib/index","engines":{"node":">=0.2.0"},"devDependencies":{"coffee-script":"1.1.x"},"scripts":{"test":"make test"},"_npmUser":{"name":"oozcitak","email":"oozcitak@gmail.com"},"_id":"xmlbuilder@0.3.3","dependencies":{},"_engineSupported":true,"_npmVersion":"1.1.0-alpha-2","_nodeVersion":"v0.6.3","_defaultsLoaded":true,"dist":{"shasum":"71b815c1e200d0250f491a529bddd91ed937562d","tarball":"https://registry.npmjs.org/xmlbuilder/-/xmlbuilder-0.3.3.tgz"},"maintainers":[{"name":"oozcitak","email":"oozcitak@gmail.com"}]},"0.3.4":{"name":"xmlbuilder","version":"0.3.4","keywords":["xml xmlbuilder"],"homepage":"http://github.com/oozcitak/xmlbuilder-js","description":"An XML builder for node.js","author":{"name":"Ozgur Ozcitak","email":"oozcitak@gmail.com"},"licenses":[{"type":"MIT","url":"http://opensource.org/licenses/mit-license.php"}],"repository":{"type":"git","url":"git://github.com/oozcitak/xmlbuilder-js.git"},"bugs":{"url":"http://github.com/oozcitak/xmlbuilder-js/issues"},"directories":{"lib":"./lib"},"main":"./lib/index","engines":{"node":">=0.2.0"},"devDependencies":{"coffee-script":"1.1.x"},"scripts":{"test":"make test"},"_npmUser":{"name":"oozcitak","email":"oozcitak@gmail.com"},"_id":"xmlbuilder@0.3.4","dependencies":{},"_engineSupported":true,"_npmVersion":"1.1.0-alpha-2","_nodeVersion":"v0.6.3","_defaultsLoaded":true,"dist":{"shasum":"d1d8939eb3137d07e50b930a9d549dbdf8184eb6","tarball":"https://registry.npmjs.org/xmlbuilder/-/xmlbuilder-0.3.4.tgz"},"maintainers":[{"name":"oozcitak","email":"oozcitak@gmail.com"}]},"0.3.5":{"name":"xmlbuilder","version":"0.3.5","keywords":["xml xmlbuilder"],"homepage":"http://github.com/oozcitak/xmlbuilder-js","description":"An XML builder for node.js","author":{"name":"Ozgur Ozcitak","email":"oozcitak@gmail.com"},"licenses":[{"type":"MIT","url":"http://opensource.org/licenses/mit-license.php"}],"files":["./lib/index.js","./lib/XMLBuilder.js","./lib/XMLFragment.js"],"repository":{"type":"git","url":"git://github.com/oozcitak/xmlbuilder-js.git"},"bugs":{"url":"http://github.com/oozcitak/xmlbuilder-js/issues"},"directories":{"lib":"./lib"},"main":"./lib/index","engines":{"node":">=0.2.0"},"devDependencies":{"coffee-script":"1.1.x"},"scripts":{"test":"make test"},"_npmUser":{"name":"oozcitak","email":"oozcitak@gmail.com"},"_id":"xmlbuilder@0.3.5","dependencies":{},"_engineSupported":true,"_npmVersion":"1.1.0-alpha-2","_nodeVersion":"v0.6.3","_defaultsLoaded":true,"dist":{"shasum":"29420705bd26d3e6fa1df4c591b4dc51e1befe79","tarball":"https://registry.npmjs.org/xmlbuilder/-/xmlbuilder-0.3.5.tgz"},"maintainers":[{"name":"oozcitak","email":"oozcitak@gmail.com"}]},"0.3.6":{"name":"xmlbuilder","version":"0.3.6","keywords":["xml xmlbuilder"],"homepage":"http://github.com/oozcitak/xmlbuilder-js","description":"An XML builder for node.js","author":{"name":"Ozgur Ozcitak","email":"oozcitak@gmail.com"},"licenses":[{"type":"MIT","url":"http://opensource.org/licenses/mit-license.php"}],"files":["package.json","./lib/index.js","./lib/XMLBuilder.js","./lib/XMLFragment.js"],"repository":{"type":"git","url":"git://github.com/oozcitak/xmlbuilder-js.git"},"bugs":{"url":"http://github.com/oozcitak/xmlbuilder-js/issues"},"directories":{"lib":"./lib"},"main":"./lib/index","engines":{"node":">=0.2.0"},"devDependencies":{"coffee-script":"1.1.x"},"scripts":{"test":"make test"},"_npmUser":{"name":"oozcitak","email":"oozcitak@gmail.com"},"_id":"xmlbuilder@0.3.6","dependencies":{},"_engineSupported":true,"_npmVersion":"1.1.0-alpha-2","_nodeVersion":"v0.6.3","_defaultsLoaded":true,"dist":{"shasum":"3fe700596f8dcd3c84fff8c8f92c93f3326cd2e9","tarball":"https://registry.npmjs.org/xmlbuilder/-/xmlbuilder-0.3.6.tgz"},"maintainers":[{"name":"oozcitak","email":"oozcitak@gmail.com"}]},"0.3.7":{"name":"xmlbuilder","version":"0.3.7","keywords":["xml xmlbuilder"],"homepage":"http://github.com/oozcitak/xmlbuilder-js","description":"An XML builder for node.js","author":{"name":"Ozgur Ozcitak","email":"oozcitak@gmail.com"},"licenses":[{"type":"MIT","url":"http://opensource.org/licenses/mit-license.php"}],"repository":{"type":"git","url":"git://github.com/oozcitak/xmlbuilder-js.git"},"bugs":{"url":"http://github.com/oozcitak/xmlbuilder-js/issues"},"directories":{"lib":"./lib"},"main":"./lib/index","engines":{"node":">=0.2.0"},"devDependencies":{"coffee-script":"1.1.x"},"scripts":{"test":"make test"},"_npmUser":{"name":"oozcitak","email":"oozcitak@gmail.com"},"_id":"xmlbuilder@0.3.7","dependencies":{},"_engineSupported":true,"_npmVersion":"1.1.0-alpha-2","_nodeVersion":"v0.6.3","_defaultsLoaded":true,"dist":{"shasum":"9103f9feb62ebc96d02380ad6975c469d0072753","tarball":"https://registry.npmjs.org/xmlbuilder/-/xmlbuilder-0.3.7.tgz"},"maintainers":[{"name":"oozcitak","email":"oozcitak@gmail.com"}]},"0.3.8":{"name":"xmlbuilder","version":"0.3.8","keywords":["xml xmlbuilder"],"homepage":"http://github.com/oozcitak/xmlbuilder-js","description":"An XML builder for node.js","author":{"name":"Ozgur Ozcitak","email":"oozcitak@gmail.com"},"licenses":[{"type":"MIT","url":"http://opensource.org/licenses/mit-license.php"}],"repository":{"type":"git","url":"git://github.com/oozcitak/xmlbuilder-js.git"},"bugs":{"url":"http://github.com/oozcitak/xmlbuilder-js/issues"},"files":["package.json","./lib/index.js","./lib/XMLBuilder.js","./lib/XMLFragment.js"],"main":"./lib/index","engines":{"node":">=0.2.0"},"devDependencies":{"coffee-script":"1.1.x"},"scripts":{"test":"make test"},"_npmUser":{"name":"oozcitak","email":"oozcitak@gmail.com"},"_id":"xmlbuilder@0.3.8","dependencies":{},"_engineSupported":true,"_npmVersion":"1.1.0-alpha-2","_nodeVersion":"v0.6.3","_defaultsLoaded":true,"dist":{"shasum":"82093d0212582f267da3fe15ea459d3f2bba4ffd","tarball":"https://registry.npmjs.org/xmlbuilder/-/xmlbuilder-0.3.8.tgz"},"maintainers":[{"name":"oozcitak","email":"oozcitak@gmail.com"}],"directories":{}},"0.3.9":{"name":"xmlbuilder","version":"0.3.9","keywords":"xml xmlbuilder","homepage":"http://github.com/oozcitak/xmlbuilder-js","description":"An XML builder for node.js","author":{"name":"Ozgur Ozcitak","email":"oozcitak@gmail.com"},"licenses":[{"type":"MIT","url":"http://opensource.org/licenses/mit-license.php"}],"repository":{"type":"git","url":"git://github.com/oozcitak/xmlbuilder-js.git"},"bugs":{"url":"http://github.com/oozcitak/xmlbuilder-js/issues"},"files":["package.json","./lib/index.js","./lib/XMLBuilder.js","./lib/XMLFragment.js"],"main":"./lib/index","engines":{"node":">=0.2.0"},"devDependencies":{"coffee-script":"1.1.x"},"scripts":{"test":"make test"},"_id":"xmlbuilder@0.3.9","dist":{"shasum":"6410dd93a3bad5929487a3de8bf812f1787f8d68","tarball":"https://registry.npmjs.org/xmlbuilder/-/xmlbuilder-0.3.9.tgz"},"maintainers":[{"name":"oozcitak","email":"oozcitak@gmail.com"}],"directories":{}},"0.3.10":{"name":"xmlbuilder","version":"0.3.10","keywords":"xml xmlbuilder","homepage":"http://github.com/oozcitak/xmlbuilder-js","description":"An XML builder for node.js","author":{"name":"Ozgur Ozcitak","email":"oozcitak@gmail.com"},"licenses":[{"type":"MIT","url":"http://opensource.org/licenses/mit-license.php"}],"repository":{"type":"git","url":"git://github.com/oozcitak/xmlbuilder-js.git"},"bugs":{"url":"http://github.com/oozcitak/xmlbuilder-js/issues"},"main":"./lib/index","engines":{"node":">=0.2.0"},"devDependencies":{"coffee-script":"1.1.x"},"scripts":{"test":"make test"},"_id":"xmlbuilder@0.3.10","dist":{"shasum":"9ace11fa182ddf44372f5a02c70cf05d15c7a883","tarball":"https://registry.npmjs.org/xmlbuilder/-/xmlbuilder-0.3.10.tgz"},"maintainers":[{"name":"oozcitak","email":"oozcitak@gmail.com"}],"directories":{}},"0.3.11":{"name":"xmlbuilder","version":"0.3.11","keywords":["xml","xmlbuilder"],"homepage":"http://github.com/oozcitak/xmlbuilder-js","description":"An XML builder for node.js","author":{"name":"Ozgur Ozcitak","email":"oozcitak@gmail.com"},"licenses":[{"type":"MIT","url":"http://opensource.org/licenses/mit-license.php"}],"repository":{"type":"git","url":"git://github.com/oozcitak/xmlbuilder-js.git"},"bugs":{"url":"http://github.com/oozcitak/xmlbuilder-js/issues"},"main":"./lib/index","engines":{"node":">=0.2.0"},"devDependencies":{"coffee-script":"1.1.x"},"scripts":{"test":"make test"},"_id":"xmlbuilder@0.3.11","dist":{"shasum":"c3a81aa2002b285bc7fdc189091d07869baac991","tarball":"https://registry.npmjs.org/xmlbuilder/-/xmlbuilder-0.3.11.tgz"},"maintainers":[{"name":"oozcitak","email":"oozcitak@gmail.com"}],"directories":{}},"0.4.0":{"name":"xmlbuilder","version":"0.4.0","keywords":["xml","xmlbuilder"],"homepage":"http://github.com/oozcitak/xmlbuilder-js","description":"An XML builder for node.js","author":{"name":"Ozgur Ozcitak","email":"oozcitak@gmail.com"},"licenses":[{"type":"MIT","url":"http://opensource.org/licenses/mit-license.php"}],"repository":{"type":"git","url":"git://github.com/oozcitak/xmlbuilder-js.git"},"bugs":{"url":"http://github.com/oozcitak/xmlbuilder-js/issues"},"main":"./lib/index","engines":{"node":">=0.2.0"},"devDependencies":{"coffee-script":"1.1.x"},"scripts":{"test":"make test"},"_npmUser":{"name":"oozcitak","email":"oozcitak@gmail.com"},"_id":"xmlbuilder@0.4.0","dependencies":{},"_engineSupported":true,"_npmVersion":"1.1.0-alpha-2","_nodeVersion":"v0.6.3","_defaultsLoaded":true,"dist":{"shasum":"744743397a5df707fa65c8f2bf11a3fd136c5c06","tarball":"https://registry.npmjs.org/xmlbuilder/-/xmlbuilder-0.4.0.tgz"},"maintainers":[{"name":"oozcitak","email":"oozcitak@gmail.com"}],"directories":{}},"0.4.1":{"name":"xmlbuilder","version":"0.4.1","keywords":["xml","xmlbuilder"],"homepage":"http://github.com/oozcitak/xmlbuilder-js","description":"An XML builder for node.js","author":{"name":"Ozgur Ozcitak","email":"oozcitak@gmail.com"},"licenses":[{"type":"MIT","url":"http://opensource.org/licenses/mit-license.php"}],"repository":{"type":"git","url":"git://github.com/oozcitak/xmlbuilder-js.git"},"bugs":{"url":"http://github.com/oozcitak/xmlbuilder-js/issues"},"main":"./lib/index","engines":{"node":">=0.2.0"},"devDependencies":{"coffee-script":"1.1.x"},"scripts":{"test":"make test"},"_npmUser":{"name":"oozcitak","email":"oozcitak@gmail.com"},"_id":"xmlbuilder@0.4.1","dependencies":{},"_engineSupported":true,"_npmVersion":"1.1.0-alpha-2","_nodeVersion":"v0.6.3","_defaultsLoaded":true,"dist":{"shasum":"a280f45fc23312b4a3ec61c4d8c2f1521d1d59aa","tarball":"https://registry.npmjs.org/xmlbuilder/-/xmlbuilder-0.4.1.tgz"},"maintainers":[{"name":"oozcitak","email":"oozcitak@gmail.com"}],"directories":{}},"0.4.2":{"name":"xmlbuilder","version":"0.4.2","keywords":["xml","xmlbuilder"],"homepage":"http://github.com/oozcitak/xmlbuilder-js","description":"An XML builder for node.js","author":{"name":"Ozgur Ozcitak","email":"oozcitak@gmail.com"},"licenses":[{"type":"MIT","url":"http://opensource.org/licenses/mit-license.php"}],"repository":{"type":"git","url":"git://github.com/oozcitak/xmlbuilder-js.git"},"bugs":{"url":"http://github.com/oozcitak/xmlbuilder-js/issues"},"main":"./lib/index","engines":{"node":">=0.2.0"},"devDependencies":{"coffee-script":"1.1.x"},"scripts":{"test":"make test"},"_npmUser":{"name":"oozcitak","email":"oozcitak@gmail.com"},"_id":"xmlbuilder@0.4.2","dependencies":{},"_engineSupported":true,"_npmVersion":"1.1.0-alpha-2","_nodeVersion":"v0.6.3","_defaultsLoaded":true,"dist":{"shasum":"1776d65f3fdbad470a08d8604cdeb1c4e540ff83","tarball":"https://registry.npmjs.org/xmlbuilder/-/xmlbuilder-0.4.2.tgz"},"maintainers":[{"name":"oozcitak","email":"oozcitak@gmail.com"}],"directories":{}},"0.4.3":{"name":"xmlbuilder","version":"0.4.3","keywords":["xml","xmlbuilder"],"homepage":"http://github.com/oozcitak/xmlbuilder-js","description":"An XML builder for node.js","author":{"name":"Ozgur Ozcitak","email":"oozcitak@gmail.com"},"licenses":[{"type":"MIT","url":"http://opensource.org/licenses/mit-license.php"}],"repository":{"type":"git","url":"git://github.com/oozcitak/xmlbuilder-js.git"},"bugs":{"url":"http://github.com/oozcitak/xmlbuilder-js/issues"},"main":"./lib/index","engines":{"node":">=0.2.0"},"devDependencies":{"coffee-script":"1.1.x"},"scripts":{"prepublish":"make release","postpublish":"make clean","test":"make test"},"_npmUser":{"name":"oozcitak","email":"oozcitak@gmail.com"},"_id":"xmlbuilder@0.4.3","dependencies":{},"_engineSupported":true,"_npmVersion":"1.1.0-alpha-2","_nodeVersion":"v0.6.3","_defaultsLoaded":true,"dist":{"shasum":"c4614ba74e0ad196e609c9272cd9e1ddb28a8a58","tarball":"https://registry.npmjs.org/xmlbuilder/-/xmlbuilder-0.4.3.tgz"},"maintainers":[{"name":"oozcitak","email":"oozcitak@gmail.com"}],"directories":{}},"1.0.0":{"name":"xmlbuilder","version":"1.0.0","keywords":["xml","xmlbuilder"],"homepage":"http://github.com/oozcitak/xmlbuilder-js","description":"An XML builder for node.js","author":{"name":"Ozgur Ozcitak","email":"oozcitak@gmail.com"},"licenses":[{"type":"MIT","url":"http://opensource.org/licenses/mit-license.php"}],"repository":{"type":"git","url":"git://github.com/oozcitak/xmlbuilder-js.git"},"bugs":{"url":"http://github.com/oozcitak/xmlbuilder-js/issues"},"main":"./lib/index","engines":{"node":">=0.2.0"},"dependencies":{"underscore":">=1.5.x"},"devDependencies":{"coffee-script":">=1.1.x","vows":">=0.7.x"},"scripts":{"prepublish":"coffee -co lib/ src/*.coffee","postpublish":"rm -rf lib","test":"vows test/*"},"_npmUser":{"name":"oozcitak","email":"oozcitak@gmail.com"},"_id":"xmlbuilder@1.0.0","_engineSupported":true,"_npmVersion":"1.1.0-alpha-2","_nodeVersion":"v0.6.3","_defaultsLoaded":true,"dist":{"shasum":"9d01d0ff177feed78340235df39123b1228959d3","tarball":"https://registry.npmjs.org/xmlbuilder/-/xmlbuilder-1.0.0.tgz"},"maintainers":[{"name":"oozcitak","email":"oozcitak@gmail.com"}],"directories":{}},"1.0.1":{"name":"xmlbuilder","version":"1.0.1","keywords":["xml","xmlbuilder"],"homepage":"http://github.com/oozcitak/xmlbuilder-js","description":"An XML builder for node.js","author":{"name":"Ozgur Ozcitak","email":"oozcitak@gmail.com"},"licenses":[{"type":"MIT","url":"http://opensource.org/licenses/mit-license.php"}],"repository":{"type":"git","url":"git://github.com/oozcitak/xmlbuilder-js.git"},"bugs":{"url":"http://github.com/oozcitak/xmlbuilder-js/issues"},"main":"./lib/index","engines":{"node":">=0.2.0"},"dependencies":{"underscore":">=1.5.x"},"devDependencies":{"coffee-script":">=1.1.x","vows":">=0.7.x"},"scripts":{"prepublish":"coffee -co lib/ src/*.coffee","postpublish":"rm -rf lib","test":"vows test/*"},"_npmUser":{"name":"oozcitak","email":"oozcitak@gmail.com"},"_id":"xmlbuilder@1.0.1","_engineSupported":true,"_npmVersion":"1.1.0-alpha-2","_nodeVersion":"v0.6.3","_defaultsLoaded":true,"dist":{"shasum":"4ec53f056e110c3d47b2e61b09346d38e945c1d8","tarball":"https://registry.npmjs.org/xmlbuilder/-/xmlbuilder-1.0.1.tgz"},"maintainers":[{"name":"oozcitak","email":"oozcitak@gmail.com"}],"directories":{}},"1.0.2":{"name":"xmlbuilder","version":"1.0.2","keywords":["xml","xmlbuilder"],"homepage":"http://github.com/oozcitak/xmlbuilder-js","description":"An XML builder for node.js","author":{"name":"Ozgur Ozcitak","email":"oozcitak@gmail.com"},"licenses":[{"type":"MIT","url":"http://opensource.org/licenses/mit-license.php"}],"repository":{"type":"git","url":"git://github.com/oozcitak/xmlbuilder-js.git"},"bugs":{"url":"http://github.com/oozcitak/xmlbuilder-js/issues"},"main":"./lib/index","engines":{"node":">=0.2.0"},"dependencies":{"underscore":">=1.5.x"},"devDependencies":{"coffee-script":">=1.1.x","vows":">=0.7.x"},"scripts":{"prepublish":"coffee -co lib/ src/*.coffee","postpublish":"rm -rf lib","test":"vows test/*"},"_npmUser":{"name":"oozcitak","email":"oozcitak@gmail.com"},"_id":"xmlbuilder@1.0.2","_engineSupported":true,"_npmVersion":"1.1.0-alpha-2","_nodeVersion":"v0.6.3","_defaultsLoaded":true,"dist":{"shasum":"f3939d049e91c8c8af6165411944380798ed8e82","tarball":"https://registry.npmjs.org/xmlbuilder/-/xmlbuilder-1.0.2.tgz"},"maintainers":[{"name":"oozcitak","email":"oozcitak@gmail.com"}],"directories":{}},"1.1.0":{"name":"xmlbuilder","version":"1.1.0","keywords":["xml","xmlbuilder"],"homepage":"http://github.com/oozcitak/xmlbuilder-js","description":"An XML builder for node.js","author":{"name":"Ozgur Ozcitak","email":"oozcitak@gmail.com"},"licenses":[{"type":"MIT","url":"http://opensource.org/licenses/mit-license.php"}],"repository":{"type":"git","url":"git://github.com/oozcitak/xmlbuilder-js.git"},"bugs":{"url":"http://github.com/oozcitak/xmlbuilder-js/issues"},"main":"./lib/index","engines":{"node":">=0.2.0"},"dependencies":{"underscore":">=1.5.x"},"devDependencies":{"coffee-script":">=1.1.x","vows":">=0.7.x"},"scripts":{"prepublish":"coffee -co lib/ src/*.coffee","postpublish":"rm -rf lib","test":"vows test/*"},"_id":"xmlbuilder@1.1.0","dist":{"shasum":"2b4935395f17c549e73b55730ea5e206a9c7d1c5","tarball":"https://registry.npmjs.org/xmlbuilder/-/xmlbuilder-1.1.0.tgz"},"_from":".","_npmVersion":"1.3.14","_npmUser":{"name":"oozcitak","email":"oozcitak@gmail.com"},"maintainers":[{"name":"oozcitak","email":"oozcitak@gmail.com"}],"directories":{}},"1.1.1":{"name":"xmlbuilder","version":"1.1.1","keywords":["xml","xmlbuilder"],"homepage":"http://github.com/oozcitak/xmlbuilder-js","description":"An XML builder for node.js","author":{"name":"Ozgur Ozcitak","email":"oozcitak@gmail.com"},"licenses":[{"type":"MIT","url":"http://opensource.org/licenses/mit-license.php"}],"repository":{"type":"git","url":"git://github.com/oozcitak/xmlbuilder-js.git"},"bugs":{"url":"http://github.com/oozcitak/xmlbuilder-js/issues"},"main":"./lib/index","engines":{"node":">=0.2.0"},"dependencies":{"underscore":">=1.5.x"},"devDependencies":{"coffee-script":">=1.1.x","vows":">=0.7.x"},"scripts":{"prepublish":"coffee -co lib/ src/*.coffee","postpublish":"rm -rf lib","test":"vows test/*"},"_id":"xmlbuilder@1.1.1","dist":{"shasum":"870a2085d532479dd8628b22b15fc65e512c3df7","tarball":"https://registry.npmjs.org/xmlbuilder/-/xmlbuilder-1.1.1.tgz"},"_from":".","_npmVersion":"1.3.14","_npmUser":{"name":"oozcitak","email":"oozcitak@gmail.com"},"maintainers":[{"name":"oozcitak","email":"oozcitak@gmail.com"}],"directories":{}},"1.1.2":{"name":"xmlbuilder","version":"1.1.2","keywords":["xml","xmlbuilder"],"homepage":"http://github.com/oozcitak/xmlbuilder-js","description":"An XML builder for node.js","author":{"name":"Ozgur Ozcitak","email":"oozcitak@gmail.com"},"licenses":[{"type":"MIT","url":"http://opensource.org/licenses/mit-license.php"}],"repository":{"type":"git","url":"git://github.com/oozcitak/xmlbuilder-js.git"},"bugs":{"url":"http://github.com/oozcitak/xmlbuilder-js/issues"},"main":"./lib/index","engines":{"node":">=0.2.0"},"dependencies":{"underscore":">=1.5.x"},"devDependencies":{"coffee-script":">=1.1.x","vows":">=0.7.x"},"scripts":{"prepublish":"coffee -co lib/ src/*.coffee","postpublish":"rm -rf lib","test":"vows test/*"},"_id":"xmlbuilder@1.1.2","dist":{"shasum":"83873690df07061a4e65340ea0b899c1b9c86e23","tarball":"https://registry.npmjs.org/xmlbuilder/-/xmlbuilder-1.1.2.tgz"},"_from":".","_npmVersion":"1.3.14","_npmUser":{"name":"oozcitak","email":"oozcitak@gmail.com"},"maintainers":[{"name":"oozcitak","email":"oozcitak@gmail.com"}],"directories":{}},"2.0.0":{"name":"xmlbuilder","version":"2.0.0","keywords":["xml","xmlbuilder"],"homepage":"http://github.com/oozcitak/xmlbuilder-js","description":"An XML builder for node.js","author":{"name":"Ozgur Ozcitak","email":"oozcitak@gmail.com"},"licenses":[{"type":"MIT","url":"http://opensource.org/licenses/mit-license.php"}],"repository":{"type":"git","url":"git://github.com/oozcitak/xmlbuilder-js.git"},"bugs":{"url":"http://github.com/oozcitak/xmlbuilder-js/issues"},"main":"./lib/index","engines":{"node":">=0.2.0"},"dependencies":{"underscore":">=1.5.x"},"devDependencies":{"coffee-script":">=1.1.x","vows":">=0.7.x","memwatch":">=0.2.x"},"scripts":{"prepublish":"coffee -co lib/ src/*.coffee","postpublish":"rm -rf lib","test":"vows test/*"},"_id":"xmlbuilder@2.0.0","dist":{"shasum":"d4339edb3f2b190f05aca179219a9929c1b8ac49","tarball":"https://registry.npmjs.org/xmlbuilder/-/xmlbuilder-2.0.0.tgz"},"_from":".","_npmVersion":"1.3.14","_npmUser":{"name":"oozcitak","email":"oozcitak@gmail.com"},"maintainers":[{"name":"oozcitak","email":"oozcitak@gmail.com"}],"directories":{}},"2.0.1":{"name":"xmlbuilder","version":"2.0.1","keywords":["xml","xmlbuilder"],"homepage":"http://github.com/oozcitak/xmlbuilder-js","description":"An XML builder for node.js","author":{"name":"Ozgur Ozcitak","email":"oozcitak@gmail.com"},"licenses":[{"type":"MIT","url":"http://opensource.org/licenses/mit-license.php"}],"repository":{"type":"git","url":"git://github.com/oozcitak/xmlbuilder-js.git"},"bugs":{"url":"http://github.com/oozcitak/xmlbuilder-js/issues"},"main":"./lib/index","engines":{"node":">=0.2.0"},"dependencies":{"underscore":">=1.5.x"},"devDependencies":{"coffee-script":">=1.1.x","vows":">=0.7.x","memwatch":">=0.2.x"},"scripts":{"prepublish":"coffee -co lib/ src/*.coffee","postpublish":"rm -rf lib","test":"vows test/*"},"_id":"xmlbuilder@2.0.1","dist":{"shasum":"b0f9b16bd2a260e734f5f8e30d9bf1db217fe79b","tarball":"https://registry.npmjs.org/xmlbuilder/-/xmlbuilder-2.0.1.tgz"},"_from":".","_npmVersion":"1.3.14","_npmUser":{"name":"oozcitak","email":"oozcitak@gmail.com"},"maintainers":[{"name":"oozcitak","email":"oozcitak@gmail.com"}],"directories":{}},"2.1.0":{"name":"xmlbuilder","version":"2.1.0","keywords":["xml","xmlbuilder"],"homepage":"http://github.com/oozcitak/xmlbuilder-js","description":"An XML builder for node.js","author":{"name":"Ozgur Ozcitak","email":"oozcitak@gmail.com"},"licenses":[{"type":"MIT","url":"http://opensource.org/licenses/mit-license.php"}],"repository":{"type":"git","url":"git://github.com/oozcitak/xmlbuilder-js.git"},"bugs":{"url":"http://github.com/oozcitak/xmlbuilder-js/issues"},"main":"./lib/index","engines":{"node":">=0.2.0"},"dependencies":{"underscore":">=1.5.x"},"devDependencies":{"coffee-script":">=1.1.x","vows":">=0.7.x","memwatch":">=0.2.x"},"scripts":{"prepublish":"coffee -co lib/ src/*.coffee","postpublish":"rm -rf lib","test":"vows test/*"},"_id":"xmlbuilder@2.1.0","dist":{"shasum":"6ddae31683b6df12100b29fc8a0d4f46349abbed","tarball":"https://registry.npmjs.org/xmlbuilder/-/xmlbuilder-2.1.0.tgz"},"_from":".","_npmVersion":"1.3.14","_npmUser":{"name":"oozcitak","email":"oozcitak@gmail.com"},"maintainers":[{"name":"oozcitak","email":"oozcitak@gmail.com"}],"directories":{}},"2.2.1":{"name":"xmlbuilder","version":"2.2.1","keywords":["xml","xmlbuilder"],"homepage":"http://github.com/oozcitak/xmlbuilder-js","description":"An XML builder for node.js","author":{"name":"Ozgur Ozcitak","email":"oozcitak@gmail.com"},"licenses":[{"type":"MIT","url":"http://opensource.org/licenses/mit-license.php"}],"repository":{"type":"git","url":"git://github.com/oozcitak/xmlbuilder-js.git"},"bugs":{"url":"http://github.com/oozcitak/xmlbuilder-js/issues"},"main":"./lib/index","engines":{"node":"0.8.x || 0.10.x"},"dependencies":{"lodash-node":"~2.4.1"},"devDependencies":{"coffee-script":"~1.6.3","vows":"*","memwatch":"*"},"scripts":{"prepublish":"coffee -co lib/ src/*.coffee","postpublish":"rm -rf lib","test":"vows test/*"},"_id":"xmlbuilder@2.2.1","dist":{"shasum":"9326430f130d87435d4c4086643aa2926e105a32","tarball":"https://registry.npmjs.org/xmlbuilder/-/xmlbuilder-2.2.1.tgz"},"_from":".","_npmVersion":"1.4.6","_npmUser":{"name":"oozcitak","email":"oozcitak@gmail.com"},"maintainers":[{"name":"oozcitak","email":"oozcitak@gmail.com"}],"directories":{}},"2.3.0":{"name":"xmlbuilder","version":"2.3.0","keywords":["xml","xmlbuilder"],"homepage":"http://github.com/oozcitak/xmlbuilder-js","description":"An XML builder for node.js","author":{"name":"Ozgur Ozcitak","email":"oozcitak@gmail.com"},"licenses":[{"type":"MIT","url":"http://opensource.org/licenses/mit-license.php"}],"repository":{"type":"git","url":"git://github.com/oozcitak/xmlbuilder-js.git"},"bugs":{"url":"http://github.com/oozcitak/xmlbuilder-js/issues"},"main":"./lib/index","engines":{"node":"0.8.x || 0.10.x || 0.11.x"},"dependencies":{"lodash.assign":"~2.4.1","lodash.create":"~2.4.1","lodash.isobject":"~2.4.1","lodash.isarray":"~2.4.1","lodash.isfunction":"~2.4.1","lodash.isempty":"~2.4.1"},"devDependencies":{"coffee-script":"~1.6.3","vows":"*","memwatch":"*"},"scripts":{"prepublish":"coffee -co lib/ src/*.coffee","postpublish":"rm -rf lib","test":"vows test/*"},"_id":"xmlbuilder@2.3.0","dist":{"shasum":"867891fab956835ada71227e53a99532356593ad","tarball":"https://registry.npmjs.org/xmlbuilder/-/xmlbuilder-2.3.0.tgz"},"_from":".","_npmVersion":"1.4.6","_npmUser":{"name":"oozcitak","email":"oozcitak@gmail.com"},"maintainers":[{"name":"oozcitak","email":"oozcitak@gmail.com"}],"directories":{}},"2.4.0":{"name":"xmlbuilder","version":"2.4.0","keywords":["xml","xmlbuilder"],"homepage":"http://github.com/oozcitak/xmlbuilder-js","description":"An XML builder for node.js","author":{"name":"Ozgur Ozcitak","email":"oozcitak@gmail.com"},"licenses":[{"type":"MIT","url":"http://opensource.org/licenses/mit-license.php"}],"repository":{"type":"git","url":"git://github.com/oozcitak/xmlbuilder-js.git"},"bugs":{"url":"http://github.com/oozcitak/xmlbuilder-js/issues"},"main":"./lib/index","engines":{"node":"0.8.x || 0.10.x || 0.11.x"},"dependencies":{"lodash-node":"~2.4.1"},"devDependencies":{"coffee-script":"~1.6.3","vows":"*","memwatch":"*"},"scripts":{"prepublish":"coffee -co lib/ src/*.coffee","postpublish":"rm -rf lib","test":"vows test/*"},"_id":"xmlbuilder@2.4.0","dist":{"shasum":"be714e3d752b3c48ba58fcb646bc1d6157c97fe1","tarball":"https://registry.npmjs.org/xmlbuilder/-/xmlbuilder-2.4.0.tgz"},"_from":".","_npmVersion":"1.4.6","_npmUser":{"name":"oozcitak","email":"oozcitak@gmail.com"},"maintainers":[{"name":"oozcitak","email":"oozcitak@gmail.com"}],"directories":{}},"2.4.1":{"name":"xmlbuilder","version":"2.4.1","keywords":["xml","xmlbuilder"],"homepage":"http://github.com/oozcitak/xmlbuilder-js","description":"An XML builder for node.js","author":{"name":"Ozgur Ozcitak","email":"oozcitak@gmail.com"},"licenses":[{"type":"MIT","url":"http://opensource.org/licenses/mit-license.php"}],"repository":{"type":"git","url":"git://github.com/oozcitak/xmlbuilder-js.git"},"bugs":{"url":"http://github.com/oozcitak/xmlbuilder-js/issues"},"main":"./lib/index","engines":{"node":"0.8.x || 0.10.x || 0.11.x"},"dependencies":{"lodash-node":"~2.4.1"},"devDependencies":{"coffee-script":"~1.6.3","vows":"*","memwatch":"*"},"scripts":{"prepublish":"coffee -co lib/ src/*.coffee","postpublish":"rm -rf lib","test":"vows test/*"},"_id":"xmlbuilder@2.4.1","dist":{"shasum":"eee7db6901804cb8e26e6544bf1822b931993135","tarball":"https://registry.npmjs.org/xmlbuilder/-/xmlbuilder-2.4.1.tgz"},"_from":".","_npmVersion":"1.4.6","_npmUser":{"name":"oozcitak","email":"oozcitak@gmail.com"},"maintainers":[{"name":"oozcitak","email":"oozcitak@gmail.com"}],"directories":{}},"2.4.2":{"name":"xmlbuilder","version":"2.4.2","keywords":["xml","xmlbuilder"],"homepage":"http://github.com/oozcitak/xmlbuilder-js","description":"An XML builder for node.js","author":{"name":"Ozgur Ozcitak","email":"oozcitak@gmail.com"},"licenses":[{"type":"MIT","url":"http://opensource.org/licenses/mit-license.php"}],"repository":{"type":"git","url":"git://github.com/oozcitak/xmlbuilder-js.git"},"bugs":{"url":"http://github.com/oozcitak/xmlbuilder-js/issues"},"main":"./lib/index","engines":{"node":"0.8.x || 0.10.x || 0.11.x"},"dependencies":{"lodash-node":"~2.4.1"},"devDependencies":{"coffee-script":"~1.6.3","vows":"*"},"scripts":{"prepublish":"coffee -co lib/ src/*.coffee","postpublish":"rm -rf lib","test":"vows test/*"},"_id":"xmlbuilder@2.4.2","dist":{"shasum":"141ca79f125ba4e1430b013239c778ccc55bdb9a","tarball":"https://registry.npmjs.org/xmlbuilder/-/xmlbuilder-2.4.2.tgz"},"_from":".","_npmVersion":"1.4.6","_npmUser":{"name":"oozcitak","email":"oozcitak@gmail.com"},"maintainers":[{"name":"oozcitak","email":"oozcitak@gmail.com"}],"directories":{}},"2.4.3":{"name":"xmlbuilder","version":"2.4.3","keywords":["xml","xmlbuilder"],"homepage":"http://github.com/oozcitak/xmlbuilder-js","description":"An XML builder for node.js","author":{"name":"Ozgur Ozcitak","email":"oozcitak@gmail.com"},"license":"MIT","repository":{"type":"git","url":"git://github.com/oozcitak/xmlbuilder-js.git"},"bugs":{"url":"http://github.com/oozcitak/xmlbuilder-js/issues"},"main":"./lib/index","engines":{"node":"0.8.x || 0.10.x || 0.11.x"},"dependencies":{"lodash-node":"~2.4.1"},"devDependencies":{"coffee-script":"~1.6.3","vows":"*"},"scripts":{"prepublish":"coffee -co lib/ src/*.coffee","postpublish":"rm -rf lib","test":"vows test/*"},"_id":"xmlbuilder@2.4.3","dist":{"shasum":"0589eeee0986adf0af605e878f24ff6557d7697f","tarball":"https://registry.npmjs.org/xmlbuilder/-/xmlbuilder-2.4.3.tgz"},"_from":".","_npmVersion":"1.4.6","_npmUser":{"name":"oozcitak","email":"oozcitak@gmail.com"},"maintainers":[{"name":"oozcitak","email":"oozcitak@gmail.com"}],"directories":{}},"2.4.4":{"name":"xmlbuilder","version":"2.4.4","keywords":["xml","xmlbuilder"],"homepage":"http://github.com/oozcitak/xmlbuilder-js","description":"An XML builder for node.js","author":{"name":"Ozgur Ozcitak","email":"oozcitak@gmail.com"},"contributors":[],"license":"MIT","repository":{"type":"git","url":"git://github.com/oozcitak/xmlbuilder-js.git"},"bugs":{"url":"http://github.com/oozcitak/xmlbuilder-js/issues"},"main":"./lib/index","engines":{"node":"0.8.x || 0.10.x || 0.11.x"},"dependencies":{"lodash-node":"~2.4.1"},"devDependencies":{"coffee-script":"~1.6.3","vows":"*"},"scripts":{"prepublish":"coffee -co lib/ src/*.coffee","postpublish":"rm -rf lib","test":"vows test/*"},"_id":"xmlbuilder@2.4.4","dist":{"shasum":"6e2a84da5df79e11abb0a05bad2f0acc12e33893","tarball":"https://registry.npmjs.org/xmlbuilder/-/xmlbuilder-2.4.4.tgz"},"_from":".","_npmVersion":"1.4.6","_npmUser":{"name":"oozcitak","email":"oozcitak@gmail.com"},"maintainers":[{"name":"oozcitak","email":"oozcitak@gmail.com"}],"directories":{}},"2.4.5":{"name":"xmlbuilder","version":"2.4.5","keywords":["xml","xmlbuilder"],"homepage":"http://github.com/oozcitak/xmlbuilder-js","description":"An XML builder for node.js","author":{"name":"Ozgur Ozcitak","email":"oozcitak@gmail.com"},"contributors":[],"license":"MIT","repository":{"type":"git","url":"git://github.com/oozcitak/xmlbuilder-js.git"},"bugs":{"url":"http://github.com/oozcitak/xmlbuilder-js/issues"},"main":"./lib/index","engines":{"node":"0.8.x || 0.10.x || 0.11.x"},"dependencies":{"lodash-node":"~2.4.1"},"devDependencies":{"coffee-script":"~1.6.3","vows":"*"},"scripts":{"prepublish":"coffee -co lib src","postpublish":"rm -rf lib","test":"vows test/*"},"_id":"xmlbuilder@2.4.5","dist":{"shasum":"0c1c27c8904162cc7f2572ab51cc2ac466007102","tarball":"https://registry.npmjs.org/xmlbuilder/-/xmlbuilder-2.4.5.tgz"},"_from":".","_npmVersion":"1.4.6","_npmUser":{"name":"oozcitak","email":"oozcitak@gmail.com"},"maintainers":[{"name":"oozcitak","email":"oozcitak@gmail.com"}],"directories":{}},"2.4.6":{"name":"xmlbuilder","version":"2.4.6","keywords":["xml","xmlbuilder"],"homepage":"http://github.com/oozcitak/xmlbuilder-js","description":"An XML builder for node.js","author":{"name":"Ozgur Ozcitak","email":"oozcitak@gmail.com"},"contributors":[],"license":"MIT","repository":{"type":"git","url":"git://github.com/oozcitak/xmlbuilder-js.git"},"bugs":{"url":"http://github.com/oozcitak/xmlbuilder-js/issues"},"main":"./lib/index","engines":{"node":"0.8.x || 0.10.x || 0.11.x  || 1.0.x"},"dependencies":{"lodash-node":"~2.4.1"},"devDependencies":{"coffee-script":"~1.6.3","vows":"*"},"scripts":{"prepublish":"coffee -co lib src","postpublish":"rm -rf lib","test":"vows test/*"},"_id":"xmlbuilder@2.4.6","dist":{"shasum":"42c664f1358864e5beb1461b4346aec87b63450f","tarball":"https://registry.npmjs.org/xmlbuilder/-/xmlbuilder-2.4.6.tgz"},"_from":".","_npmVersion":"1.4.6","_npmUser":{"name":"oozcitak","email":"oozcitak@gmail.com"},"maintainers":[{"name":"oozcitak","email":"oozcitak@gmail.com"}],"directories":{}},"2.5.0":{"name":"xmlbuilder","version":"2.5.0","keywords":["xml","xmlbuilder"],"homepage":"http://github.com/oozcitak/xmlbuilder-js","description":"An XML builder for node.js","author":{"name":"Ozgur Ozcitak","email":"oozcitak@gmail.com"},"contributors":[],"license":"MIT","repository":{"type":"git","url":"git://github.com/oozcitak/xmlbuilder-js.git"},"bugs":{"url":"http://github.com/oozcitak/xmlbuilder-js/issues"},"main":"./lib/index","engines":{"node":"0.8.x || 0.10.x || 0.11.x  || 1.0.x"},"dependencies":{"lodash":"~3.0.1"},"devDependencies":{"coffee-script":"~1.6.3","vows":"*"},"scripts":{"prepublish":"coffee -co lib src","postpublish":"rm -rf lib","test":"vows test/*"},"_id":"xmlbuilder@2.5.0","dist":{"shasum":"56908fc2412f4d1e0ff0b5b857245cce42e06f37","tarball":"https://registry.npmjs.org/xmlbuilder/-/xmlbuilder-2.5.0.tgz"},"_from":".","_npmVersion":"1.4.6","_npmUser":{"name":"oozcitak","email":"oozcitak@gmail.com"},"maintainers":[{"name":"oozcitak","email":"oozcitak@gmail.com"}],"directories":{}},"2.5.1":{"name":"xmlbuilder","version":"2.5.1","keywords":["xml","xmlbuilder"],"homepage":"http://github.com/oozcitak/xmlbuilder-js","description":"An XML builder for node.js","author":{"name":"Ozgur Ozcitak","email":"oozcitak@gmail.com"},"contributors":[],"license":"MIT","repository":{"type":"git","url":"git://github.com/oozcitak/xmlbuilder-js.git"},"bugs":{"url":"http://github.com/oozcitak/xmlbuilder-js/issues"},"main":"./lib/index","engines":{"node":">=0.8.0"},"dependencies":{"lodash":"~3.1.0"},"devDependencies":{"coffee-script":"~1.6.3","vows":"*"},"scripts":{"prepublish":"coffee -co lib src","postpublish":"rm -rf lib","test":"vows test/*"},"_id":"xmlbuilder@2.5.1","dist":{"shasum":"bc3f755d9f832a159459a9fd9499e45e2af96f10","tarball":"https://registry.npmjs.org/xmlbuilder/-/xmlbuilder-2.5.1.tgz"},"_from":".","_npmVersion":"1.4.6","_npmUser":{"name":"oozcitak","email":"oozcitak@gmail.com"},"maintainers":[{"name":"oozcitak","email":"oozcitak@gmail.com"}],"directories":{}},"2.5.2":{"name":"xmlbuilder","version":"2.5.2","keywords":["xml","xmlbuilder"],"homepage":"http://github.com/oozcitak/xmlbuilder-js","description":"An XML builder for node.js","author":{"name":"Ozgur Ozcitak","email":"oozcitak@gmail.com"},"contributors":[],"license":"MIT","repository":{"type":"git","url":"git://github.com/oozcitak/xmlbuilder-js.git"},"bugs":{"url":"http://github.com/oozcitak/xmlbuilder-js/issues"},"main":"./lib/index","engines":{"node":">=0.8.0"},"dependencies":{"lodash":"~3.2.0"},"devDependencies":{"coffee-script":"~1.6.3","vows":"*"},"scripts":{"prepublish":"coffee -co lib src","postpublish":"rm -rf lib","test":"vows test/*"},"_id":"xmlbuilder@2.5.2","dist":{"shasum":"5ab88fc508ab2ff14873010b56163d3f92b19325","tarball":"https://registry.npmjs.org/xmlbuilder/-/xmlbuilder-2.5.2.tgz"},"_from":".","_npmVersion":"1.4.6","_npmUser":{"name":"oozcitak","email":"oozcitak@gmail.com"},"maintainers":[{"name":"oozcitak","email":"oozcitak@gmail.com"}],"directories":{}},"2.6.0":{"name":"xmlbuilder","version":"2.6.0","keywords":["xml","xmlbuilder"],"homepage":"http://github.com/oozcitak/xmlbuilder-js","description":"An XML builder for node.js","author":{"name":"Ozgur Ozcitak","email":"oozcitak@gmail.com"},"contributors":[],"license":"MIT","repository":{"type":"git","url":"git://github.com/oozcitak/xmlbuilder-js.git"},"bugs":{"url":"http://github.com/oozcitak/xmlbuilder-js/issues"},"main":"./lib/index","engines":{"node":">=0.8.0"},"dependencies":{"lodash":"~3.2.0"},"devDependencies":{"coffee-script":"*","mocha":"*"},"scripts":{"prepublish":"coffee -co lib src","postpublish":"rm -rf lib","test":"mocha --ui tdd --reporter dot --compilers coffee:coffee-script/register --require test/common/common"},"_id":"xmlbuilder@2.6.0","dist":{"shasum":"e89a3b425b29f63b22f29be02fa50809fd620798","tarball":"https://registry.npmjs.org/xmlbuilder/-/xmlbuilder-2.6.0.tgz"},"_from":".","_npmVersion":"1.4.6","_npmUser":{"name":"oozcitak","email":"oozcitak@gmail.com"},"maintainers":[{"name":"oozcitak","email":"oozcitak@gmail.com"}],"directories":{}},"2.6.1":{"name":"xmlbuilder","version":"2.6.1","keywords":["xml","xmlbuilder"],"homepage":"http://github.com/oozcitak/xmlbuilder-js","description":"An XML builder for node.js","author":{"name":"Ozgur Ozcitak","email":"oozcitak@gmail.com"},"contributors":[],"license":"MIT","repository":{"type":"git","url":"git://github.com/oozcitak/xmlbuilder-js.git"},"bugs":{"url":"http://github.com/oozcitak/xmlbuilder-js/issues"},"main":"./lib/index","engines":{"node":">=0.8.0"},"dependencies":{"lodash":"~3.3.0"},"devDependencies":{"coffee-script":"*","mocha":"*"},"scripts":{"prepublish":"coffee -co lib src","postpublish":"rm -rf lib","test":"mocha --ui tdd --reporter dot --compilers coffee:coffee-script/register --require test/common/common"},"_id":"xmlbuilder@2.6.1","dist":{"shasum":"ba6921650133e5808288f35dcab0db696a9ba9a0","tarball":"https://registry.npmjs.org/xmlbuilder/-/xmlbuilder-2.6.1.tgz"},"_from":".","_npmVersion":"1.4.6","_npmUser":{"name":"oozcitak","email":"oozcitak@gmail.com"},"maintainers":[{"name":"oozcitak","email":"oozcitak@gmail.com"}],"directories":{}},"2.6.2":{"name":"xmlbuilder","version":"2.6.2","keywords":["xml","xmlbuilder"],"homepage":"http://github.com/oozcitak/xmlbuilder-js","description":"An XML builder for node.js","author":{"name":"Ozgur Ozcitak","email":"oozcitak@gmail.com"},"contributors":[],"license":"MIT","repository":{"type":"git","url":"git://github.com/oozcitak/xmlbuilder-js.git"},"bugs":{"url":"http://github.com/oozcitak/xmlbuilder-js/issues"},"main":"./lib/index","engines":{"node":">=0.8.0"},"dependencies":{"lodash":"~3.5.0"},"devDependencies":{"coffee-script":"*","mocha":"*"},"scripts":{"prepublish":"coffee -co lib src","postpublish":"rm -rf lib","test":"mocha --ui tdd --reporter dot --compilers coffee:coffee-script/register --require test/common/common"},"_id":"xmlbuilder@2.6.2","dist":{"shasum":"f916f6d10d45dc171b1be2e6e673fb6e0cc35d0a","tarball":"https://registry.npmjs.org/xmlbuilder/-/xmlbuilder-2.6.2.tgz"},"_from":".","_npmVersion":"1.4.6","_npmUser":{"name":"oozcitak","email":"oozcitak@gmail.com"},"maintainers":[{"name":"oozcitak","email":"oozcitak@gmail.com"}],"directories":{}},"2.6.3":{"name":"xmlbuilder","version":"2.6.3","keywords":["xml","xmlbuilder"],"homepage":"http://github.com/oozcitak/xmlbuilder-js","description":"An XML builder for node.js","author":{"name":"Ozgur Ozcitak","email":"oozcitak@gmail.com"},"contributors":[],"license":"MIT","repository":{"type":"git","url":"git://github.com/oozcitak/xmlbuilder-js.git"},"bugs":{"url":"http://github.com/oozcitak/xmlbuilder-js/issues"},"main":"./lib/index","engines":{"node":">=0.8.0"},"dependencies":{"lodash":"^3.5.0"},"devDependencies":{"coffee-script":"*","mocha":"*"},"scripts":{"prepublish":"coffee -co lib src","postpublish":"rm -rf lib","test":"mocha --ui tdd --reporter dot --compilers coffee:coffee-script/register --require test/common/common"},"gitHead":"54d49ac3b5d635ed5f3a6c1b8b8628efc18fa691","_id":"xmlbuilder@2.6.3","_shasum":"af9f3d81aaf8b6fb08790264db000be274e37485","_from":".","_npmVersion":"1.4.28","_npmUser":{"name":"oozcitak","email":"oozcitak@gmail.com"},"maintainers":[{"name":"oozcitak","email":"oozcitak@gmail.com"}],"dist":{"shasum":"af9f3d81aaf8b6fb08790264db000be274e37485","tarball":"https://registry.npmjs.org/xmlbuilder/-/xmlbuilder-2.6.3.tgz"},"directories":{}},"2.6.4":{"name":"xmlbuilder","version":"2.6.4","keywords":["xml","xmlbuilder"],"homepage":"http://github.com/oozcitak/xmlbuilder-js","description":"An XML builder for node.js","author":{"name":"Ozgur Ozcitak","email":"oozcitak@gmail.com"},"contributors":[],"license":"MIT","repository":{"type":"git","url":"git://github.com/oozcitak/xmlbuilder-js.git"},"bugs":{"url":"http://github.com/oozcitak/xmlbuilder-js/issues"},"main":"./lib/index","engines":{"node":">=0.8.0"},"dependencies":{"lodash":"^3.5.0"},"devDependencies":{"coffee-script":"*","mocha":"*"},"scripts":{"prepublish":"coffee -co lib src","postpublish":"rm -rf lib","test":"mocha --ui tdd --reporter dot --compilers coffee:coffee-script/register --require test/common/common"},"gitHead":"803f50e03f7afdc3a990e259a113f36d5a06f420","_id":"xmlbuilder@2.6.4","_shasum":"8123ac1576d9c66918f410496f1fe9f028b8ca3e","_from":".","_npmVersion":"1.4.28","_npmUser":{"name":"oozcitak","email":"oozcitak@gmail.com"},"maintainers":[{"name":"oozcitak","email":"oozcitak@gmail.com"}],"dist":{"shasum":"8123ac1576d9c66918f410496f1fe9f028b8ca3e","tarball":"https://registry.npmjs.org/xmlbuilder/-/xmlbuilder-2.6.4.tgz"},"directories":{}},"2.6.5":{"name":"xmlbuilder","version":"2.6.5","keywords":["xml","xmlbuilder"],"homepage":"http://github.com/oozcitak/xmlbuilder-js","description":"An XML builder for node.js","author":{"name":"Ozgur Ozcitak","email":"oozcitak@gmail.com"},"contributors":[],"license":"MIT","repository":{"type":"git","url":"git://github.com/oozcitak/xmlbuilder-js.git"},"bugs":{"url":"http://github.com/oozcitak/xmlbuilder-js/issues"},"main":"./lib/index","engines":{"node":">=0.8.0"},"dependencies":{"lodash":"^3.5.0"},"devDependencies":{"coffee-script":"*","mocha":"*"},"scripts":{"prepublish":"coffee -co lib src","postpublish":"rm -rf lib","test":"mocha --ui tdd --reporter dot --compilers coffee:coffee-script/register --require test/common/common"},"gitHead":"e08283eadeb6151b9e36417c1dfca1a202666af9","_id":"xmlbuilder@2.6.5","_shasum":"6ff7ad60fb72d22764f007a164b77f2bf1400526","_from":".","_npmVersion":"1.4.28","_npmUser":{"name":"oozcitak","email":"oozcitak@gmail.com"},"maintainers":[{"name":"oozcitak","email":"oozcitak@gmail.com"}],"dist":{"shasum":"6ff7ad60fb72d22764f007a164b77f2bf1400526","tarball":"https://registry.npmjs.org/xmlbuilder/-/xmlbuilder-2.6.5.tgz"},"directories":{}},"3.0.0":{"name":"xmlbuilder","version":"3.0.0","keywords":["xml","xmlbuilder"],"homepage":"http://github.com/oozcitak/xmlbuilder-js","description":"An XML builder for node.js","author":{"name":"Ozgur Ozcitak","email":"oozcitak@gmail.com"},"contributors":[],"license":"MIT","repository":{"type":"git","url":"git://github.com/oozcitak/xmlbuilder-js.git"},"bugs":{"url":"http://github.com/oozcitak/xmlbuilder-js/issues"},"main":"./lib/index","engines":{"node":">=0.8.0"},"dependencies":{"lodash":"^3.5.0"},"devDependencies":{"coffee-script":"*","mocha":"*"},"scripts":{"prepublish":"coffee -co lib src","postpublish":"rm -rf lib","test":"mocha --ui tdd --reporter dot --compilers coffee:coffee-script/register --require test/common/common"},"gitHead":"4c3999a71ee8273ca04b5e0fbce38816621d8f3f","_id":"xmlbuilder@3.0.0","_shasum":"168aa58b8796687c41e62756c61de239c0e5d079","_from":".","_npmVersion":"1.4.28","_npmUser":{"name":"oozcitak","email":"oozcitak@gmail.com"},"maintainers":[{"name":"oozcitak","email":"oozcitak@gmail.com"}],"dist":{"shasum":"168aa58b8796687c41e62756c61de239c0e5d079","tarball":"https://registry.npmjs.org/xmlbuilder/-/xmlbuilder-3.0.0.tgz"},"directories":{}},"3.1.0":{"name":"xmlbuilder","version":"3.1.0","keywords":["xml","xmlbuilder"],"homepage":"http://github.com/oozcitak/xmlbuilder-js","description":"An XML builder for node.js","author":{"name":"Ozgur Ozcitak","email":"oozcitak@gmail.com"},"contributors":[],"license":"MIT","repository":{"type":"git","url":"git://github.com/oozcitak/xmlbuilder-js.git"},"bugs":{"url":"http://github.com/oozcitak/xmlbuilder-js/issues"},"main":"./lib/index","engines":{"node":">=0.8.0"},"dependencies":{"lodash":"^3.5.0"},"devDependencies":{"coffee-script":"*","mocha":"*"},"scripts":{"prepublish":"coffee -co lib src","postpublish":"rm -rf lib","test":"mocha --ui tdd --reporter dot --compilers coffee:coffee-script/register --require test/common/common"},"gitHead":"f80d19fc24883f547e2599758713c779620ad20e","_id":"xmlbuilder@3.1.0","_shasum":"2c86888f2d4eade850fa38ca7f7223f7209516e1","_from":".","_npmVersion":"1.4.28","_npmUser":{"name":"oozcitak","email":"oozcitak@gmail.com"},"maintainers":[{"name":"oozcitak","email":"oozcitak@gmail.com"}],"dist":{"shasum":"2c86888f2d4eade850fa38ca7f7223f7209516e1","tarball":"https://registry.npmjs.org/xmlbuilder/-/xmlbuilder-3.1.0.tgz"},"directories":{}},"4.0.0":{"name":"xmlbuilder","version":"4.0.0","keywords":["xml","xmlbuilder"],"homepage":"http://github.com/oozcitak/xmlbuilder-js","description":"An XML builder for node.js","author":{"name":"Ozgur Ozcitak","email":"oozcitak@gmail.com"},"contributors":[],"license":"MIT","repository":{"type":"git","url":"git://github.com/oozcitak/xmlbuilder-js.git"},"bugs":{"url":"http://github.com/oozcitak/xmlbuilder-js/issues"},"main":"./lib/index","engines":{"node":">=0.8.0"},"dependencies":{"lodash":"^3.5.0"},"devDependencies":{"coffee-script":"*","mocha":"*","coffee-coverage":"*","istanbul":"*","coveralls":"*"},"scripts":{"prepublish":"coffee -co lib src","postpublish":"rm -rf lib","test":"mocha && istanbul report text lcov"},"gitHead":"ec17840a6705ef666b7d04c771de11df6091fff5","_id":"xmlbuilder@4.0.0","_shasum":"98b8f651ca30aa624036f127d11cc66dc7b907a3","_from":".","_npmVersion":"1.4.28","_npmUser":{"name":"oozcitak","email":"oozcitak@gmail.com"},"maintainers":[{"name":"oozcitak","email":"oozcitak@gmail.com"}],"dist":{"shasum":"98b8f651ca30aa624036f127d11cc66dc7b907a3","tarball":"https://registry.npmjs.org/xmlbuilder/-/xmlbuilder-4.0.0.tgz"},"directories":{}},"4.1.0":{"name":"xmlbuilder","version":"4.1.0","keywords":["xml","xmlbuilder"],"homepage":"http://github.com/oozcitak/xmlbuilder-js","description":"An XML builder for node.js","author":{"name":"Ozgur Ozcitak","email":"oozcitak@gmail.com"},"contributors":[],"license":"MIT","repository":{"type":"git","url":"git://github.com/oozcitak/xmlbuilder-js.git"},"bugs":{"url":"http://github.com/oozcitak/xmlbuilder-js/issues"},"main":"./lib/index","engines":{"node":">=0.8.0"},"dependencies":{"lodash":"^3.5.0"},"devDependencies":{"coffee-script":"*","mocha":"*","coffee-coverage":"*","istanbul":"*","coveralls":"*"},"scripts":{"prepublish":"coffee -co lib src","postpublish":"rm -rf lib","test":"mocha && istanbul report text lcov"},"gitHead":"6c85637319f17dca053992d1a53572036d57c2dc","_id":"xmlbuilder@4.1.0","_shasum":"687e84d9c4145af8db438d8bec88805df66249f4","_from":".","_npmVersion":"1.4.28","_npmUser":{"name":"oozcitak","email":"oozcitak@gmail.com"},"maintainers":[{"name":"oozcitak","email":"oozcitak@gmail.com"}],"dist":{"shasum":"687e84d9c4145af8db438d8bec88805df66249f4","tarball":"https://registry.npmjs.org/xmlbuilder/-/xmlbuilder-4.1.0.tgz"},"directories":{}},"4.2.0":{"name":"xmlbuilder","version":"4.2.0","keywords":["xml","xmlbuilder"],"homepage":"http://github.com/oozcitak/xmlbuilder-js","description":"An XML builder for node.js","author":{"name":"Ozgur Ozcitak","email":"oozcitak@gmail.com"},"contributors":[],"license":"MIT","repository":{"type":"git","url":"git://github.com/oozcitak/xmlbuilder-js.git"},"bugs":{"url":"http://github.com/oozcitak/xmlbuilder-js/issues"},"main":"./lib/index","engines":{"node":">=0.8.0"},"dependencies":{"lodash":"^3.5.0"},"devDependencies":{"coffee-script":"*","mocha":"*","coffee-coverage":"*","istanbul":"*","coveralls":"*"},"scripts":{"prepublish":"coffee -co lib src","postpublish":"rm -rf lib","test":"mocha && istanbul report text lcov"},"gitHead":"2299f6fdfb3d4da2cb7cbeff0303e1a50f4a78d5","_id":"xmlbuilder@4.2.0","_shasum":"0eb3295e9f1971dec7356a8c2d8846f2e873c743","_from":".","_npmVersion":"1.4.28","_npmUser":{"name":"oozcitak","email":"oozcitak@gmail.com"},"maintainers":[{"name":"oozcitak","email":"oozcitak@gmail.com"}],"dist":{"shasum":"0eb3295e9f1971dec7356a8c2d8846f2e873c743","tarball":"https://registry.npmjs.org/xmlbuilder/-/xmlbuilder-4.2.0.tgz"},"directories":{}},"4.2.1":{"name":"xmlbuilder","version":"4.2.1","keywords":["xml","xmlbuilder"],"homepage":"http://github.com/oozcitak/xmlbuilder-js","description":"An XML builder for node.js","author":{"name":"Ozgur Ozcitak","email":"oozcitak@gmail.com"},"contributors":[],"license":"MIT","repository":{"type":"git","url":"git://github.com/oozcitak/xmlbuilder-js.git"},"bugs":{"url":"http://github.com/oozcitak/xmlbuilder-js/issues"},"main":"./lib/index","engines":{"node":">=0.8.0"},"dependencies":{"lodash":"^4.0.0"},"devDependencies":{"coffee-script":"*","mocha":"*","coffee-coverage":"*","istanbul":"*","coveralls":"*"},"scripts":{"prepublish":"coffee -co lib src","postpublish":"rm -rf lib","test":"mocha && istanbul report text lcov"},"gitHead":"84da166d95cc95608c6970df88dbc511640e0143","_id":"xmlbuilder@4.2.1","_shasum":"aa58a3041a066f90eaa16c2f5389ff19f3f461a5","_from":".","_npmVersion":"1.4.28","_npmUser":{"name":"oozcitak","email":"oozcitak@gmail.com"},"maintainers":[{"name":"oozcitak","email":"oozcitak@gmail.com"}],"dist":{"shasum":"aa58a3041a066f90eaa16c2f5389ff19f3f461a5","tarball":"https://registry.npmjs.org/xmlbuilder/-/xmlbuilder-4.2.1.tgz"},"directories":{}},"5.0.0":{"name":"xmlbuilder","version":"5.0.0","keywords":["xml","xmlbuilder"],"homepage":"http://github.com/oozcitak/xmlbuilder-js","description":"An XML builder for node.js","author":{"name":"Ozgur Ozcitak","email":"oozcitak@gmail.com"},"contributors":[],"license":"MIT","repository":{"type":"git","url":"git://github.com/oozcitak/xmlbuilder-js.git"},"bugs":{"url":"http://github.com/oozcitak/xmlbuilder-js/issues"},"main":"./lib/index","engines":{"node":">=0.10"},"dependencies":{"lodash":"^4.0.0"},"devDependencies":{"coffee-script":"*","mocha":"*","coffee-coverage":"*","istanbul":"*","coveralls":"*"},"scripts":{"prepublish":"coffee -co lib src","postpublish":"rm -rf lib","test":"mocha && istanbul report text lcov"},"gitHead":"69dc7db094845f526db02fb0c00197eab91e6174","_id":"xmlbuilder@5.0.0","_shasum":"b7d6e314a066f29169c248efe2ee6c2166286bcf","_from":".","_npmVersion":"1.4.28","_npmUser":{"name":"oozcitak","email":"oozcitak@gmail.com"},"maintainers":[{"name":"oozcitak","email":"oozcitak@gmail.com"}],"dist":{"shasum":"b7d6e314a066f29169c248efe2ee6c2166286bcf","tarball":"https://registry.npmjs.org/xmlbuilder/-/xmlbuilder-5.0.0.tgz"},"_npmOperationalInternal":{"host":"packages-12-west.internal.npmjs.com","tmp":"tmp/xmlbuilder-5.0.0.tgz_1457222402708_0.4247629779856652"},"directories":{}},"5.0.1":{"name":"xmlbuilder","version":"5.0.1","keywords":["xml","xmlbuilder"],"homepage":"http://github.com/oozcitak/xmlbuilder-js","description":"An XML builder for node.js","author":{"name":"Ozgur Ozcitak","email":"oozcitak@gmail.com"},"contributors":[],"license":"MIT","repository":{"type":"git","url":"git://github.com/oozcitak/xmlbuilder-js.git"},"bugs":{"url":"http://github.com/oozcitak/xmlbuilder-js/issues"},"main":"./lib/index","engines":{"node":">=0.10"},"dependencies":{"lodash":"^4.0.0"},"devDependencies":{"coffee-script":"*","mocha":"*","coffee-coverage":"*","istanbul":"*","coveralls":"*"},"scripts":{"prepublish":"coffee -co lib src","postpublish":"rm -rf lib","test":"mocha && istanbul report text lcov"},"gitHead":"328bfb90488b9823361e329598c5b2c8b9d3c1a8","_id":"xmlbuilder@5.0.1","_shasum":"155f1fb6e860137047443db54a9b263761b1f5c3","_from":".","_npmVersion":"1.4.28","_npmUser":{"name":"oozcitak","email":"oozcitak@gmail.com"},"maintainers":[{"name":"oozcitak","email":"oozcitak@gmail.com"}],"dist":{"shasum":"155f1fb6e860137047443db54a9b263761b1f5c3","tarball":"https://registry.npmjs.org/xmlbuilder/-/xmlbuilder-5.0.1.tgz"},"_npmOperationalInternal":{"host":"packages-13-west.internal.npmjs.com","tmp":"tmp/xmlbuilder-5.0.1.tgz_1457392734733_0.19968478404916823"},"directories":{}},"6.0.0":{"name":"xmlbuilder","version":"6.0.0","keywords":["xml","xmlbuilder"],"homepage":"http://github.com/oozcitak/xmlbuilder-js","description":"An XML builder for node.js","author":{"name":"Ozgur Ozcitak","email":"oozcitak@gmail.com"},"contributors":[],"license":"MIT","repository":{"type":"git","url":"git://github.com/oozcitak/xmlbuilder-js.git"},"bugs":{"url":"http://github.com/oozcitak/xmlbuilder-js/issues"},"main":"./lib/index","engines":{"node":">=0.10"},"dependencies":{"lodash":"^4.0.0"},"devDependencies":{"coffee-script":"*","mocha":"*","coffee-coverage":"*","istanbul":"*","coveralls":"*"},"scripts":{"prepublish":"coffee -co lib src","postpublish":"rm -rf lib","test":"mocha && istanbul report text lcov"},"gitHead":"2423a61b3c5cb5b79c89fdae443f0212a16beda0","_id":"xmlbuilder@6.0.0","_shasum":"2733126db5f1053d8871e5998aa23c5739005057","_from":".","_npmVersion":"2.14.7","_nodeVersion":"4.2.1","_npmUser":{"name":"oozcitak","email":"oozcitak@gmail.com"},"dist":{"shasum":"2733126db5f1053d8871e5998aa23c5739005057","tarball":"https://registry.npmjs.org/xmlbuilder/-/xmlbuilder-6.0.0.tgz"},"maintainers":[{"name":"oozcitak","email":"oozcitak@gmail.com"}],"_npmOperationalInternal":{"host":"packages-12-west.internal.npmjs.com","tmp":"tmp/xmlbuilder-6.0.0.tgz_1458427009747_0.32942859758622944"},"directories":{}},"7.0.0":{"name":"xmlbuilder","version":"7.0.0","keywords":["xml","xmlbuilder"],"homepage":"http://github.com/oozcitak/xmlbuilder-js","description":"An XML builder for node.js","author":{"name":"Ozgur Ozcitak","email":"oozcitak@gmail.com"},"contributors":[],"license":"MIT","repository":{"type":"git","url":"git://github.com/oozcitak/xmlbuilder-js.git"},"bugs":{"url":"http://github.com/oozcitak/xmlbuilder-js/issues"},"main":"./lib/index","engines":{"node":">=0.10"},"dependencies":{"lodash":"^4.0.0"},"devDependencies":{"coffee-script":"*","mocha":"*","coffee-coverage":"*","istanbul":"*","coveralls":"*"},"scripts":{"prepublish":"coffee -co lib src","postpublish":"rm -rf lib","test":"mocha && istanbul report text lcov"},"gitHead":"b2eebd4f0e8ae7f0a74410f4c1c66e066dafcf97","_id":"xmlbuilder@7.0.0","_shasum":"5dfe46cc202705adbe1161f96d4482730925a1e7","_from":".","_npmVersion":"2.14.7","_nodeVersion":"4.2.1","_npmUser":{"name":"oozcitak","email":"oozcitak@gmail.com"},"dist":{"shasum":"5dfe46cc202705adbe1161f96d4482730925a1e7","tarball":"https://registry.npmjs.org/xmlbuilder/-/xmlbuilder-7.0.0.tgz"},"maintainers":[{"name":"oozcitak","email":"oozcitak@gmail.com"}],"_npmOperationalInternal":{"host":"packages-12-west.internal.npmjs.com","tmp":"tmp/xmlbuilder-7.0.0.tgz_1458514997869_0.7247358839958906"},"directories":{}},"8.0.0":{"name":"xmlbuilder","version":"8.0.0","keywords":["xml","xmlbuilder"],"homepage":"http://github.com/oozcitak/xmlbuilder-js","description":"An XML builder for node.js","author":{"name":"Ozgur Ozcitak","email":"oozcitak@gmail.com"},"contributors":[],"license":"MIT","repository":{"type":"git","url":"git://github.com/oozcitak/xmlbuilder-js.git"},"bugs":{"url":"http://github.com/oozcitak/xmlbuilder-js/issues"},"main":"./lib/index","engines":{"node":">=4.0"},"dependencies":{"lodash":"^4.0.0"},"devDependencies":{"coffee-script":"*","mocha":"*","coffee-coverage":"*","istanbul":"*","coveralls":"*"},"scripts":{"prepublish":"coffee -co lib src","postpublish":"rm -rf lib","test":"mocha && istanbul report text lcov"},"gitHead":"3e31c949f7e07773a0b827ca867d88276956ee45","_id":"xmlbuilder@8.0.0","_shasum":"fe63063d4cffba8305199db21499fc2a757cc173","_from":".","_npmVersion":"2.14.7","_nodeVersion":"4.2.1","_npmUser":{"name":"oozcitak","email":"oozcitak@gmail.com"},"dist":{"shasum":"fe63063d4cffba8305199db21499fc2a757cc173","tarball":"https://registry.npmjs.org/xmlbuilder/-/xmlbuilder-8.0.0.tgz"},"maintainers":[{"name":"oozcitak","email":"oozcitak@gmail.com"}],"_npmOperationalInternal":{"host":"packages-12-west.internal.npmjs.com","tmp":"tmp/xmlbuilder-8.0.0.tgz_1458860811354_0.5256274784915149"},"directories":{}},"8.1.0":{"name":"xmlbuilder","version":"8.1.0","keywords":["xml","xmlbuilder"],"homepage":"http://github.com/oozcitak/xmlbuilder-js","description":"An XML builder for node.js","author":{"name":"Ozgur Ozcitak","email":"oozcitak@gmail.com"},"contributors":[],"license":"MIT","repository":{"type":"git","url":"git://github.com/oozcitak/xmlbuilder-js.git"},"bugs":{"url":"http://github.com/oozcitak/xmlbuilder-js/issues"},"main":"./lib/index","engines":{"node":">=4.0"},"dependencies":{"lodash":"^4.0.0"},"devDependencies":{"coffee-script":"*","mocha":"*","coffee-coverage":"*","istanbul":"*","coveralls":"*"},"scripts":{"prepublish":"coffee -co lib src","postpublish":"rm -rf lib","test":"mocha && istanbul report text lcov"},"gitHead":"7e1c7f83578b392968b823e557763bf8007154bc","_id":"xmlbuilder@8.1.0","_shasum":"511cb93ad37309d4f40bc6555327583b9c37db8c","_from":".","_npmVersion":"2.14.7","_nodeVersion":"4.2.1","_npmUser":{"name":"oozcitak","email":"oozcitak@gmail.com"},"dist":{"shasum":"511cb93ad37309d4f40bc6555327583b9c37db8c","tarball":"https://registry.npmjs.org/xmlbuilder/-/xmlbuilder-8.1.0.tgz"},"maintainers":[{"name":"oozcitak","email":"oozcitak@gmail.com"}],"_npmOperationalInternal":{"host":"packages-12-west.internal.npmjs.com","tmp":"tmp/xmlbuilder-8.1.0.tgz_1459285214290_0.6486282928381115"},"directories":{}},"8.2.0":{"name":"xmlbuilder","version":"8.2.0","keywords":["xml","xmlbuilder"],"homepage":"http://github.com/oozcitak/xmlbuilder-js","description":"An XML builder for node.js","author":{"name":"Ozgur Ozcitak","email":"oozcitak@gmail.com"},"contributors":[],"license":"MIT","repository":{"type":"git","url":"git://github.com/oozcitak/xmlbuilder-js.git"},"bugs":{"url":"http://github.com/oozcitak/xmlbuilder-js/issues"},"main":"./lib/index","engines":{"node":">=4.0"},"dependencies":{},"devDependencies":{"coffee-script":"*","mocha":"*","coffee-coverage":"*","istanbul":"*","coveralls":"*"},"scripts":{"prepublish":"coffee -co lib src","postpublish":"rm -rf lib","test":"mocha && istanbul report text lcov"},"gitHead":"d4f3db9ed5d48afac7d44ad6daddc860760aa8de","_id":"xmlbuilder@8.2.0","_shasum":"abf6e49feedd3296676b69c2de37c364dde1e263","_from":".","_npmVersion":"2.14.7","_nodeVersion":"4.2.1","_npmUser":{"name":"oozcitak","email":"oozcitak@gmail.com"},"dist":{"shasum":"abf6e49feedd3296676b69c2de37c364dde1e263","tarball":"https://registry.npmjs.org/xmlbuilder/-/xmlbuilder-8.2.0.tgz"},"maintainers":[{"name":"oozcitak","email":"oozcitak@gmail.com"}],"_npmOperationalInternal":{"host":"packages-12-west.internal.npmjs.com","tmp":"tmp/xmlbuilder-8.2.0.tgz_1459462434755_0.358887305483222"},"directories":{}},"8.2.1":{"name":"xmlbuilder","version":"8.2.1","keywords":["xml","xmlbuilder"],"homepage":"http://github.com/oozcitak/xmlbuilder-js","description":"An XML builder for node.js","author":{"name":"Ozgur Ozcitak","email":"oozcitak@gmail.com"},"contributors":[],"license":"MIT","repository":{"type":"git","url":"git://github.com/oozcitak/xmlbuilder-js.git"},"bugs":{"url":"http://github.com/oozcitak/xmlbuilder-js/issues"},"main":"./lib/index","engines":{"node":">=4.0"},"dependencies":{},"devDependencies":{"coffee-script":"*","mocha":"*","coffee-coverage":"*","istanbul":"*","coveralls":"*"},"scripts":{"prepublish":"coffee -co lib src","postpublish":"rm -rf lib","test":"mocha && istanbul report text lcov"},"gitHead":"9db353a8ec972edb35fda81bdc6ff28517b7c18a","_id":"xmlbuilder@8.2.1","_shasum":"4a8d706c2c988a0ab5e7b43c2099abefaee0f018","_from":".","_npmVersion":"2.14.20","_nodeVersion":"4.4.0","_npmUser":{"name":"oozcitak","email":"oozcitak@gmail.com"},"dist":{"shasum":"4a8d706c2c988a0ab5e7b43c2099abefaee0f018","tarball":"https://registry.npmjs.org/xmlbuilder/-/xmlbuilder-8.2.1.tgz"},"maintainers":[{"name":"oozcitak","email":"oozcitak@gmail.com"}],"_npmOperationalInternal":{"host":"packages-12-west.internal.npmjs.com","tmp":"tmp/xmlbuilder-8.2.1.tgz_1460037920917_0.4242730641271919"},"directories":{}},"8.2.2":{"name":"xmlbuilder","version":"8.2.2","keywords":["xml","xmlbuilder"],"homepage":"http://github.com/oozcitak/xmlbuilder-js","description":"An XML builder for node.js","author":{"name":"Ozgur Ozcitak","email":"oozcitak@gmail.com"},"contributors":[],"license":"MIT","repository":{"type":"git","url":"git://github.com/oozcitak/xmlbuilder-js.git"},"bugs":{"url":"http://github.com/oozcitak/xmlbuilder-js/issues"},"main":"./lib/index","engines":{"node":">=4.0"},"dependencies":{},"devDependencies":{"coffee-script":"*","mocha":"*","coffee-coverage":"*","istanbul":"*","coveralls":"*"},"scripts":{"prepublish":"coffee -co lib src","postpublish":"rm -rf lib","test":"mocha && istanbul report text lcov"},"gitHead":"ab5987b12bc06e4da8c37cd7fec8f93085d96d28","_id":"xmlbuilder@8.2.2","_shasum":"69248673410b4ba42e1a6136551d2922335aa773","_from":".","_npmVersion":"2.14.20","_nodeVersion":"4.4.0","_npmUser":{"name":"oozcitak","email":"oozcitak@gmail.com"},"dist":{"shasum":"69248673410b4ba42e1a6136551d2922335aa773","tarball":"https://registry.npmjs.org/xmlbuilder/-/xmlbuilder-8.2.2.tgz"},"maintainers":[{"name":"oozcitak","email":"oozcitak@gmail.com"}],"_npmOperationalInternal":{"host":"packages-12-west.internal.npmjs.com","tmp":"tmp/xmlbuilder-8.2.2.tgz_1460102388901_0.18738110782578588"},"directories":{}},"9.0.0":{"name":"xmlbuilder","version":"9.0.0","keywords":["xml","xmlbuilder"],"homepage":"http://github.com/oozcitak/xmlbuilder-js","description":"An XML builder for node.js","author":{"name":"Ozgur Ozcitak","email":"oozcitak@gmail.com"},"contributors":[],"license":"MIT","repository":{"type":"git","url":"git://github.com/oozcitak/xmlbuilder-js.git"},"bugs":{"url":"http://github.com/oozcitak/xmlbuilder-js/issues"},"main":"./lib/index","engines":{"node":">=6.0"},"dependencies":{},"devDependencies":{"coffeescript":"github:jashkenas/coffeescript","mocha":"*","coffee-coverage":"*","istanbul":"*","coveralls":"*"},"scripts":{"prepublish":"coffee -co lib src","postpublish":"rm -rf lib","test":"mocha && istanbul report text lcov"},"gitHead":"03856cfcca5b6f6952c0d60ba47a305118648dde","_id":"xmlbuilder@9.0.0","_shasum":"a9311b3f8509345700c49a8f79be06bcc5988d18","_from":".","_npmVersion":"4.2.0","_nodeVersion":"7.9.0","_npmUser":{"name":"oozcitak","email":"oozcitak@gmail.com"},"dist":{"shasum":"a9311b3f8509345700c49a8f79be06bcc5988d18","tarball":"https://registry.npmjs.org/xmlbuilder/-/xmlbuilder-9.0.0.tgz"},"maintainers":[{"name":"oozcitak","email":"oozcitak@gmail.com"}],"_npmOperationalInternal":{"host":"packages-12-west.internal.npmjs.com","tmp":"tmp/xmlbuilder-9.0.0.tgz_1493933167623_0.8533658306114376"},"directories":{}}},"maintainers":[{"name":"oozcitak","email":"oozcitak@gmail.com"}],"author":{"name":"Ozgur Ozcitak","email":"oozcitak@gmail.com"},"time":{"modified":"2017-05-04T21:26:10.002Z","created":"2010-12-28T13:44:59.957Z","0.0.1":"2010-12-28T13:44:59.957Z","0.0.2":"2010-12-28T13:44:59.957Z","0.0.3":"2010-12-28T13:44:59.957Z","0.0.4":"2010-12-28T13:44:59.957Z","0.0.5":"2010-12-31T09:56:33.985Z","0.0.6":"2011-02-23T20:14:01.904Z","0.1.0":"2011-04-27T00:32:18.799Z","0.1.1":"2011-05-19T16:28:34.728Z","0.1.2":"2011-06-02T22:54:01.725Z","0.1.3":"2011-07-27T16:05:15.208Z","0.1.4":"2011-07-29T08:38:57.183Z","0.1.5":"2011-08-08T09:58:18.750Z","0.1.6":"2011-10-27T14:26:22.938Z","0.1.7":"2011-10-27T14:30:19.296Z","0.1.8":"2011-11-21T13:05:21.773Z","0.2.0":"2011-11-21T13:07:46.939Z","0.2.1":"2011-11-28T16:09:44.491Z","0.2.2":"2011-11-28T22:40:37.351Z","0.3.0":"2011-11-28T22:46:38.619Z","0.3.1":"2011-11-28T23:04:19.670Z","0.3.2":"2012-07-20T10:09:49.348Z","0.3.3":"2012-07-27T12:14:34.252Z","0.3.4":"2012-08-13T11:08:53.583Z","0.3.5":"2012-08-13T11:18:44.184Z","0.3.6":"2012-08-13T11:22:18.155Z","0.3.7":"2012-08-13T11:41:45.874Z","0.3.8":"2012-08-13T12:07:16.146Z","0.3.9":"2012-08-13T12:15:20.174Z","0.3.10":"2012-08-13T12:40:50.343Z","0.3.11":"2012-08-13T13:10:44.256Z","0.4.0":"2012-08-31T12:13:43.390Z","0.4.1":"2012-08-31T12:55:16.506Z","0.4.2":"2012-09-14T13:11:40.618Z","0.4.3":"2013-11-08T11:21:35.280Z","1.0.0":"2013-11-27T08:17:04.387Z","1.0.1":"2013-11-27T09:43:17.488Z","1.0.2":"2013-11-27T09:45:53.548Z","1.1.0":"2013-12-10T10:08:58.790Z","1.1.1":"2013-12-11T11:46:24.772Z","1.1.2":"2013-12-11T11:59:38.022Z","2.0.0":"2013-12-24T21:21:45.519Z","2.0.1":"2013-12-24T21:25:59.192Z","2.1.0":"2013-12-30T08:47:53.248Z","2.2.1":"2014-04-04T21:09:00.656Z","2.3.0":"2014-07-17T14:40:30.688Z","2.4.0":"2014-08-04T11:29:22.334Z","2.4.1":"2014-08-12T15:13:56.644Z","2.4.2":"2014-08-13T18:09:18.629Z","2.4.3":"2014-08-13T18:30:31.897Z","2.4.4":"2014-09-08T09:59:12.459Z","2.4.5":"2014-11-15T09:55:09.643Z","2.4.6":"2015-01-26T10:20:12.580Z","2.5.0":"2015-02-03T11:33:52.335Z","2.5.1":"2015-02-09T09:01:23.452Z","2.5.2":"2015-02-16T07:33:33.774Z","2.6.0":"2015-02-20T13:13:49.084Z","2.6.1":"2015-02-20T17:33:30.952Z","2.6.2":"2015-03-10T18:47:52.419Z","2.6.3":"2015-05-27T07:59:26.794Z","2.6.4":"2015-05-27T08:00:39.514Z","2.6.5":"2015-09-09T10:28:12.566Z","3.0.0":"2015-09-10T15:16:04.252Z","3.1.0":"2015-09-19T07:24:50.615Z","4.0.0":"2015-11-01T22:40:41.628Z","4.1.0":"2015-11-11T10:06:41.832Z","4.2.0":"2015-12-16T20:42:36.603Z","4.2.1":"2016-01-15T00:35:56.352Z","5.0.0":"2016-03-06T00:00:06.247Z","5.0.1":"2016-03-07T23:18:58.723Z","6.0.0":"2016-03-19T22:36:52.129Z","7.0.0":"2016-03-20T23:03:20.468Z","8.0.0":"2016-03-24T23:06:54.854Z","8.1.0":"2016-03-29T21:00:16.620Z","8.2.0":"2016-03-31T22:13:57.236Z","8.2.1":"2016-04-07T14:05:23.494Z","8.2.2":"2016-04-08T07:59:51.636Z","9.0.0":"2017-05-04T21:26:10.002Z"},"repository":{"type":"git","url":"git://github.com/oozcitak/xmlbuilder-js.git"},"users":{"285858315":true,"fgribreau":true,"blacharnia":true,"furzeface":true,"drittich":true,"shanewholloway":true,"amirmehmood":true,"subso":true,"igorissen":true,"muxa":true,"pandao":true,"chao2":true,"algonzo":true,"sidwood":true,"illuminator":true,"jacobmischka":true,"posttragedy":true,"mojaray2k":true,"diglididudeng":true,"italoacasas":true,"tsxuehu":true},"readme":"# xmlbuilder-js\n\nAn XML builder for [node.js](https://nodejs.org/) similar to\n[java-xmlbuilder](https://github.com/jmurty/java-xmlbuilder).\n\n[![License](http://img.shields.io/npm/l/xmlbuilder.svg?style=flat-square)](http://opensource.org/licenses/MIT)\n[![NPM Version](http://img.shields.io/npm/v/xmlbuilder.svg?style=flat-square)](https://npmjs.com/package/xmlbuilder)\n[![NPM Downloads](https://img.shields.io/npm/dm/xmlbuilder.svg?style=flat-square)](https://npmjs.com/package/xmlbuilder)\n\n[![Build Status](http://img.shields.io/travis/oozcitak/xmlbuilder-js.svg?style=flat-square)](http://travis-ci.org/oozcitak/xmlbuilder-js)\n[![Dev Dependency Status](http://img.shields.io/david/dev/oozcitak/xmlbuilder-js.svg?style=flat-square)](https://david-dm.org/oozcitak/xmlbuilder-js)\n[![Code Coverage](https://img.shields.io/coveralls/oozcitak/xmlbuilder-js.svg?style=flat-square)](https://coveralls.io/github/oozcitak/xmlbuilder-js)\n\n### Installation:\n\n``` sh\nnpm install xmlbuilder\n```\n\n### Usage:\n\n``` js\nvar builder = require('xmlbuilder');\nvar xml = builder.create('root')\n  .ele('xmlbuilder')\n    .ele('repo', {'type': 'git'}, 'git://github.com/oozcitak/xmlbuilder-js.git')\n  .end({ pretty: true});\n\nconsole.log(xml);\n```\n\nwill result in:\n\n``` xml\n<?xml version=\"1.0\"?>\n<root>\n  <xmlbuilder>\n    <repo type=\"git\">git://github.com/oozcitak/xmlbuilder-js.git</repo>\n  </xmlbuilder>\n</root>\n```\n\nIt is also possible to convert objects into nodes:\n\n``` js\nbuilder.create({\n  root: {\n    xmlbuilder: {\n      repo: {\n        '@type': 'git', // attributes start with @\n        '#text': 'git://github.com/oozcitak/xmlbuilder-js.git' // text node\n      }\n    }\n  }\n});\n```\n\nIf you need to do some processing:\n\n``` js\nvar root = builder.create('squares');\nroot.com('f(x) = x^2');\nfor(var i = 1; i <= 5; i++)\n{\n  var item = root.ele('data');\n  item.att('x', i);\n  item.att('y', i * i);\n}\n```\n\nThis will result in:\n\n``` xml\n<?xml version=\"1.0\"?>\n<squares>\n  <!-- f(x) = x^2 -->\n  <data x=\"1\" y=\"1\"/>\n  <data x=\"2\" y=\"4\"/>\n  <data x=\"3\" y=\"9\"/>\n  <data x=\"4\" y=\"16\"/>\n  <data x=\"5\" y=\"25\"/>\n</squares>\n```\n\nSee the [wiki](https://github.com/oozcitak/xmlbuilder-js/wiki) for details and [examples](https://github.com/oozcitak/xmlbuilder-js/wiki/Examples) for more complex examples.\n","homepage":"http://github.com/oozcitak/xmlbuilder-js","keywords":["xml","xmlbuilder"],"bugs":{"url":"http://github.com/oozcitak/xmlbuilder-js/issues"},"readmeFilename":"README.md","license":"MIT","contributors":[],"_attachments":{},"_etag":"W/\"590b9c72-150ca\"","_lastModified":"Thu, 04 May 2017 21:26:10 GMT","_cached":true}