{"_id":"cucumber-html-reporter","_rev":"39-af34b83dd87a2eb763e6b54e3838bc74","name":"cucumber-html-reporter","description":"Generates Cucumber HTML reports in three different themes","dist-tags":{"latest":"0.4.2"},"versions":{"0.1.0":{"name":"cucumber-html-reporter","version":"0.1.0","description":"Generates Cucumber HTML reports in three different themes","main":"index.js","author":{"name":"kushang gajjar","email":"g.kushang@gmail.com"},"contributors":[{"name":"grunt-cucumberjs","url":"https://www.npmjs.com/package/grunt-cucumberjs"}],"scripts":{"test":"npm run features","features":"node node_modules/cucumber/bin/cucumber test/features/ -f json:test/report/cucumber_report.json"},"devDependencies":{"cucumber":"^1.2.0"},"repository":{"type":"git","url":"git+https://github.com/gkushang/cucumber-html-reporter.git"},"bugs":{"url":"https://github.com/gkushang/cucumber-html-reporter/issues","email":"g.kushang@gmail.com"},"keywords":["cucumber","html","cucumber-html-reporter","html report","json to html"],"license":"MIT","homepage":"https://github.com/gkushang/cucumber-html-reporter#readme","dependencies":{"commondir":"^1.0.1","fs":"0.0.2","js-base64":"^2.1.9","jsonfile":"^2.3.1","lodash":"^4.13.1"},"gitHead":"375d450fc4d392cbcb9ce1e8f9e6ca4c0b33cefb","_id":"cucumber-html-reporter@0.1.0","_shasum":"01cead13d2bcc7b17544a86b122cad07f1055877","_from":".","_npmVersion":"2.11.3","_nodeVersion":"0.12.7","_npmUser":{"name":"kushang","email":"g.kushang@gmail.com"},"dist":{"shasum":"01cead13d2bcc7b17544a86b122cad07f1055877","tarball":"https://registry.npmjs.org/cucumber-html-reporter/-/cucumber-html-reporter-0.1.0.tgz"},"maintainers":[{"name":"kushang","email":"g.kushang@gmail.com"}],"_npmOperationalInternal":{"host":"packages-12-west.internal.npmjs.com","tmp":"tmp/cucumber-html-reporter-0.1.0.tgz_1466976332235_0.30362681904807687"},"directories":{}},"0.1.1":{"name":"cucumber-html-reporter","version":"0.1.1","description":"Generates Cucumber HTML reports in three different themes","main":"index.js","author":{"name":"kushang gajjar","email":"g.kushang@gmail.com"},"contributors":[{"name":"grunt-cucumberjs","url":"https://www.npmjs.com/package/grunt-cucumberjs"}],"scripts":{"test":"npm run features","features":"node node_modules/cucumber/bin/cucumber test/features/ -f json:test/report/cucumber_report.json"},"devDependencies":{"cucumber":"^1.2.0"},"repository":{"type":"git","url":"git+https://github.com/gkushang/cucumber-html-reporter.git"},"bugs":{"url":"https://github.com/gkushang/cucumber-html-reporter/issues","email":"g.kushang@gmail.com"},"keywords":["cucumber","html","cucumber-html-reporter","html report","json to html"],"license":"MIT","homepage":"https://github.com/gkushang/cucumber-html-reporter#readme","dependencies":{"chai":"^1.10.0","chai-fs":"^0.1.0","commondir":"^1.0.1","fs":"0.0.2","js-base64":"^2.1.9","jsonfile":"^2.3.1","lodash":"^4.13.1"},"gitHead":"4d5366de9061a949f0408dea5ec3e2e4d5588021","_id":"cucumber-html-reporter@0.1.1","_shasum":"6d5dce8cead5e876ae66efe6208bb1467d83e294","_from":".","_npmVersion":"2.11.3","_nodeVersion":"0.12.7","_npmUser":{"name":"kushang","email":"g.kushang@gmail.com"},"dist":{"shasum":"6d5dce8cead5e876ae66efe6208bb1467d83e294","tarball":"https://registry.npmjs.org/cucumber-html-reporter/-/cucumber-html-reporter-0.1.1.tgz"},"maintainers":[{"name":"kushang","email":"g.kushang@gmail.com"}],"_npmOperationalInternal":{"host":"packages-12-west.internal.npmjs.com","tmp":"tmp/cucumber-html-reporter-0.1.1.tgz_1467045874299_0.977583177620545"},"directories":{}},"0.1.2":{"name":"cucumber-html-reporter","version":"0.1.2","description":"Generates Cucumber HTML reports in three different themes","main":"index.js","author":{"name":"kushang gajjar","email":"g.kushang@gmail.com"},"contributors":[{"name":"grunt-cucumberjs","url":"https://www.npmjs.com/package/grunt-cucumberjs"}],"scripts":{"test":"npm run features","features":"node node_modules/cucumber/bin/cucumber test/features/ -f json:test/report/cucumber_report.json"},"devDependencies":{"cucumber":"^1.2.0"},"repository":{"type":"git","url":"git+https://github.com/gkushang/cucumber-html-reporter.git"},"bugs":{"url":"https://github.com/gkushang/cucumber-html-reporter/issues","email":"g.kushang@gmail.com"},"keywords":["cucumber","html","cucumber-html-reporter","html report","json to html"],"license":"MIT","homepage":"https://github.com/gkushang/cucumber-html-reporter#readme","dependencies":{"chai":"^1.10.0","chai-fs":"^0.1.0","commondir":"^1.0.1","fs":"0.0.2","js-base64":"^2.1.9","jsonfile":"^2.3.1","lodash":"^4.13.1"},"gitHead":"f5d056a1ac7b1ee9dd4102c92ce1225c0af06aca","_id":"cucumber-html-reporter@0.1.2","_shasum":"d1e5fbda1a9a22903f3ebfc27e7e2d70dadf68c6","_from":".","_npmVersion":"2.11.3","_nodeVersion":"0.12.7","_npmUser":{"name":"kushang","email":"g.kushang@gmail.com"},"dist":{"shasum":"d1e5fbda1a9a22903f3ebfc27e7e2d70dadf68c6","tarball":"https://registry.npmjs.org/cucumber-html-reporter/-/cucumber-html-reporter-0.1.2.tgz"},"maintainers":[{"name":"kushang","email":"g.kushang@gmail.com"}],"_npmOperationalInternal":{"host":"packages-16-east.internal.npmjs.com","tmp":"tmp/cucumber-html-reporter-0.1.2.tgz_1467050679269_0.35935039445757866"},"directories":{}},"0.1.3":{"name":"cucumber-html-reporter","version":"0.1.3","description":"Generates Cucumber HTML reports in three different themes","main":"index.js","author":{"name":"kushang gajjar","email":"g.kushang@gmail.com"},"contributors":[{"name":"grunt-cucumberjs","url":"https://www.npmjs.com/package/grunt-cucumberjs"}],"scripts":{"test":"npm run features","features":"node node_modules/cucumber/bin/cucumber test/features/ -f json:test/report/cucumber_report.json"},"devDependencies":{"cucumber":"^1.2.0"},"repository":{"type":"git","url":"git+https://github.com/gkushang/cucumber-html-reporter.git"},"bugs":{"url":"https://github.com/gkushang/cucumber-html-reporter/issues","email":"g.kushang@gmail.com"},"keywords":["cucumber","html","cucumber-html-reporter","html report","json to html"],"license":"MIT","homepage":"https://github.com/gkushang/cucumber-html-reporter#readme","dependencies":{"chai":"^1.10.0","chai-fs":"^0.1.0","commondir":"^1.0.1","fs":"0.0.2","js-base64":"^2.1.9","jsonfile":"^2.3.1","lodash":"^4.13.1"},"gitHead":"cad1a3337e589c7468d085390d1fc74317e0864d","_id":"cucumber-html-reporter@0.1.3","_shasum":"15692eaa5e5c6718feb2175cdc4d500000dbca6f","_from":".","_npmVersion":"2.11.3","_nodeVersion":"0.12.7","_npmUser":{"name":"kushang","email":"g.kushang@gmail.com"},"dist":{"shasum":"15692eaa5e5c6718feb2175cdc4d500000dbca6f","tarball":"https://registry.npmjs.org/cucumber-html-reporter/-/cucumber-html-reporter-0.1.3.tgz"},"maintainers":[{"name":"kushang","email":"g.kushang@gmail.com"}],"_npmOperationalInternal":{"host":"packages-16-east.internal.npmjs.com","tmp":"tmp/cucumber-html-reporter-0.1.3.tgz_1467051812110_0.8189721063245088"},"directories":{}},"0.1.4":{"name":"cucumber-html-reporter","version":"0.1.4","description":"Generates Cucumber HTML reports in three different themes","main":"index.js","author":{"name":"kushang gajjar","email":"g.kushang@gmail.com"},"contributors":[{"name":"grunt-cucumberjs","url":"https://www.npmjs.com/package/grunt-cucumberjs"}],"scripts":{"test":"npm run features","features":"node node_modules/cucumber/bin/cucumber test/features/ -f json:test/report/cucumber_report.json"},"devDependencies":{"cucumber":"^1.2.0"},"repository":{"type":"git","url":"git+https://github.com/gkushang/cucumber-html-reporter.git"},"bugs":{"url":"https://github.com/gkushang/cucumber-html-reporter/issues","email":"g.kushang@gmail.com"},"keywords":["cucumber","html","cucumber-html-reporter","html report","json to html"],"license":"MIT","homepage":"https://github.com/gkushang/cucumber-html-reporter#readme","dependencies":{"chai":"^1.10.0","chai-fs":"^0.1.0","commondir":"^1.0.1","js-base64":"^2.1.9","jsonfile":"^2.3.1","lodash":"^4.13.1"},"gitHead":"9d2e8bca21999db12c371059c42dc216f180ce2f","_id":"cucumber-html-reporter@0.1.4","_shasum":"74814514c4bb9202201f07e4901ece0317c0480c","_from":".","_npmVersion":"2.11.3","_nodeVersion":"0.12.7","_npmUser":{"name":"kushang","email":"g.kushang@gmail.com"},"dist":{"shasum":"74814514c4bb9202201f07e4901ece0317c0480c","tarball":"https://registry.npmjs.org/cucumber-html-reporter/-/cucumber-html-reporter-0.1.4.tgz"},"maintainers":[{"name":"kushang","email":"g.kushang@gmail.com"}],"_npmOperationalInternal":{"host":"packages-16-east.internal.npmjs.com","tmp":"tmp/cucumber-html-reporter-0.1.4.tgz_1467143069870_0.6732250556815416"},"directories":{}},"0.1.5":{"name":"cucumber-html-reporter","version":"0.1.5","description":"Generates Cucumber HTML reports in three different themes","main":"index.js","author":{"name":"kushang gajjar","email":"g.kushang@gmail.com"},"contributors":[{"name":"grunt-cucumberjs","url":"https://www.npmjs.com/package/grunt-cucumberjs"}],"scripts":{"test":"npm run features","features":"node node_modules/cucumber/bin/cucumber test/features/ -f json:test/report/cucumber_report.json"},"devDependencies":{"cucumber":"^1.2.0"},"repository":{"type":"git","url":"git+https://github.com/gkushang/cucumber-html-reporter.git"},"bugs":{"url":"https://github.com/gkushang/cucumber-html-reporter/issues","email":"g.kushang@gmail.com"},"keywords":["cucumber","html","cucumber-html-reporter","html report","json to html"],"license":"MIT","homepage":"https://github.com/gkushang/cucumber-html-reporter#readme","dependencies":{"chai":"^1.10.0","chai-fs":"^0.1.0","commondir":"^1.0.1","js-base64":"^2.1.9","jsonfile":"^2.3.1","lodash":"^4.13.1"},"gitHead":"66b8ac7f7a364435bce83ac9f8e4906cf5cb5b1d","_id":"cucumber-html-reporter@0.1.5","_shasum":"0754d5614a190f2c189f2bd98d71a3a2d650526e","_from":".","_npmVersion":"3.10.3","_nodeVersion":"4.4.5","_npmUser":{"name":"kushang","email":"g.kushang@gmail.com"},"dist":{"shasum":"0754d5614a190f2c189f2bd98d71a3a2d650526e","tarball":"https://registry.npmjs.org/cucumber-html-reporter/-/cucumber-html-reporter-0.1.5.tgz"},"maintainers":[{"name":"kushang","email":"g.kushang@gmail.com"}],"_npmOperationalInternal":{"host":"packages-16-east.internal.npmjs.com","tmp":"tmp/cucumber-html-reporter-0.1.5.tgz_1467773801734_0.5453069077339023"},"directories":{}},"0.1.6":{"name":"cucumber-html-reporter","version":"0.1.6","description":"Generates Cucumber HTML reports in three different themes","main":"index.js","author":{"name":"kushang gajjar","email":"g.kushang@gmail.com"},"contributors":[{"name":"grunt-cucumberjs","url":"https://www.npmjs.com/package/grunt-cucumberjs"}],"scripts":{"test":"npm run features","features":"node node_modules/cucumber/bin/cucumber test/features/ -f json:test/report/cucumber_report.json"},"devDependencies":{"cucumber":"^1.2.0"},"repository":{"type":"git","url":"git+https://github.com/gkushang/cucumber-html-reporter.git"},"bugs":{"url":"https://github.com/gkushang/cucumber-html-reporter/issues","email":"g.kushang@gmail.com"},"keywords":["cucumber","html","cucumber-html-reporter","html report","json to html"],"license":"MIT","homepage":"https://github.com/gkushang/cucumber-html-reporter#readme","dependencies":{"chai":"^1.10.0","chai-fs":"^0.1.0","commondir":"^1.0.1","js-base64":"^2.1.9","jsonfile":"^2.3.1","lodash":"^4.13.1"},"gitHead":"19a05f14ef29fa1fc65ff268c75447a493ccabcf","_id":"cucumber-html-reporter@0.1.6","_shasum":"0fba6e62946b760ea1014f1391532badc91210b4","_from":".","_npmVersion":"3.10.3","_nodeVersion":"4.4.5","_npmUser":{"name":"kushang","email":"g.kushang@gmail.com"},"dist":{"shasum":"0fba6e62946b760ea1014f1391532badc91210b4","tarball":"https://registry.npmjs.org/cucumber-html-reporter/-/cucumber-html-reporter-0.1.6.tgz"},"maintainers":[{"name":"kushang","email":"g.kushang@gmail.com"}],"_npmOperationalInternal":{"host":"packages-16-east.internal.npmjs.com","tmp":"tmp/cucumber-html-reporter-0.1.6.tgz_1467905340749_0.7292894599959254"},"directories":{}},"0.2.0":{"name":"cucumber-html-reporter","version":"0.2.0","description":"Generates Cucumber HTML reports in three different themes","main":"index.js","author":{"name":"kushang gajjar","email":"g.kushang@gmail.com"},"contributors":[{"name":"grunt-cucumberjs","url":"https://www.npmjs.com/package/grunt-cucumberjs"}],"scripts":{"test":"npm run features","features":"node node_modules/cucumber/bin/cucumber test/features/ -f json:test/report/cucumber_report.json"},"devDependencies":{"cucumber":"^1.2.1"},"repository":{"type":"git","url":"git+https://github.com/gkushang/cucumber-html-reporter.git"},"bugs":{"url":"https://github.com/gkushang/cucumber-html-reporter/issues","email":"g.kushang@gmail.com"},"keywords":["cucumber","html","cucumber-html-reporter","html report","json to html"],"license":"MIT","homepage":"https://github.com/gkushang/cucumber-html-reporter#readme","dependencies":{"chai":"^1.10.0","chai-fs":"^0.1.0","commondir":"^1.0.1","js-base64":"^2.1.9","jsonfile":"^2.3.1","lodash":"^4.13.1"},"gitHead":"9e377a2e05ba24ec5fa3e13c6331a8c2648a1ff1","_id":"cucumber-html-reporter@0.2.0","_shasum":"700a6b72a5622946301c48bfb0ee1f2dc05e8cc1","_from":".","_npmVersion":"3.10.3","_nodeVersion":"4.4.5","_npmUser":{"name":"kushang","email":"g.kushang@gmail.com"},"dist":{"shasum":"700a6b72a5622946301c48bfb0ee1f2dc05e8cc1","tarball":"https://registry.npmjs.org/cucumber-html-reporter/-/cucumber-html-reporter-0.2.0.tgz"},"maintainers":[{"name":"kushang","email":"g.kushang@gmail.com"}],"_npmOperationalInternal":{"host":"packages-16-east.internal.npmjs.com","tmp":"tmp/cucumber-html-reporter-0.2.0.tgz_1468171398155_0.07751217554323375"},"directories":{}},"0.2.1":{"name":"cucumber-html-reporter","version":"0.2.1","description":"Generates Cucumber HTML reports in three different themes","main":"index.js","author":{"name":"kushang gajjar","email":"g.kushang@gmail.com"},"contributors":[{"name":"grunt-cucumberjs","url":"https://www.npmjs.com/package/grunt-cucumberjs"}],"scripts":{"test":"npm run features && npm run clean","clean":"rm -r test/report/*.html test/report/*.json test/report/screenshot","features":"node node_modules/cucumber/bin/cucumber test/features/ -f json:test/report/cucumber_report.json"},"devDependencies":{"cucumber":"^1.2.1"},"repository":{"type":"git","url":"git+https://github.com/gkushang/cucumber-html-reporter.git"},"bugs":{"url":"https://github.com/gkushang/cucumber-html-reporter/issues","email":"g.kushang@gmail.com"},"keywords":["cucumber","html","cucumber-html-reporter","html report","json to html"],"license":"MIT","homepage":"https://github.com/gkushang/cucumber-html-reporter#readme","dependencies":{"chai":"^3.5.0","commondir":"^1.0.1","js-base64":"^2.1.9","jsonfile":"^2.3.1","lodash":"^4.13.1","node-fs":"^0.1.7"},"gitHead":"266381bf959a60739a4115df429cf807e3bd1d4e","_id":"cucumber-html-reporter@0.2.1","_shasum":"581be10105762a190b38c3a1b43a033431d24535","_from":".","_npmVersion":"3.10.3","_nodeVersion":"4.4.5","_npmUser":{"name":"kushang","email":"g.kushang@gmail.com"},"dist":{"shasum":"581be10105762a190b38c3a1b43a033431d24535","tarball":"https://registry.npmjs.org/cucumber-html-reporter/-/cucumber-html-reporter-0.2.1.tgz"},"maintainers":[{"name":"kushang","email":"g.kushang@gmail.com"}],"_npmOperationalInternal":{"host":"packages-12-west.internal.npmjs.com","tmp":"tmp/cucumber-html-reporter-0.2.1.tgz_1468343699172_0.32988370885141194"},"directories":{}},"0.2.2":{"name":"cucumber-html-reporter","version":"0.2.2","description":"Generates Cucumber HTML reports in three different themes","main":"index.js","author":{"name":"kushang gajjar","email":"g.kushang@gmail.com"},"contributors":[{"name":"grunt-cucumberjs","url":"https://www.npmjs.com/package/grunt-cucumberjs"}],"scripts":{"test":"npm run features && npm run clean","clean":"rm -r test/report/*.html test/report/*.json test/report/screenshot","features":"node node_modules/cucumber/bin/cucumber test/features/ -f json:test/report/cucumber_report.json"},"devDependencies":{"cucumber":"^1.2.1"},"repository":{"type":"git","url":"git+https://github.com/gkushang/cucumber-html-reporter.git"},"bugs":{"url":"https://github.com/gkushang/cucumber-html-reporter/issues","email":"g.kushang@gmail.com"},"keywords":["cucumber","html","cucumber-html-reporter","html report","json to html"],"license":"MIT","homepage":"https://github.com/gkushang/cucumber-html-reporter#readme","dependencies":{"chai":"^3.5.0","commondir":"^1.0.1","js-base64":"^2.1.9","jsonfile":"^2.3.1","lodash":"^4.13.1","node-fs":"^0.1.7"},"gitHead":"4d86a351c5f9559d73ae8c8e2aba5b96d5980b63","_id":"cucumber-html-reporter@0.2.2","_shasum":"0a30208648e0fea5d36f60304e6bc54a00ac0ea7","_from":".","_npmVersion":"3.10.3","_nodeVersion":"4.4.5","_npmUser":{"name":"kushang","email":"g.kushang@gmail.com"},"dist":{"shasum":"0a30208648e0fea5d36f60304e6bc54a00ac0ea7","tarball":"https://registry.npmjs.org/cucumber-html-reporter/-/cucumber-html-reporter-0.2.2.tgz"},"maintainers":[{"name":"kushang","email":"g.kushang@gmail.com"}],"_npmOperationalInternal":{"host":"packages-12-west.internal.npmjs.com","tmp":"tmp/cucumber-html-reporter-0.2.2.tgz_1469113071123_0.8329370301216841"},"directories":{}},"0.2.3":{"name":"cucumber-html-reporter","version":"0.2.3","description":"Generates Cucumber HTML reports in three different themes","main":"index.js","author":{"name":"kushang gajjar","email":"g.kushang@gmail.com"},"contributors":[{"name":"grunt-cucumberjs","url":"https://www.npmjs.com/package/grunt-cucumberjs"}],"scripts":{"test":"npm run features && npm run clean","clean":"rm -r test/report/*.html test/report/*.json test/report/screenshot","features":"node node_modules/cucumber/bin/cucumber test/features/ -f json:test/report/cucumber_report.json"},"devDependencies":{"cucumber":"^1.2.1"},"repository":{"type":"git","url":"git+https://github.com/gkushang/cucumber-html-reporter.git"},"bugs":{"url":"https://github.com/gkushang/cucumber-html-reporter/issues","email":"g.kushang@gmail.com"},"keywords":["cucumber","html","cucumber-html-reporter","html report","json to html"],"license":"MIT","homepage":"https://github.com/gkushang/cucumber-html-reporter#readme","dependencies":{"chai":"^3.5.0","commondir":"^1.0.1","js-base64":"^2.1.9","jsonfile":"^2.3.1","lodash":"^4.13.1","node-fs":"^0.1.7"},"gitHead":"cf5882e878dc25a6d205075cf01e35b08d5cf782","_id":"cucumber-html-reporter@0.2.3","_shasum":"ea3f9d0f4c31adda810614328337d76f1fa7b4af","_from":".","_npmVersion":"3.10.3","_nodeVersion":"4.4.5","_npmUser":{"name":"kushang","email":"g.kushang@gmail.com"},"dist":{"shasum":"ea3f9d0f4c31adda810614328337d76f1fa7b4af","tarball":"https://registry.npmjs.org/cucumber-html-reporter/-/cucumber-html-reporter-0.2.3.tgz"},"maintainers":[{"name":"kushang","email":"g.kushang@gmail.com"}],"_npmOperationalInternal":{"host":"packages-16-east.internal.npmjs.com","tmp":"tmp/cucumber-html-reporter-0.2.3.tgz_1469544646745_0.051938782911747694"},"directories":{}},"0.2.4":{"name":"cucumber-html-reporter","version":"0.2.4","description":"Generates Cucumber HTML reports in three different themes","main":"index.js","author":{"name":"kushang gajjar","email":"g.kushang@gmail.com"},"contributors":[{"name":"grunt-cucumberjs","url":"https://www.npmjs.com/package/grunt-cucumberjs"},{"name":"LiQiang","url":"https://github.com/li-qiang"}],"scripts":{"test":"npm run features && npm run clean","clean":"rm -r test/report/*.html test/report/*.json test/report/screenshot","features":"node node_modules/cucumber/bin/cucumber test/features/ -f json:test/report/cucumber_report.json"},"devDependencies":{"cucumber":"^1.2.1"},"repository":{"type":"git","url":"git+https://github.com/gkushang/cucumber-html-reporter.git"},"bugs":{"url":"https://github.com/gkushang/cucumber-html-reporter/issues","email":"g.kushang@gmail.com"},"keywords":["cucumber","html","cucumber-html-reporter","html report","json to html"],"license":"MIT","homepage":"https://github.com/gkushang/cucumber-html-reporter#readme","dependencies":{"chai":"^3.5.0","commondir":"^1.0.1","js-base64":"^2.1.9","jsonfile":"^2.3.1","lodash":"^4.13.1","node-fs":"^0.1.7"},"gitHead":"eb94e21bded90fddd0b65fe982b28f0e814ddf48","_id":"cucumber-html-reporter@0.2.4","_shasum":"235a1b3474a18046181d807e26556309247034cc","_from":".","_npmVersion":"3.10.3","_nodeVersion":"4.4.5","_npmUser":{"name":"kushang","email":"g.kushang@gmail.com"},"dist":{"shasum":"235a1b3474a18046181d807e26556309247034cc","tarball":"https://registry.npmjs.org/cucumber-html-reporter/-/cucumber-html-reporter-0.2.4.tgz"},"maintainers":[{"name":"kushang","email":"g.kushang@gmail.com"}],"_npmOperationalInternal":{"host":"packages-12-west.internal.npmjs.com","tmp":"tmp/cucumber-html-reporter-0.2.4.tgz_1469722218032_0.9827090469188988"},"directories":{}},"0.2.5":{"name":"cucumber-html-reporter","version":"0.2.5","description":"Generates Cucumber HTML reports in three different themes","main":"index.js","author":{"name":"kushang gajjar","email":"g.kushang@gmail.com"},"contributors":[{"name":"grunt-cucumberjs","url":"https://www.npmjs.com/package/grunt-cucumberjs"},{"name":"LiQiang","url":"https://github.com/li-qiang"}],"scripts":{"test":"npm run features && npm run clean","clean":"rm -r test/report/*.html test/report/*.json test/report/screenshot","features":"node node_modules/cucumber/bin/cucumber test/features/ -f json:test/report/cucumber_report.json"},"devDependencies":{"cucumber":"^1.2.1"},"repository":{"type":"git","url":"git+https://github.com/gkushang/cucumber-html-reporter.git"},"bugs":{"url":"https://github.com/gkushang/cucumber-html-reporter/issues","email":"g.kushang@gmail.com"},"keywords":["cucumber","html","cucumber-html-reporter","html report","json to html"],"license":"MIT","homepage":"https://github.com/gkushang/cucumber-html-reporter#readme","dependencies":{"chai":"^3.5.0","commondir":"^1.0.1","js-base64":"^2.1.9","jsonfile":"^2.3.1","lodash":"^4.13.1","node-fs":"^0.1.7"},"gitHead":"3f5b966ca42203956de25956312f618682d41fc0","_id":"cucumber-html-reporter@0.2.5","_shasum":"ce43469a4daee284c2e428a7774abac63b23b5bb","_from":".","_npmVersion":"3.10.3","_nodeVersion":"4.4.5","_npmUser":{"name":"kushang","email":"g.kushang@gmail.com"},"dist":{"shasum":"ce43469a4daee284c2e428a7774abac63b23b5bb","tarball":"https://registry.npmjs.org/cucumber-html-reporter/-/cucumber-html-reporter-0.2.5.tgz"},"maintainers":[{"name":"kushang","email":"g.kushang@gmail.com"}],"_npmOperationalInternal":{"host":"packages-16-east.internal.npmjs.com","tmp":"tmp/cucumber-html-reporter-0.2.5.tgz_1469728869876_0.40019392035901546"},"directories":{}},"0.2.6":{"name":"cucumber-html-reporter","version":"0.2.6","description":"Generates Cucumber HTML reports in three different themes","main":"index.js","author":{"name":"kushang gajjar","email":"g.kushang@gmail.com"},"contributors":[{"name":"grunt-cucumberjs","url":"https://www.npmjs.com/package/grunt-cucumberjs"},{"name":"LiQiang","url":"https://github.com/li-qiang"}],"scripts":{"test":"npm run features && npm run clean","clean":"rm -r test/report/*.html test/report/*.json test/report/screenshot","features":"node node_modules/cucumber/bin/cucumber test/features/ -f json:test/report/cucumber_report.json"},"devDependencies":{"cucumber":"^1.2.1"},"repository":{"type":"git","url":"git+https://github.com/gkushang/cucumber-html-reporter.git"},"bugs":{"url":"https://github.com/gkushang/cucumber-html-reporter/issues","email":"g.kushang@gmail.com"},"keywords":["cucumber","html","cucumber-html-reporter","html report","json to html"],"license":"MIT","homepage":"https://github.com/gkushang/cucumber-html-reporter#readme","dependencies":{"chai":"^3.5.0","commondir":"^1.0.1","js-base64":"^2.1.9","jsonfile":"^2.3.1","lodash":"^4.13.1","node-fs":"^0.1.7"},"gitHead":"566440d24c57c5aaf08e761b06903584a64a12b2","_id":"cucumber-html-reporter@0.2.6","_shasum":"328222f49c57bd4524e714326512b6b897592201","_from":".","_npmVersion":"3.10.3","_nodeVersion":"4.4.5","_npmUser":{"name":"kushang","email":"g.kushang@gmail.com"},"dist":{"shasum":"328222f49c57bd4524e714326512b6b897592201","tarball":"https://registry.npmjs.org/cucumber-html-reporter/-/cucumber-html-reporter-0.2.6.tgz"},"maintainers":[{"name":"kushang","email":"g.kushang@gmail.com"}],"_npmOperationalInternal":{"host":"packages-16-east.internal.npmjs.com","tmp":"tmp/cucumber-html-reporter-0.2.6.tgz_1469805298528_0.8513329566922039"},"directories":{}},"0.2.7":{"name":"cucumber-html-reporter","version":"0.2.7","description":"Generates Cucumber HTML reports in three different themes","main":"index.js","author":{"name":"kushang gajjar","email":"g.kushang@gmail.com"},"contributors":[{"name":"grunt-cucumberjs","url":"https://www.npmjs.com/package/grunt-cucumberjs"},{"name":"LiQiang","url":"https://github.com/li-qiang"}],"scripts":{"test":"npm run features && npm run clean","clean":"rm -r test/report/*.html test/report/*.json test/report/screenshot","features":"node node_modules/cucumber/bin/cucumber test/features/ -f json:test/report/cucumber_report.json"},"devDependencies":{"cucumber":"^1.2.1"},"repository":{"type":"git","url":"git+https://github.com/gkushang/cucumber-html-reporter.git"},"bugs":{"url":"https://github.com/gkushang/cucumber-html-reporter/issues","email":"g.kushang@gmail.com"},"keywords":["cucumber","html","cucumber-html-reporter","html report","json to html"],"license":"MIT","homepage":"https://github.com/gkushang/cucumber-html-reporter#readme","dependencies":{"chai":"^3.5.0","commondir":"^1.0.1","js-base64":"^2.1.9","jsonfile":"^2.3.1","lodash":"^4.13.1","node-fs":"^0.1.7","open":"0.0.5"},"gitHead":"761267a4970ec05acc591bd824d5bbb29f298457","_id":"cucumber-html-reporter@0.2.7","_shasum":"3a474bcd9b9f68d59b082f943d998b061a0de33d","_from":".","_npmVersion":"3.10.3","_nodeVersion":"4.4.5","_npmUser":{"name":"kushang","email":"g.kushang@gmail.com"},"dist":{"shasum":"3a474bcd9b9f68d59b082f943d998b061a0de33d","tarball":"https://registry.npmjs.org/cucumber-html-reporter/-/cucumber-html-reporter-0.2.7.tgz"},"maintainers":[{"name":"kushang","email":"g.kushang@gmail.com"}],"_npmOperationalInternal":{"host":"packages-12-west.internal.npmjs.com","tmp":"tmp/cucumber-html-reporter-0.2.7.tgz_1471359377258_0.7454832640942186"},"directories":{}},"0.2.8":{"name":"cucumber-html-reporter","version":"0.2.8","description":"Generates Cucumber HTML reports in three different themes","main":"index.js","author":{"name":"kushang gajjar","email":"g.kushang@gmail.com"},"contributors":[{"name":"grunt-cucumberjs","url":"https://www.npmjs.com/package/grunt-cucumberjs"},{"name":"LiQiang","url":"https://github.com/li-qiang"}],"scripts":{"test":"npm run features && npm run clean","clean":"rm -r test/report/*.html test/report/*.json test/report/screenshot","features":"node node_modules/cucumber/bin/cucumber test/features/ -f json:test/report/cucumber_report.json"},"devDependencies":{"cucumber":"^1.2.1"},"repository":{"type":"git","url":"git+https://github.com/gkushang/cucumber-html-reporter.git"},"bugs":{"url":"https://github.com/gkushang/cucumber-html-reporter/issues","email":"g.kushang@gmail.com"},"keywords":["cucumber","html","cucumber-html-reporter","html report","json to html"],"license":"MIT","homepage":"https://github.com/gkushang/cucumber-html-reporter#readme","dependencies":{"chai":"^3.5.0","find":"^0.2.7","js-base64":"^2.1.9","jsonfile":"^2.3.1","lodash":"^4.13.1","node-fs":"^0.1.7","open":"0.0.5"},"gitHead":"e39ba02ea4b84d9aaf01319446b945fd71d246b4","_id":"cucumber-html-reporter@0.2.8","_shasum":"90d5a35156a13d2a106bdc977792aab2b5be1a6f","_from":".","_npmVersion":"3.10.7","_nodeVersion":"4.4.5","_npmUser":{"name":"kushang","email":"g.kushang@gmail.com"},"dist":{"shasum":"90d5a35156a13d2a106bdc977792aab2b5be1a6f","tarball":"https://registry.npmjs.org/cucumber-html-reporter/-/cucumber-html-reporter-0.2.8.tgz"},"maintainers":[{"name":"kushang","email":"g.kushang@gmail.com"}],"_npmOperationalInternal":{"host":"packages-12-west.internal.npmjs.com","tmp":"tmp/cucumber-html-reporter-0.2.8.tgz_1472598539763_0.96443886985071"},"directories":{}},"0.2.9":{"name":"cucumber-html-reporter","version":"0.2.9","description":"Generates Cucumber HTML reports in three different themes","main":"index.js","author":{"name":"kushang gajjar","email":"g.kushang@gmail.com"},"contributors":[{"name":"grunt-cucumberjs","url":"https://www.npmjs.com/package/grunt-cucumberjs"},{"name":"LiQiang","url":"https://github.com/li-qiang"}],"scripts":{"test":"npm run features && npm run clean","clean":"rm -r test/report/*.html test/report/*.json test/report/screenshot","features":"node node_modules/cucumber/bin/cucumber test/features/ -f json:test/report/cucumber_report.json"},"devDependencies":{"cucumber":"^1.2.1"},"repository":{"type":"git","url":"git+https://github.com/gkushang/cucumber-html-reporter.git"},"bugs":{"url":"https://github.com/gkushang/cucumber-html-reporter/issues","email":"g.kushang@gmail.com"},"keywords":["cucumber","html","cucumber-html-reporter","html report","json to html"],"license":"MIT","homepage":"https://github.com/gkushang/cucumber-html-reporter#readme","dependencies":{"chai":"^3.5.0","find":"^0.2.7","js-base64":"^2.1.9","jsonfile":"^2.3.1","lodash":"^4.13.1","node-fs":"^0.1.7","open":"0.0.5"},"gitHead":"73821907f977dcb7716d9ada617bf4995dda415d","_id":"cucumber-html-reporter@0.2.9","_shasum":"38eb87465234291d46d3e22eac4633bd745900ee","_from":".","_npmVersion":"3.10.7","_nodeVersion":"4.4.5","_npmUser":{"name":"kushang","email":"g.kushang@gmail.com"},"dist":{"shasum":"38eb87465234291d46d3e22eac4633bd745900ee","tarball":"https://registry.npmjs.org/cucumber-html-reporter/-/cucumber-html-reporter-0.2.9.tgz"},"maintainers":[{"name":"kushang","email":"g.kushang@gmail.com"}],"_npmOperationalInternal":{"host":"packages-12-west.internal.npmjs.com","tmp":"tmp/cucumber-html-reporter-0.2.9.tgz_1473349280532_0.1272593205794692"},"directories":{}},"0.2.10":{"name":"cucumber-html-reporter","version":"0.2.10","description":"Generates Cucumber HTML reports in three different themes","main":"index.js","author":{"name":"kushang gajjar","email":"g.kushang@gmail.com"},"contributors":[{"name":"grunt-cucumberjs","url":"https://www.npmjs.com/package/grunt-cucumberjs"},{"name":"LiQiang","url":"https://github.com/li-qiang"}],"scripts":{"test":"npm run features && npm run clean","clean":"rm -r test/report/*.html test/report/*.json test/report/screenshot","features":"node node_modules/cucumber/bin/cucumber test/features/ -f json:test/report/cucumber_report.json"},"devDependencies":{"cucumber":"^1.2.1"},"repository":{"type":"git","url":"git+https://github.com/gkushang/cucumber-html-reporter.git"},"bugs":{"url":"https://github.com/gkushang/cucumber-html-reporter/issues","email":"g.kushang@gmail.com"},"keywords":["cucumber","html","cucumber-html-reporter","html report","json to html"],"license":"MIT","homepage":"https://github.com/gkushang/cucumber-html-reporter#readme","dependencies":{"chai":"^3.5.0","find":"^0.2.7","js-base64":"^2.1.9","jsonfile":"^2.3.1","lodash":"^4.13.1","node-fs":"^0.1.7","open":"0.0.5"},"gitHead":"ae8fe815fe3d1568ba8a177dbc53ec28398a066c","_id":"cucumber-html-reporter@0.2.10","_shasum":"22dddab08ff8a37408dabe502190fd5ead9c5ca7","_from":".","_npmVersion":"3.10.7","_nodeVersion":"4.4.5","_npmUser":{"name":"kushang","email":"g.kushang@gmail.com"},"dist":{"shasum":"22dddab08ff8a37408dabe502190fd5ead9c5ca7","tarball":"https://registry.npmjs.org/cucumber-html-reporter/-/cucumber-html-reporter-0.2.10.tgz"},"maintainers":[{"name":"kushang","email":"g.kushang@gmail.com"}],"_npmOperationalInternal":{"host":"packages-12-west.internal.npmjs.com","tmp":"tmp/cucumber-html-reporter-0.2.10.tgz_1474548648750_0.2813793478999287"},"directories":{}},"0.2.11":{"name":"cucumber-html-reporter","version":"0.2.11","description":"Generates Cucumber HTML reports in three different themes","main":"index.js","author":{"name":"kushang gajjar","email":"g.kushang@gmail.com"},"contributors":[{"name":"grunt-cucumberjs","url":"https://www.npmjs.com/package/grunt-cucumberjs"},{"name":"LiQiang","url":"https://github.com/li-qiang"}],"scripts":{"test":"npm run features && npm run clean","clean":"rm -r test/report/*.html test/report/*.json test/report/screenshot","features":"node node_modules/cucumber/bin/cucumber test/features/ -f json:test/report/cucumber_report.json"},"devDependencies":{"cucumber":"^1.2.1"},"repository":{"type":"git","url":"git+https://github.com/gkushang/cucumber-html-reporter.git"},"bugs":{"url":"https://github.com/gkushang/cucumber-html-reporter/issues","email":"g.kushang@gmail.com"},"keywords":["cucumber","html","cucumber-html-reporter","html report","json to html"],"license":"MIT","homepage":"https://github.com/gkushang/cucumber-html-reporter#readme","dependencies":{"chai":"^3.5.0","find":"^0.2.7","js-base64":"^2.1.9","jsonfile":"^2.3.1","lodash":"^4.13.1","node-fs":"^0.1.7","open":"0.0.5"},"gitHead":"afc153dd812a827928ce53a02d2e54c728b639ec","_id":"cucumber-html-reporter@0.2.11","_shasum":"39f60f8f97b48a4d1e303834b2a741142c8b95a8","_from":".","_npmVersion":"3.10.7","_nodeVersion":"4.4.5","_npmUser":{"name":"kushang","email":"g.kushang@gmail.com"},"dist":{"shasum":"39f60f8f97b48a4d1e303834b2a741142c8b95a8","tarball":"https://registry.npmjs.org/cucumber-html-reporter/-/cucumber-html-reporter-0.2.11.tgz"},"maintainers":[{"name":"kushang","email":"g.kushang@gmail.com"}],"_npmOperationalInternal":{"host":"packages-12-west.internal.npmjs.com","tmp":"tmp/cucumber-html-reporter-0.2.11.tgz_1474910378140_0.00039954716339707375"},"directories":{}},"0.2.12":{"name":"cucumber-html-reporter","version":"0.2.12","description":"Generates Cucumber HTML reports in three different themes","main":"index.js","author":{"name":"kushang gajjar","email":"g.kushang@gmail.com"},"contributors":[{"name":"grunt-cucumberjs","url":"https://www.npmjs.com/package/grunt-cucumberjs"},{"name":"LiQiang","url":"https://github.com/li-qiang"}],"scripts":{"test":"npm run features && npm run clean","clean":"rm -r test/report/*.html test/report/*.json test/report/screenshot","features":"node node_modules/cucumber/bin/cucumber test/features/ -f json:test/report/cucumber_report.json"},"devDependencies":{"cucumber":"^1.2.1"},"repository":{"type":"git","url":"git+https://github.com/gkushang/cucumber-html-reporter.git"},"bugs":{"url":"https://github.com/gkushang/cucumber-html-reporter/issues","email":"g.kushang@gmail.com"},"keywords":["cucumber","html","cucumber-html-reporter","html report","json to html"],"license":"MIT","homepage":"https://github.com/gkushang/cucumber-html-reporter#readme","dependencies":{"chai":"^3.5.0","find":"^0.2.7","js-base64":"^2.1.9","jsonfile":"^2.3.1","lodash":"^4.13.1","node-fs":"^0.1.7","open":"0.0.5"},"gitHead":"f014e48993f07d8fd6a6bfa087f6e753c476555c","_id":"cucumber-html-reporter@0.2.12","_shasum":"a01efb89d65d53e8fd40f99017a5ac78a4599c56","_from":".","_npmVersion":"3.10.7","_nodeVersion":"4.4.5","_npmUser":{"name":"kushang","email":"g.kushang@gmail.com"},"dist":{"shasum":"a01efb89d65d53e8fd40f99017a5ac78a4599c56","tarball":"https://registry.npmjs.org/cucumber-html-reporter/-/cucumber-html-reporter-0.2.12.tgz"},"maintainers":[{"name":"kushang","email":"g.kushang@gmail.com"}],"_npmOperationalInternal":{"host":"packages-12-west.internal.npmjs.com","tmp":"tmp/cucumber-html-reporter-0.2.12.tgz_1474995518522_0.17780793318524957"},"directories":{}},"0.2.13":{"name":"cucumber-html-reporter","version":"0.2.13","description":"Generates Cucumber HTML reports in three different themes","main":"index.js","author":{"name":"kushang gajjar","email":"g.kushang@gmail.com"},"contributors":[{"name":"grunt-cucumberjs","url":"https://www.npmjs.com/package/grunt-cucumberjs"},{"name":"LiQiang","url":"https://github.com/li-qiang"}],"scripts":{"test":"npm run features && npm run clean","clean":"rm -r test/report/*.html test/report/*.json test/report/screenshot","features":"node node_modules/cucumber/bin/cucumber test/features/ -f json:test/report/cucumber_report.json"},"devDependencies":{"cucumber":"^1.2.1"},"repository":{"type":"git","url":"git+https://github.com/gkushang/cucumber-html-reporter.git"},"bugs":{"url":"https://github.com/gkushang/cucumber-html-reporter/issues","email":"g.kushang@gmail.com"},"keywords":["cucumber","html","cucumber-html-reporter","html report","json to html"],"license":"MIT","homepage":"https://github.com/gkushang/cucumber-html-reporter#readme","dependencies":{"chai":"^3.5.0","find":"^0.2.7","js-base64":"^2.1.9","jsonfile":"^2.3.1","lodash":"^4.13.1","node-fs":"^0.1.7","open":"0.0.5"},"gitHead":"5dc2022e3e2d03d16d3c712444b3a16ad21f5fe3","_id":"cucumber-html-reporter@0.2.13","_shasum":"339144934b6c44164185c9cb70650510ba773002","_from":".","_npmVersion":"3.10.7","_nodeVersion":"4.4.5","_npmUser":{"name":"kushang","email":"g.kushang@gmail.com"},"dist":{"shasum":"339144934b6c44164185c9cb70650510ba773002","tarball":"https://registry.npmjs.org/cucumber-html-reporter/-/cucumber-html-reporter-0.2.13.tgz"},"maintainers":[{"name":"kushang","email":"g.kushang@gmail.com"}],"_npmOperationalInternal":{"host":"packages-12-west.internal.npmjs.com","tmp":"tmp/cucumber-html-reporter-0.2.13.tgz_1475010567777_0.7185594635084271"},"directories":{}},"0.2.14":{"name":"cucumber-html-reporter","version":"0.2.14","description":"Generates Cucumber HTML reports in three different themes","main":"index.js","author":{"name":"kushang gajjar","email":"g.kushang@gmail.com"},"contributors":[{"name":"grunt-cucumberjs","url":"https://www.npmjs.com/package/grunt-cucumberjs"},{"name":"LiQiang","url":"https://github.com/li-qiang"}],"scripts":{"test":"npm run features && npm run clean","clean":"rm -r test/report/*.html test/report/*.json test/report/screenshot","features":"node node_modules/cucumber/bin/cucumber test/features/ -f json:test/report/cucumber_report.json"},"devDependencies":{"cucumber":"^1.2.1"},"repository":{"type":"git","url":"git+https://github.com/gkushang/cucumber-html-reporter.git"},"bugs":{"url":"https://github.com/gkushang/cucumber-html-reporter/issues","email":"g.kushang@gmail.com"},"keywords":["cucumber","html","cucumber-html-reporter","html report","json to html"],"license":"MIT","homepage":"https://github.com/gkushang/cucumber-html-reporter#readme","dependencies":{"chai":"^3.5.0","find":"^0.2.7","js-base64":"^2.1.9","jsonfile":"^2.3.1","lodash":"^4.13.1","node-fs":"^0.1.7","open":"0.0.5"},"gitHead":"a1bb0f8764529c2be5d137309eb50e9c3ce611bb","_id":"cucumber-html-reporter@0.2.14","_shasum":"b35d2dc91995f965719d5f5d1e4bb08c75bcd656","_from":".","_npmVersion":"3.10.7","_nodeVersion":"4.4.5","_npmUser":{"name":"kushang","email":"g.kushang@gmail.com"},"dist":{"shasum":"b35d2dc91995f965719d5f5d1e4bb08c75bcd656","tarball":"https://registry.npmjs.org/cucumber-html-reporter/-/cucumber-html-reporter-0.2.14.tgz"},"maintainers":[{"name":"kushang","email":"g.kushang@gmail.com"}],"_npmOperationalInternal":{"host":"packages-12-west.internal.npmjs.com","tmp":"tmp/cucumber-html-reporter-0.2.14.tgz_1475024602818_0.01880535390228033"},"directories":{}},"0.2.15":{"name":"cucumber-html-reporter","version":"0.2.15","description":"Generates Cucumber HTML reports in three different themes","main":"index.js","author":{"name":"kushang gajjar","email":"g.kushang@gmail.com"},"contributors":[{"name":"grunt-cucumberjs","url":"https://www.npmjs.com/package/grunt-cucumberjs"},{"name":"LiQiang","url":"https://github.com/li-qiang"}],"scripts":{"test":"npm run features && npm run clean","clean":"rm -r test/report/*.html test/report/*.json test/report/screenshot","features":"node node_modules/cucumber/bin/cucumber test/features/ -f json:test/report/cucumber_report.json"},"devDependencies":{"cucumber":"^1.2.1"},"repository":{"type":"git","url":"git+https://github.com/gkushang/cucumber-html-reporter.git"},"bugs":{"url":"https://github.com/gkushang/cucumber-html-reporter/issues","email":"g.kushang@gmail.com"},"keywords":["cucumber","html","cucumber-html-reporter","html report","json to html"],"license":"MIT","homepage":"https://github.com/gkushang/cucumber-html-reporter#readme","dependencies":{"chai":"^3.5.0","find":"^0.2.7","js-base64":"^2.1.9","jsonfile":"^2.3.1","lodash":"^4.13.1","node-fs":"^0.1.7","open":"0.0.5"},"gitHead":"5d552e8c767b78e5c5723e891ef8b6b394376d1e","_id":"cucumber-html-reporter@0.2.15","_shasum":"3836a2d6839241c61d5dfcdae10c7df942f2fda4","_from":".","_npmVersion":"3.10.7","_nodeVersion":"4.4.5","_npmUser":{"name":"kushang","email":"g.kushang@gmail.com"},"dist":{"shasum":"3836a2d6839241c61d5dfcdae10c7df942f2fda4","tarball":"https://registry.npmjs.org/cucumber-html-reporter/-/cucumber-html-reporter-0.2.15.tgz"},"maintainers":[{"name":"kushang","email":"g.kushang@gmail.com"}],"_npmOperationalInternal":{"host":"packages-12-west.internal.npmjs.com","tmp":"tmp/cucumber-html-reporter-0.2.15.tgz_1475084133343_0.7727375065442175"},"directories":{}},"0.2.16":{"name":"cucumber-html-reporter","version":"0.2.16","description":"Generates Cucumber HTML reports in three different themes","main":"index.js","author":{"name":"kushang gajjar","email":"g.kushang@gmail.com"},"contributors":[{"name":"grunt-cucumberjs","url":"https://www.npmjs.com/package/grunt-cucumberjs"},{"name":"LiQiang","url":"https://github.com/li-qiang"}],"scripts":{"test":"npm run features && npm run clean","clean":"rm -r test/report/*.html test/report/*.json test/report/screenshot","features":"node node_modules/cucumber/bin/cucumber test/features/ -f json:test/report/cucumber_report.json"},"devDependencies":{"cucumber":"^1.3.1"},"repository":{"type":"git","url":"git+https://github.com/gkushang/cucumber-html-reporter.git"},"bugs":{"url":"https://github.com/gkushang/cucumber-html-reporter/issues","email":"g.kushang@gmail.com"},"keywords":["cucumber","html","cucumber-html-reporter","html report","json to html"],"license":"MIT","homepage":"https://github.com/gkushang/cucumber-html-reporter#readme","dependencies":{"chai":"^3.5.0","find":"^0.2.7","js-base64":"^2.1.9","jsonfile":"^2.3.1","lodash":"^4.13.1","node-fs":"^0.1.7","open":"0.0.5"},"gitHead":"a54294a57e69e157b698e3cb46ba1ba603329df8","_id":"cucumber-html-reporter@0.2.16","_shasum":"66e852972649e4370e1c4b43844a6d7c60c15b25","_from":".","_npmVersion":"3.10.7","_nodeVersion":"4.4.5","_npmUser":{"name":"kushang","email":"g.kushang@gmail.com"},"dist":{"shasum":"66e852972649e4370e1c4b43844a6d7c60c15b25","tarball":"https://registry.npmjs.org/cucumber-html-reporter/-/cucumber-html-reporter-0.2.16.tgz"},"maintainers":[{"name":"kushang","email":"g.kushang@gmail.com"}],"_npmOperationalInternal":{"host":"packages-12-west.internal.npmjs.com","tmp":"tmp/cucumber-html-reporter-0.2.16.tgz_1475853757582_0.8888307474553585"},"directories":{}},"0.2.17":{"name":"cucumber-html-reporter","version":"0.2.17","description":"Generates Cucumber HTML reports in three different themes","main":"index.js","author":{"name":"kushang gajjar","email":"g.kushang@gmail.com"},"contributors":[{"name":"grunt-cucumberjs","url":"https://www.npmjs.com/package/grunt-cucumberjs"},{"name":"Galileo1","url":"https://github.com/Galileo1"},{"name":"LiQiang","url":"https://github.com/li-qiang"}],"scripts":{"test":"npm run features && npm run clean","clean":"rm -r test/report/*.html test/report/*.json test/report/screenshot","features":"node node_modules/cucumber/bin/cucumber test/features/ -f json:test/report/cucumber_report.json"},"devDependencies":{"cucumber":"^1.3.1"},"repository":{"type":"git","url":"git+https://github.com/gkushang/cucumber-html-reporter.git"},"bugs":{"url":"https://github.com/gkushang/cucumber-html-reporter/issues","email":"g.kushang@gmail.com"},"keywords":["cucumber","html","cucumber-html-reporter","html report","json to html"],"license":"MIT","homepage":"https://github.com/gkushang/cucumber-html-reporter#readme","dependencies":{"chai":"^3.5.0","find":"^0.2.7","js-base64":"^2.1.9","jsonfile":"^2.3.1","lodash":"^4.17.2","node-fs":"^0.1.7","open":"0.0.5"},"gitHead":"ba6f9b9020da9bea57856641c1d0b0b38cf319ac","_id":"cucumber-html-reporter@0.2.17","_shasum":"9d3cc49f4101110afc8bef9af86d8adcecee2dc9","_from":".","_npmVersion":"3.10.7","_nodeVersion":"4.4.5","_npmUser":{"name":"kushang","email":"g.kushang@gmail.com"},"dist":{"shasum":"9d3cc49f4101110afc8bef9af86d8adcecee2dc9","tarball":"https://registry.npmjs.org/cucumber-html-reporter/-/cucumber-html-reporter-0.2.17.tgz"},"maintainers":[{"name":"kushang","email":"g.kushang@gmail.com"}],"_npmOperationalInternal":{"host":"packages-12-west.internal.npmjs.com","tmp":"tmp/cucumber-html-reporter-0.2.17.tgz_1479421213098_0.5909549107309431"},"directories":{}},"0.3.0":{"name":"cucumber-html-reporter","version":"0.3.0","description":"Generates Cucumber HTML reports in three different themes","main":"index.js","author":{"name":"kushang gajjar","email":"g.kushang@gmail.com"},"contributors":[{"name":"grunt-cucumberjs","url":"https://www.npmjs.com/package/grunt-cucumberjs"},{"name":"Galileo1","url":"https://github.com/Galileo1"},{"name":"LiQiang","url":"https://github.com/li-qiang"}],"scripts":{"test":"npm run features && npm run clean","clean":"rm -rf test/report/*.html test/report/*.json test/report/screenshot","features":"node node_modules/cucumber/bin/cucumber test/features/ -f json:test/report/cucumber_report.json"},"devDependencies":{"cucumber":"^1.3.1"},"repository":{"type":"git","url":"git+https://github.com/gkushang/cucumber-html-reporter.git"},"bugs":{"url":"https://github.com/gkushang/cucumber-html-reporter/issues","email":"g.kushang@gmail.com"},"keywords":["cucumber","html","cucumber-html-reporter","html report","json to html"],"license":"MIT","homepage":"https://github.com/gkushang/cucumber-html-reporter#readme","dependencies":{"chai":"^3.5.0","find":"^0.2.7","js-base64":"^2.1.9","jsonfile":"^2.3.1","lodash":"^4.17.2","node-fs":"^0.1.7","open":"0.0.5"},"gitHead":"3e7adef30b348ff662fe0f8157defd75d5ef9876","_id":"cucumber-html-reporter@0.3.0","_shasum":"76add30fdb19765a4d06ce8d4064dd17310da26e","_from":".","_npmVersion":"3.10.7","_nodeVersion":"4.4.5","_npmUser":{"name":"kushang","email":"g.kushang@gmail.com"},"dist":{"shasum":"76add30fdb19765a4d06ce8d4064dd17310da26e","tarball":"https://registry.npmjs.org/cucumber-html-reporter/-/cucumber-html-reporter-0.3.0.tgz"},"maintainers":[{"name":"kushang","email":"g.kushang@gmail.com"}],"_npmOperationalInternal":{"host":"packages-18-east.internal.npmjs.com","tmp":"tmp/cucumber-html-reporter-0.3.0.tgz_1479491443598_0.08590167993679643"},"directories":{}},"0.3.1":{"name":"cucumber-html-reporter","version":"0.3.1","description":"Generates Cucumber HTML reports in three different themes","main":"index.js","author":{"name":"Kushang Gajjar","email":"g.kushang@gmail.com"},"contributors":[{"name":"Galileo1","url":"https://github.com/Galileo1"},{"name":"LiQiang","url":"https://github.com/li-qiang"},{"name":"Igor Muchychka","url":"https://github.com/mucsi96"},{"name":"Miguel Ángel Domínguez","url":"https://github.com/eridem"},{"name":"Thyagarajulu Atthipatla","url":"https://github.com/thyagab"},{"name":"Alexandros D","url":"https://github.com/AlexandrosD"}],"scripts":{"test":"npm run features && npm run clean","clean":"rm -rf test/report/*.html test/report/*.json test/report/screenshot","features":"node node_modules/cucumber/bin/cucumber test/features/ -f json:test/report/cucumber_report.json"},"repository":{"type":"git","url":"git+https://github.com/gkushang/cucumber-html-reporter.git"},"bugs":{"url":"https://github.com/gkushang/cucumber-html-reporter/issues","email":"g.kushang@gmail.com"},"keywords":["cucumber","html","cucumber-html-reporter","html report","json to html"],"license":"MIT","homepage":"https://github.com/gkushang/cucumber-html-reporter#readme","dependencies":{"chai":"^3.5.0","find":"^0.2.7","js-base64":"^2.1.9","jsonfile":"^2.3.1","lodash":"^4.17.2","node-fs":"^0.1.7","open":"0.0.5"},"devDependencies":{"cucumber":"^1.3.1"},"gitHead":"ad69e0785327c3acabc087df3f757cef205940d1","_id":"cucumber-html-reporter@0.3.1","_shasum":"2eb88fbde9b2022286d21e43d277bd388b0b84ed","_from":".","_npmVersion":"3.10.7","_nodeVersion":"4.4.5","_npmUser":{"name":"kushang","email":"g.kushang@gmail.com"},"dist":{"shasum":"2eb88fbde9b2022286d21e43d277bd388b0b84ed","tarball":"https://registry.npmjs.org/cucumber-html-reporter/-/cucumber-html-reporter-0.3.1.tgz"},"maintainers":[{"name":"kushang","email":"g.kushang@gmail.com"}],"_npmOperationalInternal":{"host":"packages-18-east.internal.npmjs.com","tmp":"tmp/cucumber-html-reporter-0.3.1.tgz_1479530893687_0.7142299758270383"},"directories":{}},"0.3.2":{"name":"cucumber-html-reporter","version":"0.3.2","description":"Generates Cucumber HTML reports in three different themes","main":"index.js","author":{"name":"Kushang Gajjar","email":"g.kushang@gmail.com"},"contributors":[{"name":"Galileo1","url":"https://github.com/Galileo1"},{"name":"LiQiang","url":"https://github.com/li-qiang"},{"name":"Igor Muchychka","url":"https://github.com/mucsi96"},{"name":"Miguel Ángel Domínguez","url":"https://github.com/eridem"},{"name":"Thyagarajulu Atthipatla","url":"https://github.com/thyagab"},{"name":"Alexandros D","url":"https://github.com/AlexandrosD"}],"scripts":{"test":"npm run features && npm run clean","clean":"rm -rf test/report/*.html test/report/*.json test/report/screenshot","features":"node node_modules/cucumber/bin/cucumber test/features/ -f json:test/report/cucumber_report.json"},"repository":{"type":"git","url":"git+https://github.com/gkushang/cucumber-html-reporter.git"},"bugs":{"url":"https://github.com/gkushang/cucumber-html-reporter/issues","email":"g.kushang@gmail.com"},"keywords":["cucumber","html","cucumber-html-reporter","html report","json to html"],"license":"MIT","homepage":"https://github.com/gkushang/cucumber-html-reporter#readme","dependencies":{"chai":"^3.5.0","find":"^0.2.7","js-base64":"^2.1.9","jsonfile":"^2.3.1","lodash":"^4.17.2","node-fs":"^0.1.7","open":"0.0.5"},"devDependencies":{"cucumber":"^1.3.1"},"gitHead":"d3f2a0ae681de38964431bed322707a3e1b7c4eb","_id":"cucumber-html-reporter@0.3.2","_shasum":"da633802da53ae3ff8350382a885615775d4568d","_from":".","_npmVersion":"3.10.7","_nodeVersion":"4.4.5","_npmUser":{"name":"kushang","email":"g.kushang@gmail.com"},"dist":{"shasum":"da633802da53ae3ff8350382a885615775d4568d","tarball":"https://registry.npmjs.org/cucumber-html-reporter/-/cucumber-html-reporter-0.3.2.tgz"},"maintainers":[{"name":"kushang","email":"g.kushang@gmail.com"}],"_npmOperationalInternal":{"host":"packages-12-west.internal.npmjs.com","tmp":"tmp/cucumber-html-reporter-0.3.2.tgz_1479743746391_0.49175550509244204"},"directories":{}},"0.3.3":{"name":"cucumber-html-reporter","version":"0.3.3","description":"Generates Cucumber HTML reports in three different themes","main":"index.js","author":{"name":"Kushang Gajjar","email":"g.kushang@gmail.com"},"contributors":[{"name":"Galileo1","url":"https://github.com/Galileo1"},{"name":"LiQiang","url":"https://github.com/li-qiang"},{"name":"Igor Muchychka","url":"https://github.com/mucsi96"},{"name":"Miguel Ángel Domínguez","url":"https://github.com/eridem"},{"name":"Thyagarajulu Atthipatla","url":"https://github.com/thyagab"},{"name":"Alexandros D","url":"https://github.com/AlexandrosD"}],"scripts":{"test":"npm run features && npm run clean","clean":"rm -rf test/report/*.html test/report/*.json test/report/screenshot","features":"node node_modules/cucumber/bin/cucumber test/features/ -f json:test/report/cucumber_report.json"},"repository":{"type":"git","url":"git+https://github.com/gkushang/cucumber-html-reporter.git"},"bugs":{"url":"https://github.com/gkushang/cucumber-html-reporter/issues","email":"g.kushang@gmail.com"},"keywords":["cucumber","html","cucumber-html-reporter","html report","json to html"],"license":"MIT","homepage":"https://github.com/gkushang/cucumber-html-reporter#readme","dependencies":{"chai":"^3.5.0","find":"^0.2.7","js-base64":"^2.1.9","jsonfile":"^2.3.1","lodash":"^4.17.2","node-fs":"^0.1.7","open":"0.0.5"},"devDependencies":{"cucumber":"^1.3.1"},"gitHead":"6440ee5f4ecd1e960696fe7f11856a0226640805","_id":"cucumber-html-reporter@0.3.3","_shasum":"42007f31473c66786492236764e9e39845c5d88c","_from":".","_npmVersion":"3.10.7","_nodeVersion":"4.4.5","_npmUser":{"name":"kushang","email":"g.kushang@gmail.com"},"dist":{"shasum":"42007f31473c66786492236764e9e39845c5d88c","tarball":"https://registry.npmjs.org/cucumber-html-reporter/-/cucumber-html-reporter-0.3.3.tgz"},"maintainers":[{"name":"kushang","email":"g.kushang@gmail.com"}],"_npmOperationalInternal":{"host":"packages-18-east.internal.npmjs.com","tmp":"tmp/cucumber-html-reporter-0.3.3.tgz_1480348497259_0.5821099118329585"},"directories":{}},"0.3.4":{"name":"cucumber-html-reporter","version":"0.3.4","description":"Generates Cucumber HTML reports in three different themes","main":"index.js","author":{"name":"Kushang Gajjar","email":"g.kushang@gmail.com"},"contributors":[{"name":"Galileo1","url":"https://github.com/Galileo1"},{"name":"LiQiang","url":"https://github.com/li-qiang"},{"name":"Igor Muchychka","url":"https://github.com/mucsi96"},{"name":"Miguel Ángel Domínguez","url":"https://github.com/eridem"},{"name":"Thyagarajulu Atthipatla","url":"https://github.com/thyagab"},{"name":"Alexandros D","url":"https://github.com/AlexandrosD"}],"scripts":{"test":"npm run features && npm run clean","clean":"rm -rf test/report/*.html test/report/*.json test/report/screenshot","features":"node node_modules/cucumber/bin/cucumber test/features/ -f json:test/report/cucumber_report.json"},"repository":{"type":"git","url":"git+https://github.com/gkushang/cucumber-html-reporter.git"},"bugs":{"url":"https://github.com/gkushang/cucumber-html-reporter/issues","email":"g.kushang@gmail.com"},"keywords":["cucumber","html","cucumber-html-reporter","html report","json to html"],"license":"MIT","homepage":"https://github.com/gkushang/cucumber-html-reporter#readme","dependencies":{"chai":"^3.5.0","find":"^0.2.7","js-base64":"^2.1.9","jsonfile":"^2.3.1","lodash":"^4.17.2","node-fs":"^0.1.7","open":"0.0.5"},"devDependencies":{"cucumber":"^1.3.1"},"gitHead":"14fca4f8486e22e4366cd75a40cfeff374943946","_id":"cucumber-html-reporter@0.3.4","_shasum":"638f38b448ae5052ede1d7e66ded0d37cdb98b3f","_from":".","_npmVersion":"3.10.7","_nodeVersion":"4.4.5","_npmUser":{"name":"kushang","email":"g.kushang@gmail.com"},"dist":{"shasum":"638f38b448ae5052ede1d7e66ded0d37cdb98b3f","tarball":"https://registry.npmjs.org/cucumber-html-reporter/-/cucumber-html-reporter-0.3.4.tgz"},"maintainers":[{"name":"kushang","email":"g.kushang@gmail.com"}],"_npmOperationalInternal":{"host":"packages-18-east.internal.npmjs.com","tmp":"tmp/cucumber-html-reporter-0.3.4.tgz_1480353827339_0.9415141947101802"},"directories":{}},"0.3.5":{"name":"cucumber-html-reporter","version":"0.3.5","description":"Generates Cucumber HTML reports in three different themes","main":"index.js","author":{"name":"Kushang Gajjar","email":"g.kushang@gmail.com"},"contributors":[{"name":"Galileo1","url":"https://github.com/Galileo1"},{"name":"LiQiang","url":"https://github.com/li-qiang"},{"name":"Igor Muchychka","url":"https://github.com/mucsi96"},{"name":"Miguel Ángel Domínguez","url":"https://github.com/eridem"},{"name":"Thyagarajulu Atthipatla","url":"https://github.com/thyagab"},{"name":"Alexandros D","url":"https://github.com/AlexandrosD"}],"scripts":{"test":"npm run features && npm run clean","clean":"rm -rf test/report/*.html test/report/*.json test/report/screenshot","features":"node node_modules/cucumber/bin/cucumber test/features/ -f json:test/report/cucumber_report.json"},"repository":{"type":"git","url":"git+https://github.com/gkushang/cucumber-html-reporter.git"},"bugs":{"url":"https://github.com/gkushang/cucumber-html-reporter/issues","email":"g.kushang@gmail.com"},"keywords":["cucumber","html","cucumber-html-reporter","html report","json to html"],"license":"MIT","homepage":"https://github.com/gkushang/cucumber-html-reporter#readme","dependencies":{"chai":"^3.5.0","find":"^0.2.7","js-base64":"^2.1.9","jsonfile":"^2.3.1","lodash":"^4.17.2","node-fs":"^0.1.7","open":"0.0.5"},"devDependencies":{"cucumber":"^1.3.1"},"gitHead":"6eec73eecea81f982d7bc7427655491e3a7dc244","_id":"cucumber-html-reporter@0.3.5","_shasum":"bf2e4d21f99e3934501bd34ae736cfd1febf1112","_from":".","_npmVersion":"3.10.7","_nodeVersion":"4.4.5","_npmUser":{"name":"kushang","email":"g.kushang@gmail.com"},"dist":{"shasum":"bf2e4d21f99e3934501bd34ae736cfd1febf1112","tarball":"https://registry.npmjs.org/cucumber-html-reporter/-/cucumber-html-reporter-0.3.5.tgz"},"maintainers":[{"name":"kushang","email":"g.kushang@gmail.com"}],"_npmOperationalInternal":{"host":"packages-18-east.internal.npmjs.com","tmp":"tmp/cucumber-html-reporter-0.3.5.tgz_1480395506667_0.494966039666906"},"directories":{}},"0.3.6":{"name":"cucumber-html-reporter","version":"0.3.6","description":"Generates Cucumber HTML reports in three different themes","main":"index.js","author":{"name":"Kushang Gajjar","email":"g.kushang@gmail.com"},"contributors":[{"name":"Galileo1","url":"https://github.com/Galileo1"},{"name":"LiQiang","url":"https://github.com/li-qiang"},{"name":"Igor Muchychka","url":"https://github.com/mucsi96"},{"name":"Miguel Ángel Domínguez","url":"https://github.com/eridem"},{"name":"Thyagarajulu Atthipatla","url":"https://github.com/thyagab"},{"name":"Alexandros D","url":"https://github.com/AlexandrosD"}],"scripts":{"test":"npm run features && npm run clean","clean":"rm -rf test/report/*.html test/report/*.json test/report/screenshot","features":"node node_modules/cucumber/bin/cucumber test/features/ -f json:test/report/cucumber_report.json"},"repository":{"type":"git","url":"git+https://github.com/gkushang/cucumber-html-reporter.git"},"bugs":{"url":"https://github.com/gkushang/cucumber-html-reporter/issues","email":"g.kushang@gmail.com"},"keywords":["cucumber","html","cucumber-html-reporter","html report","json to html"],"license":"MIT","homepage":"https://github.com/gkushang/cucumber-html-reporter#readme","dependencies":{"chai":"^3.5.0","find":"^0.2.7","js-base64":"^2.1.9","jsonfile":"^2.3.1","lodash":"^4.17.2","node-fs":"^0.1.7","open":"0.0.5"},"devDependencies":{"cucumber":"^1.3.1"},"gitHead":"c636e778936bbddfabe3877fb6634c211619690e","_id":"cucumber-html-reporter@0.3.6","_shasum":"c06b7a3b86ca7ac554a020c0f1a1205d11232367","_from":".","_npmVersion":"3.10.7","_nodeVersion":"4.4.5","_npmUser":{"name":"kushang","email":"g.kushang@gmail.com"},"dist":{"shasum":"c06b7a3b86ca7ac554a020c0f1a1205d11232367","tarball":"https://registry.npmjs.org/cucumber-html-reporter/-/cucumber-html-reporter-0.3.6.tgz"},"maintainers":[{"name":"kushang","email":"g.kushang@gmail.com"}],"_npmOperationalInternal":{"host":"packages-12-west.internal.npmjs.com","tmp":"tmp/cucumber-html-reporter-0.3.6.tgz_1481038552350_0.15273785986937582"},"directories":{}},"0.3.7":{"name":"cucumber-html-reporter","version":"0.3.7","description":"Generates Cucumber HTML reports in three different themes","main":"index.js","author":{"name":"Kushang Gajjar","email":"g.kushang@gmail.com"},"contributors":[{"name":"Galileo1","url":"https://github.com/Galileo1"},{"name":"LiQiang","url":"https://github.com/li-qiang"},{"name":"Igor Muchychka","url":"https://github.com/mucsi96"},{"name":"Miguel Ángel Domínguez","url":"https://github.com/eridem"},{"name":"Thyagarajulu Atthipatla","url":"https://github.com/thyagab"},{"name":"Alexandros D","url":"https://github.com/AlexandrosD"}],"scripts":{"test":"npm run features && npm run clean","clean":"rm -rf test/report/*.html test/report/*.json test/report/screenshot","features":"node node_modules/cucumber/bin/cucumber test/features/ -f json:test/report/cucumber_report.json"},"repository":{"type":"git","url":"git+https://github.com/gkushang/cucumber-html-reporter.git"},"bugs":{"url":"https://github.com/gkushang/cucumber-html-reporter/issues","email":"g.kushang@gmail.com"},"keywords":["cucumber","html","cucumber-html-reporter","html report","json to html"],"license":"MIT","homepage":"https://github.com/gkushang/cucumber-html-reporter#readme","dependencies":{"chai":"^3.5.0","find":"^0.2.7","js-base64":"^2.1.9","jsonfile":"^2.3.1","lodash":"^4.17.2","node-fs":"^0.1.7","open":"0.0.5"},"devDependencies":{"cucumber":"^1.3.1"},"gitHead":"119d496dab97f1f3e4c66e7eda769d8d6cf5adbc","_id":"cucumber-html-reporter@0.3.7","_shasum":"a723d50488dc54382180d502372a211e39005823","_from":".","_npmVersion":"3.10.7","_nodeVersion":"4.4.5","_npmUser":{"name":"kushang","email":"g.kushang@gmail.com"},"dist":{"shasum":"a723d50488dc54382180d502372a211e39005823","tarball":"https://registry.npmjs.org/cucumber-html-reporter/-/cucumber-html-reporter-0.3.7.tgz"},"maintainers":[{"name":"kushang","email":"g.kushang@gmail.com"}],"_npmOperationalInternal":{"host":"packages-18-east.internal.npmjs.com","tmp":"tmp/cucumber-html-reporter-0.3.7.tgz_1481294408985_0.27910494175739586"},"directories":{}},"0.3.8":{"name":"cucumber-html-reporter","version":"0.3.8","description":"Generates Cucumber HTML reports in three different themes","main":"index.js","author":{"name":"Kushang Gajjar","email":"g.kushang@gmail.com"},"contributors":[{"name":"Galileo1","url":"https://github.com/Galileo1"},{"name":"LiQiang","url":"https://github.com/li-qiang"},{"name":"Igor Muchychka","url":"https://github.com/mucsi96"},{"name":"Miguel Ángel Domínguez","url":"https://github.com/eridem"},{"name":"Thyagarajulu Atthipatla","url":"https://github.com/thyagab"},{"name":"Alexandros D","url":"https://github.com/AlexandrosD"}],"scripts":{"test":"npm run features && npm run clean","clean":"rm -rf test/report/*.html test/report/*.json test/report/screenshot","features":"node node_modules/cucumber/bin/cucumber test/features/ -f json:test/report/cucumber_report.json"},"repository":{"type":"git","url":"git+https://github.com/gkushang/cucumber-html-reporter.git"},"bugs":{"url":"https://github.com/gkushang/cucumber-html-reporter/issues","email":"g.kushang@gmail.com"},"keywords":["cucumber","html","cucumber-html-reporter","html report","json to html"],"license":"MIT","homepage":"https://github.com/gkushang/cucumber-html-reporter#readme","dependencies":{"find":"^0.2.7","fs-extra":"^2.0.0","js-base64":"^2.1.9","jsonfile":"^2.3.1","lodash":"^4.17.2","open":"0.0.5"},"devDependencies":{"chai":"^3.5.0","cucumber":"^1.3.1"},"gitHead":"189969f28ebcd4d62f14d57318ce6c1de728d1b3","_id":"cucumber-html-reporter@0.3.8","_shasum":"f947b4c3a04cc13ece23580c7b9658ebfa02870e","_from":".","_npmVersion":"4.1.2","_nodeVersion":"7.7.1","_npmUser":{"name":"kushang","email":"g.kushang@gmail.com"},"dist":{"shasum":"f947b4c3a04cc13ece23580c7b9658ebfa02870e","tarball":"https://registry.npmjs.org/cucumber-html-reporter/-/cucumber-html-reporter-0.3.8.tgz"},"maintainers":[{"name":"kushang","email":"g.kushang@gmail.com"}],"_npmOperationalInternal":{"host":"packages-18-east.internal.npmjs.com","tmp":"tmp/cucumber-html-reporter-0.3.8.tgz_1490280624895_0.28843680839054286"},"directories":{}},"0.3.9":{"name":"cucumber-html-reporter","version":"0.3.9","description":"Generates Cucumber HTML reports in three different themes","main":"index.js","author":{"name":"Kushang Gajjar","email":"g.kushang@gmail.com"},"contributors":[{"name":"Galileo1","url":"https://github.com/Galileo1"},{"name":"LiQiang","url":"https://github.com/li-qiang"},{"name":"Igor Muchychka","url":"https://github.com/mucsi96"},{"name":"Miguel Ángel Domínguez","url":"https://github.com/eridem"},{"name":"Thyagarajulu Atthipatla","url":"https://github.com/thyagab"},{"name":"Alexandros D","url":"https://github.com/AlexandrosD"}],"scripts":{"test":"npm run features && npm run clean","clean":"rm -rf test/report/*.html test/report/*.json test/report/screenshot","features":"node node_modules/cucumber/bin/cucumber test/features/ -f json:test/report/cucumber_report.json"},"repository":{"type":"git","url":"git+https://github.com/gkushang/cucumber-html-reporter.git"},"bugs":{"url":"https://github.com/gkushang/cucumber-html-reporter/issues","email":"g.kushang@gmail.com"},"keywords":["cucumber","html","cucumber-html-reporter","html report","json to html"],"license":"MIT","homepage":"https://github.com/gkushang/cucumber-html-reporter#readme","dependencies":{"find":"^0.2.7","js-base64":"^2.1.9","jsonfile":"^2.3.1","lodash":"^4.17.2","node-fs":"^0.1.7","open":"0.0.5"},"devDependencies":{"chai":"^3.5.0","cucumber":"^1.3.1"},"gitHead":"c5e85ce0c21d37c1434e26e421e11e3f2eba14a9","_id":"cucumber-html-reporter@0.3.9","_shasum":"e61940fd370196dac609ba528fbfa885addd420d","_from":".","_npmVersion":"2.14.2","_nodeVersion":"4.0.0","_npmUser":{"name":"kushang","email":"g.kushang@gmail.com"},"dist":{"shasum":"e61940fd370196dac609ba528fbfa885addd420d","tarball":"https://registry.npmjs.org/cucumber-html-reporter/-/cucumber-html-reporter-0.3.9.tgz"},"maintainers":[{"name":"kushang","email":"g.kushang@gmail.com"}],"_npmOperationalInternal":{"host":"packages-12-west.internal.npmjs.com","tmp":"tmp/cucumber-html-reporter-0.3.9.tgz_1490379885355_0.5317852110601962"},"directories":{}},"0.4.0":{"name":"cucumber-html-reporter","version":"0.4.0","description":"Generates Cucumber HTML reports in three different themes","main":"index.js","author":{"name":"Kushang Gajjar","email":"g.kushang@gmail.com"},"contributors":[{"name":"Galileo1","url":"https://github.com/Galileo1"},{"name":"LiQiang","url":"https://github.com/li-qiang"},{"name":"Igor Muchychka","url":"https://github.com/mucsi96"},{"name":"Miguel Ángel Domínguez","url":"https://github.com/eridem"},{"name":"Thyagarajulu Atthipatla","url":"https://github.com/thyagab"},{"name":"Alexandros D","url":"https://github.com/AlexandrosD"}],"scripts":{"test":"npm run features && npm run clean","clean":"rm -rf test/report/*.html test/report/*.json test/report/screenshot","features":"node node_modules/cucumber/bin/cucumber test/features/ -f json:test/report/cucumber_report.json"},"repository":{"type":"git","url":"git+https://github.com/gkushang/cucumber-html-reporter.git"},"bugs":{"url":"https://github.com/gkushang/cucumber-html-reporter/issues","email":"g.kushang@gmail.com"},"keywords":["cucumber","html","cucumber-html-reporter","html report","json to html"],"license":"MIT","homepage":"https://github.com/gkushang/cucumber-html-reporter#readme","dependencies":{"find":"^0.2.7","fs-extra":"^2.0.0","js-base64":"^2.1.9","jsonfile":"^2.3.1","lodash":"^4.17.2","open":"0.0.5"},"devDependencies":{"chai":"^3.5.0","cucumber":"^1.3.1"},"gitHead":"8403cba02266e8d5fa148e136d9405ad592946e0","_id":"cucumber-html-reporter@0.4.0","_shasum":"fd876ad1112a1cefabf88dd0497dc1473e4539ee","_from":".","_npmVersion":"2.14.2","_nodeVersion":"4.0.0","_npmUser":{"name":"kushang","email":"g.kushang@gmail.com"},"dist":{"shasum":"fd876ad1112a1cefabf88dd0497dc1473e4539ee","tarball":"https://registry.npmjs.org/cucumber-html-reporter/-/cucumber-html-reporter-0.4.0.tgz"},"maintainers":[{"name":"kushang","email":"g.kushang@gmail.com"}],"_npmOperationalInternal":{"host":"packages-18-east.internal.npmjs.com","tmp":"tmp/cucumber-html-reporter-0.4.0.tgz_1490381454619_0.4844530972186476"},"directories":{}},"0.4.1":{"name":"cucumber-html-reporter","version":"0.4.1","description":"Generates Cucumber HTML reports in three different themes","main":"index.js","author":{"name":"Kushang Gajjar","email":"g.kushang@gmail.com"},"contributors":[{"name":"Galileo1","url":"https://github.com/Galileo1"},{"name":"LiQiang","url":"https://github.com/li-qiang"},{"name":"Igor Muchychka","url":"https://github.com/mucsi96"},{"name":"Miguel Ángel Domínguez","url":"https://github.com/eridem"},{"name":"Thyagarajulu Atthipatla","url":"https://github.com/thyagab"},{"name":"Alexandros D","url":"https://github.com/AlexandrosD"},{"name":"spujar","url":"https://github.com/spujar"}],"scripts":{"test":"npm run features && npm run clean","clean":"rm -rf test/report/*.html test/report/*.json test/report/screenshot","features":"node node_modules/cucumber/bin/cucumber test/features/ -f json:test/report/cucumber_report.json"},"repository":{"type":"git","url":"git+https://github.com/gkushang/cucumber-html-reporter.git"},"bugs":{"url":"https://github.com/gkushang/cucumber-html-reporter/issues","email":"g.kushang@gmail.com"},"keywords":["cucumber","html","cucumber-html-reporter","html report","json to html"],"license":"MIT","homepage":"https://github.com/gkushang/cucumber-html-reporter#readme","dependencies":{"find":"^0.2.7","fs-extra":"^2.0.0","js-base64":"^2.1.9","jsonfile":"^2.3.1","lodash":"^4.17.2","open":"0.0.5"},"devDependencies":{"chai":"^3.5.0","cucumber":"^1.3.1"},"gitHead":"49ac8e0b8ecb1ccea7131a5975c0b4320802e045","_id":"cucumber-html-reporter@0.4.1","_shasum":"2e19f876a52b10f1a983e2406165987d09fb86ba","_from":".","_npmVersion":"4.1.2","_nodeVersion":"7.7.1","_npmUser":{"name":"kushang","email":"g.kushang@gmail.com"},"dist":{"shasum":"2e19f876a52b10f1a983e2406165987d09fb86ba","tarball":"https://registry.npmjs.org/cucumber-html-reporter/-/cucumber-html-reporter-0.4.1.tgz"},"maintainers":[{"name":"kushang","email":"g.kushang@gmail.com"}],"_npmOperationalInternal":{"host":"packages-18-east.internal.npmjs.com","tmp":"tmp/cucumber-html-reporter-0.4.1.tgz_1493306132210_0.5457639251835644"},"directories":{}},"0.4.2":{"name":"cucumber-html-reporter","version":"0.4.2","description":"Generates Cucumber HTML reports in three different themes","main":"index.js","author":{"name":"Kushang Gajjar","email":"g.kushang@gmail.com"},"contributors":[{"name":"Galileo1","url":"https://github.com/Galileo1"},{"name":"LiQiang","url":"https://github.com/li-qiang"},{"name":"Igor Muchychka","url":"https://github.com/mucsi96"},{"name":"Miguel Ángel Domínguez","url":"https://github.com/eridem"},{"name":"Thyagarajulu Atthipatla","url":"https://github.com/thyagab"},{"name":"Alexandros D","url":"https://github.com/AlexandrosD"},{"name":"spujar","url":"https://github.com/spujar"}],"scripts":{"test":"npm run features && npm run clean","clean":"rm -rf test/report/*.html test/report/*.json test/report/screenshot","features":"node node_modules/cucumber/bin/cucumber test/features/ -f json:test/report/cucumber_report.json"},"repository":{"type":"git","url":"git+https://github.com/gkushang/cucumber-html-reporter.git"},"bugs":{"url":"https://github.com/gkushang/cucumber-html-reporter/issues","email":"g.kushang@gmail.com"},"keywords":["cucumber","html","cucumber-html-reporter","html report","json to html"],"license":"MIT","homepage":"https://github.com/gkushang/cucumber-html-reporter#readme","dependencies":{"find":"^0.2.7","fs-extra":"^2.0.0","js-base64":"^2.1.9","jsonfile":"^2.3.1","lodash":"^4.17.2","open":"0.0.5"},"devDependencies":{"chai":"^3.5.0","cucumber":"^1.3.1"},"gitHead":"dcc1994b022f918ec23818a47f515b4d6fe244b5","_id":"cucumber-html-reporter@0.4.2","_shasum":"2e3566ea9ef9fc55d69776f0b523a9a793e542ec","_from":".","_npmVersion":"4.1.2","_nodeVersion":"7.7.1","_npmUser":{"name":"kushang","email":"g.kushang@gmail.com"},"dist":{"shasum":"2e3566ea9ef9fc55d69776f0b523a9a793e542ec","tarball":"https://registry.npmjs.org/cucumber-html-reporter/-/cucumber-html-reporter-0.4.2.tgz"},"maintainers":[{"name":"kushang","email":"g.kushang@gmail.com"}],"_npmOperationalInternal":{"host":"packages-12-west.internal.npmjs.com","tmp":"tmp/cucumber-html-reporter-0.4.2.tgz_1493307961108_0.9319609997328371"},"directories":{}}},"readme":"cucumber-html-reporter\n======================\n\n[![Build Status](https://travis-ci.org/gkushang/cucumber-html-reporter.svg?branch=develop)](https://travis-ci.org/gkushang/cucumber-html-reporter) [![v](https://img.shields.io/npm/v/cucumber-html-reporter.svg)](https://www.npmjs.com/package/cucumber-html-reporter)\n[![Dependency Status](https://david-dm.org/gkushang/cucumber-html-reporter.svg)](https://david-dm.org/gkushang/cucumber-html-reporter)\n[![License](https://img.shields.io/npm/l/cucumber-html-reporter.svg)](LICENSE)\n\n\nGenerate Cucumber HTML reports with pie charts\n> Available HTML themes: `['bootstrap', 'foundation', 'simple']`\n\n\n## Preview of HTML Reports\n\n1. [Bootstrap Theme Reports with Pie Chart][3]\n2. [Foundation Theme Reports][4]\n3. [Simple Theme Reports][5]\n\n\n## Snapshot of Bootstrap Report\n![Alt text](/samples/html_report_snapshots/cucumber_report_bootstrap_snapshot.png \"Snapshot - Bootstrap Report\")\n\n###### More snapshots are availble [here][8]\n\n\n## Install\n\n``` bash\nnpm install cucumber-html-reporter --save-dev\n```\n\nNote: Install cucumber-html-reporter version <0.4.0 for node version <0.12 \n\n## Usage\n\nProvide Cucumber JSON report file created from your framework and this module will create pretty HTML reports. Choose your best suitable HTML theme and dashboard on your CI with available HTML reporter plugins.\n\nExample of `bootstrap` theme:\n\n``` bash\n\nvar reporter = require('cucumber-html-reporter');\n\nvar options = {\n        theme: 'bootstrap',\n        jsonFile: 'test/report/cucumber_report.json',\n        output: 'test/report/cucumber_report.html',\n        reportSuiteAsScenarios: true,\n        launchReport: true,\n        metadata: {\n            \"App Version\":\"0.3.2\",\n            \"Test Environment\": \"STAGING\",\n            \"Browser\": \"Chrome  54.0.2840.98\",\n            \"Platform\": \"Windows 10\",\n            \"Parallel\": \"Scenarios\",\n            \"Executed\": \"Remote\"\n        }\n    };\n\n    reporter.generate(options);\n    \n    \n    \n    //more info on `metadata` is available in `options` section below.\n\n    //to generate consodilated report from multi-cucumber JSON files, please use `jsonDir` option instead of `jsonFile`. More info is available in `options` section below.\n\n```\n\n> Please look at the `options` section below for more options\n\n> Plugin the above code to the cucumber's `AfterFeatures` hook as shown in [test/features/step_definitions/hooks][7] and pick the theme you are interested in.\n\n> This module converts Cucumber's JSON format to HTML reports. In order to generate JSON formats, run the Cucumber to create the JSON format and pass the file name to the formatter as shown below,\n\n```\n$ cucumberjs test/features/ -f json:test/report/cucumber_report.json\n```\n\n> Multiple formatter are also supported,\n\n```\n$ cucumberjs test/features/ -f pretty -f json:test/report/cucumber_report.json\n```\n\n> Are you using cucumber with other frameworks or running [cucumber-parallel][6]? Pass relative path of JSON file to the `options` as shown [here][7]\n\n\n## Options\n\n#### `theme`\nAvailable: `['bootstrap', 'foundation', 'simple']`\nType: `String`\n\nSelect the Theme for HTML report.\n\n\n#### `jsonFile`\nType: `String`\n\nProvide path of the Cucumber JSON format file\n\n#### `jsonDir`\nType: `String`\n\nIf you have more than one cucumber JSON files, provide the path of JSON directory. This module will create consolidated report of all Cucumber JSON files.\n\ne.g. `jsonDir: 'test/reports'` //where _reports_ directory contains valid `*.json` files\n\n\nN.B.: `jsonFile` takes precedence over `jsonDir`. We recommend to use either `jsonFile` or `jsonDir` option.\n\n\n#### `output`\nType: `String`\n\nProvide HTML output file path and name\n\n\n#### `reportSuiteAsScenarios`\nType: `Boolean`\nSupported in the Bootstrap theme.\n\n`true`: Reports total number of passed/failed scenarios as HEADER.\n\n`false`: Reports total number of passed/failed features as HEADER.\n\n#### `launchReport`\nType: `Boolean`\n\nAutomatically launch HTML report at the end of test suite\n\n`true`: Launch HTML report in the default browser\n\n`false`: Do not launch HTML report at the end of test suite\n\n#### `ignoreBadJsonFile`\nType: `Boolean`\n\nReport any bad json files found during merging json files from directory option.\n\n`true`: ignore any bad json files found and continue with remaining files to merge.\n\n`false`: Default option. Fail report generation if any bad files found during merge.\n\n#### `name`\nType: `String` (optional)\n\nCustom project name. If not passed, module reads the name from projects package.json which is preferable.\n \n#### `brandTitle`\nType: `String` (optional)\n\nBrand Title is the brand of your report, e.g. Smoke Tests Report, Acceptance Test Report etc as per your need. If not passed, it will be displayed as \"Cucumberjs Report\"\n \n#### `storeScreenShots`\nType: `Boolean`\nDefault: `undefined`\n\n`true`: Stores the screenShots to the default directory. It creates a directory 'screehshot' if does not exists.\n\n`false` or `undefined` : Does not store screenShots but attaches screenShots as a step-inline images to HTML report\n\n\n#### `metadata`\nType: `JSON` (optional)\nDefault: `undefined`\n\nPrint more data to your report, such as _browser info, platform, app info, environments_ etc. Data can be passed as JSON `key-value` pair. Reporter will parse the JSON and will show the _Key-Value_ under `Metadata` section on HTML report. Checkout the below preview HTML Report with Metadata.\n\nPass the _Key-Value_ pair as per your need, as shown in below example,\n\n```json\n\n metadata: {\n        \"App Version\":\"0.3.2\",\n        \"Test Environment\": \"STAGING\",\n        \"Browser\": \"Chrome  54.0.2840.98\",\n        \"Platform\": \"Windows 10\",\n        \"Parallel\": \"Scenarios\",\n        \"Executed\": \"Remote\"\n      }\n      \n```\n\n* [HTML Report Preview with Metadata][3]\n* [Report Snapshot with Metadata][10]\n\n\n## Tips\n\n#### Attach Screenshots to HTML report\n\nCapture and Attach screenshots to the Cucumber Scenario and HTML report will render the screenshot image\n\n```javascript\n\n  driver.takeScreenshot().then(function (buffer) {\n    return scenario.attach(new Buffer(buffer, 'base64'), 'image/png');\n  }\n\n```\n\n#### Attach Plain Text to HTML report\n\nAttach plain-texts/data to HTML report to help debug/review the results\n\n```javascript\n\n  scenario.attach('test data goes here');\n\n```\n\n#### Attach pretty JSON to HTML report\n\nAttach JSON to HTML report\n\n```javascript\n\n  scenario.attach(JSON.stringify(myJsonObject, undefined, 4));\n\n```\n\n## Changelog \n\n[changelog][9]\n\n\n## Credits\n\nCredit to the developers of [grunt-cucumberjs][1] for developing pretty HTML reporting. HTML reporting is extracted from the grunt task. Thanks to all the contributors for making HTML Reporting available to the wider audiences of [cucumber-js][2] community.\n\n[1]: https://www.npmjs.com/package/grunt-cucumberjs \"grunt-cucummberjs\"\n[2]: https://github.com/cucumber/cucumber-js \"CucumberJs\"\n[3]: http://htmlpreview.github.io/?https://github.com/gkushang/cucumber-html-reporter/blob/develop/samples/html_reports/cucumber_report_bootstrap.html \"Bootstrap Theme Reports\"\n[4]: http://htmlpreview.github.io/?https://github.com/gkushang/cucumber-html-reporter/blob/develop/samples/html_reports/cucumber_report_foundation.html \"Foundation Theme Reports\"\n[5]: http://htmlpreview.github.io/?https://github.com/gkushang/cucumber-html-reporter/blob/develop/samples/html_reports/cucumber_report_simple.html \"Simple Theme Reports\"\n[6]: https://www.npmjs.com/package/cucumber-parallel \"cucumber-parallel\"\n[7]: https://github.com/gkushang/cucumber-html-reporter/blob/develop/test/features/step_definitions/hooks.js#L13-L44\n[8]: https://github.com/gkushang/cucumber-html-reporter/blob/develop/samples/snapshots.md\n[9]: https://github.com/gkushang/cucumber-html-reporter/blob/develop/CHANGELOG.md\n[10]: https://github.com/gkushang/cucumber-html-reporter/blob/develop/samples/snapshots.md#with-metadata\n\n\n","maintainers":[{"name":"kushang","email":"g.kushang@gmail.com"}],"time":{"modified":"2017-04-27T15:46:03.666Z","created":"2016-06-26T21:25:34.760Z","0.1.0":"2016-06-26T21:25:34.760Z","0.1.1":"2016-06-27T16:44:36.951Z","0.1.2":"2016-06-27T18:04:41.654Z","0.1.3":"2016-06-27T18:23:34.570Z","0.1.4":"2016-06-28T19:44:31.033Z","0.1.5":"2016-07-06T02:56:46.317Z","0.1.6":"2016-07-07T15:29:03.527Z","0.2.0":"2016-07-10T17:23:19.623Z","0.2.1":"2016-07-12T17:14:59.609Z","0.2.2":"2016-07-21T14:57:51.372Z","0.2.3":"2016-07-26T14:50:50.463Z","0.2.4":"2016-07-28T16:10:18.303Z","0.2.5":"2016-07-28T18:01:12.774Z","0.2.6":"2016-07-29T15:15:01.507Z","0.2.7":"2016-08-16T14:56:17.522Z","0.2.8":"2016-08-30T23:09:01.569Z","0.2.9":"2016-09-08T15:41:20.774Z","0.2.10":"2016-09-22T12:50:51.010Z","0.2.11":"2016-09-26T17:19:38.367Z","0.2.12":"2016-09-27T16:58:40.548Z","0.2.13":"2016-09-27T21:09:30.094Z","0.2.14":"2016-09-28T01:03:24.990Z","0.2.15":"2016-09-28T17:35:33.575Z","0.2.16":"2016-10-07T15:22:37.840Z","0.2.17":"2016-11-17T22:20:15.115Z","0.3.0":"2016-11-18T17:50:46.067Z","0.3.1":"2016-11-19T04:48:14.313Z","0.3.2":"2016-11-21T15:55:46.632Z","0.3.3":"2016-11-28T15:54:59.520Z","0.3.4":"2016-11-28T17:23:50.049Z","0.3.5":"2016-11-29T04:58:29.223Z","0.3.6":"2016-12-06T15:35:52.608Z","0.3.7":"2016-12-09T14:40:09.736Z","0.3.8":"2017-03-23T14:50:25.638Z","0.3.9":"2017-03-24T18:24:48.719Z","0.4.0":"2017-03-24T18:50:56.575Z","0.4.1":"2017-04-27T15:15:34.944Z","0.4.2":"2017-04-27T15:46:03.666Z"},"homepage":"https://github.com/gkushang/cucumber-html-reporter#readme","keywords":["cucumber","html","cucumber-html-reporter","html report","json to html"],"repository":{"type":"git","url":"git+https://github.com/gkushang/cucumber-html-reporter.git"},"contributors":[{"name":"Galileo1","url":"https://github.com/Galileo1"},{"name":"LiQiang","url":"https://github.com/li-qiang"},{"name":"Igor Muchychka","url":"https://github.com/mucsi96"},{"name":"Miguel Ángel Domínguez","url":"https://github.com/eridem"},{"name":"Thyagarajulu Atthipatla","url":"https://github.com/thyagab"},{"name":"Alexandros D","url":"https://github.com/AlexandrosD"},{"name":"spujar","url":"https://github.com/spujar"}],"author":{"name":"Kushang Gajjar","email":"g.kushang@gmail.com"},"bugs":{"url":"https://github.com/gkushang/cucumber-html-reporter/issues","email":"g.kushang@gmail.com"},"license":"MIT","readmeFilename":"README.md","users":{"kushang":true},"_attachments":{},"_etag":"W/\"5902123b-13f0d\"","_lastModified":"Thu, 27 Apr 2017 15:46:03 GMT"}