{"_id":"make-error","_rev":"23-5cb3d0c73a86c9ec5969c32df3b33c29","name":"make-error","description":"Make your own error types!","dist-tags":{"next":"0.0.0","latest":"1.3.0"},"versions":{"0.0.0":{"name":"make-error","version":"0.0.0","license":"ISC","description":"Make your own error types!","keywords":["custom","derive","Error","extend","inherit"],"homepage":"https://github.com/julien-f/js-make-error","bugs":{"url":"https://github.com/julien-f/js-make-error/issues"},"author":{"name":"Julien Fontanet","email":"julien.fontanet@isonoe.net"},"repository":{"type":"git","url":"git://github.com/julien-f/js-make-error.git"},"devDependencies":{"chai":"^1.9.2","mocha":"^1.21.4"},"scripts":{"test":"mocha index.spec.js"},"files":["index.js"],"gitHead":"d373f26112532ca0bc04b229f2b5bbe7edaa6e32","_id":"make-error@0.0.0","_shasum":"e63a3493611c745fcdc39f62333573cb3e42beab","_from":".","_npmVersion":"2.1.2","_nodeVersion":"0.10.32","_npmUser":{"name":"julien-f","email":"julien.fontanet@isonoe.net"},"maintainers":[{"name":"julien-f","email":"julien.fontanet@isonoe.net"}],"dist":{"shasum":"e63a3493611c745fcdc39f62333573cb3e42beab","tarball":"https://registry.npmjs.org/make-error/-/make-error-0.0.0.tgz"},"directories":{}},"0.1.0":{"name":"make-error","version":"0.1.0","license":"ISC","description":"Make your own error types!","keywords":["custom","derive","Error","extend","inherit"],"homepage":"https://github.com/julien-f/js-make-error","bugs":{"url":"https://github.com/julien-f/js-make-error/issues"},"author":{"name":"Julien Fontanet","email":"julien.fontanet@isonoe.net"},"repository":{"type":"git","url":"git://github.com/julien-f/js-make-error.git"},"devDependencies":{"browserify":"^6.0.3","chai":"^1.9.2","mocha":"^1.21.4","uglify-js":"^2.4.15"},"scripts":{"browserify":"mkdir -p dist && browserify -s makeError index.js | uglifyjs -c > dist/make-error.js","browser-test":"mkdir -p dist && browserify index.spec.js -o dist/test.js","test":"mocha index.spec.js"},"files":["index.js"],"gitHead":"87c7b3c8f83b4d5dc63f37e49288246035f9735d","_id":"make-error@0.1.0","_shasum":"7c72b4a26fb41862bb9d4e49a60c67f637359d3e","_from":".","_npmVersion":"2.1.4","_nodeVersion":"0.10.32","_npmUser":{"name":"julien-f","email":"julien.fontanet@isonoe.net"},"maintainers":[{"name":"julien-f","email":"julien.fontanet@isonoe.net"}],"dist":{"shasum":"7c72b4a26fb41862bb9d4e49a60c67f637359d3e","tarball":"https://registry.npmjs.org/make-error/-/make-error-0.1.0.tgz"},"directories":{}},"0.2.0":{"name":"make-error","version":"0.2.0","license":"ISC","description":"Make your own error types!","keywords":["custom","derive","Error","extend","inherit"],"homepage":"https://github.com/julien-f/js-make-error","bugs":{"url":"https://github.com/julien-f/js-make-error/issues"},"author":{"name":"Julien Fontanet","email":"julien.fontanet@isonoe.net"},"repository":{"type":"git","url":"git://github.com/julien-f/js-make-error.git"},"devDependencies":{"browserify":"^6.0.3","chai":"^1.9.2","mocha":"^1.21.4","testling":"^1.7.1","uglify-js":"^2.4.15"},"scripts":{"browserify":"mkdir -p dist && browserify -s makeError index.js | uglifyjs -c > dist/make-error.js","test":"mocha index.spec.js","test-browser":"testling -u"},"testling":{"harness":"mocha-bdd","files":"index.spec.js","browsers":["ie/8..Latest","chrome/latest","firefox/latest"]},"files":["index.js"],"gitHead":"c275dc9237b9becb5f033684e64ce44589110854","_id":"make-error@0.2.0","_shasum":"33752dd87db89b20f9666d63a078e39fee799200","_from":".","_npmVersion":"2.1.4","_nodeVersion":"0.10.32","_npmUser":{"name":"julien-f","email":"julien.fontanet@isonoe.net"},"maintainers":[{"name":"julien-f","email":"julien.fontanet@isonoe.net"}],"dist":{"shasum":"33752dd87db89b20f9666d63a078e39fee799200","tarball":"https://registry.npmjs.org/make-error/-/make-error-0.2.0.tgz"},"directories":{}},"0.3.0":{"name":"make-error","version":"0.3.0","license":"ISC","description":"Make your own error types!","keywords":["custom","derive","Error","extend","inherit"],"homepage":"https://github.com/julien-f/js-make-error","bugs":{"url":"https://github.com/julien-f/js-make-error/issues"},"author":{"name":"Julien Fontanet","email":"julien.fontanet@isonoe.net"},"repository":{"type":"git","url":"git://github.com/julien-f/js-make-error.git"},"devDependencies":{"browserify":"^6.0.3","chai":"^1.9.2","mocha":"^1.21.4","testling":"^1.7.1","uglify-js":"^2.4.15"},"scripts":{"browserify":"mkdir -p dist && browserify -s makeError index.js | uglifyjs -c > dist/make-error.js","test":"mocha index.spec.js","test-browser":"testling -u"},"testling":{"harness":"mocha-bdd","files":"index.spec.js","browsers":["ie/8..Latest","chrome/latest","firefox/latest"]},"files":["index.js"],"gitHead":"3bacf27b2a1d5b37a3d237a23e7337e8bc678a0b","_id":"make-error@0.3.0","_shasum":"c2ee42c95bb319077e33c855b163a3421390870d","_from":".","_npmVersion":"2.1.4","_nodeVersion":"0.10.32","_npmUser":{"name":"julien-f","email":"julien.fontanet@isonoe.net"},"maintainers":[{"name":"julien-f","email":"julien.fontanet@isonoe.net"}],"dist":{"shasum":"c2ee42c95bb319077e33c855b163a3421390870d","tarball":"https://registry.npmjs.org/make-error/-/make-error-0.3.0.tgz"},"directories":{}},"1.0.0":{"name":"make-error","version":"1.0.0","license":"ISC","description":"Make your own error types!","keywords":["custom","derive","Error","extend","inherit"],"homepage":"https://github.com/julien-f/js-make-error","bugs":{"url":"https://github.com/julien-f/js-make-error/issues"},"author":{"name":"Julien Fontanet","email":"julien.fontanet@isonoe.net"},"repository":{"type":"git","url":"git://github.com/julien-f/js-make-error.git"},"devDependencies":{"browserify":"^6.0.3","chai":"^1.9.2","mocha":"^1.21.4","standard":"*","testling":"^1.7.1","uglify-js":"^2.4.15"},"scripts":{"browserify":"mkdir -p dist && browserify -s makeError index.js | uglifyjs -c > dist/make-error.js","test":"standard && mocha index.spec.js","test-browser":"testling -u"},"testling":{"harness":"mocha-bdd","files":"index.spec.js","browsers":["ie/8..Latest","chrome/latest","firefox/latest"]},"files":["index.js"],"standard":{"ignore":["dist/**"]},"gitHead":"07efc8f13b90c7cb4f64e0520ccc1fee19d8618d","_id":"make-error@1.0.0","_shasum":"90915f2faada2b3a4dd941ceaa08fae55a0dba2e","_from":".","_npmVersion":"2.7.5","_nodeVersion":"0.10.38","_npmUser":{"name":"julien-f","email":"julien.fontanet@isonoe.net"},"maintainers":[{"name":"julien-f","email":"julien.fontanet@isonoe.net"}],"dist":{"shasum":"90915f2faada2b3a4dd941ceaa08fae55a0dba2e","tarball":"https://registry.npmjs.org/make-error/-/make-error-1.0.0.tgz"},"directories":{}},"1.0.1":{"name":"make-error","version":"1.0.1","license":"ISC","description":"Make your own error types!","keywords":["custom","derive","Error","extend","inherit"],"homepage":"https://github.com/julien-f/js-make-error","bugs":{"url":"https://github.com/julien-f/js-make-error/issues"},"author":{"name":"Julien Fontanet","email":"julien.fontanet@isonoe.net"},"repository":{"type":"git","url":"git://github.com/julien-f/js-make-error.git"},"devDependencies":{"browserify":"^9.0.8","chai":"^2.2.0","mocha":"^2.2.4","standard":"*","testling":"^1.7.1","uglify-js":"^2.4.19"},"scripts":{"browserify":"mkdir -p dist && browserify -s makeError index.js | uglifyjs -c > dist/make-error.js","test":"standard && mocha index.spec.js","test-browser":"testling -u"},"testling":{"harness":"mocha-bdd","files":"index.spec.js","browsers":["ie/8..Latest","chrome/latest","firefox/latest"]},"files":["index.js"],"standard":{"ignore":["dist/**"]},"gitHead":"118e2621793001e8a448eeec4fa35750a8cb7f54","_id":"make-error@1.0.1","_shasum":"cdb497d80cdcffde9d4886f516b5fc6e4fec9a5b","_from":".","_npmVersion":"2.7.5","_nodeVersion":"0.10.38","_npmUser":{"name":"julien-f","email":"julien.fontanet@isonoe.net"},"maintainers":[{"name":"julien-f","email":"julien.fontanet@isonoe.net"}],"dist":{"shasum":"cdb497d80cdcffde9d4886f516b5fc6e4fec9a5b","tarball":"https://registry.npmjs.org/make-error/-/make-error-1.0.1.tgz"},"directories":{}},"1.0.2":{"name":"make-error","version":"1.0.2","license":"ISC","description":"Make your own error types!","keywords":["custom","derive","Error","extend","inherit"],"homepage":"https://github.com/julien-f/js-make-error","bugs":{"url":"https://github.com/julien-f/js-make-error/issues"},"author":{"name":"Julien Fontanet","email":"julien.fontanet@isonoe.net"},"repository":{"type":"git","url":"git://github.com/julien-f/js-make-error.git"},"devDependencies":{"browserify":"^9.0.8","chai":"^2.2.0","mocha":"^2.2.4","standard":"*","testling":"^1.7.1","uglify-js":"^2.4.19"},"scripts":{"browserify":"mkdir -p dist && browserify -s makeError index.js | uglifyjs -c > dist/make-error.js","test":"standard && mocha index.spec.js","test-browser":"testling -u"},"testling":{"harness":"mocha-bdd","files":"index.spec.js","browsers":["ie/8..Latest","chrome/latest","firefox/latest"]},"files":["index.js"],"standard":{"ignore":["dist/**"]},"gitHead":"576b90b4f62cc50123491a77cb20b2fb073d4ca2","_id":"make-error@1.0.2","_shasum":"1cb20a79908a220ef51a505b44b21591c4a122c5","_from":".","_npmVersion":"2.7.6","_nodeVersion":"0.10.38","_npmUser":{"name":"julien-f","email":"julien.fontanet@isonoe.net"},"maintainers":[{"name":"julien-f","email":"julien.fontanet@isonoe.net"}],"dist":{"shasum":"1cb20a79908a220ef51a505b44b21591c4a122c5","tarball":"https://registry.npmjs.org/make-error/-/make-error-1.0.2.tgz"},"directories":{}},"1.0.3":{"name":"make-error","version":"1.0.3","license":"ISC","description":"Make your own error types!","keywords":["custom","derive","Error","extend","inherit"],"homepage":"https://github.com/julien-f/js-make-error","bugs":{"url":"https://github.com/julien-f/js-make-error/issues"},"author":{"name":"Julien Fontanet","email":"julien.fontanet@isonoe.net"},"repository":{"type":"git","url":"git://github.com/julien-f/js-make-error.git"},"devDependencies":{"browserify":"^11.2.0","chai":"^3.3.0","mocha":"^2.2.4","standard":"*","testling":"^1.7.1","uglify-js":"^2.4.19"},"scripts":{"browserify":"mkdir -p dist && browserify -s makeError index.js | uglifyjs -c > dist/make-error.js","test":"standard && mocha index.spec.js","test-browser":"testling -u"},"testling":{"harness":"mocha-bdd","files":"index.spec.js","browsers":["ie/8..Latest","chrome/latest","firefox/latest"]},"files":["index.js"],"standard":{"ignore":["dist/**"]},"gitHead":"f083ac75771b56f4237f649b5095c2aac37a729a","_id":"make-error@1.0.3","_shasum":"ed1573be4f0871b4b0f036f4b5ea8652e9bcacb6","_from":".","_npmVersion":"3.3.4","_nodeVersion":"4.1.1","_npmUser":{"name":"julien-f","email":"julien.fontanet@isonoe.net"},"dist":{"shasum":"ed1573be4f0871b4b0f036f4b5ea8652e9bcacb6","tarball":"https://registry.npmjs.org/make-error/-/make-error-1.0.3.tgz"},"maintainers":[{"name":"julien-f","email":"julien.fontanet@isonoe.net"}],"directories":{}},"1.0.4":{"name":"make-error","version":"1.0.4","license":"ISC","description":"Make your own error types!","keywords":["custom","derive","Error","extend","inherit"],"homepage":"https://github.com/julien-f/js-make-error","bugs":{"url":"https://github.com/julien-f/js-make-error/issues"},"author":{"name":"Julien Fontanet","email":"julien.fontanet@isonoe.net"},"repository":{"type":"git","url":"git://github.com/julien-f/js-make-error.git"},"devDependencies":{"browserify":"^11.2.0","chai":"^3.3.0","mocha":"^2.2.4","standard":"*","testling":"^1.7.1","uglify-js":"^2.4.19"},"scripts":{"browserify":"mkdir -p dist && browserify -s makeError index.js | uglifyjs -c > dist/make-error.js","test":"standard && mocha index.spec.js","test-browser":"testling -u"},"testling":{"harness":"mocha-bdd","files":"index.spec.js","browsers":["ie/8..Latest","chrome/latest","firefox/latest"]},"files":["index.js"],"standard":{"ignore":["dist/**"]},"gitHead":"8a879347301b7d29462a976ab14e39331bc16ec1","_id":"make-error@1.0.4","_shasum":"43a5c24245350ffe8a595abee472b5e36b3b9c0e","_from":".","_npmVersion":"3.3.4","_nodeVersion":"4.1.1","_npmUser":{"name":"julien-f","email":"julien.fontanet@isonoe.net"},"dist":{"shasum":"43a5c24245350ffe8a595abee472b5e36b3b9c0e","tarball":"https://registry.npmjs.org/make-error/-/make-error-1.0.4.tgz"},"maintainers":[{"name":"julien-f","email":"julien.fontanet@isonoe.net"}],"directories":{}},"1.1.0":{"name":"make-error","version":"1.1.0","license":"ISC","description":"Make your own error types!","keywords":["custom","derive","Error","extend","inherit"],"homepage":"https://github.com/julien-f/js-make-error","bugs":{"url":"https://github.com/julien-f/js-make-error/issues"},"author":{"name":"Julien Fontanet","email":"julien.fontanet@isonoe.net"},"repository":{"type":"git","url":"git://github.com/julien-f/js-make-error.git"},"devDependencies":{"browserify":"^13.0.0","chai":"^3.3.0","mocha":"^2.2.4","standard":"*","testling":"^1.7.1","uglify-js":"^2.4.19"},"scripts":{"browserify":"mkdir -p dist && browserify -s makeError index.js | uglifyjs -c > dist/make-error.js","test":"standard && mocha index.spec.js","test-browser":"testling -u"},"testling":{"harness":"mocha-bdd","files":"index.spec.js","browsers":["ie/8..Latest","chrome/latest","firefox/latest"]},"files":["index.js"],"gitHead":"66d804258af53b30c57285d737d08044ca25dcd1","_id":"make-error@1.1.0","_shasum":"85438a420f0b058de99ea10ae3d3c36c54bcd963","_from":".","_npmVersion":"3.5.2","_nodeVersion":"4.2.4","_npmUser":{"name":"julien-f","email":"julien.fontanet@isonoe.net"},"dist":{"shasum":"85438a420f0b058de99ea10ae3d3c36c54bcd963","tarball":"https://registry.npmjs.org/make-error/-/make-error-1.1.0.tgz"},"maintainers":[{"name":"julien-f","email":"julien.fontanet@isonoe.net"}],"directories":{}},"1.1.1":{"name":"make-error","version":"1.1.1","license":"ISC","description":"Make your own error types!","keywords":["custom","derive","Error","extend","inherit"],"homepage":"https://github.com/julien-f/js-make-error","bugs":{"url":"https://github.com/julien-f/js-make-error/issues"},"author":{"name":"Julien Fontanet","email":"julien.fontanet@isonoe.net"},"repository":{"type":"git","url":"git://github.com/julien-f/js-make-error.git"},"devDependencies":{"browserify":"^13.0.0","chai":"^3.3.0","mocha":"^2.2.4","standard":"*","testling":"^1.7.1","uglify-js":"^2.4.19"},"scripts":{"browserify":"mkdir -p dist && browserify -s makeError index.js | uglifyjs -c > dist/make-error.js","test":"standard && mocha index.spec.js","test-browser":"testling -u"},"testling":{"harness":"mocha-bdd","files":"index.spec.js","browsers":["ie/8..Latest","chrome/latest","firefox/latest"]},"files":["index.js"],"gitHead":"85ecdd11d9760be732c96ad49b3a50c4c014cdfd","_id":"make-error@1.1.1","_shasum":"5ed667566c5d80e8406865c91f157bac67fdad51","_from":".","_npmVersion":"3.7.1","_nodeVersion":"4.2.4","_npmUser":{"name":"julien-f","email":"julien.fontanet@isonoe.net"},"dist":{"shasum":"5ed667566c5d80e8406865c91f157bac67fdad51","tarball":"https://registry.npmjs.org/make-error/-/make-error-1.1.1.tgz"},"maintainers":[{"name":"julien-f","email":"julien.fontanet@isonoe.net"},{"name":"marsaud","email":"marsaud.fabrice@neuf.fr"}],"_npmOperationalInternal":{"host":"packages-5-east.internal.npmjs.com","tmp":"tmp/make-error-1.1.1.tgz_1455010194765_0.6916712960228324"},"directories":{}},"1.2.0":{"name":"make-error","version":"1.2.0","license":"ISC","description":"Make your own error types!","keywords":["custom","derive","Error","extend","inherit"],"homepage":"https://github.com/julien-f/js-make-error","bugs":{"url":"https://github.com/julien-f/js-make-error/issues"},"author":{"name":"Julien Fontanet","email":"julien.fontanet@isonoe.net"},"repository":{"type":"git","url":"git://github.com/julien-f/js-make-error.git"},"devDependencies":{"browserify":"^13.0.0","chai":"^3.3.0","mocha":"^2.2.4","standard":"*","testling":"^1.7.1","uglify-js":"^2.4.19"},"scripts":{"browserify":"mkdir -p dist && browserify -s makeError index.js | uglifyjs -c > dist/make-error.js","test":"standard && mocha index.spec.js","test-browser":"testling -u"},"testling":{"harness":"mocha-bdd","files":"index.spec.js","browsers":["ie/8..Latest","chrome/latest","firefox/latest"]},"files":["index.js","index.d.ts"],"gitHead":"b87f687cf989640ea3df8b4bc22ef6eaf99e4ed1","_id":"make-error@1.2.0","_shasum":"b58eca92530bbdb765d2d5847133b4fec748ac12","_from":".","_npmVersion":"3.10.3","_nodeVersion":"4.4.2","_npmUser":{"name":"julien-f","email":"julien.fontanet@isonoe.net"},"dist":{"shasum":"b58eca92530bbdb765d2d5847133b4fec748ac12","tarball":"https://registry.npmjs.org/make-error/-/make-error-1.2.0.tgz"},"maintainers":[{"name":"julien-f","email":"julien.fontanet@isonoe.net"},{"name":"marsaud","email":"marsaud.fabrice@neuf.fr"}],"_npmOperationalInternal":{"host":"packages-16-east.internal.npmjs.com","tmp":"tmp/make-error-1.2.0.tgz_1469046822351_0.4271084354259074"},"directories":{}},"1.2.1":{"name":"make-error","version":"1.2.1","license":"ISC","description":"Make your own error types!","keywords":["custom","derive","Error","extend","inherit"],"homepage":"https://github.com/JsCommunity/make-error","bugs":{"url":"https://github.com/JsCommunity/make-error/issues"},"author":{"name":"Julien Fontanet","email":"julien.fontanet@isonoe.net"},"repository":{"type":"git","url":"git://github.com/JsCommunity/make-error.git"},"devDependencies":{"browserify":"^13.0.0","chai":"^3.3.0","mocha":"^3.0.0","standard":"^8.0.0","testling":"^1.7.1","uglify-js":"^2.4.19"},"scripts":{"browserify":"mkdir -p dist && browserify -s makeError index.js | uglifyjs -c > dist/make-error.js","dev-test":"mocha --watch --reporter=min index.spec.js","test":"standard && mocha index.spec.js","test-browser":"testling -u"},"testling":{"harness":"mocha-bdd","files":"index.spec.js","browsers":["ie/8..Latest","chrome/latest","firefox/latest"]},"files":["index.js","index.d.ts"],"gitHead":"da5f271700a1df98e7d25034f7aef6cb2d35a691","_id":"make-error@1.2.1","_shasum":"9a6dfb4844423b9f145806728d05c6e935670e75","_from":".","_npmVersion":"3.10.6","_nodeVersion":"0.12.15","_npmUser":{"name":"julien-f","email":"julien.fontanet@isonoe.net"},"dist":{"shasum":"9a6dfb4844423b9f145806728d05c6e935670e75","tarball":"https://registry.npmjs.org/make-error/-/make-error-1.2.1.tgz"},"maintainers":[{"name":"julien-f","email":"julien.fontanet@isonoe.net"},{"name":"marsaud","email":"marsaud.fabrice@neuf.fr"}],"_npmOperationalInternal":{"host":"packages-16-east.internal.npmjs.com","tmp":"tmp/make-error-1.2.1.tgz_1473148018649_0.09818827407434583"},"directories":{}},"1.2.2":{"name":"make-error","version":"1.2.2","license":"ISC","description":"Make your own error types!","keywords":["create","custom","derive","error","errors","extend","extending","extension","factory","inherit","make","subclass"],"homepage":"https://github.com/JsCommunity/make-error","bugs":{"url":"https://github.com/JsCommunity/make-error/issues"},"author":{"name":"Julien Fontanet","email":"julien.fontanet@isonoe.net"},"repository":{"type":"git","url":"git://github.com/JsCommunity/make-error.git"},"devDependencies":{"browserify":"^14.1.0","husky":"^0.13.1","jest":"^19.0.2","standard":"^9.0.0","uglify-js":"^2.4.19"},"scripts":{"commitmsg":"yarn test","dev-test":"jest --watch","prepublish":"mkdir -p dist && browserify -s makeError index.js | uglifyjs -c > dist/make-error.js","pretest":"standard","test":"jest"},"files":["dist/","index.js","index.d.ts"],"gitHead":"6b5686c87d26421b4f206affcb3b315e1a9112ad","_id":"make-error@1.2.2","_shasum":"e4e270e474f642cca20fa126fe441163957832ef","_from":".","_npmVersion":"4.2.0","_nodeVersion":"7.6.0","_npmUser":{"name":"julien-f","email":"julien.fontanet@isonoe.net"},"dist":{"shasum":"e4e270e474f642cca20fa126fe441163957832ef","tarball":"https://registry.npmjs.org/make-error/-/make-error-1.2.2.tgz"},"maintainers":[{"name":"julien-f","email":"julien.fontanet@isonoe.net"},{"name":"marsaud","email":"marsaud.fabrice@neuf.fr"}],"_npmOperationalInternal":{"host":"packages-12-west.internal.npmjs.com","tmp":"tmp/make-error-1.2.2.tgz_1488356988964_0.03184026968665421"},"directories":{}},"1.2.3":{"name":"make-error","version":"1.2.3","license":"ISC","description":"Make your own error types!","keywords":["create","custom","derive","error","errors","extend","extending","extension","factory","inherit","make","subclass"],"homepage":"https://github.com/JsCommunity/make-error","bugs":{"url":"https://github.com/JsCommunity/make-error/issues"},"author":{"name":"Julien Fontanet","email":"julien.fontanet@isonoe.net"},"repository":{"type":"git","url":"git://github.com/JsCommunity/make-error.git"},"devDependencies":{"browserify":"^14.1.0","husky":"^0.13.1","jest":"^19.0.2","standard":"^9.0.0","uglify-js":"^2.4.19"},"scripts":{"commitmsg":"yarn test","dev-test":"jest --watch","prepublish":"mkdir -p dist && browserify -s makeError index.js | uglifyjs -c > dist/make-error.js","pretest":"standard","test":"jest"},"files":["dist/","index.js","index.d.ts"],"gitHead":"bbec8ae4681809328ddba847b1909e2ecb4c9d74","_id":"make-error@1.2.3","_shasum":"6c4402df732e0977ac6faf754a5074b3d2b1d19d","_from":".","_npmVersion":"4.2.0","_nodeVersion":"7.6.0","_npmUser":{"name":"julien-f","email":"julien.fontanet@isonoe.net"},"dist":{"shasum":"6c4402df732e0977ac6faf754a5074b3d2b1d19d","tarball":"https://registry.npmjs.org/make-error/-/make-error-1.2.3.tgz"},"maintainers":[{"name":"julien-f","email":"julien.fontanet@isonoe.net"},{"name":"marsaud","email":"marsaud.fabrice@neuf.fr"}],"_npmOperationalInternal":{"host":"packages-12-west.internal.npmjs.com","tmp":"tmp/make-error-1.2.3.tgz_1489050107670_0.17617521877400577"},"directories":{}},"1.3.0":{"name":"make-error","version":"1.3.0","main":"index.js","license":"ISC","description":"Make your own error types!","keywords":["create","custom","derive","error","errors","extend","extending","extension","factory","inherit","make","subclass"],"homepage":"https://github.com/JsCommunity/make-error","bugs":{"url":"https://github.com/JsCommunity/make-error/issues"},"author":{"name":"Julien Fontanet","email":"julien.fontanet@isonoe.net"},"repository":{"type":"git","url":"git://github.com/JsCommunity/make-error.git"},"devDependencies":{"browserify":"^14.3.0","husky":"^0.13.3","jest":"^20.0.3","standard":"^10.0.2","uglify-js":"^3.0.10"},"scripts":{"commitmsg":"yarn test","dev-test":"jest --watch","prepublish":"mkdir -p dist && browserify -s makeError index.js | uglifyjs -c > dist/make-error.js","pretest":"standard","test":"jest"},"files":["dist/","index.js","index.d.ts"],"gitHead":"adac41f9d1b3bd465f845b0c9cf87f1c88d1d7f7","_id":"make-error@1.3.0","_shasum":"52ad3a339ccf10ce62b4040b708fe707244b8b96","_from":".","_npmVersion":"4.5.0","_nodeVersion":"7.10.0","_npmUser":{"name":"julien-f","email":"julien.fontanet@isonoe.net"},"dist":{"shasum":"52ad3a339ccf10ce62b4040b708fe707244b8b96","tarball":"https://registry.npmjs.org/make-error/-/make-error-1.3.0.tgz"},"maintainers":[{"name":"julien-f","email":"julien.fontanet@isonoe.net"},{"name":"marsaud","email":"marsaud.fabrice@neuf.fr"}],"_npmOperationalInternal":{"host":"s3://npm-registry-packages","tmp":"tmp/make-error-1.3.0.tgz_1495404802218_0.3306263096164912"},"directories":{}}},"readme":"# make-error [![Build Status](https://img.shields.io/travis/JsCommunity/make-error/master.svg)](http://travis-ci.org/JsCommunity/make-error)\n\n> Make your own error types!\n\n\n## Features\n\n- Compatible Node & browsers\n- `instanceof` support\n- `error.name` & `error.stack` support\n- compatible with [CSP](https://en.wikipedia.org/wiki/Content_Security_Policy) (i.e. no `eval()`)\n\n## Installation\n\n### Node & [Browserify](http://browserify.org/)/[Webpack](https://webpack.js.org/)\n\nInstallation of the [npm package](https://npmjs.org/package/make-error):\n\n```\n> npm install --save make-error\n```\n\nThen require the package:\n\n```javascript\nvar makeError = require('make-error');\n```\n\n### Browser\n\nYou can directly use the build provided at [unpkg.com](https://unpkg.com):\n\n```html\n<script src=\"https://unpkg.com/make-error@1/dist/make-error.js\"></script>\n```\n\n## Usage\n\n### Basic named error\n\n```javascript\nvar CustomError = makeError('CustomError')\n\n// Parameters are forwarded to the super class (here Error).\nthrow new CustomError('a message')\n```\n\n### Advanced error class\n\n```javascript\nfunction CustomError (customValue) {\n  CustomError.super.call(this, 'custom error message')\n\n  this.customValue = customValue\n}\nmakeError(CustomError)\n\n// Feel free to extend the prototype.\nCustomError.prototype.myMethod = function CustomError$myMethod () {\n  console.log('CustomError.myMethod (%s, %s)', this.code, this.message)\n}\n\n//-----\n\ntry {\n  throw new CustomError(42)\n} catch (error) {\n  error.myMethod()\n}\n```\n\n### Specialized error\n\n```javascript\nvar SpecializedError = makeError('SpecializedError', CustomError);\n\nthrow new SpecializedError(42);\n```\n\n### Inheritance\n\n> Best for ES2015+.\n\n```javascript\nimport {BaseError} from 'make-error'\n\nclass CustomError extends BaseError {\n  constructor () {\n    super('custom error message')\n  }\n}\n```\n\n## Related\n\n- [make-error-cause](https://www.npmjs.com/package/make-error-cause): Make your own error types, with a cause!\n\n## Contributions\n\nContributions are *very* welcomed, either on the documentation or on\nthe code.\n\nYou may:\n\n- report any [issue](https://github.com/JsCommunity/make-error/issues)\n  you've encountered;\n- fork and create a pull request.\n\n## License\n\nISC © [Julien Fontanet](http://julien.isonoe.net)\n","maintainers":[{"name":"julien-f","email":"julien.fontanet@isonoe.net"},{"name":"marsaud","email":"marsaud.fabrice@neuf.fr"}],"time":{"modified":"2017-05-21T22:13:23.316Z","created":"2014-10-08T20:14:03.594Z","0.0.0":"2014-10-08T20:14:03.594Z","0.1.0":"2014-10-11T14:03:14.244Z","0.2.0":"2014-10-11T16:04:07.701Z","0.3.0":"2014-10-12T09:42:25.384Z","1.0.0":"2015-04-10T08:31:16.281Z","1.0.1":"2015-04-10T08:56:11.916Z","1.0.2":"2015-04-14T15:50:31.472Z","1.0.3":"2015-10-06T17:18:56.828Z","1.0.4":"2015-10-07T10:27:15.211Z","1.1.0":"2016-01-20T08:42:35.201Z","1.1.1":"2016-02-09T09:29:56.225Z","1.2.0":"2016-07-20T20:33:43.895Z","1.2.1":"2016-09-06T07:46:59.306Z","1.2.2":"2017-03-01T08:29:50.694Z","1.2.3":"2017-03-09T09:01:49.635Z","1.3.0":"2017-05-21T22:13:23.316Z"},"homepage":"https://github.com/JsCommunity/make-error","keywords":["create","custom","derive","error","errors","extend","extending","extension","factory","inherit","make","subclass"],"repository":{"type":"git","url":"git://github.com/JsCommunity/make-error.git"},"author":{"name":"Julien Fontanet","email":"julien.fontanet@isonoe.net"},"bugs":{"url":"https://github.com/JsCommunity/make-error/issues"},"license":"ISC","readmeFilename":"README.md","users":{"chocolateboy":true,"timdp":true},"_attachments":{},"_etag":"W/\"59221103-6846\"","_lastModified":"Sun, 21 May 2017 22:13:23 GMT"}