{"_id":"supports-color","_rev":"49-03886322a4056978b4dd3d217c144172","name":"supports-color","description":"Detect whether a terminal supports color","dist-tags":{"latest":"3.2.3"},"versions":{"0.2.0":{"name":"supports-color","version":"0.2.0","description":"Detect whether a terminal supports color","license":"MIT","repository":{"type":"git","url":"git://github.com/sindresorhus/supports-color"},"bin":{"supports-color":"cli.js"},"author":{"name":"Sindre Sorhus","email":"sindresorhus@gmail.com","url":"http://sindresorhus.com"},"engines":{"node":">=0.10.0"},"scripts":{"test":"mocha"},"files":["index.js","cli.js"],"keywords":["cli","bin","color","colour","colors","terminal","console","cli","ansi","styles","tty","rgb","256","shell","xterm","command-line","support","supports","capability","detect"],"devDependencies":{"mocha":"*"},"bugs":{"url":"https://github.com/sindresorhus/supports-color/issues"},"homepage":"https://github.com/sindresorhus/supports-color","_id":"supports-color@0.2.0","_shasum":"d92de2694eb3f67323973d7ae3d8b55b4c22190a","_from":".","_npmVersion":"1.4.9","_npmUser":{"name":"sindresorhus","email":"sindresorhus@gmail.com"},"maintainers":[{"name":"sindresorhus","email":"sindresorhus@gmail.com"}],"dist":{"shasum":"d92de2694eb3f67323973d7ae3d8b55b4c22190a","tarball":"https://registry.npmjs.org/supports-color/-/supports-color-0.2.0.tgz"},"directories":{}},"1.0.0":{"name":"supports-color","version":"1.0.0","description":"Detect whether a terminal supports color","license":"MIT","repository":{"type":"git","url":"git://github.com/sindresorhus/supports-color"},"author":{"name":"Sindre Sorhus","email":"sindresorhus@gmail.com","url":"http://sindresorhus.com"},"bin":{"supports-color":"cli.js"},"engines":{"node":">=0.10.0"},"scripts":{"test":"mocha"},"files":["index.js","cli.js"],"keywords":["cli","bin","color","colour","colors","terminal","console","cli","ansi","styles","tty","rgb","256","shell","xterm","command-line","support","supports","capability","detect"],"devDependencies":{"mocha":"*","require-uncached":"^1.0.2"},"gitHead":"95036ad1622e0c973ce9c09b93af8a6ebda6a56b","bugs":{"url":"https://github.com/sindresorhus/supports-color/issues"},"homepage":"https://github.com/sindresorhus/supports-color","_id":"supports-color@1.0.0","_shasum":"5e27d62fddbc2963b160e245c1445f966b0e79d5","_from":".","_npmVersion":"1.4.14","_npmUser":{"name":"sindresorhus","email":"sindresorhus@gmail.com"},"maintainers":[{"name":"sindresorhus","email":"sindresorhus@gmail.com"},{"name":"jbnicolai","email":"jappelman@xebia.com"}],"dist":{"shasum":"5e27d62fddbc2963b160e245c1445f966b0e79d5","tarball":"https://registry.npmjs.org/supports-color/-/supports-color-1.0.0.tgz"},"directories":{}},"1.1.0":{"name":"supports-color","version":"1.1.0","description":"Detect whether a terminal supports color","license":"MIT","repository":{"type":"git","url":"https://github.com/sindresorhus/supports-color"},"author":{"name":"Sindre Sorhus","email":"sindresorhus@gmail.com","url":"http://sindresorhus.com"},"bin":{"supports-color":"cli.js"},"engines":{"node":">=0.10.0"},"scripts":{"test":"mocha"},"files":["index.js","cli.js"],"keywords":["cli","bin","color","colour","colors","terminal","console","cli","ansi","styles","tty","rgb","256","shell","xterm","command-line","support","supports","capability","detect"],"devDependencies":{"mocha":"*","require-uncached":"^1.0.2"},"gitHead":"892801bea69ac9658e46378c06d069752aad9b83","bugs":{"url":"https://github.com/sindresorhus/supports-color/issues"},"homepage":"https://github.com/sindresorhus/supports-color","_id":"supports-color@1.1.0","_shasum":"fdc4b1a210121071505a2d1ef4d9f5d8fba7ef82","_from":".","_npmVersion":"1.4.23","_npmUser":{"name":"sindresorhus","email":"sindresorhus@gmail.com"},"maintainers":[{"name":"sindresorhus","email":"sindresorhus@gmail.com"},{"name":"jbnicolai","email":"jappelman@xebia.com"}],"dist":{"shasum":"fdc4b1a210121071505a2d1ef4d9f5d8fba7ef82","tarball":"https://registry.npmjs.org/supports-color/-/supports-color-1.1.0.tgz"},"directories":{}},"1.2.0":{"name":"supports-color","version":"1.2.0","description":"Detect whether a terminal supports color","license":"MIT","repository":{"type":"git","url":"https://github.com/sindresorhus/supports-color"},"author":{"name":"Sindre Sorhus","email":"sindresorhus@gmail.com","url":"http://sindresorhus.com"},"bin":{"supports-color":"cli.js"},"engines":{"node":">=0.10.0"},"scripts":{"test":"mocha"},"files":["index.js","cli.js"],"keywords":["cli","bin","color","colour","colors","terminal","console","cli","ansi","styles","tty","rgb","256","shell","xterm","command-line","support","supports","capability","detect"],"devDependencies":{"mocha":"*","require-uncached":"^1.0.2"},"gitHead":"e1815a472ebb59612e485096ae31a394e47d3c93","bugs":{"url":"https://github.com/sindresorhus/supports-color/issues"},"homepage":"https://github.com/sindresorhus/supports-color","_id":"supports-color@1.2.0","_shasum":"ff1ed1e61169d06b3cf2d588e188b18d8847e17e","_from":".","_npmVersion":"2.1.2","_nodeVersion":"0.10.32","_npmUser":{"name":"sindresorhus","email":"sindresorhus@gmail.com"},"maintainers":[{"name":"sindresorhus","email":"sindresorhus@gmail.com"},{"name":"jbnicolai","email":"jappelman@xebia.com"}],"dist":{"shasum":"ff1ed1e61169d06b3cf2d588e188b18d8847e17e","tarball":"https://registry.npmjs.org/supports-color/-/supports-color-1.2.0.tgz"},"directories":{}},"1.2.1":{"name":"supports-color","version":"1.2.1","description":"Detect whether a terminal supports color","license":"MIT","repository":{"type":"git","url":"https://github.com/sindresorhus/supports-color"},"author":{"name":"Sindre Sorhus","email":"sindresorhus@gmail.com","url":"http://sindresorhus.com"},"maintainers":[{"name":"sindresorhus","email":"sindresorhus@gmail.com"},{"name":"jbnicolai","email":"jappelman@xebia.com"}],"bin":{"supports-color":"cli.js"},"engines":{"node":">=0.8.0"},"scripts":{"test":"mocha"},"files":["index.js","cli.js"],"keywords":["cli","bin","color","colour","colors","terminal","console","cli","ansi","styles","tty","rgb","256","shell","xterm","command-line","support","supports","capability","detect"],"devDependencies":{"mocha":"*","require-uncached":"^1.0.2"},"gitHead":"ffe5e224bd24dc0410787b94e192d240be025aec","bugs":{"url":"https://github.com/sindresorhus/supports-color/issues"},"homepage":"https://github.com/sindresorhus/supports-color","_id":"supports-color@1.2.1","_shasum":"12ee21507086cd98c1058d9ec0f4ac476b7af3b2","_from":".","_npmVersion":"2.1.16","_nodeVersion":"0.10.35","_npmUser":{"name":"jbnicolai","email":"jappelman@xebia.com"},"dist":{"shasum":"12ee21507086cd98c1058d9ec0f4ac476b7af3b2","tarball":"https://registry.npmjs.org/supports-color/-/supports-color-1.2.1.tgz"},"directories":{}},"1.3.0":{"name":"supports-color","version":"1.3.0","description":"Detect whether a terminal supports color","license":"MIT","repository":{"type":"git","url":"https://github.com/sindresorhus/supports-color"},"author":{"name":"Sindre Sorhus","email":"sindresorhus@gmail.com","url":"sindresorhus.com"},"maintainers":[{"name":"sindresorhus","email":"sindresorhus@gmail.com"},{"name":"jbnicolai","email":"jappelman@xebia.com"}],"bin":{"supports-color":"cli.js"},"engines":{"node":">=0.8.0"},"scripts":{"test":"mocha"},"files":["index.js","cli.js"],"keywords":["cli","bin","color","colour","colors","terminal","console","cli","ansi","styles","tty","rgb","256","shell","xterm","command-line","support","supports","capability","detect"],"devDependencies":{"mocha":"*","require-uncached":"^1.0.2"},"gitHead":"6977091035fc1634eace9470a35e21262d84356a","bugs":{"url":"https://github.com/sindresorhus/supports-color/issues"},"homepage":"https://github.com/sindresorhus/supports-color","_id":"supports-color@1.3.0","_shasum":"ca7def134d8bf8163e1c92905a49a2e4439b72a0","_from":".","_npmVersion":"2.5.1","_nodeVersion":"0.12.0","_npmUser":{"name":"sindresorhus","email":"sindresorhus@gmail.com"},"dist":{"shasum":"ca7def134d8bf8163e1c92905a49a2e4439b72a0","tarball":"https://registry.npmjs.org/supports-color/-/supports-color-1.3.0.tgz"},"directories":{}},"1.3.1":{"name":"supports-color","version":"1.3.1","description":"Detect whether a terminal supports color","license":"MIT","repository":{"type":"git","url":"https://github.com/sindresorhus/supports-color"},"author":{"name":"Sindre Sorhus","email":"sindresorhus@gmail.com","url":"sindresorhus.com"},"maintainers":[{"name":"sindresorhus","email":"sindresorhus@gmail.com"},{"name":"jbnicolai","email":"jappelman@xebia.com"}],"bin":{"supports-color":"cli.js"},"engines":{"node":">=0.8.0"},"scripts":{"test":"mocha"},"files":["index.js","cli.js"],"keywords":["cli","bin","color","colour","colors","terminal","console","cli","ansi","styles","tty","rgb","256","shell","xterm","command-line","support","supports","capability","detect"],"devDependencies":{"mocha":"*","require-uncached":"^1.0.2"},"gitHead":"09f1b4c336cee7269b4c8b3a8880054a23fcb35e","bugs":{"url":"https://github.com/sindresorhus/supports-color/issues"},"homepage":"https://github.com/sindresorhus/supports-color","_id":"supports-color@1.3.1","_shasum":"15758df09d8ff3b4acc307539fabe27095e1042d","_from":".","_npmVersion":"2.5.1","_nodeVersion":"0.12.0","_npmUser":{"name":"sindresorhus","email":"sindresorhus@gmail.com"},"dist":{"shasum":"15758df09d8ff3b4acc307539fabe27095e1042d","tarball":"https://registry.npmjs.org/supports-color/-/supports-color-1.3.1.tgz"},"directories":{}},"2.0.0":{"name":"supports-color","version":"2.0.0","description":"Detect whether a terminal supports color","license":"MIT","repository":{"type":"git","url":"https://github.com/chalk/supports-color"},"author":{"name":"Sindre Sorhus","email":"sindresorhus@gmail.com","url":"sindresorhus.com"},"maintainers":[{"name":"sindresorhus","email":"sindresorhus@gmail.com"},{"name":"jbnicolai","email":"jappelman@xebia.com"}],"engines":{"node":">=0.8.0"},"scripts":{"test":"mocha"},"files":["index.js"],"keywords":["color","colour","colors","terminal","console","cli","ansi","styles","tty","rgb","256","shell","xterm","command-line","support","supports","capability","detect"],"devDependencies":{"mocha":"*","require-uncached":"^1.0.2"},"gitHead":"8400d98ade32b2adffd50902c06d9e725a5c6588","bugs":{"url":"https://github.com/chalk/supports-color/issues"},"homepage":"https://github.com/chalk/supports-color","_id":"supports-color@2.0.0","_shasum":"535d045ce6b6363fa40117084629995e9df324c7","_from":".","_npmVersion":"2.11.2","_nodeVersion":"0.12.5","_npmUser":{"name":"sindresorhus","email":"sindresorhus@gmail.com"},"dist":{"shasum":"535d045ce6b6363fa40117084629995e9df324c7","tarball":"https://registry.npmjs.org/supports-color/-/supports-color-2.0.0.tgz"},"directories":{}},"3.0.0":{"name":"supports-color","version":"3.0.0","description":"Detect whether a terminal supports color","license":"MIT","repository":{"type":"git","url":"https://github.com/chalk/supports-color"},"author":{"name":"Sindre Sorhus","email":"sindresorhus@gmail.com","url":"sindresorhus.com"},"maintainers":[{"name":"sindresorhus","email":"sindresorhus@gmail.com"},{"name":"jbnicolai","email":"jappelman@xebia.com"}],"engines":{"node":">=0.8.0"},"scripts":{"test":"mocha"},"files":["index.js"],"keywords":["color","colour","colors","terminal","console","cli","ansi","styles","tty","rgb","256","shell","xterm","command-line","support","supports","capability","detect"],"dependencies":{"has-flag":"^1.0.0"},"devDependencies":{"mocha":"*","require-uncached":"^1.0.2"},"gitHead":"5649000513a10f050abe8740760aabdfa0053d44","bugs":{"url":"https://github.com/chalk/supports-color/issues"},"homepage":"https://github.com/chalk/supports-color","_id":"supports-color@3.0.0","_shasum":"15f7652e0a478b18405800d9a3dab21a26e91b65","_from":".","_npmVersion":"2.11.2","_nodeVersion":"0.12.5","_npmUser":{"name":"sindresorhus","email":"sindresorhus@gmail.com"},"dist":{"shasum":"15f7652e0a478b18405800d9a3dab21a26e91b65","tarball":"https://registry.npmjs.org/supports-color/-/supports-color-3.0.0.tgz"},"directories":{}},"3.0.1":{"name":"supports-color","version":"3.0.1","description":"Detect whether a terminal supports color","license":"MIT","repository":{"type":"git","url":"https://github.com/chalk/supports-color"},"author":{"name":"Sindre Sorhus","email":"sindresorhus@gmail.com","url":"sindresorhus.com"},"maintainers":[{"name":"sindresorhus","email":"sindresorhus@gmail.com"},{"name":"jbnicolai","email":"jappelman@xebia.com"}],"engines":{"node":">=0.8.0"},"scripts":{"test":"mocha"},"files":["index.js"],"keywords":["color","colour","colors","terminal","console","cli","ansi","styles","tty","rgb","256","shell","xterm","command-line","support","supports","capability","detect","truecolor","16m","million"],"dependencies":{"has-flag":"^1.0.0"},"devDependencies":{"mocha":"*","require-uncached":"^1.0.2"},"gitHead":"10b2124bf28a5775d82e93f686d4ccae38921045","bugs":{"url":"https://github.com/chalk/supports-color/issues"},"homepage":"https://github.com/chalk/supports-color","_id":"supports-color@3.0.1","_shasum":"5044ef794ba979154745dfb77970c53e9b17908a","_from":".","_npmVersion":"2.11.2","_nodeVersion":"0.12.5","_npmUser":{"name":"sindresorhus","email":"sindresorhus@gmail.com"},"dist":{"shasum":"5044ef794ba979154745dfb77970c53e9b17908a","tarball":"https://registry.npmjs.org/supports-color/-/supports-color-3.0.1.tgz"},"directories":{}},"3.1.0":{"name":"supports-color","version":"3.1.0","description":"Detect whether a terminal supports color","license":"MIT","repository":{"type":"git","url":"https://github.com/chalk/supports-color"},"author":{"name":"Sindre Sorhus","email":"sindresorhus@gmail.com","url":"sindresorhus.com"},"maintainers":[{"name":"sindresorhus","email":"sindresorhus@gmail.com"},{"name":"jbnicolai","email":"jappelman@xebia.com"}],"browser":"browser.js","engines":{"node":">=0.8.0"},"scripts":{"test":"mocha"},"files":["index.js","browser.js"],"keywords":["color","colour","colors","terminal","console","cli","ansi","styles","tty","rgb","256","shell","xterm","command-line","support","supports","capability","detect","truecolor","16m","million"],"dependencies":{"has-flag":"^1.0.0"},"devDependencies":{"mocha":"*","require-uncached":"^1.0.2"},"gitHead":"1f42c42e6f131dcbbd791600ef27a9363064d076","bugs":{"url":"https://github.com/chalk/supports-color/issues"},"homepage":"https://github.com/chalk/supports-color","_id":"supports-color@3.1.0","_shasum":"71b1e2116bf51d24208768c9afa2e5f118d8ef61","_from":".","_npmVersion":"2.11.2","_nodeVersion":"0.12.5","_npmUser":{"name":"sindresorhus","email":"sindresorhus@gmail.com"},"dist":{"shasum":"71b1e2116bf51d24208768c9afa2e5f118d8ef61","tarball":"https://registry.npmjs.org/supports-color/-/supports-color-3.1.0.tgz"},"directories":{}},"3.1.1":{"name":"supports-color","version":"3.1.1","description":"Detect whether a terminal supports color","license":"MIT","repository":{"type":"git","url":"https://github.com/chalk/supports-color"},"author":{"name":"Sindre Sorhus","email":"sindresorhus@gmail.com","url":"sindresorhus.com"},"maintainers":[{"name":"sindresorhus","email":"sindresorhus@gmail.com"},{"name":"jbnicolai","email":"jappelman@xebia.com"}],"browser":"browser.js","engines":{"node":">=0.8.0"},"scripts":{"test":"xo && mocha","travis":"mocha"},"files":["index.js","browser.js"],"keywords":["color","colour","colors","terminal","console","cli","ansi","styles","tty","rgb","256","shell","xterm","command-line","support","supports","capability","detect","truecolor","16m","million"],"dependencies":{"has-flag":"^1.0.0"},"devDependencies":{"mocha":"*","require-uncached":"^1.0.2","xo":"*"},"xo":{"envs":["node","mocha"]},"gitHead":"9434c93918301a6b47faa01999482adfbf1b715c","bugs":{"url":"https://github.com/chalk/supports-color/issues"},"homepage":"https://github.com/chalk/supports-color","_id":"supports-color@3.1.1","_shasum":"10b730ea2c36e9f3790a035f71b007259260ec4b","_from":".","_npmVersion":"2.11.3","_nodeVersion":"0.12.7","_npmUser":{"name":"sindresorhus","email":"sindresorhus@gmail.com"},"dist":{"shasum":"10b730ea2c36e9f3790a035f71b007259260ec4b","tarball":"https://registry.npmjs.org/supports-color/-/supports-color-3.1.1.tgz"},"directories":{}},"3.1.2":{"name":"supports-color","version":"3.1.2","description":"Detect whether a terminal supports color","license":"MIT","repository":{"type":"git","url":"https://github.com/chalk/supports-color"},"author":{"name":"Sindre Sorhus","email":"sindresorhus@gmail.com","url":"sindresorhus.com"},"maintainers":[{"name":"sindresorhus","email":"sindresorhus@gmail.com"},{"name":"jbnicolai","email":"jappelman@xebia.com"}],"browser":"browser.js","engines":{"node":">=0.8.0"},"scripts":{"test":"xo && mocha","travis":"mocha"},"files":["index.js","browser.js"],"keywords":["color","colour","colors","terminal","console","cli","ansi","styles","tty","rgb","256","shell","xterm","command-line","support","supports","capability","detect","truecolor","16m","million"],"dependencies":{"has-flag":"^1.0.0"},"devDependencies":{"mocha":"*","require-uncached":"^1.0.2","xo":"*"},"xo":{"envs":["node","mocha"]},"gitHead":"d9e363732f48ad2bc6b936357246b55e136aa989","bugs":{"url":"https://github.com/chalk/supports-color/issues"},"homepage":"https://github.com/chalk/supports-color","_id":"supports-color@3.1.2","_shasum":"72a262894d9d408b956ca05ff37b2ed8a6e2a2d5","_from":".","_npmVersion":"2.14.4","_nodeVersion":"4.1.1","_npmUser":{"name":"sindresorhus","email":"sindresorhus@gmail.com"},"dist":{"shasum":"72a262894d9d408b956ca05ff37b2ed8a6e2a2d5","tarball":"https://registry.npmjs.org/supports-color/-/supports-color-3.1.2.tgz"},"directories":{}},"3.2.0":{"name":"supports-color","version":"3.2.0","description":"Detect whether a terminal supports color","license":"MIT","repository":{"type":"git","url":"git+https://github.com/chalk/supports-color.git"},"author":{"name":"Sindre Sorhus","email":"sindresorhus@gmail.com","url":"sindresorhus.com"},"maintainers":[{"name":"qix","email":"i.am.qix@gmail.com"},{"name":"sindresorhus","email":"sindresorhus@gmail.com"}],"browser":"browser.js","engines":{"node":">=0.8.0"},"scripts":{"test":"xo && mocha","travis":"mocha"},"files":["index.js","browser.js"],"keywords":["color","colour","colors","terminal","console","cli","ansi","styles","tty","rgb","256","shell","xterm","command-line","support","supports","capability","detect","truecolor","16m","million"],"dependencies":{"has-flag":"^1.0.0"},"devDependencies":{"mocha":"*","require-uncached":"^1.0.2","xo":"*"},"xo":{"envs":["node","mocha"]},"gitHead":"4b5e52409dde2286f9c5fc1ea513d700d4172a11","bugs":{"url":"https://github.com/chalk/supports-color/issues"},"homepage":"https://github.com/chalk/supports-color#readme","_id":"supports-color@3.2.0","_shasum":"c4c385da44edcf152136bfa7f3125aee9b0a4f16","_from":".","_npmVersion":"3.10.9","_nodeVersion":"7.2.0","_npmUser":{"name":"qix","email":"i.am.qix@gmail.com"},"dist":{"shasum":"c4c385da44edcf152136bfa7f3125aee9b0a4f16","tarball":"https://registry.npmjs.org/supports-color/-/supports-color-3.2.0.tgz"},"_npmOperationalInternal":{"host":"packages-12-west.internal.npmjs.com","tmp":"tmp/supports-color-3.2.0.tgz_1484524692724_0.9873743725474924"},"directories":{}},"3.2.1":{"name":"supports-color","version":"3.2.1","description":"Detect whether a terminal supports color","license":"MIT","repository":{"type":"git","url":"git+https://github.com/chalk/supports-color.git"},"author":{"name":"Sindre Sorhus","email":"sindresorhus@gmail.com","url":"sindresorhus.com"},"maintainers":[{"name":"qix","email":"i.am.qix@gmail.com"},{"name":"sindresorhus","email":"sindresorhus@gmail.com"}],"browser":"browser.js","engines":{"node":">=0.8.0"},"scripts":{"test":"xo && mocha","travis":"mocha"},"files":["index.js","browser.js"],"keywords":["color","colour","colors","terminal","console","cli","ansi","styles","tty","rgb","256","shell","xterm","command-line","support","supports","capability","detect","truecolor","16m","million"],"dependencies":{"has-flag":"^1.0.0"},"devDependencies":{"mocha":"*","require-uncached":"^1.0.2","xo":"*"},"xo":{"envs":["node","mocha"]},"gitHead":"4de3ce5a43fdb15615f9b7055124b21c6b59f5a3","bugs":{"url":"https://github.com/chalk/supports-color/issues"},"homepage":"https://github.com/chalk/supports-color#readme","_id":"supports-color@3.2.1","_shasum":"f15108573f33717782a5eaf7d1b4ce1cd2f2e693","_from":".","_npmVersion":"3.10.9","_nodeVersion":"7.2.0","_npmUser":{"name":"qix","email":"i.am.qix@gmail.com"},"dist":{"shasum":"f15108573f33717782a5eaf7d1b4ce1cd2f2e693","tarball":"https://registry.npmjs.org/supports-color/-/supports-color-3.2.1.tgz"},"_npmOperationalInternal":{"host":"packages-12-west.internal.npmjs.com","tmp":"tmp/supports-color-3.2.1.tgz_1484525436130_0.994121718686074"},"directories":{}},"3.2.2":{"name":"supports-color","version":"3.2.2","description":"Detect whether a terminal supports color","license":"MIT","repository":{"type":"git","url":"git+https://github.com/chalk/supports-color.git"},"author":{"name":"Sindre Sorhus","email":"sindresorhus@gmail.com","url":"sindresorhus.com"},"maintainers":[{"name":"qix","email":"i.am.qix@gmail.com"},{"name":"sindresorhus","email":"sindresorhus@gmail.com"}],"browser":"browser.js","engines":{"node":">=0.8.0"},"scripts":{"test":"xo && mocha","travis":"mocha"},"files":["index.js","browser.js"],"keywords":["color","colour","colors","terminal","console","cli","ansi","styles","tty","rgb","256","shell","xterm","command-line","support","supports","capability","detect","truecolor","16m","million"],"dependencies":{"has-flag":"^1.0.0"},"devDependencies":{"mocha":"*","require-uncached":"^1.0.2","xo":"*"},"xo":{"envs":["node","mocha"]},"gitHead":"e2f8b6b7137dedcec6c3c58194d09730df659395","bugs":{"url":"https://github.com/chalk/supports-color/issues"},"homepage":"https://github.com/chalk/supports-color#readme","_id":"supports-color@3.2.2","_shasum":"c3eb919f3aed5fb659538822e7a42393a78e85b4","_from":".","_npmVersion":"3.10.9","_nodeVersion":"7.2.0","_npmUser":{"name":"qix","email":"i.am.qix@gmail.com"},"dist":{"shasum":"c3eb919f3aed5fb659538822e7a42393a78e85b4","tarball":"https://registry.npmjs.org/supports-color/-/supports-color-3.2.2.tgz"},"_npmOperationalInternal":{"host":"packages-12-west.internal.npmjs.com","tmp":"tmp/supports-color-3.2.2.tgz_1484525960843_0.01745234290137887"},"directories":{}},"3.2.3":{"name":"supports-color","version":"3.2.3","description":"Detect whether a terminal supports color","license":"MIT","repository":{"type":"git","url":"git+https://github.com/chalk/supports-color.git"},"author":{"name":"Sindre Sorhus","email":"sindresorhus@gmail.com","url":"sindresorhus.com"},"maintainers":[{"name":"qix","email":"i.am.qix@gmail.com"},{"name":"sindresorhus","email":"sindresorhus@gmail.com"}],"browser":"browser.js","engines":{"node":">=0.8.0"},"scripts":{"test":"xo && mocha","travis":"mocha"},"files":["index.js","browser.js"],"keywords":["color","colour","colors","terminal","console","cli","ansi","styles","tty","rgb","256","shell","xterm","command-line","support","supports","capability","detect","truecolor","16m","million"],"dependencies":{"has-flag":"^1.0.0"},"devDependencies":{"mocha":"*","require-uncached":"^1.0.2","xo":"*"},"xo":{"envs":["node","mocha"]},"gitHead":"c2394c1f77a0f64c4b2d0db33a3df3b841e6fc15","bugs":{"url":"https://github.com/chalk/supports-color/issues"},"homepage":"https://github.com/chalk/supports-color#readme","_id":"supports-color@3.2.3","_shasum":"65ac0504b3954171d8a64946b2ae3cbb8a5f54f6","_from":".","_npmVersion":"3.10.9","_nodeVersion":"7.2.0","_npmUser":{"name":"qix","email":"i.am.qix@gmail.com"},"dist":{"shasum":"65ac0504b3954171d8a64946b2ae3cbb8a5f54f6","tarball":"https://registry.npmjs.org/supports-color/-/supports-color-3.2.3.tgz"},"_npmOperationalInternal":{"host":"packages-12-west.internal.npmjs.com","tmp":"tmp/supports-color-3.2.3.tgz_1484526472497_0.7697830176912248"},"directories":{}}},"readme":"# supports-color [![Build Status](https://travis-ci.org/chalk/supports-color.svg?branch=master)](https://travis-ci.org/chalk/supports-color)\n\n> Detect whether a terminal supports color\n\n\n## Install\n\n```\n$ npm install --save supports-color\n```\n\n\n## Usage\n\n```js\nvar supportsColor = require('supports-color');\n\nif (supportsColor) {\n\tconsole.log('Terminal supports color');\n}\n\nif (supportsColor.has256) {\n\tconsole.log('Terminal supports 256 colors');\n}\n\nif (supportsColor.has16m) {\n\tconsole.log('Terminal supports 16 million colors (truecolor)');\n}\n```\n\n\n## API\n\nReturns an `object`, or `false` if color is not supported.\n\nThe returned object specifies a level of support for color through a `.level` property and a corresponding flag:\n\n- `.level = 1` and `.hasBasic = true`: Basic color support (16 colors)\n- `.level = 2` and `.has256 = true`: 256 color support\n- `.level = 3` and `.has16m = true`: 16 million (truecolor) support\n\n\n## Info\n\nIt obeys the `--color` and `--no-color` CLI flags.\n\nFor situations where using `--color` is not possible, add an environment variable `FORCE_COLOR` with any value to force color. Trumps `--no-color`.\n\nExplicit 256/truecolor mode can be enabled using the `--color=256` and `--color=16m` flags, respectively.\n\n\n## Related\n\n- [supports-color-cli](https://github.com/chalk/supports-color-cli) - CLI for this module\n- [chalk](https://github.com/chalk/chalk) - Terminal string styling done right\n\n\n## License\n\nMIT © [Sindre Sorhus](http://sindresorhus.com)\n","maintainers":[{"name":"dthree","email":"threedeecee@gmail.com"},{"name":"qix","email":"i.am.qix@gmail.com"},{"name":"sindresorhus","email":"sindresorhus@gmail.com"}],"time":{"modified":"2017-03-24T03:21:06.866Z","created":"2014-06-14T01:45:57.033Z","0.2.0":"2014-06-14T01:45:57.033Z","1.0.0":"2014-08-13T16:35:11.503Z","1.1.0":"2014-08-19T23:31:57.814Z","1.2.0":"2014-10-12T21:36:25.330Z","1.2.1":"2015-02-22T09:28:35.164Z","1.3.0":"2015-02-23T06:58:50.877Z","1.3.1":"2015-03-16T10:58:24.112Z","2.0.0":"2015-06-30T22:58:34.955Z","3.0.0":"2015-07-15T23:40:25.242Z","3.0.1":"2015-07-16T20:43:38.209Z","3.1.0":"2015-07-18T14:26:04.931Z","3.1.1":"2015-09-02T19:04:25.188Z","3.1.2":"2015-10-13T11:20:54.814Z","3.2.0":"2017-01-15T23:58:12.939Z","3.2.1":"2017-01-16T00:10:36.346Z","3.2.2":"2017-01-16T00:19:21.083Z","3.2.3":"2017-01-16T00:27:52.732Z"},"homepage":"https://github.com/chalk/supports-color#readme","keywords":["color","colour","colors","terminal","console","cli","ansi","styles","tty","rgb","256","shell","xterm","command-line","support","supports","capability","detect","truecolor","16m","million"],"repository":{"type":"git","url":"git+https://github.com/chalk/supports-color.git"},"author":{"name":"Sindre Sorhus","email":"sindresorhus@gmail.com","url":"sindresorhus.com"},"bugs":{"url":"https://github.com/chalk/supports-color/issues"},"license":"MIT","readmeFilename":"readme.md","users":{"jbnicolai":true,"j3kz":true,"ahmed-dinar":true,"mojaray2k":true,"michalskuza":true},"_attachments":{},"_etag":"W/\"58d490a2-68fc\"","_lastModified":"Fri, 24 Mar 2017 03:21:06 GMT","_cached":true}