<?xml version='1.0' encoding='UTF-8'?><ListBucketResult xmlns='http://doc.s3.amazonaws.com/2006-03-01'><Name>selenium-release</Name><Prefix></Prefix><Marker></Marker><IsTruncated>false</IsTruncated><Contents><Key>2.39/IEDriverServer_Win32_2.39.0.zip</Key><Generation>1389651460351000</Generation><MetaGeneration>4</MetaGeneration><LastModified>2014-01-13T22:17:40.327Z</LastModified><ETag>"bd4bc2b77a04999148e7fab974336e99"</ETag><Size>836478</Size><Owner/></Contents><Contents><Key>2.39/IEDriverServer_x64_2.39.0.zip</Key><Generation>1389651273362000</Generation><MetaGeneration>2</MetaGeneration><LastModified>2014-01-13T22:14:33.323Z</LastModified><ETag>"7d19f3d7ffb9cb40fc26cc38885b9160"</ETag><Size>946479</Size><Owner/></Contents><Contents><Key>2.39/selenium-dotnet-2.39.0.zip</Key><Generation>1389651287806000</Generation><MetaGeneration>2</MetaGeneration><LastModified>2014-01-13T22:14:47.774Z</LastModified><ETag>"e5d82bd497eff0bf3a3990cb746a2680"</ETag><Size>10263239</Size><Owner/></Contents><Contents><Key>2.39/selenium-dotnet-strongnamed-2.39.0.zip</Key><Generation>1389651300568000</Generation><MetaGeneration>2</MetaGeneration><LastModified>2014-01-13T22:15:00.557Z</LastModified><ETag>"2b8e3938ada2d1b4d9bbf76a7430bbe6"</ETag><Size>7973108</Size><Owner/></Contents><Contents><Key>2.39/selenium-java-2.39.0.zip</Key><Generation>1389651222570000</Generation><MetaGeneration>2</MetaGeneration><LastModified>2014-01-13T22:13:42.435Z</LastModified><ETag>"0fc6c9fd784fdcfce482878dfa1002e6"</ETag><Size>24502128</Size><Owner/></Contents><Contents><Key>2.39/selenium-server-2.39.0.zip</Key><Generation>1389651450563000</Generation><MetaGeneration>2</MetaGeneration><LastModified>2014-01-13T22:17:30.509Z</LastModified><ETag>"4adf11c3c5b9310a94ce41ee76fe331d"</ETag><Size>65552312</Size><Owner/></Contents><Contents><Key>2.39/selenium-server-standalone-2.39.0.jar</Key><Generation>1389651272031000</Generation><MetaGeneration>2</MetaGeneration><LastModified>2014-01-13T22:14:31.988Z</LastModified><ETag>"7c2d1e12c1a9e445193967314fa72d85"</ETag><Size>34603971</Size><Owner/></Contents><Contents><Key>2.40/</Key><Generation>1393275456335000</Generation><MetaGeneration>1</MetaGeneration><LastModified>2014-02-24T20:57:36.135Z</LastModified><ETag>"d41d8cd98f00b204e9800998ecf8427e"</ETag><Size>0</Size><Owner/></Contents><Contents><Key>2.40/IEDriverServer_Win32_2.40.0.zip</Key><Generation>1393275747841000</Generation><MetaGeneration>2</MetaGeneration><LastModified>2014-02-24T21:02:27.758Z</LastModified><ETag>"90c495b4bcd5e86c0a2e5c5c4ac16369"</ETag><Size>847357</Size><Owner/></Contents><Contents><Key>2.40/IEDriverServer_x64_2.40.0.zip</Key><Generation>1393275749634000</Generation><MetaGeneration>2</MetaGeneration><LastModified>2014-02-24T21:02:29.563Z</LastModified><ETag>"7769f840dc566657efe0a1268ec24904"</ETag><Size>954035</Size><Owner/></Contents><Contents><Key>2.40/selenium-dotnet-2.40.0.zip</Key><Generation>1393275764323000</Generation><MetaGeneration>2</MetaGeneration><LastModified>2014-02-24T21:02:44.181Z</LastModified><ETag>"88fda538060fab5cf28cc6a90deeabdc"</ETag><Size>10569695</Size><Owner/></Contents><Contents><Key>2.40/selenium-dotnet-strongnamed-2.40.0.zip</Key><Generation>1393275775115000</Generation><MetaGeneration>2</MetaGeneration><LastModified>2014-02-24T21:02:55.085Z</LastModified><ETag>"2882e8f3fc6a753c282118fe75a08ce2"</ETag><Size>8186128</Size><Owner/></Contents><Contents><Key>2.40/selenium-java-2.40.0.zip</Key><Generation>1393275805096000</Generation><MetaGeneration>2</MetaGeneration><LastModified>2014-02-24T21:03:24.715Z</LastModified><ETag>"36552f3a2eeacf74b32425288aea82d3"</ETag><Size>24024159</Size><Owner/></Contents><Contents><Key>2.40/selenium-server-2.40.0.zip</Key><Generation>1393275895609000</Generation><MetaGeneration>2</MetaGeneration><LastModified>2014-02-24T21:04:55.601Z</LastModified><ETag>"06d33598488f9a76a32d67c42966f47d"</ETag><Size>65442635</Size><Owner/></Contents><Contents><Key>2.40/selenium-server-standalone-2.40.0.jar</Key><Generation>1393275943933000</Generation><MetaGeneration>2</MetaGeneration><LastModified>2014-02-24T21:05:43.903Z</LastModified><ETag>"b6df2212bf7512414c569dcb0fd0a171"</ETag><Size>34561710</Size><Owner/></Contents><Contents><Key>2.41/IEDriverServer_Win32_2.41.0.zip</Key><Generation>1395955776889000</Generation><MetaGeneration>1</MetaGeneration><LastModified>2014-03-27T21:29:36.889Z</LastModified><ETag>"c676276cc4b5bca71b3872dabdd3af7f"</ETag><Size>847387</Size><Owner/></Contents><Contents><Key>2.41/IEDriverServer_x64_2.41.0.zip</Key><Generation>1395955778952000</Generation><MetaGeneration>1</MetaGeneration><LastModified>2014-03-27T21:29:38.952Z</LastModified><ETag>"4acb8e7be4a8015c31c00d02e6f05a51"</ETag><Size>953293</Size><Owner/></Contents><Contents><Key>2.41/selenium-dotnet-2.41.0.zip</Key><Generation>1395955796718000</Generation><MetaGeneration>1</MetaGeneration><LastModified>2014-03-27T21:29:56.717Z</LastModified><ETag>"68635da247aa1a9e3586cba447ecddac"</ETag><Size>10553191</Size><Owner/></Contents><Contents><Key>2.41/selenium-dotnet-strongnamed-2.41.0.zip</Key><Generation>1395955786909000</Generation><MetaGeneration>1</MetaGeneration><LastModified>2014-03-27T21:29:46.909Z</LastModified><ETag>"808c981801499ea8697bfe568558bfff"</ETag><Size>8183099</Size><Owner/></Contents><Contents><Key>2.41/selenium-java-2.41.0.zip</Key><Generation>1395955715679000</Generation><MetaGeneration>1</MetaGeneration><LastModified>2014-03-27T21:28:35.679Z</LastModified><ETag>"4b73c40305138ace32e2379a4d4d62c2"</ETag><Size>24027815</Size><Owner/></Contents><Contents><Key>2.41/selenium-server-2.41.0.zip</Key><Generation>1395955774857000</Generation><MetaGeneration>1</MetaGeneration><LastModified>2014-03-27T21:29:34.857Z</LastModified><ETag>"f7ffc1c2ae6e72dc1bafe5c62467634e"</ETag><Size>65451053</Size><Owner/></Contents><Contents><Key>2.41/selenium-server-standalone-2.41.0.jar</Key><Generation>1395955550351000</Generation><MetaGeneration>1</MetaGeneration><LastModified>2014-03-27T21:25:50.351Z</LastModified><ETag>"00042f9912c55a6191d7b3fe01239135"</ETag><Size>34564662</Size><Owner/></Contents><Contents><Key>2.42/IEDriverServer_Win32_2.42.0.zip</Key><Generation>1401207468930000</Generation><MetaGeneration>1</MetaGeneration><LastModified>2014-05-27T16:17:48.930Z</LastModified><ETag>"c1698989012a8f87b61905445fb7a07f"</ETag><Size>828671</Size><Owner/></Contents><Contents><Key>2.42/IEDriverServer_x64_2.42.0.zip</Key><Generation>1401207468006000</Generation><MetaGeneration>1</MetaGeneration><LastModified>2014-05-27T16:17:48.005Z</LastModified><ETag>"3401f66ad84a58f1210c485c41bf3e92"</ETag><Size>932617</Size><Owner/></Contents><Contents><Key>2.42/selenium-dotnet-2.42.0.zip</Key><Generation>1401207466741000</Generation><MetaGeneration>1</MetaGeneration><LastModified>2014-05-27T16:17:46.741Z</LastModified><ETag>"3d116682c1b90893df44d685c937ebf2"</ETag><Size>10717020</Size><Owner/></Contents><Contents><Key>2.42/selenium-dotnet-strongnamed-2.42.0.zip</Key><Generation>1401207378479000</Generation><MetaGeneration>1</MetaGeneration><LastModified>2014-05-27T16:16:18.478Z</LastModified><ETag>"e55876c43bae82069ed78ea832f19a13"</ETag><Size>8398809</Size><Owner/></Contents><Contents><Key>2.42/selenium-java-2.42.0.zip</Key><Generation>1400790620379000</Generation><MetaGeneration>1</MetaGeneration><LastModified>2014-05-22T20:30:20.379Z</LastModified><ETag>"bfcf8d9e36527df062e7e25ba5149828"</ETag><Size>24718528</Size><Owner/></Contents><Contents><Key>2.42/selenium-java-2.42.1.zip</Key><Generation>1401380372806000</Generation><MetaGeneration>1</MetaGeneration><LastModified>2014-05-29T16:19:32.806Z</LastModified><ETag>"ee1f4b0d5694c00aaf61418e1c91edb6"</ETag><Size>24719003</Size><Owner/></Contents><Contents><Key>2.42/selenium-java-2.42.2.zip</Key><Generation>1401818055978000</Generation><MetaGeneration>1</MetaGeneration><LastModified>2014-06-03T17:54:15.977Z</LastModified><ETag>"fca86bfb72a2d2bba73d347d5d79c9ed"</ETag><Size>24718924</Size><Owner/></Contents><Contents><Key>2.42/selenium-server-2.42.0.zip</Key><Generation>1400790628249000</Generation><MetaGeneration>1</MetaGeneration><LastModified>2014-05-22T20:30:28.249Z</LastModified><ETag>"3689cbdd67aecbb72524ead8727d69da"</ETag><Size>65936608</Size><Owner/></Contents><Contents><Key>2.42/selenium-server-2.42.1.zip</Key><Generation>1401380380473000</Generation><MetaGeneration>1</MetaGeneration><LastModified>2014-05-29T16:19:40.472Z</LastModified><ETag>"305e27647fe82b3997870661195424b0"</ETag><Size>65937502</Size><Owner/></Contents><Contents><Key>2.42/selenium-server-2.42.2.zip</Key><Generation>1401818048595000</Generation><MetaGeneration>1</MetaGeneration><LastModified>2014-06-03T17:54:08.594Z</LastModified><ETag>"dee5d14023e66e856c21cd3219f58a8c"</ETag><Size>65937565</Size><Owner/></Contents><Contents><Key>2.42/selenium-server-standalone-2.42.0.jar</Key><Generation>1400790616797000</Generation><MetaGeneration>1</MetaGeneration><LastModified>2014-05-22T20:30:16.797Z</LastModified><ETag>"0a67614b436e525dccc0e6b972333bb3"</ETag><Size>34823093</Size><Owner/></Contents><Contents><Key>2.42/selenium-server-standalone-2.42.1.jar</Key><Generation>1401380385464000</Generation><MetaGeneration>1</MetaGeneration><LastModified>2014-05-29T16:19:45.464Z</LastModified><ETag>"5359263800a6ca39db5fe7fc04c6f955"</ETag><Size>34823352</Size><Owner/></Contents><Contents><Key>2.42/selenium-server-standalone-2.42.2.jar</Key><Generation>1401818052575000</Generation><MetaGeneration>1</MetaGeneration><LastModified>2014-06-03T17:54:12.574Z</LastModified><ETag>"e357c6c0a757311b0da571abd7386cac"</ETag><Size>34823352</Size><Owner/></Contents><Contents><Key>2.43/</Key><Generation>1410297711522000</Generation><MetaGeneration>1</MetaGeneration><LastModified>2014-09-09T21:21:51.522Z</LastModified><ETag>"d41d8cd98f00b204e9800998ecf8427e"</ETag><Size>0</Size><Owner/></Contents><Contents><Key>2.43/IEDriverServer_Win32_2.43.0.zip</Key><Generation>1410303583230000</Generation><MetaGeneration>1</MetaGeneration><LastModified>2014-09-09T22:59:43.230Z</LastModified><ETag>"ea66ca4650e992563a5d9953845cced4"</ETag><Size>848613</Size><Owner/></Contents><Contents><Key>2.43/IEDriverServer_x64_2.43.0.zip</Key><Generation>1410303584504000</Generation><MetaGeneration>1</MetaGeneration><LastModified>2014-09-09T22:59:44.504Z</LastModified><ETag>"93bcebb71836238ee8f07b34a097957a"</ETag><Size>956463</Size><Owner/></Contents><Contents><Key>2.43/selenium-dotnet-2.43.0.zip</Key><Generation>1410303592142000</Generation><MetaGeneration>1</MetaGeneration><LastModified>2014-09-09T22:59:52.142Z</LastModified><ETag>"e259d1b03fae6bd6ac92240762b2db78"</ETag><Size>10827845</Size><Owner/></Contents><Contents><Key>2.43/selenium-dotnet-2.43.1.zip</Key><Generation>1410363917507000</Generation><MetaGeneration>1</MetaGeneration><LastModified>2014-09-10T15:45:17.507Z</LastModified><ETag>"7ae5696c1d8c9d6c1cb2328ea00f949d"</ETag><Size>10826432</Size><Owner/></Contents><Contents><Key>2.43/selenium-dotnet-strongnamed-2.43.0.zip</Key><Generation>1410303597657000</Generation><MetaGeneration>1</MetaGeneration><LastModified>2014-09-09T22:59:57.656Z</LastModified><ETag>"99a7bd4e768dc610e972110e52a88785"</ETag><Size>8522136</Size><Owner/></Contents><Contents><Key>2.43/selenium-dotnet-strongnamed-2.43.1.zip</Key><Generation>1410363931035000</Generation><MetaGeneration>1</MetaGeneration><LastModified>2014-09-10T15:45:31.035Z</LastModified><ETag>"def97d3025cf04e49d81fa87563de600"</ETag><Size>8521824</Size><Owner/></Contents><Contents><Key>2.43/selenium-java-2.43.0.zip</Key><Generation>1410297846078000</Generation><MetaGeneration>2</MetaGeneration><LastModified>2014-09-09T21:24:06.077Z</LastModified><ETag>"a95de6755ba65701e9a1be3213a0e39f"</ETag><Size>24808348</Size><Owner/></Contents><Contents><Key>2.43/selenium-java-2.43.1.zip</Key><Generation>1410367238755000</Generation><MetaGeneration>1</MetaGeneration><LastModified>2014-09-10T16:40:38.755Z</LastModified><ETag>"7c52aedf62c32ee1e149b860bd986463"</ETag><Size>24808227</Size><Owner/></Contents><Contents><Key>2.43/selenium-server-2.43.0.zip</Key><Generation>1410297856315000</Generation><MetaGeneration>2</MetaGeneration><LastModified>2014-09-09T21:24:16.315Z</LastModified><ETag>"44c3497421b8467e8209430e551fe79e"</ETag><Size>65595124</Size><Owner/></Contents><Contents><Key>2.43/selenium-server-2.43.1.zip</Key><Generation>1410367202969000</Generation><MetaGeneration>1</MetaGeneration><LastModified>2014-09-10T16:40:02.968Z</LastModified><ETag>"36b667413b2f35a0f911d560717fff3a"</ETag><Size>65595145</Size><Owner/></Contents><Contents><Key>2.43/selenium-server-standalone-2.43.0.jar</Key><Generation>1410297896124000</Generation><MetaGeneration>2</MetaGeneration><LastModified>2014-09-09T21:24:56.123Z</LastModified><ETag>"eead2ce13843c4c12609bf8b5e4a79b5"</ETag><Size>34932130</Size><Owner/></Contents><Contents><Key>2.43/selenium-server-standalone-2.43.1.jar</Key><Generation>1410367129025000</Generation><MetaGeneration>1</MetaGeneration><LastModified>2014-09-10T16:38:49.025Z</LastModified><ETag>"6b95d6fe34b69f2ec180bf70e040f182"</ETag><Size>34932047</Size><Owner/></Contents><Contents><Key>2.44/IEDriverServer_Win32_2.44.0.zip</Key><Generation>1414099419682000</Generation><MetaGeneration>1</MetaGeneration><LastModified>2014-10-23T21:23:39.682Z</LastModified><ETag>"1d177d00dd1267556520973516491081"</ETag><Size>837259</Size><Owner/></Contents><Contents><Key>2.44/IEDriverServer_x64_2.44.0.zip</Key><Generation>1414099418401000</Generation><MetaGeneration>1</MetaGeneration><LastModified>2014-10-23T21:23:38.401Z</LastModified><ETag>"a7335ef03f8aec1a6d5de219ad4689d6"</ETag><Size>938552</Size><Owner/></Contents><Contents><Key>2.44/selenium-dotnet-2.44.0.zip</Key><Generation>1414099417067000</Generation><MetaGeneration>1</MetaGeneration><LastModified>2014-10-23T21:23:37.066Z</LastModified><ETag>"93b4eeb12fe78b538f264c7edcd4aee4"</ETag><Size>10826934</Size><Owner/></Contents><Contents><Key>2.44/selenium-dotnet-strongnamed-2.44.0.zip</Key><Generation>1414099411488000</Generation><MetaGeneration>1</MetaGeneration><LastModified>2014-10-23T21:23:31.488Z</LastModified><ETag>"1fe340569f274796a66e9870f5dc0c9e"</ETag><Size>8522043</Size><Owner/></Contents><Contents><Key>2.44/selenium-java-2.44.0.zip</Key><Generation>1414094843049000</Generation><MetaGeneration>1</MetaGeneration><LastModified>2014-10-23T20:07:23.049Z</LastModified><ETag>"4064c33f4aa3163d00adcab065184847"</ETag><Size>24972017</Size><Owner/></Contents><Contents><Key>2.44/selenium-server-2.44.0.zip</Key><Generation>1414094847025000</Generation><MetaGeneration>1</MetaGeneration><LastModified>2014-10-23T20:07:27.025Z</LastModified><ETag>"32a9c19529390d6f432fdfee48a13dc9"</ETag><Size>33629243</Size><Owner/></Contents><Contents><Key>2.44/selenium-server-standalone-2.44.0.jar</Key><Generation>1414094850765000</Generation><MetaGeneration>1</MetaGeneration><LastModified>2014-10-23T20:07:30.765Z</LastModified><ETag>"6514fd7c3869e2699f8c2a16868da336"</ETag><Size>35169724</Size><Owner/></Contents><Contents><Key>2.45/IEDriverServer_Win32_2.45.0.zip</Key><Generation>1425061088253000</Generation><MetaGeneration>1</MetaGeneration><LastModified>2015-02-27T18:18:08.253Z</LastModified><ETag>"dde210e04e5c1b0d6019fd8a1199df18"</ETag><Size>845190</Size><Owner/></Contents><Contents><Key>2.45/IEDriverServer_x64_2.45.0.zip</Key><Generation>1425061089687000</Generation><MetaGeneration>1</MetaGeneration><LastModified>2015-02-27T18:18:09.687Z</LastModified><ETag>"fc9e083200dfdc35d837a586927a1f86"</ETag><Size>947768</Size><Owner/></Contents><Contents><Key>2.45/SafariDriver.safariextz</Key><Generation>1424995659647000</Generation><MetaGeneration>1</MetaGeneration><LastModified>2015-02-27T00:07:39.647Z</LastModified><ETag>"8f6c341f8fb6a8b89801ae532c68e1b1"</ETag><Size>222394</Size><Owner/></Contents><Contents><Key>2.45/selenium-dotnet-2.45.0.zip</Key><Generation>1425061087348000</Generation><MetaGeneration>1</MetaGeneration><LastModified>2015-02-27T18:18:07.348Z</LastModified><ETag>"9b172ad6a96cf497867be0efbe9acac8"</ETag><Size>10620606</Size><Owner/></Contents><Contents><Key>2.45/selenium-dotnet-strongnamed-2.45.0.zip</Key><Generation>1425061075724000</Generation><MetaGeneration>1</MetaGeneration><LastModified>2015-02-27T18:17:55.724Z</LastModified><ETag>"ff51ed60c1b04255649f6f28e13e4207"</ETag><Size>8256185</Size><Owner/></Contents><Contents><Key>2.45/selenium-java-2.45.0.zip</Key><Generation>1425597139747000</Generation><MetaGeneration>1</MetaGeneration><LastModified>2015-03-05T23:12:19.747Z</LastModified><ETag>"5adf84e7eb9f7b32e1b6a1d59cb93769"</ETag><Size>25065632</Size><Owner/></Contents><Contents><Key>2.45/selenium-server-2.45.0.zip</Key><Generation>1424995656643000</Generation><MetaGeneration>1</MetaGeneration><LastModified>2015-02-27T00:07:36.643Z</LastModified><ETag>"5034f099c70533fbac38f0c246101b9b"</ETag><Size>33728675</Size><Owner/></Contents><Contents><Key>2.45/selenium-server-standalone-2.45.0.jar</Key><Generation>1424995653143000</Generation><MetaGeneration>1</MetaGeneration><LastModified>2015-02-27T00:07:33.143Z</LastModified><ETag>"a62db4c36e230a936455aaacda9340a8"</ETag><Size>35269077</Size><Owner/></Contents><Contents><Key>2.46/IEDriverServer_Win32_2.46.0.zip</Key><Generation>1433436751588000</Generation><MetaGeneration>1</MetaGeneration><LastModified>2015-06-04T16:52:31.587Z</LastModified><ETag>"93616ec22088413ff9d8dec978d94474"</ETag><Size>845301</Size><Owner/></Contents><Contents><Key>2.46/IEDriverServer_x64_2.46.0.zip</Key><Generation>1433436753199000</Generation><MetaGeneration>1</MetaGeneration><LastModified>2015-06-04T16:52:33.198Z</LastModified><ETag>"8ec1fa632d2d5033627340ab5a0b5ba8"</ETag><Size>949507</Size><Owner/></Contents><Contents><Key>2.46/selenium-dotnet-2.46.0.zip</Key><Generation>1433436749761000</Generation><MetaGeneration>1</MetaGeneration><LastModified>2015-06-04T16:52:29.760Z</LastModified><ETag>"b30935983b25f71220f04e7bf8ec8f91"</ETag><Size>10741277</Size><Owner/></Contents><Contents><Key>2.46/selenium-dotnet-strongnamed-2.46.0.zip</Key><Generation>1433436733747000</Generation><MetaGeneration>1</MetaGeneration><LastModified>2015-06-04T16:52:13.747Z</LastModified><ETag>"986d662e5df7e836dae5dbb5481163e9"</ETag><Size>8282587</Size><Owner/></Contents><Contents><Key>2.46/selenium-java-2.46.0.zip</Key><Generation>1433436793674000</Generation><MetaGeneration>1</MetaGeneration><LastModified>2015-06-04T16:53:13.673Z</LastModified><ETag>"f00645a5a25145891d092628b352766f"</ETag><Size>21577432</Size><Owner/></Contents><Contents><Key>2.46/selenium-server-2.46.0.zip</Key><Generation>1433436851227000</Generation><MetaGeneration>1</MetaGeneration><LastModified>2015-06-04T16:54:11.226Z</LastModified><ETag>"03c4c4564bbd27188537fbe75dfb30a6"</ETag><Size>30264668</Size><Owner/></Contents><Contents><Key>2.46/selenium-server-standalone-2.46.0.jar</Key><Generation>1433436909172000</Generation><MetaGeneration>1</MetaGeneration><LastModified>2015-06-04T16:55:09.171Z</LastModified><ETag>"0e9f78edf114943e4f0288bf9c2157f8"</ETag><Size>31750379</Size><Owner/></Contents><Contents><Key>2.47/IEDriverServer_Win32_2.47.0.zip</Key><Generation>1438211419905000</Generation><MetaGeneration>1</MetaGeneration><LastModified>2015-07-29T23:10:19.905Z</LastModified><ETag>"8d737f709699cc194af303660e47dfc4"</ETag><Size>853121</Size><Owner/></Contents><Contents><Key>2.47/IEDriverServer_x64_2.47.0.zip</Key><Generation>1438211421513000</Generation><MetaGeneration>1</MetaGeneration><LastModified>2015-07-29T23:10:21.513Z</LastModified><ETag>"54348baafb1f1bebc1480e42aa0b53f4"</ETag><Size>957549</Size><Owner/></Contents><Contents><Key>2.47/selenium-dotnet-2.47.0.zip</Key><Generation>1438211418677000</Generation><MetaGeneration>1</MetaGeneration><LastModified>2015-07-29T23:10:18.676Z</LastModified><ETag>"5ec0d6d3b2af1b9c979c89e85631682a"</ETag><Size>9986793</Size><Owner/></Contents><Contents><Key>2.47/selenium-dotnet-strongnamed-2.47.0.zip</Key><Generation>1438211397718000</Generation><MetaGeneration>1</MetaGeneration><LastModified>2015-07-29T23:09:57.717Z</LastModified><ETag>"81568794db745688c02b414129eeca24"</ETag><Size>7477134</Size><Owner/></Contents><Contents><Key>2.47/selenium-java-2.47.0.zip</Key><Generation>1438211462757000</Generation><MetaGeneration>1</MetaGeneration><LastModified>2015-07-29T23:11:02.756Z</LastModified><ETag>"60b24204e7167403144dfd18d7f7bb0b"</ETag><Size>21596730</Size><Owner/></Contents><Contents><Key>2.47/selenium-java-2.47.1.zip</Key><Generation>1438226432178000</Generation><MetaGeneration>1</MetaGeneration><LastModified>2015-07-30T03:20:32.177Z</LastModified><ETag>"5ec584d0455fc95773b3964dc72c3577"</ETag><Size>21604383</Size><Owner/></Contents><Contents><Key>2.47/selenium-server-2.47.0.zip</Key><Generation>1438211522954000</Generation><MetaGeneration>1</MetaGeneration><LastModified>2015-07-29T23:12:02.953Z</LastModified><ETag>"8265c8d70464cdb08e7ba1693ada488a"</ETag><Size>30293749</Size><Owner/></Contents><Contents><Key>2.47/selenium-server-2.47.1.zip</Key><Generation>1438226706672000</Generation><MetaGeneration>1</MetaGeneration><LastModified>2015-07-30T03:25:06.667Z</LastModified><ETag>"746a8bfc47fdacaabf8716e0743550a6"</ETag><Size>30301951</Size><Owner/></Contents><Contents><Key>2.47/selenium-server-standalone-2.47.0.jar</Key><Generation>1438211585687000</Generation><MetaGeneration>1</MetaGeneration><LastModified>2015-07-29T23:13:05.687Z</LastModified><ETag>"9b19d1b9b902b3d74ec0ed56c5be05cf"</ETag><Size>31781371</Size><Owner/></Contents><Contents><Key>2.47/selenium-server-standalone-2.47.1.jar</Key><Generation>1438227003456000</Generation><MetaGeneration>1</MetaGeneration><LastModified>2015-07-30T03:30:03.455Z</LastModified><ETag>"e6cb10b8f0f353c6ca4a8f62fb5cb472"</ETag><Size>31785433</Size><Owner/></Contents><Contents><Key>2.48/IEDriverServer_Win32_2.48.0.zip</Key><Generation>1444235002023000</Generation><MetaGeneration>1</MetaGeneration><LastModified>2015-10-07T16:23:22.022Z</LastModified><ETag>"f7b8b07393e31d05ab360a06f51b482a"</ETag><Size>992193</Size><Owner/></Contents><Contents><Key>2.48/IEDriverServer_x64_2.48.0.zip</Key><Generation>1444235002774000</Generation><MetaGeneration>1</MetaGeneration><LastModified>2015-10-07T16:23:22.773Z</LastModified><ETag>"39a13f8f7feacb83e55357fb4d1a3326"</ETag><Size>1146583</Size><Owner/></Contents><Contents><Key>2.48/SafariDriver.safariextz</Key><Generation>1444679070595000</Generation><MetaGeneration>1</MetaGeneration><LastModified>2015-10-12T19:44:30.594Z</LastModified><ETag>"7d2c13b917ee19d62eefe77dff24c1c1"</ETag><Size>234735</Size><Owner/></Contents><Contents><Key>2.48/selenium-dotnet-2.48.0.zip</Key><Generation>1444235007983000</Generation><MetaGeneration>1</MetaGeneration><LastModified>2015-10-07T16:23:27.982Z</LastModified><ETag>"cb8518a1f33fc6b74b94c040e37802bb"</ETag><Size>6281664</Size><Owner/></Contents><Contents><Key>2.48/selenium-dotnet-2.48.1.zip</Key><Generation>1446666680827000</Generation><MetaGeneration>1</MetaGeneration><LastModified>2015-11-04T19:51:20.825Z</LastModified><ETag>"4f59a62f39133bc76aadf1bec1f9d0e8"</ETag><Size>6358548</Size><Owner/></Contents><Contents><Key>2.48/selenium-dotnet-2.48.2.zip</Key><Generation>1447886934313000</Generation><MetaGeneration>1</MetaGeneration><LastModified>2015-11-18T22:48:54.312Z</LastModified><ETag>"dc4009f358705dac0a08b3da2d3f998f"</ETag><Size>6359489</Size><Owner/></Contents><Contents><Key>2.48/selenium-dotnet-strongnamed-2.48.0.zip</Key><Generation>1444235009978000</Generation><MetaGeneration>1</MetaGeneration><LastModified>2015-10-07T16:23:29.977Z</LastModified><ETag>"f9b7af41463e860bb015004fb550d9b5"</ETag><Size>3954579</Size><Owner/></Contents><Contents><Key>2.48/selenium-dotnet-strongnamed-2.48.1.zip</Key><Generation>1446666677446000</Generation><MetaGeneration>1</MetaGeneration><LastModified>2015-11-04T19:51:17.445Z</LastModified><ETag>"813a6bbc6649090c27b229dfff92c57d"</ETag><Size>3982075</Size><Owner/></Contents><Contents><Key>2.48/selenium-dotnet-strongnamed-2.48.2.zip</Key><Generation>1447886920269000</Generation><MetaGeneration>1</MetaGeneration><LastModified>2015-11-18T22:48:40.268Z</LastModified><ETag>"d4d33976dd9ddefcbd745e0167c55f58"</ETag><Size>3983054</Size><Owner/></Contents><Contents><Key>2.48/selenium-java-2.48.0.zip</Key><Generation>1444234871976000</Generation><MetaGeneration>1</MetaGeneration><LastModified>2015-10-07T16:21:11.975Z</LastModified><ETag>"bdcf0d2ab89684f58e668c8fda335b55"</ETag><Size>22337626</Size><Owner/></Contents><Contents><Key>2.48/selenium-java-2.48.1.zip</Key><Generation>1444338813566000</Generation><MetaGeneration>1</MetaGeneration><LastModified>2015-10-08T21:13:33.565Z</LastModified><ETag>"c624021666b29686ff51402a63c8245f"</ETag><Size>22418603</Size><Owner/></Contents><Contents><Key>2.48/selenium-java-2.48.2.zip</Key><Generation>1444420885761000</Generation><MetaGeneration>1</MetaGeneration><LastModified>2015-10-09T20:01:25.760Z</LastModified><ETag>"43cf75e73c33b5f1f51abf70f1522128"</ETag><Size>22424368</Size><Owner/></Contents><Contents><Key>2.48/selenium-server-2.48.0.zip</Key><Generation>1444234875163000</Generation><MetaGeneration>1</MetaGeneration><LastModified>2015-10-07T16:21:15.162Z</LastModified><ETag>"7e6de38d2e8a755dc0276ecfc239e09d"</ETag><Size>27923714</Size><Owner/></Contents><Contents><Key>2.48/selenium-server-2.48.1.zip</Key><Generation>1444338816631000</Generation><MetaGeneration>1</MetaGeneration><LastModified>2015-10-08T21:13:36.630Z</LastModified><ETag>"079e3de5a8958d69beed9a584bc9d9dc"</ETag><Size>28011043</Size><Owner/></Contents><Contents><Key>2.48/selenium-server-2.48.2.zip</Key><Generation>1444420907092000</Generation><MetaGeneration>1</MetaGeneration><LastModified>2015-10-09T20:01:47.091Z</LastModified><ETag>"9cb0fe2fd1ddb12e020c6a3c10c49c71"</ETag><Size>28017047</Size><Owner/></Contents><Contents><Key>2.48/selenium-server-standalone-2.48.0.jar</Key><Generation>1444234878386000</Generation><MetaGeneration>1</MetaGeneration><LastModified>2015-10-07T16:21:18.385Z</LastModified><ETag>"3b49708f93dc31630b58670b5dde3e91"</ETag><Size>30782545</Size><Owner/></Contents><Contents><Key>2.48/selenium-server-standalone-2.48.1.jar</Key><Generation>1444338821854000</Generation><MetaGeneration>1</MetaGeneration><LastModified>2015-10-08T21:13:41.853Z</LastModified><ETag>"8a91476bf8563b61836aafb76c5c55a4"</ETag><Size>30872615</Size><Owner/></Contents><Contents><Key>2.48/selenium-server-standalone-2.48.2.jar</Key><Generation>1444420929565000</Generation><MetaGeneration>1</MetaGeneration><LastModified>2015-10-09T20:02:09.565Z</LastModified><ETag>"b2784fc67c149d3c13c83d2108104689"</ETag><Size>30878005</Size><Owner/></Contents><Contents><Key>2.49/IEDriverServer_Win32_2.49.0.zip</Key><Generation>1453222508748000</Generation><MetaGeneration>1</MetaGeneration><LastModified>2016-01-19T16:55:08.747Z</LastModified><ETag>"37d9d503afeb9e0771e2c0ebf23df979"</ETag><Size>994647</Size><Owner/></Contents><Contents><Key>2.49/IEDriverServer_x64_2.49.0.zip</Key><Generation>1453222509313000</Generation><MetaGeneration>1</MetaGeneration><LastModified>2016-01-19T16:55:09.312Z</LastModified><ETag>"9c66d9f7ca93b1c5e816b1a0aa095ac0"</ETag><Size>1171509</Size><Owner/></Contents><Contents><Key>2.49/selenium-dotnet-2.49.0.zip</Key><Generation>1453222511708000</Generation><MetaGeneration>1</MetaGeneration><LastModified>2016-01-19T16:55:11.707Z</LastModified><ETag>"31a5c5fe9b3c88ac4806bdaffd9820be"</ETag><Size>6371984</Size><Owner/></Contents><Contents><Key>2.49/selenium-dotnet-strongnamed-2.49.0.zip</Key><Generation>1453222510301000</Generation><MetaGeneration>1</MetaGeneration><LastModified>2016-01-19T16:55:10.300Z</LastModified><ETag>"f8484979f8c5d931201d77a7d8c72a63"</ETag><Size>3986136</Size><Owner/></Contents><Contents><Key>2.49/selenium-java-2.49.0.zip</Key><Generation>1452710658095000</Generation><MetaGeneration>1</MetaGeneration><LastModified>2016-01-13T18:44:18.093Z</LastModified><ETag>"71219177ba08b359d14597818fd86bf1"</ETag><Size>22488853</Size><Owner/></Contents><Contents><Key>2.49/selenium-java-2.49.1.zip</Key><Generation>1453397956381000</Generation><MetaGeneration>1</MetaGeneration><LastModified>2016-01-21T17:39:16.380Z</LastModified><ETag>"cfd26b6ad762c186de0053d017c40b7b"</ETag><Size>22489075</Size><Owner/></Contents><Contents><Key>2.49/selenium-server-2.49.0.zip</Key><Generation>1452710862960000</Generation><MetaGeneration>1</MetaGeneration><LastModified>2016-01-13T18:47:42.959Z</LastModified><ETag>"b0ff793edd4cb790b7814a8cb7b0c0dd"</ETag><Size>28089067</Size><Owner/></Contents><Contents><Key>2.49/selenium-server-2.49.1.zip</Key><Generation>1453397927591000</Generation><MetaGeneration>1</MetaGeneration><LastModified>2016-01-21T17:38:47.590Z</LastModified><ETag>"fc94b0244a5a18a5db141ad87371d059"</ETag><Size>28089158</Size><Owner/></Contents><Contents><Key>2.49/selenium-server-standalone-2.49.0.jar</Key><Generation>1452711154972000</Generation><MetaGeneration>1</MetaGeneration><LastModified>2016-01-13T18:52:34.971Z</LastModified><ETag>"85dc6a8d661603604cdd6d4e66a39897"</ETag><Size>30947958</Size><Owner/></Contents><Contents><Key>2.49/selenium-server-standalone-2.49.1.jar</Key><Generation>1453397920880000</Generation><MetaGeneration>1</MetaGeneration><LastModified>2016-01-21T17:38:40.878Z</LastModified><ETag>"aca2796e98646de73d0102330aee11f4"</ETag><Size>30948363</Size><Owner/></Contents><Contents><Key>2.50/IEDriverServer_Win32_2.50.0.zip</Key><Generation>1453938671451000</Generation><MetaGeneration>1</MetaGeneration><LastModified>2016-01-27T23:51:11.449Z</LastModified><ETag>"cf6850b0ceae8498e1952f6dead9d80b"</ETag><Size>994901</Size><Owner/></Contents><Contents><Key>2.50/IEDriverServer_x64_2.50.0.zip</Key><Generation>1453938672644000</Generation><MetaGeneration>1</MetaGeneration><LastModified>2016-01-27T23:51:12.643Z</LastModified><ETag>"7229088ae632893579004388bb20c5d3"</ETag><Size>1167831</Size><Owner/></Contents><Contents><Key>2.50/selenium-dotnet-2.50.0.zip</Key><Generation>1453938677708000</Generation><MetaGeneration>1</MetaGeneration><LastModified>2016-01-27T23:51:17.706Z</LastModified><ETag>"53c2bfb0545beceba48e7d2dd847f2a2"</ETag><Size>6838097</Size><Owner/></Contents><Contents><Key>2.50/selenium-dotnet-2.50.1.zip</Key><Generation>1454004408846000</Generation><MetaGeneration>1</MetaGeneration><LastModified>2016-01-28T18:06:48.845Z</LastModified><ETag>"cbc94b85ee75686ce6c3cf103670150d"</ETag><Size>6431682</Size><Owner/></Contents><Contents><Key>2.50/selenium-dotnet-strongnamed-2.50.0.zip</Key><Generation>1453938675065000</Generation><MetaGeneration>1</MetaGeneration><LastModified>2016-01-27T23:51:15.064Z</LastModified><ETag>"55712f98477707fbeb41e84a325b40a0"</ETag><Size>4018713</Size><Owner/></Contents><Contents><Key>2.50/selenium-dotnet-strongnamed-2.50.1.zip</Key><Generation>1454004410999000</Generation><MetaGeneration>1</MetaGeneration><LastModified>2016-01-28T18:06:50.998Z</LastModified><ETag>"ca7bf7ebd7873ff80b48f3d74b569b3f"</ETag><Size>4035960</Size><Owner/></Contents><Contents><Key>2.50/selenium-java-2.50.0.zip</Key><Generation>1453920411709000</Generation><MetaGeneration>1</MetaGeneration><LastModified>2016-01-27T18:46:51.709Z</LastModified><ETag>"f1243239575d8a32e96decb4ccba6847"</ETag><Size>22491434</Size><Owner/></Contents><Contents><Key>2.50/selenium-java-2.50.1.zip</Key><Generation>1454094731773000</Generation><MetaGeneration>1</MetaGeneration><LastModified>2016-01-29T19:12:11.772Z</LastModified><ETag>"7648ad9f89428a443c8aff5bb5cc6885"</ETag><Size>22491638</Size><Owner/></Contents><Contents><Key>2.50/selenium-server-2.50.0.zip</Key><Generation>1453920393256000</Generation><MetaGeneration>1</MetaGeneration><LastModified>2016-01-27T18:46:33.255Z</LastModified><ETag>"dee71d9814589c2cf3bd2e31c6710359"</ETag><Size>28091614</Size><Owner/></Contents><Contents><Key>2.50/selenium-server-2.50.1.zip</Key><Generation>1454094714009000</Generation><MetaGeneration>1</MetaGeneration><LastModified>2016-01-29T19:11:54.008Z</LastModified><ETag>"2f9ffd31e3b824e95395cba80dab9d02"</ETag><Size>28092228</Size><Owner/></Contents><Contents><Key>2.50/selenium-server-standalone-2.50.0.jar</Key><Generation>1453920370942000</Generation><MetaGeneration>1</MetaGeneration><LastModified>2016-01-27T18:46:10.941Z</LastModified><ETag>"65d4c900eef25184215326fd58c36f30"</ETag><Size>30950281</Size><Owner/></Contents><Contents><Key>2.50/selenium-server-standalone-2.50.1.jar</Key><Generation>1454094690866000</Generation><MetaGeneration>1</MetaGeneration><LastModified>2016-01-29T19:11:30.865Z</LastModified><ETag>"bd291ba0e26f486ff12b45a627ecdc80"</ETag><Size>30950287</Size><Owner/></Contents><Contents><Key>2.51/IEDriverServer_Win32_2.51.0.zip</Key><Generation>1454703510905000</Generation><MetaGeneration>1</MetaGeneration><LastModified>2016-02-05T20:18:30.904Z</LastModified><ETag>"6550ee21d56f3af8cd8382575613add0"</ETag><Size>994616</Size><Owner/></Contents><Contents><Key>2.51/IEDriverServer_x64_2.51.0.zip</Key><Generation>1454703513403000</Generation><MetaGeneration>1</MetaGeneration><LastModified>2016-02-05T20:18:33.402Z</LastModified><ETag>"81792e036e82c1cb14830555a14aad5d"</ETag><Size>1167674</Size><Owner/></Contents><Contents><Key>2.51/selenium-dotnet-2.51.0.zip</Key><Generation>1454703535008000</Generation><MetaGeneration>1</MetaGeneration><LastModified>2016-02-05T20:18:55.006Z</LastModified><ETag>"fd6dd75e8884bbabf6f05f3f25d597ce"</ETag><Size>6852794</Size><Owner/></Contents><Contents><Key>2.51/selenium-dotnet-strongnamed-2.51.0.zip</Key><Generation>1454703522617000</Generation><MetaGeneration>1</MetaGeneration><LastModified>2016-02-05T20:18:42.616Z</LastModified><ETag>"25fb5120f0d9e0947418bfdb1445684a"</ETag><Size>4000729</Size><Owner/></Contents><Contents><Key>2.51/selenium-java-2.51.0.zip</Key><Generation>1454699875045000</Generation><MetaGeneration>1</MetaGeneration><LastModified>2016-02-05T19:17:55.044Z</LastModified><ETag>"26f0a4f0f3747b04b52fbb84189b57ab"</ETag><Size>22492611</Size><Owner/></Contents><Contents><Key>2.51/selenium-server-2.51.0.zip</Key><Generation>1454699917440000</Generation><MetaGeneration>1</MetaGeneration><LastModified>2016-02-05T19:18:37.439Z</LastModified><ETag>"aa2dfa0723b2463427b86ee8f1294fd6"</ETag><Size>28093142</Size><Owner/></Contents><Contents><Key>2.51/selenium-server-standalone-2.51.0.jar</Key><Generation>1454699947012000</Generation><MetaGeneration>1</MetaGeneration><LastModified>2016-02-05T19:19:07.010Z</LastModified><ETag>"25b908caa408d91ee765d9d1528ad219"</ETag><Size>30951085</Size><Owner/></Contents><Contents><Key>2.52/IEDriverServer_Win32_2.52.0.zip</Key><Generation>1455295643801000</Generation><MetaGeneration>1</MetaGeneration><LastModified>2016-02-12T16:47:23.799Z</LastModified><ETag>"b5510a35412deb15616895aa0fb1a5b5"</ETag><Size>993964</Size><Owner/></Contents><Contents><Key>2.52/IEDriverServer_Win32_2.52.1.zip</Key><Generation>1456256404259000</Generation><MetaGeneration>1</MetaGeneration><LastModified>2016-02-23T19:40:04.258Z</LastModified><ETag>"0fb199d71d991dfcf65a198051016d00"</ETag><Size>995249</Size><Owner/></Contents><Contents><Key>2.52/IEDriverServer_Win32_2.52.2.zip</Key><Generation>1457370930726000</Generation><MetaGeneration>1</MetaGeneration><LastModified>2016-03-07T17:15:30.723Z</LastModified><ETag>"4c1b014344f1f07021782835102e0b39"</ETag><Size>1002228</Size><Owner/></Contents><Contents><Key>2.52/IEDriverServer_x64_2.52.0.zip</Key><Generation>1455295639993000</Generation><MetaGeneration>1</MetaGeneration><LastModified>2016-02-12T16:47:19.991Z</LastModified><ETag>"d31b778a6f7d6fcd4a1f2ee7fddfa2c6"</ETag><Size>1168291</Size><Owner/></Contents><Contents><Key>2.52/IEDriverServer_x64_2.52.1.zip</Key><Generation>1456256407251000</Generation><MetaGeneration>1</MetaGeneration><LastModified>2016-02-23T19:40:07.250Z</LastModified><ETag>"6620b7216ba8ecb48c792dabef681271"</ETag><Size>1170901</Size><Owner/></Contents><Contents><Key>2.52/IEDriverServer_x64_2.52.2.zip</Key><Generation>1457370934185000</Generation><MetaGeneration>1</MetaGeneration><LastModified>2016-03-07T17:15:34.183Z</LastModified><ETag>"631e9409008760acb230d4bc53c2bcb5"</ETag><Size>1178043</Size><Owner/></Contents><Contents><Key>2.52/selenium-dotnet-2.52.0.zip</Key><Generation>1455295696212000</Generation><MetaGeneration>1</MetaGeneration><LastModified>2016-02-12T16:48:16.211Z</LastModified><ETag>"5a997ad6374e44716206e58572cf2385"</ETag><Size>6441916</Size><Owner/></Contents><Contents><Key>2.52/selenium-dotnet-strongnamed-2.52.0.zip</Key><Generation>1455295669243000</Generation><MetaGeneration>1</MetaGeneration><LastModified>2016-02-12T16:47:49.242Z</LastModified><ETag>"6d1057080ddad5d02a3c97f3fc43d2ba"</ETag><Size>4011786</Size><Owner/></Contents><Contents><Key>2.52/selenium-java-2.52.0.zip</Key><Generation>1455218648292000</Generation><MetaGeneration>1</MetaGeneration><LastModified>2016-02-11T19:24:08.291Z</LastModified><ETag>"b9049c1fed9af4c4fab456cba85cae3a"</ETag><Size>22493318</Size><Owner/></Contents><Contents><Key>2.52/selenium-server-2.52.0.zip</Key><Generation>1455218651565000</Generation><MetaGeneration>1</MetaGeneration><LastModified>2016-02-11T19:24:11.564Z</LastModified><ETag>"64c8130fcdc6bea478204acb3cd29d08"</ETag><Size>28094396</Size><Owner/></Contents><Contents><Key>2.52/selenium-server-standalone-2.52.0.jar</Key><Generation>1455218645847000</Generation><MetaGeneration>1</MetaGeneration><LastModified>2016-02-11T19:24:05.846Z</LastModified><ETag>"30aa6d207e530a3c25fc3c12ea968a8d"</ETag><Size>30951542</Size><Owner/></Contents><Contents><Key>2.53/IEDriverServer_Win32_2.53.0.zip</Key><Generation>1458158206319000</Generation><MetaGeneration>1</MetaGeneration><LastModified>2016-03-16T19:56:46.318Z</LastModified><ETag>"63066830741d59ae6c74045a9f24291c"</ETag><Size>1002225</Size><Owner/></Contents><Contents><Key>2.53/IEDriverServer_Win32_2.53.1.zip</Key><Generation>1459786970866000</Generation><MetaGeneration>1</MetaGeneration><LastModified>2016-04-04T16:22:50.864Z</LastModified><ETag>"35ac005f9088f2995d6a1cdc384fe4cb"</ETag><Size>995084</Size><Owner/></Contents><Contents><Key>2.53/IEDriverServer_x64_2.53.0.zip</Key><Generation>1458158211557000</Generation><MetaGeneration>1</MetaGeneration><LastModified>2016-03-16T19:56:51.555Z</LastModified><ETag>"0acce304cbd05a25ba6f11f7c8b9311c"</ETag><Size>1178037</Size><Owner/></Contents><Contents><Key>2.53/IEDriverServer_x64_2.53.1.zip</Key><Generation>1459786972569000</Generation><MetaGeneration>1</MetaGeneration><LastModified>2016-04-04T16:22:52.568Z</LastModified><ETag>"6c822788a04e4e8d4727dc4c08c0102a"</ETag><Size>1169399</Size><Owner/></Contents><Contents><Key>2.53/selenium-dotnet-2.53.0.zip</Key><Generation>1458158185853000</Generation><MetaGeneration>1</MetaGeneration><LastModified>2016-03-16T19:56:25.851Z</LastModified><ETag>"48497a5fee161525c084902d23f9f343"</ETag><Size>6462967</Size><Owner/></Contents><Contents><Key>2.53/selenium-dotnet-2.53.1.zip</Key><Generation>1467208972078000</Generation><MetaGeneration>1</MetaGeneration><LastModified>2016-06-29T14:02:52.069Z</LastModified><ETag>"89e6bf9613ed24da24fd52097b5d90f4"</ETag><Size>6452905</Size><Owner/></Contents><Contents><Key>2.53/selenium-dotnet-strongnamed-2.53.0.zip</Key><Generation>1458158201712000</Generation><MetaGeneration>1</MetaGeneration><LastModified>2016-03-16T19:56:41.710Z</LastModified><ETag>"74430a6ae437d7a03d04ca3858ab5fe8"</ETag><Size>4063912</Size><Owner/></Contents><Contents><Key>2.53/selenium-dotnet-strongnamed-2.53.1.zip</Key><Generation>1467208970946000</Generation><MetaGeneration>1</MetaGeneration><LastModified>2016-06-29T14:02:50.941Z</LastModified><ETag>"934ee45515dfff254bf684e47ab3cee5"</ETag><Size>4022021</Size><Owner/></Contents><Contents><Key>2.53/selenium-java-2.53.0.zip</Key><Generation>1458061759268000</Generation><MetaGeneration>1</MetaGeneration><LastModified>2016-03-15T17:09:19.267Z</LastModified><ETag>"e76e4cb82b51e459a78244c7af7076d5"</ETag><Size>10491314</Size><Owner/></Contents><Contents><Key>2.53/selenium-java-2.53.1.zip</Key><Generation>1467314953171000</Generation><MetaGeneration>1</MetaGeneration><LastModified>2016-06-30T19:29:13.165Z</LastModified><ETag>"b2d9f0efcefcbb3f16802836aed23a42"</ETag><Size>10491210</Size><Owner/></Contents><Contents><Key>2.53/selenium-server-2.53.0.zip</Key><Generation>1458061758819000</Generation><MetaGeneration>1</MetaGeneration><LastModified>2016-03-15T17:09:18.817Z</LastModified><ETag>"3a1daead013d4237ff6c24909a600073"</ETag><Size>19209563</Size><Owner/></Contents><Contents><Key>2.53/selenium-server-2.53.1.zip</Key><Generation>1467314967826000</Generation><MetaGeneration>1</MetaGeneration><LastModified>2016-06-30T19:29:27.821Z</LastModified><ETag>"fe506d2323d3fbfe82c3d91badb8f012"</ETag><Size>19209475</Size><Owner/></Contents><Contents><Key>2.53/selenium-server-standalone-2.53.0.jar</Key><Generation>1458061325282000</Generation><MetaGeneration>1</MetaGeneration><LastModified>2016-03-15T17:02:05.280Z</LastModified><ETag>"774efe2d84987fb679f2dea038c2fa32"</ETag><Size>21231089</Size><Owner/></Contents><Contents><Key>2.53/selenium-server-standalone-2.53.1.jar</Key><Generation>1467314938331000</Generation><MetaGeneration>1</MetaGeneration><LastModified>2016-06-30T19:28:58.327Z</LastModified><ETag>"63a0b96eab18f8420b9bba2f0f5d380c"</ETag><Size>21231092</Size><Owner/></Contents><Contents><Key>3.0-beta1/selenium-dotnet-3.0.0-beta1.zip</Key><Generation>1469814062945000</Generation><MetaGeneration>1</MetaGeneration><LastModified>2016-07-29T17:41:02.939Z</LastModified><ETag>"b06d3e1fcda8374dd8f6a7c4aaf2bef3"</ETag><Size>6470195</Size><Owner/></Contents><Contents><Key>3.0-beta1/selenium-dotnet-strongnamed-3.0.0-beta1.zip</Key><Generation>1469814063738000</Generation><MetaGeneration>1</MetaGeneration><LastModified>2016-07-29T17:41:03.728Z</LastModified><ETag>"e916d9c4919b9925cb1d9284ea8cc021"</ETag><Size>4029501</Size><Owner/></Contents><Contents><Key>3.0-beta1/selenium-java-3.0.0-beta1.zip</Key><Generation>1469754698355000</Generation><MetaGeneration>1</MetaGeneration><LastModified>2016-07-29T01:11:38.346Z</LastModified><ETag>"318bb36f89e6424c3aba24b49843f7bd"</ETag><Size>7819964</Size><Owner/></Contents><Contents><Key>3.0-beta1/selenium-server-3.0.0-beta1.zip</Key><Generation>1469754714983000</Generation><MetaGeneration>1</MetaGeneration><LastModified>2016-07-29T01:11:54.977Z</LastModified><ETag>"8052bd66bcbbc5fd8df4b7f15cc0bf4f"</ETag><Size>22448491</Size><Owner/></Contents><Contents><Key>3.0-beta1/selenium-server-standalone-3.0.0-beta1.jar</Key><Generation>1469754733373000</Generation><MetaGeneration>1</MetaGeneration><LastModified>2016-07-29T01:12:13.366Z</LastModified><ETag>"d38f875627e2a6cde25fa37fbe400833"</ETag><Size>25755816</Size><Owner/></Contents><Contents><Key>3.0-beta2/selenium-dotnet-3.0.0-beta2.zip</Key><Generation>1470326105469000</Generation><MetaGeneration>1</MetaGeneration><LastModified>2016-08-04T15:55:05.463Z</LastModified><ETag>"afbbcd7617ff34feb6d5fedd9c777f18"</ETag><Size>6470785</Size><Owner/></Contents><Contents><Key>3.0-beta2/selenium-dotnet-strongnamed-3.0.0-beta2.zip</Key><Generation>1470326104294000</Generation><MetaGeneration>1</MetaGeneration><LastModified>2016-08-04T15:55:04.288Z</LastModified><ETag>"f5ac02760f1a5010595c38a768a816ab"</ETag><Size>4030196</Size><Owner/></Contents><Contents><Key>3.0-beta2/selenium-html-runner-3.0.0-beta3.jar</Key><Generation>1472768954131000</Generation><MetaGeneration>1</MetaGeneration><LastModified>2016-09-01T22:29:14.124Z</LastModified><ETag>"b0596fe249229569a3b51fc7b07f4226"</ETag><Size>15621359</Size><Owner/></Contents><Contents><Key>3.0-beta2/selenium-java-3.0.0-beta2.zip</Key><Generation>1470175703297000</Generation><MetaGeneration>1</MetaGeneration><LastModified>2016-08-02T22:08:23.293Z</LastModified><ETag>"4033df8a9d5a4e1f8a591f6f14e74d4d"</ETag><Size>7820103</Size><Owner/></Contents><Contents><Key>3.0-beta2/selenium-java-3.0.0-beta3.zip</Key><Generation>1472768953507000</Generation><MetaGeneration>1</MetaGeneration><LastModified>2016-09-01T22:29:13.503Z</LastModified><ETag>"2a2187bb255ba0dcdf8f6a4694487756"</ETag><Size>7859850</Size><Owner/></Contents><Contents><Key>3.0-beta2/selenium-server-3.0.0-beta2.zip</Key><Generation>1470175763343000</Generation><MetaGeneration>1</MetaGeneration><LastModified>2016-08-02T22:09:23.332Z</LastModified><ETag>"6d13e417bdec6a672619efb5368881ea"</ETag><Size>22448841</Size><Owner/></Contents><Contents><Key>3.0-beta2/selenium-server-3.0.0-beta3.zip</Key><Generation>1472768952930000</Generation><MetaGeneration>1</MetaGeneration><LastModified>2016-09-01T22:29:12.923Z</LastModified><ETag>"01da1daedca0c5db1d275ff50c288196"</ETag><Size>18733120</Size><Owner/></Contents><Contents><Key>3.0-beta2/selenium-server-standalone-3.0.0-beta2.jar</Key><Generation>1470175702791000</Generation><MetaGeneration>1</MetaGeneration><LastModified>2016-08-02T22:08:22.780Z</LastModified><ETag>"d5c8ca8c7f92c6abf82df1dc2fbb0e8a"</ETag><Size>25756083</Size><Owner/></Contents><Contents><Key>3.0-beta2/selenium-server-standalone-3.0.0-beta3.jar</Key><Generation>1472768952239000</Generation><MetaGeneration>1</MetaGeneration><LastModified>2016-09-01T22:29:12.226Z</LastModified><ETag>"5c97631ccb1f92eb9f682cd845611738"</ETag><Size>21633718</Size><Owner/></Contents><Contents><Key>3.0-beta3/selenium-dotnet-3.0.0-beta3.zip</Key><Generation>1472833525982000</Generation><MetaGeneration>1</MetaGeneration><LastModified>2016-09-02T16:25:25.977Z</LastModified><ETag>"8f49d9b188cb6fc57ee500c8428bdf7b"</ETag><Size>6536785</Size><Owner/></Contents><Contents><Key>3.0-beta3/selenium-dotnet-strongnamed-3.0.0-beta3.zip</Key><Generation>1472833524769000</Generation><MetaGeneration>1</MetaGeneration><LastModified>2016-09-02T16:25:24.764Z</LastModified><ETag>"149fc13353cd26cba424329107efdd4a"</ETag><Size>4033106</Size><Owner/></Contents><Contents><Key>3.0-beta3/selenium-html-runner-3.0.0-beta3.jar</Key><Generation>1472768979204000</Generation><MetaGeneration>1</MetaGeneration><LastModified>2016-09-01T22:29:39.198Z</LastModified><ETag>"b0596fe249229569a3b51fc7b07f4226"</ETag><Size>15621359</Size><Owner/></Contents><Contents><Key>3.0-beta3/selenium-java-3.0.0-beta3.zip</Key><Generation>1472768978606000</Generation><MetaGeneration>1</MetaGeneration><LastModified>2016-09-01T22:29:38.601Z</LastModified><ETag>"2a2187bb255ba0dcdf8f6a4694487756"</ETag><Size>7859850</Size><Owner/></Contents><Contents><Key>3.0-beta3/selenium-server-3.0.0-beta3.zip</Key><Generation>1472768978144000</Generation><MetaGeneration>1</MetaGeneration><LastModified>2016-09-01T22:29:38.137Z</LastModified><ETag>"01da1daedca0c5db1d275ff50c288196"</ETag><Size>18733120</Size><Owner/></Contents><Contents><Key>3.0-beta3/selenium-server-standalone-3.0.0-beta3.jar</Key><Generation>1472768977550000</Generation><MetaGeneration>1</MetaGeneration><LastModified>2016-09-01T22:29:37.538Z</LastModified><ETag>"5c97631ccb1f92eb9f682cd845611738"</ETag><Size>21633718</Size><Owner/></Contents><Contents><Key>3.0-beta4/selenium-html-runner-3.0.0-beta4.jar</Key><Generation>1475176116950000</Generation><MetaGeneration>1</MetaGeneration><LastModified>2016-09-29T19:08:36.943Z</LastModified><ETag>"a885be1da004278bb35ff600a5d73645"</ETag><Size>15629308</Size><Owner/></Contents><Contents><Key>3.0-beta4/selenium-java-3.0.0-beta4.zip</Key><Generation>1475176116214000</Generation><MetaGeneration>1</MetaGeneration><LastModified>2016-09-29T19:08:36.209Z</LastModified><ETag>"eb9169cc8ce582b4da0479cdb555085f"</ETag><Size>7861180</Size><Owner/></Contents><Contents><Key>3.0-beta4/selenium-server-3.0.0-beta4.zip</Key><Generation>1475176115471000</Generation><MetaGeneration>1</MetaGeneration><LastModified>2016-09-29T19:08:35.457Z</LastModified><ETag>"feb16994aa992ae23ba1695e4afd767d"</ETag><Size>18771227</Size><Owner/></Contents><Contents><Key>3.0-beta4/selenium-server-standalone-3.0.0-beta4.jar</Key><Generation>1475176114830000</Generation><MetaGeneration>1</MetaGeneration><LastModified>2016-09-29T19:08:34.822Z</LastModified><ETag>"fcd82183355009b9dd402495857f544b"</ETag><Size>21673022</Size><Owner/></Contents><Contents><Key>3.0/IEDriverServer_Win32_3.0.0.zip</Key><Generation>1476382456061000</Generation><MetaGeneration>1</MetaGeneration><LastModified>2016-10-13T18:14:16.051Z</LastModified><ETag>"4ba666e144f07869a0aa5f7a4c7a2091"</ETag><Size>988008</Size><Owner/></Contents><Contents><Key>3.0/IEDriverServer_x64_3.0.0.zip</Key><Generation>1476382456465000</Generation><MetaGeneration>1</MetaGeneration><LastModified>2016-10-13T18:14:16.461Z</LastModified><ETag>"4396e6ca7fe643ef49ee137a81723a42"</ETag><Size>1153691</Size><Owner/></Contents><Contents><Key>3.0/selenium-dotnet-3.0.0.zip</Key><Generation>1476382459517000</Generation><MetaGeneration>1</MetaGeneration><LastModified>2016-10-13T18:14:19.511Z</LastModified><ETag>"9169f5932a3a728f5ea8e7e0a98a3c3e"</ETag><Size>6240131</Size><Owner/></Contents><Contents><Key>3.0/selenium-dotnet-3.0.1.zip</Key><Generation>1479762186539000</Generation><MetaGeneration>1</MetaGeneration><LastModified>2016-11-21T21:03:06.532Z</LastModified><ETag>"80b8bafe7dd14262ff67bb157f890baa"</ETag><Size>6240477</Size><Owner/></Contents><Contents><Key>3.0/selenium-dotnet-strongnamed-3.0.0.zip</Key><Generation>1476382458261000</Generation><MetaGeneration>1</MetaGeneration><LastModified>2016-10-13T18:14:18.257Z</LastModified><ETag>"19015d1ffdfe66d8df232ad60119f4c5"</ETag><Size>3919363</Size><Owner/></Contents><Contents><Key>3.0/selenium-dotnet-strongnamed-3.0.1.zip</Key><Generation>1479762187393000</Generation><MetaGeneration>1</MetaGeneration><LastModified>2016-11-21T21:03:07.382Z</LastModified><ETag>"1a2611711c749dd6a98c3cd4400d13e3"</ETag><Size>3997974</Size><Owner/></Contents><Contents><Key>3.0/selenium-html-runner-3.0.0.jar</Key><Generation>1476381694591000</Generation><MetaGeneration>1</MetaGeneration><LastModified>2016-10-13T18:01:34.579Z</LastModified><ETag>"8c96e8bcfef4b4d545d2fb600d90fd7e"</ETag><Size>15631841</Size><Owner/></Contents><Contents><Key>3.0/selenium-html-runner-3.0.1.jar</Key><Generation>1476812418559000</Generation><MetaGeneration>1</MetaGeneration><LastModified>2016-10-18T17:40:18.548Z</LastModified><ETag>"b5379528ecd5ff6f23767c4684dec069"</ETag><Size>15632908</Size><Owner/></Contents><Contents><Key>3.0/selenium-java-3.0.0.zip</Key><Generation>1476381675880000</Generation><MetaGeneration>1</MetaGeneration><LastModified>2016-10-13T18:01:15.870Z</LastModified><ETag>"0b4402f2c33eca30b9c27805c4a519c0"</ETag><Size>7863239</Size><Owner/></Contents><Contents><Key>3.0/selenium-java-3.0.1.zip</Key><Generation>1476812421253000</Generation><MetaGeneration>1</MetaGeneration><LastModified>2016-10-18T17:40:21.243Z</LastModified><ETag>"11e47c8a3b19690998709325c3743545"</ETag><Size>17056105</Size><Owner/></Contents><Contents><Key>3.0/selenium-server-3.0.0.zip</Key><Generation>1476381665867000</Generation><MetaGeneration>1</MetaGeneration><LastModified>2016-10-13T18:01:05.859Z</LastModified><ETag>"17f7bac67c712a598ea045d6b7e7e81f"</ETag><Size>19232832</Size><Owner/></Contents><Contents><Key>3.0/selenium-server-3.0.1.zip</Key><Generation>1476812420486000</Generation><MetaGeneration>1</MetaGeneration><LastModified>2016-10-18T17:40:20.474Z</LastModified><ETag>"d60ef0b2c480f7ad223da95c89b9ed21"</ETag><Size>19233106</Size><Owner/></Contents><Contents><Key>3.0/selenium-server-standalone-3.0.0.jar</Key><Generation>1476381650776000</Generation><MetaGeneration>1</MetaGeneration><LastModified>2016-10-13T18:00:50.769Z</LastModified><ETag>"d0c6d9b3df57ee458839def908a45033"</ETag><Size>22138949</Size><Owner/></Contents><Contents><Key>3.0/selenium-server-standalone-3.0.1.jar</Key><Generation>1476812417855000</Generation><MetaGeneration>1</MetaGeneration><LastModified>2016-10-18T17:40:17.842Z</LastModified><ETag>"31a9b1af54c6b00cc6028370e3e00a91"</ETag><Size>22139212</Size><Owner/></Contents><Contents><Key>3.1/IEDriverServer_Win32_3.1.0.zip</Key><Generation>1487261821414000</Generation><MetaGeneration>1</MetaGeneration><LastModified>2017-02-16T16:17:01.411Z</LastModified><ETag>"d2fd01194c6fe38d2e083889d4ce7448"</ETag><Size>990343</Size><Owner/></Contents><Contents><Key>3.1/IEDriverServer_x64_3.1.0.zip</Key><Generation>1487261822456000</Generation><MetaGeneration>1</MetaGeneration><LastModified>2017-02-16T16:17:02.454Z</LastModified><ETag>"c8b8b4945858039a4d538208c9ab41a5"</ETag><Size>1155407</Size><Owner/></Contents><Contents><Key>3.1/selenium-dotnet-3.1.0.zip</Key><Generation>1487261823502000</Generation><MetaGeneration>1</MetaGeneration><LastModified>2017-02-16T16:17:03.499Z</LastModified><ETag>"b92fdbae06f5e66b7165d63cd4fe9afa"</ETag><Size>6254207</Size><Owner/></Contents><Contents><Key>3.1/selenium-dotnet-strongnamed-3.1.0.zip</Key><Generation>1487261824409972</Generation><MetaGeneration>1</MetaGeneration><LastModified>2017-02-16T16:17:04.364Z</LastModified><ETag>"350ae470be53fb65cc9f557271a49f02"</ETag><Size>4001768</Size><Owner/></Contents><Contents><Key>3.1/selenium-html-runner-3.1.0.jar</Key><Generation>1487261818800000</Generation><MetaGeneration>1</MetaGeneration><LastModified>2017-02-16T16:16:58.796Z</LastModified><ETag>"20e5b4385800b8dc6e147d8ee6d4f4cf"</ETag><Size>14686765</Size><Owner/></Contents><Contents><Key>3.1/selenium-java-3.1.0.zip</Key><Generation>1487261820998000</Generation><MetaGeneration>1</MetaGeneration><LastModified>2017-02-16T16:17:00.991Z</LastModified><ETag>"f1949c67c0b0c98c48e82e0aa68fa2ff"</ETag><Size>16227489</Size><Owner/></Contents><Contents><Key>3.1/selenium-server-3.1.0.zip</Key><Generation>1487261812647000</Generation><MetaGeneration>1</MetaGeneration><LastModified>2017-02-16T16:16:52.639Z</LastModified><ETag>"8fd42b6030b80e284881b80e3204051e"</ETag><Size>18407547</Size><Owner/></Contents><Contents><Key>3.1/selenium-server-standalone-3.1.0.jar</Key><Generation>1487261815730000</Generation><MetaGeneration>1</MetaGeneration><LastModified>2017-02-16T16:16:55.727Z</LastModified><ETag>"013429ed5d56aea3de8fe2a2ba9a0888"</ETag><Size>21190292</Size><Owner/></Contents><Contents><Key>3.2/IEDriverServer_Win32_3.2.0.zip</Key><Generation>1487886118624000</Generation><MetaGeneration>1</MetaGeneration><LastModified>2017-02-23T21:41:58.620Z</LastModified><ETag>"0ec0ef4685fca7382bd47921f6c4a1e5"</ETag><Size>929795</Size><Owner/></Contents><Contents><Key>3.2/IEDriverServer_x64_3.2.0.zip</Key><Generation>1487886118999000</Generation><MetaGeneration>1</MetaGeneration><LastModified>2017-02-23T21:41:58.995Z</LastModified><ETag>"c9fd963a071e8744314da8c56e1ec4f4"</ETag><Size>1061276</Size><Owner/></Contents><Contents><Key>3.2/selenium-dotnet-3.2.0.zip</Key><Generation>1487886117194404</Generation><MetaGeneration>1</MetaGeneration><LastModified>2017-02-23T21:41:57.146Z</LastModified><ETag>"55338757826906aaacd4fe90cc8dd9e0"</ETag><Size>6125292</Size><Owner/></Contents><Contents><Key>3.2/selenium-dotnet-strongnamed-3.2.0.zip</Key><Generation>1487886118040000</Generation><MetaGeneration>1</MetaGeneration><LastModified>2017-02-23T21:41:58.036Z</LastModified><ETag>"41a97aec5c7b3bb37041325d12b7bb3a"</ETag><Size>3964268</Size><Owner/></Contents><Contents><Key>3.2/selenium-html-runner-3.2.0.jar</Key><Generation>1488476464229000</Generation><MetaGeneration>1</MetaGeneration><LastModified>2017-03-02T17:41:04.222Z</LastModified><ETag>"0e796e50257d73b9eed3eae30595338b"</ETag><Size>14329581</Size><Owner/></Contents><Contents><Key>3.2/selenium-java-3.2.0.zip</Key><Generation>1488476453993000</Generation><MetaGeneration>1</MetaGeneration><LastModified>2017-03-02T17:40:53.985Z</LastModified><ETag>"8711fa28473d74ba9a910ae8e99cc117"</ETag><Size>16503102</Size><Owner/></Contents><Contents><Key>3.2/selenium-server-3.2.0.zip</Key><Generation>1488476426916000</Generation><MetaGeneration>1</MetaGeneration><LastModified>2017-03-02T17:40:26.904Z</LastModified><ETag>"492b5d7c8d8865815675c713d01fd08d"</ETag><Size>18860911</Size><Owner/></Contents><Contents><Key>3.2/selenium-server-standalone-3.2.0.jar</Key><Generation>1488476442193000</Generation><MetaGeneration>1</MetaGeneration><LastModified>2017-03-02T17:40:42.176Z</LastModified><ETag>"dfcf8e8d8a95af0acf5e24aa1c0572fb"</ETag><Size>21676996</Size><Owner/></Contents><Contents><Key>3.3/IEDriverServer_Win32_3.3.0.zip</Key><Generation>1488913682211000</Generation><MetaGeneration>1</MetaGeneration><LastModified>2017-03-07T19:08:02.208Z</LastModified><ETag>"29fca76218a9421442d64d615909ccd1"</ETag><Size>929794</Size><Owner/></Contents><Contents><Key>3.3/IEDriverServer_x64_3.3.0.zip</Key><Generation>1488913682621000</Generation><MetaGeneration>1</MetaGeneration><LastModified>2017-03-07T19:08:02.617Z</LastModified><ETag>"ab4fd11857e20b90588ccbf34f9061c4"</ETag><Size>1061273</Size><Owner/></Contents><Contents><Key>3.3/selenium-dotnet-3.3.0.zip</Key><Generation>1488913680832000</Generation><MetaGeneration>1</MetaGeneration><LastModified>2017-03-07T19:08:00.822Z</LastModified><ETag>"2a1fb42b85f16ec1b491a1482eb957f4"</ETag><Size>6125283</Size><Owner/></Contents><Contents><Key>3.3/selenium-dotnet-strongnamed-3.3.0.zip</Key><Generation>1488913681700000</Generation><MetaGeneration>1</MetaGeneration><LastModified>2017-03-07T19:08:01.697Z</LastModified><ETag>"3fe01636eebccb56b7236991a5c45fca"</ETag><Size>3964619</Size><Owner/></Contents><Contents><Key>3.3/selenium-html-runner-3.3.0.jar</Key><Generation>1488914738950000</Generation><MetaGeneration>1</MetaGeneration><LastModified>2017-03-07T19:25:38.942Z</LastModified><ETag>"ac2fef26c907c3a7b5dd702b13986f93"</ETag><Size>14360475</Size><Owner/></Contents><Contents><Key>3.3/selenium-html-runner-3.3.1.jar</Key><Generation>1489167401481000</Generation><MetaGeneration>1</MetaGeneration><LastModified>2017-03-10T17:36:41.472Z</LastModified><ETag>"7ebeb1837228810ecc9b4fcbf5b1fca6"</ETag><Size>14362329</Size><Owner/></Contents><Contents><Key>3.3/selenium-java-3.3.0.zip</Key><Generation>1488914799065000</Generation><MetaGeneration>1</MetaGeneration><LastModified>2017-03-07T19:26:39.058Z</LastModified><ETag>"df726b7552cb8bd5c39ab376a4a43599"</ETag><Size>16532351</Size><Owner/></Contents><Contents><Key>3.3/selenium-java-3.3.1.zip</Key><Generation>1489167373622000</Generation><MetaGeneration>1</MetaGeneration><LastModified>2017-03-10T17:36:13.614Z</LastModified><ETag>"b97a7b54fabdc2a34bfdb3bcf1cdc219"</ETag><Size>16533999</Size><Owner/></Contents><Contents><Key>3.3/selenium-server-3.3.0.zip</Key><Generation>1488914956115000</Generation><MetaGeneration>1</MetaGeneration><LastModified>2017-03-07T19:29:16.105Z</LastModified><ETag>"f366bf17bdca095ea5c01056844b7774"</ETag><Size>18890701</Size><Owner/></Contents><Contents><Key>3.3/selenium-server-3.3.1.zip</Key><Generation>1489167341434000</Generation><MetaGeneration>1</MetaGeneration><LastModified>2017-03-10T17:35:41.421Z</LastModified><ETag>"818b8a6439dff73662ee784d412801f2"</ETag><Size>18891113</Size><Owner/></Contents><Contents><Key>3.3/selenium-server-standalone-3.3.0.jar</Key><Generation>1488914958895000</Generation><MetaGeneration>1</MetaGeneration><LastModified>2017-03-07T19:29:18.887Z</LastModified><ETag>"ac69327d0b6cf32440bedc0f08c626fd"</ETag><Size>21709154</Size><Owner/></Contents><Contents><Key>3.3/selenium-server-standalone-3.3.1.jar</Key><Generation>1489167318509647</Generation><MetaGeneration>1</MetaGeneration><LastModified>2017-03-10T17:35:18.486Z</LastModified><ETag>"c248dd6d97b064786d3bb2a04ec912b3"</ETag><Size>21709328</Size><Owner/></Contents><Contents><Key>3.4/IEDriverServer_Win32_3.4.0.zip</Key><Generation>1492786207071357</Generation><MetaGeneration>1</MetaGeneration><LastModified>2017-04-21T14:50:07.038Z</LastModified><ETag>"e63776eb2765f2544ff59d65bc7bf2b4"</ETag><Size>940070</Size><Owner/></Contents><Contents><Key>3.4/IEDriverServer_x64_3.4.0.zip</Key><Generation>1492786207729521</Generation><MetaGeneration>1</MetaGeneration><LastModified>2017-04-21T14:50:07.695Z</LastModified><ETag>"62da5a1dad57eb7b8257a8b6229481fa"</ETag><Size>1073177</Size><Owner/></Contents><Contents><Key>3.4/selenium-dotnet-3.4.0.zip</Key><Generation>1492786205205000</Generation><MetaGeneration>1</MetaGeneration><LastModified>2017-04-21T14:50:05.195Z</LastModified><ETag>"7eaad0e2d5efbefb0895f157e09d18a5"</ETag><Size>6202964</Size><Owner/></Contents><Contents><Key>3.4/selenium-dotnet-strongnamed-3.4.0.zip</Key><Generation>1492786206530000</Generation><MetaGeneration>1</MetaGeneration><LastModified>2017-04-21T14:50:06.526Z</LastModified><ETag>"c2ae1002efb1aa6e75a31270cf61e761"</ETag><Size>3992176</Size><Owner/></Contents><Contents><Key>3.4/selenium-html-runner-3.4.0.jar</Key><Generation>1492777692356000</Generation><MetaGeneration>1</MetaGeneration><LastModified>2017-04-21T12:28:12.346Z</LastModified><ETag>"9953b78245fa8d0f187b88bb9a489943"</ETag><Size>14401770</Size><Owner/></Contents><Contents><Key>3.4/selenium-java-3.4.0.zip</Key><Generation>1492777337293000</Generation><MetaGeneration>1</MetaGeneration><LastModified>2017-04-21T12:22:17.280Z</LastModified><ETag>"fc1b24f7ac7f087a7e8072fc27df7f09"</ETag><Size>16588461</Size><Owner/></Contents><Contents><Key>3.4/selenium-server-3.4.0.zip</Key><Generation>1492777292133198</Generation><MetaGeneration>1</MetaGeneration><LastModified>2017-04-21T12:21:31.976Z</LastModified><ETag>"d148bed2de98ae1135b491405c711288"</ETag><Size>18941930</Size><Owner/></Contents><Contents><Key>3.4/selenium-server-standalone-3.4.0.jar</Key><Generation>1492777240726000</Generation><MetaGeneration>1</MetaGeneration><LastModified>2017-04-21T12:20:40.714Z</LastModified><ETag>"a7ace476df475dfff49567774605bdf2"</ETag><Size>21763199</Size><Owner/></Contents><Contents><Key>icons/back.gif</Key><Generation>1389651464491000</Generation><MetaGeneration>2</MetaGeneration><LastModified>2014-01-13T22:17:44.445Z</LastModified><ETag>"4bce9846e05d3bffdfb293d47c840a8e"</ETag><Size>216</Size><Owner/></Contents><Contents><Key>icons/binary.gif</Key><Generation>1389651166628000</Generation><MetaGeneration>4</MetaGeneration><LastModified>2014-01-13T22:12:46.557Z</LastModified><ETag>"96bd4beed88ff93356586485c13e5d89"</ETag><Size>246</Size><Owner/></Contents><Contents><Key>icons/blank.gif</Key><Generation>1389651167385000</Generation><MetaGeneration>4</MetaGeneration><LastModified>2014-01-13T22:12:47.329Z</LastModified><ETag>"19517fb39a31be6b8d7ccf53ad84908f"</ETag><Size>148</Size><Owner/></Contents><Contents><Key>icons/folder.gif</Key><Generation>1389651168089000</Generation><MetaGeneration>4</MetaGeneration><LastModified>2014-01-13T22:12:47.995Z</LastModified><ETag>"d342cba375fea336967317bdb5d7cf19"</ETag><Size>225</Size><Owner/></Contents><Contents><Key>index.html</Key><Generation>1389651159940000</Generation><MetaGeneration>4</MetaGeneration><LastModified>2014-01-13T22:12:39.793Z</LastModified><ETag>"704b0f841aad1b1428481b7ff3c759c0"</ETag><Size>10574</Size><Owner/></Contents></ListBucketResult>