{"_id":"mime-db","_rev":"66-e30fb0a3cbc837df24dc42c39b4ea6fd","name":"mime-db","description":"Media Type Database","dist-tags":{"latest":"1.28.0"},"versions":{"0.0.0":{"name":"mime-db","description":"Media Type Database","version":"0.0.0","author":{"name":"Jonathan Ong","email":"me@jongleberry.com","url":"http://jongleberry.com"},"license":"MIT","repository":{"type":"git","url":"https://github.com/jshttp/mime-db"},"devDependencies":{"stream-to-array":"2","csv-parse":"0","cogent":"1","mocha":"1","co":"3"},"scripts":{"update":"node --harmony-generators scripts/extensions; node --harmony-generators scripts/types; node scripts/build","clean":"rm src/*","test":"mocha --reporter spec"},"keywords":["mime","db","type","types","database","charset","charsets"],"main":"db.json","files":["db.json"],"gitHead":"482c13c51e9a564cd8e2c6e24071b562fbdc116e","bugs":{"url":"https://github.com/jshttp/mime-db/issues"},"homepage":"https://github.com/jshttp/mime-db","_id":"mime-db@0.0.0","_shasum":"e0d8c5ca1d3905e1287a87701cd2e003911ac4ed","_from":".","_npmVersion":"1.4.21","_npmUser":{"name":"jongleberry","email":"jonathanrichardong@gmail.com"},"maintainers":[{"name":"jongleberry","email":"jonathanrichardong@gmail.com"}],"dist":{"shasum":"e0d8c5ca1d3905e1287a87701cd2e003911ac4ed","tarball":"https://registry.npmjs.org/mime-db/-/mime-db-0.0.0.tgz"},"directories":{}},"1.0.0":{"name":"mime-db","description":"Media Type Database","version":"1.0.0","author":{"name":"Jonathan Ong","email":"me@jongleberry.com","url":"http://jongleberry.com"},"license":"MIT","repository":{"type":"git","url":"https://github.com/jshttp/mime-db"},"devDependencies":{"co":"3","cogent":"1","csv-parse":"0","gnode":"0.0.8","istanbul":"0.3.0","mocha":"1","stream-to-array":"2"},"engine":{"node":">= 0.6.0"},"files":["LICENSE","db.json","index.js"],"scripts":{"update":"gnode scripts/extensions && gnode scripts/types && node scripts/build","clean":"rm src/*","test":"mocha --reporter spec --bail --check-leaks test/","test-cov":"istanbul cover node_modules/mocha/bin/_mocha -- --reporter dot --check-leaks test/","test-travis":"istanbul cover node_modules/mocha/bin/_mocha --report lcovonly -- --reporter spec --check-leaks test/"},"keywords":["mime","db","type","types","database","charset","charsets"],"gitHead":"5671cb9358a9113859df3066c536ebcb1376f46a","bugs":{"url":"https://github.com/jshttp/mime-db/issues"},"homepage":"https://github.com/jshttp/mime-db","_id":"mime-db@1.0.0","_shasum":"05786d9d41fd2b93065f05c7378d6be273602c06","_from":".","_npmVersion":"1.4.21","_npmUser":{"name":"jongleberry","email":"jonathanrichardong@gmail.com"},"maintainers":[{"name":"jongleberry","email":"jonathanrichardong@gmail.com"}],"dist":{"shasum":"05786d9d41fd2b93065f05c7378d6be273602c06","tarball":"https://registry.npmjs.org/mime-db/-/mime-db-1.0.0.tgz"},"directories":{}},"1.0.1":{"name":"mime-db","description":"Media Type Database","version":"1.0.1","author":{"name":"Jonathan Ong","email":"me@jongleberry.com","url":"http://jongleberry.com"},"license":"MIT","repository":{"type":"git","url":"https://github.com/jshttp/mime-db"},"devDependencies":{"co":"3","cogent":"1","csv-parse":"0","gnode":"0.0.8","istanbul":"0.3.0","mocha":"1","stream-to-array":"2"},"engine":{"node":">= 0.6.0"},"files":["LICENSE","db.json","index.js"],"scripts":{"update":"gnode scripts/extensions && gnode scripts/types && node scripts/build","clean":"rm src/*","test":"mocha --reporter spec --bail --check-leaks test/","test-cov":"istanbul cover node_modules/mocha/bin/_mocha -- --reporter dot --check-leaks test/","test-travis":"istanbul cover node_modules/mocha/bin/_mocha --report lcovonly -- --reporter spec --check-leaks test/"},"keywords":["mime","db","type","types","database","charset","charsets"],"gitHead":"6c9ee137430015b52887901377ac2f33e21f4078","bugs":{"url":"https://github.com/jshttp/mime-db/issues"},"homepage":"https://github.com/jshttp/mime-db","_id":"mime-db@1.0.1","_shasum":"35d99b0965967253bb30633a7d07a8de9975a952","_from":".","_npmVersion":"1.4.21","_npmUser":{"name":"jongleberry","email":"jonathanrichardong@gmail.com"},"maintainers":[{"name":"jongleberry","email":"jonathanrichardong@gmail.com"}],"dist":{"shasum":"35d99b0965967253bb30633a7d07a8de9975a952","tarball":"https://registry.npmjs.org/mime-db/-/mime-db-1.0.1.tgz"},"directories":{}},"1.0.2":{"name":"mime-db","description":"Media Type Database","version":"1.0.2","author":{"name":"Jonathan Ong","email":"me@jongleberry.com","url":"http://jongleberry.com"},"license":"MIT","repository":{"type":"git","url":"https://github.com/jshttp/mime-db"},"devDependencies":{"co":"3","cogent":"1","csv-parse":"0","gnode":"0.1.0","istanbul":"0.3.2","mocha":"~1.21.4","stream-to-array":"2"},"engine":{"node":">= 0.6"},"files":["LICENSE","db.json","index.js"],"scripts":{"update":"gnode scripts/extensions && gnode scripts/types && node scripts/build","clean":"rm src/*","test":"mocha --reporter spec --bail --check-leaks test/","test-cov":"istanbul cover node_modules/mocha/bin/_mocha -- --reporter dot --check-leaks test/","test-travis":"istanbul cover node_modules/mocha/bin/_mocha --report lcovonly -- --reporter spec --check-leaks test/"},"keywords":["mime","db","type","types","database","charset","charsets"],"gitHead":"7e73ecca04a6b1af7ceacb6e6434fc81a03e5620","bugs":{"url":"https://github.com/jshttp/mime-db/issues"},"homepage":"https://github.com/jshttp/mime-db","_id":"mime-db@1.0.2","_shasum":"dfb351df979c2b59bfcab5c1e187469b6da1bba4","_from":".","_npmVersion":"1.4.21","_npmUser":{"name":"dougwilson","email":"doug@somethingdoug.com"},"maintainers":[{"name":"jongleberry","email":"jonathanrichardong@gmail.com"},{"name":"dougwilson","email":"doug@somethingdoug.com"}],"dist":{"shasum":"dfb351df979c2b59bfcab5c1e187469b6da1bba4","tarball":"https://registry.npmjs.org/mime-db/-/mime-db-1.0.2.tgz"},"directories":{}},"1.0.3":{"name":"mime-db","description":"Media Type Database","version":"1.0.3","author":{"name":"Jonathan Ong","email":"me@jongleberry.com","url":"http://jongleberry.com"},"license":"MIT","repository":{"type":"git","url":"https://github.com/jshttp/mime-db"},"devDependencies":{"co":"3","cogent":"1","csv-parse":"0","gnode":"0.1.0","istanbul":"0.3.2","mocha":"~1.21.4","stream-to-array":"2"},"engines":{"node":">= 0.6"},"files":["LICENSE","db.json","index.js"],"scripts":{"update":"gnode scripts/extensions && gnode scripts/types && node scripts/build","clean":"rm src/*","test":"mocha --reporter spec --bail --check-leaks test/","test-cov":"istanbul cover node_modules/mocha/bin/_mocha -- --reporter dot --check-leaks test/","test-travis":"istanbul cover node_modules/mocha/bin/_mocha --report lcovonly -- --reporter spec --check-leaks test/"},"keywords":["mime","db","type","types","database","charset","charsets"],"gitHead":"0be986cf71b58b78dee1580f600811c0ddf2a358","bugs":{"url":"https://github.com/jshttp/mime-db/issues"},"homepage":"https://github.com/jshttp/mime-db","_id":"mime-db@1.0.3","_shasum":"5680b12300b3cecea5620f20f269ee80f2632d81","_from":".","_npmVersion":"1.4.21","_npmUser":{"name":"dougwilson","email":"doug@somethingdoug.com"},"maintainers":[{"name":"jongleberry","email":"jonathanrichardong@gmail.com"},{"name":"dougwilson","email":"doug@somethingdoug.com"}],"dist":{"shasum":"5680b12300b3cecea5620f20f269ee80f2632d81","tarball":"https://registry.npmjs.org/mime-db/-/mime-db-1.0.3.tgz"},"directories":{}},"1.1.0":{"name":"mime-db","description":"Media Type Database","version":"1.1.0","author":{"name":"Jonathan Ong","email":"me@jongleberry.com","url":"http://jongleberry.com"},"license":"MIT","repository":{"type":"git","url":"https://github.com/jshttp/mime-db"},"devDependencies":{"co":"3","cogent":"1","csv-parse":"0","gnode":"0.1.0","istanbul":"0.3.2","mocha":"~1.21.4","stream-to-array":"2"},"engines":{"node":">= 0.6"},"files":["LICENSE","db.json","index.js"],"scripts":{"update":"gnode scripts/extensions && gnode scripts/types && node scripts/build","clean":"rm src/*","test":"mocha --reporter spec --bail --check-leaks test/","test-cov":"istanbul cover node_modules/mocha/bin/_mocha -- --reporter dot --check-leaks test/","test-travis":"istanbul cover node_modules/mocha/bin/_mocha --report lcovonly -- --reporter spec --check-leaks test/"},"keywords":["mime","db","type","types","database","charset","charsets"],"gitHead":"7ed17588ab9c87b7f8f77f68326ef689bdfb4b61","bugs":{"url":"https://github.com/jshttp/mime-db/issues"},"homepage":"https://github.com/jshttp/mime-db","_id":"mime-db@1.1.0","_shasum":"4613f418ab995450bf4bda240cd0ab38016a07a9","_from":".","_npmVersion":"1.4.21","_npmUser":{"name":"dougwilson","email":"doug@somethingdoug.com"},"maintainers":[{"name":"jongleberry","email":"jonathanrichardong@gmail.com"},{"name":"dougwilson","email":"doug@somethingdoug.com"}],"dist":{"shasum":"4613f418ab995450bf4bda240cd0ab38016a07a9","tarball":"https://registry.npmjs.org/mime-db/-/mime-db-1.1.0.tgz"},"directories":{}},"1.1.1":{"name":"mime-db","description":"Media Type Database","version":"1.1.1","author":{"name":"Jonathan Ong","email":"me@jongleberry.com","url":"http://jongleberry.com"},"license":"MIT","repository":{"type":"git","url":"https://github.com/jshttp/mime-db"},"devDependencies":{"co":"3","cogent":"1","csv-parse":"0","gnode":"0.1.0","istanbul":"0.3.2","mocha":"~1.21.4","stream-to-array":"2"},"engines":{"node":">= 0.6"},"files":["LICENSE","db.json","index.js"],"scripts":{"update":"gnode scripts/extensions && gnode scripts/types && node scripts/build","clean":"rm src/*","test":"mocha --reporter spec --bail --check-leaks test/","test-cov":"istanbul cover node_modules/mocha/bin/_mocha -- --reporter dot --check-leaks test/","test-travis":"istanbul cover node_modules/mocha/bin/_mocha --report lcovonly -- --reporter spec --check-leaks test/"},"keywords":["mime","db","type","types","database","charset","charsets"],"gitHead":"edc213cbc9828807ea29ea3cc290b4fd485eae91","bugs":{"url":"https://github.com/jshttp/mime-db/issues"},"homepage":"https://github.com/jshttp/mime-db","_id":"mime-db@1.1.1","_shasum":"0fc890cda05d0edadefde73d241ef7e28d110a98","_from":".","_npmVersion":"2.1.4","_nodeVersion":"0.11.14","_npmUser":{"name":"jongleberry","email":"jonathanrichardong@gmail.com"},"maintainers":[{"name":"jongleberry","email":"jonathanrichardong@gmail.com"},{"name":"dougwilson","email":"doug@somethingdoug.com"}],"dist":{"shasum":"0fc890cda05d0edadefde73d241ef7e28d110a98","tarball":"https://registry.npmjs.org/mime-db/-/mime-db-1.1.1.tgz"},"directories":{}},"1.1.2":{"name":"mime-db","description":"Media Type Database","version":"1.1.2","author":{"name":"Jonathan Ong","email":"me@jongleberry.com","url":"http://jongleberry.com"},"license":"MIT","repository":{"type":"git","url":"https://github.com/jshttp/mime-db"},"devDependencies":{"co":"3","cogent":"1","csv-parse":"0","gnode":"0.1.0","istanbul":"0.3.2","mocha":"~1.21.4","stream-to-array":"2"},"engines":{"node":">= 0.6"},"files":["LICENSE","db.json","index.js"],"scripts":{"update":"gnode scripts/extensions && gnode scripts/types && node scripts/build","clean":"rm src/*","test":"mocha --reporter spec --bail --check-leaks test/","test-cov":"istanbul cover node_modules/mocha/bin/_mocha -- --reporter dot --check-leaks test/","test-travis":"istanbul cover node_modules/mocha/bin/_mocha --report lcovonly -- --reporter spec --check-leaks test/"},"keywords":["mime","db","type","types","database","charset","charsets"],"gitHead":"24ffc1c4bef8465cae0253448bc48437dda3124e","bugs":{"url":"https://github.com/jshttp/mime-db/issues"},"homepage":"https://github.com/jshttp/mime-db","_id":"mime-db@1.1.2","_shasum":"893d6c510f7e3f64fc75d8a23a48401f669e7fdb","_from":".","_npmVersion":"1.4.21","_npmUser":{"name":"dougwilson","email":"doug@somethingdoug.com"},"maintainers":[{"name":"jongleberry","email":"jonathanrichardong@gmail.com"},{"name":"dougwilson","email":"doug@somethingdoug.com"}],"dist":{"shasum":"893d6c510f7e3f64fc75d8a23a48401f669e7fdb","tarball":"https://registry.npmjs.org/mime-db/-/mime-db-1.1.2.tgz"},"directories":{}},"1.2.0":{"name":"mime-db","description":"Media Type Database","version":"1.2.0","author":{"name":"Jonathan Ong","email":"me@jongleberry.com","url":"http://jongleberry.com"},"license":"MIT","repository":{"type":"git","url":"https://github.com/jshttp/mime-db"},"devDependencies":{"co":"3","cogent":"1","csv-parse":"0","gnode":"0.1.0","istanbul":"0.3.2","mocha":"~1.21.4","stream-to-array":"2"},"engines":{"node":">= 0.6"},"files":["LICENSE","db.json","index.js"],"scripts":{"update":"gnode scripts/extensions && gnode scripts/types && node scripts/build","clean":"rm src/*","test":"mocha --reporter spec --bail --check-leaks test/","test-cov":"istanbul cover node_modules/mocha/bin/_mocha -- --reporter dot --check-leaks test/","test-travis":"istanbul cover node_modules/mocha/bin/_mocha --report lcovonly -- --reporter spec --check-leaks test/"},"keywords":["mime","db","type","types","database","charset","charsets"],"gitHead":"caf5b253569f0267e31044602d2f1078028e2361","bugs":{"url":"https://github.com/jshttp/mime-db/issues"},"homepage":"https://github.com/jshttp/mime-db","_id":"mime-db@1.2.0","_shasum":"76b92e7ecac673f5dab066a10b66faea1be2f01f","_from":".","_npmVersion":"1.4.21","_npmUser":{"name":"dougwilson","email":"doug@somethingdoug.com"},"maintainers":[{"name":"jongleberry","email":"jonathanrichardong@gmail.com"},{"name":"dougwilson","email":"doug@somethingdoug.com"}],"dist":{"shasum":"76b92e7ecac673f5dab066a10b66faea1be2f01f","tarball":"https://registry.npmjs.org/mime-db/-/mime-db-1.2.0.tgz"},"directories":{}},"1.3.0":{"name":"mime-db","description":"Media Type Database","version":"1.3.0","author":{"name":"Jonathan Ong","email":"me@jongleberry.com","url":"http://jongleberry.com"},"license":"MIT","repository":{"type":"git","url":"https://github.com/jshttp/mime-db"},"devDependencies":{"co":"3","cogent":"1","csv-parse":"0","gnode":"0.1.0","istanbul":"0.3.4","mocha":"~1.21.4","stream-to-array":"2"},"engines":{"node":">= 0.6"},"files":["LICENSE","db.json","index.js"],"scripts":{"update":"gnode scripts/extensions && gnode scripts/types && node scripts/build","clean":"rm src/*","test":"mocha --reporter spec --bail --check-leaks test/","test-cov":"istanbul cover node_modules/mocha/bin/_mocha -- --reporter dot --check-leaks test/","test-travis":"istanbul cover node_modules/mocha/bin/_mocha --report lcovonly -- --reporter spec --check-leaks test/"},"keywords":["mime","db","type","types","database","charset","charsets"],"gitHead":"dc3a4d4948e9e6814404712d0f3560f1fffe7d73","bugs":{"url":"https://github.com/jshttp/mime-db/issues"},"homepage":"https://github.com/jshttp/mime-db","_id":"mime-db@1.3.0","_shasum":"5fefeb25dd9b097c5d45091c60f8149b98d749ec","_from":".","_npmVersion":"1.4.21","_npmUser":{"name":"dougwilson","email":"doug@somethingdoug.com"},"maintainers":[{"name":"jongleberry","email":"jonathanrichardong@gmail.com"},{"name":"dougwilson","email":"doug@somethingdoug.com"}],"dist":{"shasum":"5fefeb25dd9b097c5d45091c60f8149b98d749ec","tarball":"https://registry.npmjs.org/mime-db/-/mime-db-1.3.0.tgz"},"directories":{}},"1.3.1":{"name":"mime-db","description":"Media Type Database","version":"1.3.1","author":{"name":"Jonathan Ong","email":"me@jongleberry.com","url":"http://jongleberry.com"},"license":"MIT","repository":{"type":"git","url":"https://github.com/jshttp/mime-db"},"devDependencies":{"co":"3","cogent":"1","csv-parse":"0","gnode":"0.1.0","istanbul":"0.3.5","mocha":"~1.21.4","stream-to-array":"2"},"engines":{"node":">= 0.6"},"files":["LICENSE","db.json","index.js"],"scripts":{"update":"gnode scripts/extensions && gnode scripts/types && node scripts/build","clean":"rm src/*","test":"mocha --reporter spec --bail --check-leaks test/","test-cov":"istanbul cover node_modules/mocha/bin/_mocha -- --reporter dot --check-leaks test/","test-travis":"istanbul cover node_modules/mocha/bin/_mocha --report lcovonly -- --reporter spec --check-leaks test/"},"keywords":["mime","db","type","types","database","charset","charsets"],"gitHead":"98a91c9ddaf83e5c9b197d1ad26981a66e074c26","bugs":{"url":"https://github.com/jshttp/mime-db/issues"},"homepage":"https://github.com/jshttp/mime-db","_id":"mime-db@1.3.1","_shasum":"b1cd51ee8c4a674c49e03a96d67565fc768ce941","_from":".","_npmVersion":"1.4.21","_npmUser":{"name":"dougwilson","email":"doug@somethingdoug.com"},"maintainers":[{"name":"jongleberry","email":"jonathanrichardong@gmail.com"},{"name":"dougwilson","email":"doug@somethingdoug.com"}],"dist":{"shasum":"b1cd51ee8c4a674c49e03a96d67565fc768ce941","tarball":"https://registry.npmjs.org/mime-db/-/mime-db-1.3.1.tgz"},"directories":{}},"1.4.0":{"name":"mime-db","description":"Media Type Database","version":"1.4.0","author":{"name":"Jonathan Ong","email":"me@jongleberry.com","url":"http://jongleberry.com"},"contributors":[{"name":"Douglas Christopher Wilson","email":"doug@somethingdoug.com"}],"license":"MIT","keywords":["mime","db","type","types","database","charset","charsets"],"repository":{"type":"git","url":"https://github.com/jshttp/mime-db"},"devDependencies":{"co":"3","cogent":"1","csv-parse":"0","gnode":"0.1.0","istanbul":"0.3.5","mocha":"~1.21.4","raw-body":"~1.3.1","stream-to-array":"2"},"files":["HISTORY.md","LICENSE","README.md","db.json","index.js"],"engines":{"node":">= 0.6"},"scripts":{"update":"gnode scripts/extensions && gnode scripts/types && node scripts/build","clean":"rm src/*","test":"mocha --reporter spec --bail --check-leaks test/","test-cov":"istanbul cover node_modules/mocha/bin/_mocha -- --reporter dot --check-leaks test/","test-travis":"istanbul cover node_modules/mocha/bin/_mocha --report lcovonly -- --reporter spec --check-leaks test/"},"gitHead":"3a452a9ab72ff6f3af7954bec77657c2d0699717","bugs":{"url":"https://github.com/jshttp/mime-db/issues"},"homepage":"https://github.com/jshttp/mime-db","_id":"mime-db@1.4.0","_shasum":"58573481b042aca7da48bd22510891b1dbf11b03","_from":".","_npmVersion":"1.4.28","_npmUser":{"name":"dougwilson","email":"doug@somethingdoug.com"},"maintainers":[{"name":"jongleberry","email":"jonathanrichardong@gmail.com"},{"name":"dougwilson","email":"doug@somethingdoug.com"}],"dist":{"shasum":"58573481b042aca7da48bd22510891b1dbf11b03","tarball":"https://registry.npmjs.org/mime-db/-/mime-db-1.4.0.tgz"},"directories":{}},"1.5.0":{"name":"mime-db","description":"Media Type Database","version":"1.5.0","author":{"name":"Jonathan Ong","email":"me@jongleberry.com","url":"http://jongleberry.com"},"contributors":[{"name":"Douglas Christopher Wilson","email":"doug@somethingdoug.com"}],"license":"MIT","keywords":["mime","db","type","types","database","charset","charsets"],"repository":{"type":"git","url":"https://github.com/jshttp/mime-db"},"devDependencies":{"co":"4","cogent":"1","csv-parse":"0","gnode":"0.1.0","istanbul":"0.3.5","mocha":"~1.21.4","raw-body":"~1.3.1","stream-to-array":"2"},"files":["HISTORY.md","LICENSE","README.md","db.json","index.js"],"engines":{"node":">= 0.6"},"scripts":{"update":"gnode scripts/extensions && gnode scripts/types && node scripts/build","clean":"rm src/*","test":"mocha --reporter spec --bail --check-leaks test/","test-cov":"istanbul cover node_modules/mocha/bin/_mocha -- --reporter dot --check-leaks test/","test-travis":"istanbul cover node_modules/mocha/bin/_mocha --report lcovonly -- --reporter spec --check-leaks test/"},"gitHead":"262fafb4a696cae208d6148c6642ee45bce07cb3","bugs":{"url":"https://github.com/jshttp/mime-db/issues"},"homepage":"https://github.com/jshttp/mime-db","_id":"mime-db@1.5.0","_shasum":"bd80b576157991c3b46c71be7041fc6d5402a6ee","_from":".","_npmVersion":"1.4.28","_npmUser":{"name":"dougwilson","email":"doug@somethingdoug.com"},"maintainers":[{"name":"jongleberry","email":"jonathanrichardong@gmail.com"},{"name":"dougwilson","email":"doug@somethingdoug.com"}],"dist":{"shasum":"bd80b576157991c3b46c71be7041fc6d5402a6ee","tarball":"https://registry.npmjs.org/mime-db/-/mime-db-1.5.0.tgz"},"directories":{}},"1.6.0":{"name":"mime-db","description":"Media Type Database","version":"1.6.0","author":{"name":"Jonathan Ong","email":"me@jongleberry.com","url":"http://jongleberry.com"},"contributors":[{"name":"Douglas Christopher Wilson","email":"doug@somethingdoug.com"}],"license":"MIT","keywords":["mime","db","type","types","database","charset","charsets"],"repository":{"type":"git","url":"https://github.com/jshttp/mime-db"},"devDependencies":{"co":"4","cogent":"1","csv-parse":"0","gnode":"0.1.0","istanbul":"0.3.5","mocha":"~1.21.4","raw-body":"~1.3.2","stream-to-array":"2"},"files":["HISTORY.md","LICENSE","README.md","db.json","index.js"],"engines":{"node":">= 0.6"},"scripts":{"update":"gnode scripts/extensions && gnode scripts/types && node scripts/build","clean":"rm src/*","test":"mocha --reporter spec --bail --check-leaks test/","test-cov":"istanbul cover node_modules/mocha/bin/_mocha -- --reporter dot --check-leaks test/","test-travis":"istanbul cover node_modules/mocha/bin/_mocha --report lcovonly -- --reporter spec --check-leaks test/"},"gitHead":"ca3a8540fc873694ad85dab835463c1ca3e0152a","bugs":{"url":"https://github.com/jshttp/mime-db/issues"},"homepage":"https://github.com/jshttp/mime-db","_id":"mime-db@1.6.0","_shasum":"7453d2097b080cad8044f04e856b3408f31e1ff3","_from":".","_npmVersion":"1.4.28","_npmUser":{"name":"dougwilson","email":"doug@somethingdoug.com"},"maintainers":[{"name":"jongleberry","email":"jonathanrichardong@gmail.com"},{"name":"dougwilson","email":"doug@somethingdoug.com"}],"dist":{"shasum":"7453d2097b080cad8044f04e856b3408f31e1ff3","tarball":"https://registry.npmjs.org/mime-db/-/mime-db-1.6.0.tgz"},"directories":{}},"1.6.1":{"name":"mime-db","description":"Media Type Database","version":"1.6.1","author":{"name":"Jonathan Ong","email":"me@jongleberry.com","url":"http://jongleberry.com"},"contributors":[{"name":"Douglas Christopher Wilson","email":"doug@somethingdoug.com"},{"name":"Robert Kieffer","email":"robert@broofa.com","url":"http://github.com/broofa"}],"license":"MIT","keywords":["mime","db","type","types","database","charset","charsets"],"repository":{"type":"git","url":"https://github.com/jshttp/mime-db"},"devDependencies":{"co":"4","cogent":"1","csv-parse":"0","gnode":"0.1.0","istanbul":"0.3.5","mocha":"~1.21.4","raw-body":"~1.3.2","stream-to-array":"2"},"files":["HISTORY.md","LICENSE","README.md","db.json","index.js"],"engines":{"node":">= 0.6"},"scripts":{"update":"gnode scripts/extensions && gnode scripts/types && node scripts/build","clean":"rm src/*","test":"mocha --reporter spec --bail --check-leaks test/","test-cov":"istanbul cover node_modules/mocha/bin/_mocha -- --reporter dot --check-leaks test/","test-travis":"istanbul cover node_modules/mocha/bin/_mocha --report lcovonly -- --reporter spec --check-leaks test/"},"gitHead":"7f07ff87267625b73dcf73b97b2530a37a85d079","bugs":{"url":"https://github.com/jshttp/mime-db/issues"},"homepage":"https://github.com/jshttp/mime-db","_id":"mime-db@1.6.1","_shasum":"6e85cd87c961d130d6ebd37efdfc2c0e06fdfcd3","_from":".","_npmVersion":"1.4.28","_npmUser":{"name":"dougwilson","email":"doug@somethingdoug.com"},"maintainers":[{"name":"jongleberry","email":"jonathanrichardong@gmail.com"},{"name":"dougwilson","email":"doug@somethingdoug.com"}],"dist":{"shasum":"6e85cd87c961d130d6ebd37efdfc2c0e06fdfcd3","tarball":"https://registry.npmjs.org/mime-db/-/mime-db-1.6.1.tgz"},"directories":{}},"1.7.0":{"name":"mime-db","description":"Media Type Database","version":"1.7.0","author":{"name":"Jonathan Ong","email":"me@jongleberry.com","url":"http://jongleberry.com"},"contributors":[{"name":"Douglas Christopher Wilson","email":"doug@somethingdoug.com"},{"name":"Robert Kieffer","email":"robert@broofa.com","url":"http://github.com/broofa"}],"license":"MIT","keywords":["mime","db","type","types","database","charset","charsets"],"repository":{"type":"git","url":"https://github.com/jshttp/mime-db"},"devDependencies":{"co":"4","cogent":"1","csv-parse":"0","gnode":"0.1.0","istanbul":"0.3.5","mocha":"~1.21.4","raw-body":"~1.3.2","stream-to-array":"2"},"files":["HISTORY.md","LICENSE","README.md","db.json","index.js"],"engines":{"node":">= 0.6"},"scripts":{"build":"node scripts/build","fetch":"gnode scripts/extensions && gnode scripts/types","test":"mocha --reporter spec --bail --check-leaks test/","test-cov":"istanbul cover node_modules/mocha/bin/_mocha -- --reporter dot --check-leaks test/","test-travis":"istanbul cover node_modules/mocha/bin/_mocha --report lcovonly -- --reporter spec --check-leaks test/","update":"npm run fetch && npm run build"},"gitHead":"972cc3ed48530ab7aca7a155bf2dbd1b13aa8f86","bugs":{"url":"https://github.com/jshttp/mime-db/issues"},"homepage":"https://github.com/jshttp/mime-db","_id":"mime-db@1.7.0","_shasum":"36cf66a6c52ea71827bde287f77c254f5ef1b8d3","_from":".","_npmVersion":"1.4.28","_npmUser":{"name":"dougwilson","email":"doug@somethingdoug.com"},"maintainers":[{"name":"jongleberry","email":"jonathanrichardong@gmail.com"},{"name":"dougwilson","email":"doug@somethingdoug.com"}],"dist":{"shasum":"36cf66a6c52ea71827bde287f77c254f5ef1b8d3","tarball":"https://registry.npmjs.org/mime-db/-/mime-db-1.7.0.tgz"},"directories":{}},"1.8.0":{"name":"mime-db","description":"Media Type Database","version":"1.8.0","contributors":[{"name":"Douglas Christopher Wilson","email":"doug@somethingdoug.com"},{"name":"Jonathan Ong","email":"me@jongleberry.com","url":"http://jongleberry.com"},{"name":"Robert Kieffer","email":"robert@broofa.com","url":"http://github.com/broofa"}],"license":"MIT","keywords":["mime","db","type","types","database","charset","charsets"],"repository":{"type":"git","url":"https://github.com/jshttp/mime-db"},"devDependencies":{"bluebird":"~2.9.14","co":"~4.4.0","cogent":"1","csv-parse":"0.0.9","gnode":"0.1.1","istanbul":"0.3.7","mocha":"~1.21.4","raw-body":"~1.3.3","stream-to-array":"2"},"files":["HISTORY.md","LICENSE","README.md","db.json","index.js"],"engines":{"node":">= 0.6"},"scripts":{"build":"node scripts/build","fetch":"gnode scripts/extensions && gnode scripts/types","test":"mocha --reporter spec --bail --check-leaks test/","test-cov":"istanbul cover node_modules/mocha/bin/_mocha -- --reporter dot --check-leaks test/","test-travis":"istanbul cover node_modules/mocha/bin/_mocha --report lcovonly -- --reporter spec --check-leaks test/","update":"npm run fetch && npm run build"},"gitHead":"cd5730a475ff03d2ef49fc571d5510a548b63494","bugs":{"url":"https://github.com/jshttp/mime-db/issues"},"homepage":"https://github.com/jshttp/mime-db","_id":"mime-db@1.8.0","_shasum":"82a9b385f22b0f5954dec4d445faba0722c4ad25","_from":".","_npmVersion":"1.4.28","_npmUser":{"name":"dougwilson","email":"doug@somethingdoug.com"},"maintainers":[{"name":"jongleberry","email":"jonathanrichardong@gmail.com"},{"name":"dougwilson","email":"doug@somethingdoug.com"}],"dist":{"shasum":"82a9b385f22b0f5954dec4d445faba0722c4ad25","tarball":"https://registry.npmjs.org/mime-db/-/mime-db-1.8.0.tgz"},"directories":{}},"1.9.0":{"name":"mime-db","description":"Media Type Database","version":"1.9.0","contributors":[{"name":"Douglas Christopher Wilson","email":"doug@somethingdoug.com"},{"name":"Jonathan Ong","email":"me@jongleberry.com","url":"http://jongleberry.com"},{"name":"Robert Kieffer","email":"robert@broofa.com","url":"http://github.com/broofa"}],"license":"MIT","keywords":["mime","db","type","types","database","charset","charsets"],"repository":{"type":"git","url":"https://github.com/jshttp/mime-db"},"devDependencies":{"bluebird":"~2.9.20","co":"4.5.1","cogent":"1","csv-parse":"0.1.0","gnode":"0.1.1","istanbul":"0.3.8","mocha":"~1.21.4","raw-body":"~1.3.3","stream-to-array":"2"},"files":["HISTORY.md","LICENSE","README.md","db.json","index.js"],"engines":{"node":">= 0.6"},"scripts":{"build":"node scripts/build","fetch":"gnode scripts/extensions && gnode scripts/types","test":"mocha --reporter spec --bail --check-leaks test/","test-cov":"istanbul cover node_modules/mocha/bin/_mocha -- --reporter dot --check-leaks test/","test-travis":"istanbul cover node_modules/mocha/bin/_mocha --report lcovonly -- --reporter spec --check-leaks test/","update":"npm run fetch && npm run build"},"gitHead":"3ab05638863bf1973b733c8a652581ea4c6b6613","bugs":{"url":"https://github.com/jshttp/mime-db/issues"},"homepage":"https://github.com/jshttp/mime-db","_id":"mime-db@1.9.0","_shasum":"dba46663957551864f8142cc22ef364b2a9b4797","_from":".","_npmVersion":"1.4.28","_npmUser":{"name":"dougwilson","email":"doug@somethingdoug.com"},"maintainers":[{"name":"jongleberry","email":"jonathanrichardong@gmail.com"},{"name":"dougwilson","email":"doug@somethingdoug.com"}],"dist":{"shasum":"dba46663957551864f8142cc22ef364b2a9b4797","tarball":"https://registry.npmjs.org/mime-db/-/mime-db-1.9.0.tgz"},"directories":{}},"1.9.1":{"name":"mime-db","description":"Media Type Database","version":"1.9.1","contributors":[{"name":"Douglas Christopher Wilson","email":"doug@somethingdoug.com"},{"name":"Jonathan Ong","email":"me@jongleberry.com","url":"http://jongleberry.com"},{"name":"Robert Kieffer","email":"robert@broofa.com","url":"http://github.com/broofa"}],"license":"MIT","keywords":["mime","db","type","types","database","charset","charsets"],"repository":{"type":"git","url":"https://github.com/jshttp/mime-db"},"devDependencies":{"bluebird":"~2.9.20","co":"4.5.1","cogent":"1","csv-parse":"0.1.0","gnode":"0.1.1","istanbul":"0.3.8","mocha":"~1.21.4","raw-body":"~1.3.3","stream-to-array":"2"},"files":["HISTORY.md","LICENSE","README.md","db.json","index.js"],"engines":{"node":">= 0.6"},"scripts":{"build":"node scripts/build","fetch":"gnode scripts/extensions && gnode scripts/types","test":"mocha --reporter spec --bail --check-leaks test/","test-cov":"istanbul cover node_modules/mocha/bin/_mocha -- --reporter dot --check-leaks test/","test-travis":"istanbul cover node_modules/mocha/bin/_mocha --report lcovonly -- --reporter spec --check-leaks test/","update":"npm run fetch && npm run build"},"gitHead":"590a8b6afceeee64b424fcd2d0d73a3bebc81685","bugs":{"url":"https://github.com/jshttp/mime-db/issues"},"homepage":"https://github.com/jshttp/mime-db","_id":"mime-db@1.9.1","_shasum":"1431049a71791482c29f37bafc8ea2cb3a6dd3e8","_from":".","_npmVersion":"1.4.28","_npmUser":{"name":"dougwilson","email":"doug@somethingdoug.com"},"maintainers":[{"name":"jongleberry","email":"jonathanrichardong@gmail.com"},{"name":"dougwilson","email":"doug@somethingdoug.com"}],"dist":{"shasum":"1431049a71791482c29f37bafc8ea2cb3a6dd3e8","tarball":"https://registry.npmjs.org/mime-db/-/mime-db-1.9.1.tgz"},"directories":{}},"1.10.0":{"name":"mime-db","description":"Media Type Database","version":"1.10.0","contributors":[{"name":"Douglas Christopher Wilson","email":"doug@somethingdoug.com"},{"name":"Jonathan Ong","email":"me@jongleberry.com","url":"http://jongleberry.com"},{"name":"Robert Kieffer","email":"robert@broofa.com","url":"http://github.com/broofa"}],"license":"MIT","keywords":["mime","db","type","types","database","charset","charsets"],"repository":{"type":"git","url":"https://github.com/jshttp/mime-db"},"devDependencies":{"bluebird":"~2.9.20","co":"4.5.4","cogent":"1.0.1","csv-parse":"0.1.1","gnode":"0.1.1","istanbul":"0.3.9","mocha":"1.21.5","raw-body":"2.0.1","stream-to-array":"2"},"files":["HISTORY.md","LICENSE","README.md","db.json","index.js"],"engines":{"node":">= 0.6"},"scripts":{"build":"node scripts/build","fetch":"gnode scripts/extensions && gnode scripts/types","test":"mocha --reporter spec --bail --check-leaks test/","test-cov":"istanbul cover node_modules/mocha/bin/_mocha -- --reporter dot --check-leaks test/","test-travis":"istanbul cover node_modules/mocha/bin/_mocha --report lcovonly -- --reporter spec --check-leaks test/","update":"npm run fetch && npm run build"},"gitHead":"260552f9177fe78986b92699999f81999c7fe43c","bugs":{"url":"https://github.com/jshttp/mime-db/issues"},"homepage":"https://github.com/jshttp/mime-db","_id":"mime-db@1.10.0","_shasum":"e6308063c758ebd12837874c3d1ea9170766b03b","_from":".","_npmVersion":"1.4.28","_npmUser":{"name":"dougwilson","email":"doug@somethingdoug.com"},"maintainers":[{"name":"jongleberry","email":"jonathanrichardong@gmail.com"},{"name":"dougwilson","email":"doug@somethingdoug.com"}],"dist":{"shasum":"e6308063c758ebd12837874c3d1ea9170766b03b","tarball":"https://registry.npmjs.org/mime-db/-/mime-db-1.10.0.tgz"},"directories":{}},"1.11.0":{"name":"mime-db","description":"Media Type Database","version":"1.11.0","contributors":[{"name":"Douglas Christopher Wilson","email":"doug@somethingdoug.com"},{"name":"Jonathan Ong","email":"me@jongleberry.com","url":"http://jongleberry.com"},{"name":"Robert Kieffer","email":"robert@broofa.com","url":"http://github.com/broofa"}],"license":"MIT","keywords":["mime","db","type","types","database","charset","charsets"],"repository":{"type":"git","url":"https://github.com/jshttp/mime-db"},"devDependencies":{"bluebird":"2.9.27","co":"4.5.4","cogent":"1.0.1","csv-parse":"0.1.2","gnode":"0.1.1","istanbul":"0.3.9","mocha":"1.21.5","raw-body":"2.1.0","stream-to-array":"2"},"files":["HISTORY.md","LICENSE","README.md","db.json","index.js"],"engines":{"node":">= 0.6"},"scripts":{"build":"node scripts/build","fetch":"gnode scripts/extensions && gnode scripts/types","test":"mocha --reporter spec --bail --check-leaks test/","test-cov":"istanbul cover node_modules/mocha/bin/_mocha -- --reporter dot --check-leaks test/","test-travis":"istanbul cover node_modules/mocha/bin/_mocha --report lcovonly -- --reporter spec --check-leaks test/","update":"npm run fetch && npm run build"},"gitHead":"70f7dadc39f262e1a8bdff27cefe996d0ed4e043","bugs":{"url":"https://github.com/jshttp/mime-db/issues"},"homepage":"https://github.com/jshttp/mime-db","_id":"mime-db@1.11.0","_shasum":"658e1563b52d733a78161224b835166b457069ab","_from":".","_npmVersion":"1.4.28","_npmUser":{"name":"dougwilson","email":"doug@somethingdoug.com"},"maintainers":[{"name":"jongleberry","email":"jonathanrichardong@gmail.com"},{"name":"dougwilson","email":"doug@somethingdoug.com"}],"dist":{"shasum":"658e1563b52d733a78161224b835166b457069ab","tarball":"https://registry.npmjs.org/mime-db/-/mime-db-1.11.0.tgz"},"directories":{}},"1.12.0":{"name":"mime-db","description":"Media Type Database","version":"1.12.0","contributors":[{"name":"Douglas Christopher Wilson","email":"doug@somethingdoug.com"},{"name":"Jonathan Ong","email":"me@jongleberry.com","url":"http://jongleberry.com"},{"name":"Robert Kieffer","email":"robert@broofa.com","url":"http://github.com/broofa"}],"license":"MIT","keywords":["mime","db","type","types","database","charset","charsets"],"repository":{"type":"git","url":"https://github.com/jshttp/mime-db"},"devDependencies":{"bluebird":"2.9.27","co":"4.5.4","cogent":"1.0.1","csv-parse":"0.1.2","gnode":"0.1.1","istanbul":"0.3.9","mocha":"1.21.5","raw-body":"2.1.0","stream-to-array":"2"},"files":["HISTORY.md","LICENSE","README.md","db.json","index.js"],"engines":{"node":">= 0.6"},"scripts":{"build":"node scripts/build","fetch":"gnode scripts/extensions && gnode scripts/types","test":"mocha --reporter spec --bail --check-leaks test/","test-cov":"istanbul cover node_modules/mocha/bin/_mocha -- --reporter dot --check-leaks test/","test-travis":"istanbul cover node_modules/mocha/bin/_mocha --report lcovonly -- --reporter spec --check-leaks test/","update":"npm run fetch && npm run build"},"gitHead":"cf35cbba6b22f4a3b3eef9a32129ea5b7f0f91ee","bugs":{"url":"https://github.com/jshttp/mime-db/issues"},"homepage":"https://github.com/jshttp/mime-db","_id":"mime-db@1.12.0","_shasum":"3d0c63180f458eb10d325aaa37d7c58ae312e9d7","_from":".","_npmVersion":"1.4.28","_npmUser":{"name":"dougwilson","email":"doug@somethingdoug.com"},"maintainers":[{"name":"jongleberry","email":"jonathanrichardong@gmail.com"},{"name":"dougwilson","email":"doug@somethingdoug.com"}],"dist":{"shasum":"3d0c63180f458eb10d325aaa37d7c58ae312e9d7","tarball":"https://registry.npmjs.org/mime-db/-/mime-db-1.12.0.tgz"},"directories":{}},"1.13.0":{"name":"mime-db","description":"Media Type Database","version":"1.13.0","contributors":[{"name":"Douglas Christopher Wilson","email":"doug@somethingdoug.com"},{"name":"Jonathan Ong","email":"me@jongleberry.com","url":"http://jongleberry.com"},{"name":"Robert Kieffer","email":"robert@broofa.com","url":"http://github.com/broofa"}],"license":"MIT","keywords":["mime","db","type","types","database","charset","charsets"],"repository":{"type":"git","url":"https://github.com/jshttp/mime-db"},"devDependencies":{"bluebird":"2.9.27","co":"4.5.4","cogent":"1.0.1","csv-parse":"0.1.2","gnode":"0.1.1","istanbul":"0.3.14","mocha":"1.21.5","raw-body":"2.1.0","stream-to-array":"2"},"files":["HISTORY.md","LICENSE","README.md","db.json","index.js"],"engines":{"node":">= 0.6"},"scripts":{"build":"node scripts/build","fetch":"gnode scripts/fetch-apache && gnode scripts/fetch-iana && gnode scripts/fetch-nginx","test":"mocha --reporter spec --bail --check-leaks test/","test-cov":"istanbul cover node_modules/mocha/bin/_mocha -- --reporter dot --check-leaks test/","test-travis":"istanbul cover node_modules/mocha/bin/_mocha --report lcovonly -- --reporter spec --check-leaks test/","update":"npm run fetch && npm run build"},"gitHead":"cd78635e4f8baf85d91b4edcd071f77f94a08c53","bugs":{"url":"https://github.com/jshttp/mime-db/issues"},"homepage":"https://github.com/jshttp/mime-db","_id":"mime-db@1.13.0","_shasum":"fd6808168fe30835e7ea2205fc981d3b633e4e34","_from":".","_npmVersion":"1.4.28","_npmUser":{"name":"dougwilson","email":"doug@somethingdoug.com"},"maintainers":[{"name":"jongleberry","email":"jonathanrichardong@gmail.com"},{"name":"dougwilson","email":"doug@somethingdoug.com"}],"dist":{"shasum":"fd6808168fe30835e7ea2205fc981d3b633e4e34","tarball":"https://registry.npmjs.org/mime-db/-/mime-db-1.13.0.tgz"},"directories":{}},"1.14.0":{"name":"mime-db","description":"Media Type Database","version":"1.14.0","contributors":[{"name":"Douglas Christopher Wilson","email":"doug@somethingdoug.com"},{"name":"Jonathan Ong","email":"me@jongleberry.com","url":"http://jongleberry.com"},{"name":"Robert Kieffer","email":"robert@broofa.com","url":"http://github.com/broofa"}],"license":"MIT","keywords":["mime","db","type","types","database","charset","charsets"],"repository":{"type":"git","url":"https://github.com/jshttp/mime-db"},"devDependencies":{"bluebird":"2.9.30","co":"4.5.4","cogent":"1.0.1","csv-parse":"0.1.3","gnode":"0.1.1","istanbul":"0.3.16","mocha":"1.21.5","raw-body":"2.1.1","stream-to-array":"2"},"files":["HISTORY.md","LICENSE","README.md","db.json","index.js"],"engines":{"node":">= 0.6"},"scripts":{"build":"node scripts/build","fetch":"gnode scripts/fetch-apache && gnode scripts/fetch-iana && gnode scripts/fetch-nginx","test":"mocha --reporter spec --bail --check-leaks test/","test-cov":"istanbul cover node_modules/mocha/bin/_mocha -- --reporter dot --check-leaks test/","test-travis":"istanbul cover node_modules/mocha/bin/_mocha --report lcovonly -- --reporter spec --check-leaks test/","update":"npm run fetch && npm run build"},"gitHead":"9803c407b6621daba9363f534cfab18255c945a8","bugs":{"url":"https://github.com/jshttp/mime-db/issues"},"homepage":"https://github.com/jshttp/mime-db","_id":"mime-db@1.14.0","_shasum":"d561f10b6ee66db51f94ae657a2951a74217ed83","_from":".","_npmVersion":"1.4.28","_npmUser":{"name":"dougwilson","email":"doug@somethingdoug.com"},"maintainers":[{"name":"jongleberry","email":"jonathanrichardong@gmail.com"},{"name":"dougwilson","email":"doug@somethingdoug.com"}],"dist":{"shasum":"d561f10b6ee66db51f94ae657a2951a74217ed83","tarball":"https://registry.npmjs.org/mime-db/-/mime-db-1.14.0.tgz"},"directories":{}},"1.15.0":{"name":"mime-db","description":"Media Type Database","version":"1.15.0","contributors":[{"name":"Douglas Christopher Wilson","email":"doug@somethingdoug.com"},{"name":"Jonathan Ong","email":"me@jongleberry.com","url":"http://jongleberry.com"},{"name":"Robert Kieffer","email":"robert@broofa.com","url":"http://github.com/broofa"}],"license":"MIT","keywords":["mime","db","type","types","database","charset","charsets"],"repository":{"type":"git","url":"https://github.com/jshttp/mime-db"},"devDependencies":{"bluebird":"2.9.33","co":"4.6.0","cogent":"1.0.1","csv-parse":"0.1.3","gnode":"0.1.1","istanbul":"0.3.17","mocha":"1.21.5","raw-body":"2.1.2","stream-to-array":"2"},"files":["HISTORY.md","LICENSE","README.md","db.json","index.js"],"engines":{"node":">= 0.6"},"scripts":{"build":"node scripts/build","fetch":"gnode scripts/fetch-apache && gnode scripts/fetch-iana && gnode scripts/fetch-nginx","test":"mocha --reporter spec --bail --check-leaks test/","test-cov":"istanbul cover node_modules/mocha/bin/_mocha -- --reporter dot --check-leaks test/","test-travis":"istanbul cover node_modules/mocha/bin/_mocha --report lcovonly -- --reporter spec --check-leaks test/","update":"npm run fetch && npm run build"},"gitHead":"96922b79fcaacf8c2a95ce3368739ec71c9471a2","bugs":{"url":"https://github.com/jshttp/mime-db/issues"},"homepage":"https://github.com/jshttp/mime-db","_id":"mime-db@1.15.0","_shasum":"d219e6214bbcae23a6fa69c0868c4fadc1405e8a","_from":".","_npmVersion":"1.4.28","_npmUser":{"name":"dougwilson","email":"doug@somethingdoug.com"},"maintainers":[{"name":"jongleberry","email":"jonathanrichardong@gmail.com"},{"name":"dougwilson","email":"doug@somethingdoug.com"}],"dist":{"shasum":"d219e6214bbcae23a6fa69c0868c4fadc1405e8a","tarball":"https://registry.npmjs.org/mime-db/-/mime-db-1.15.0.tgz"},"directories":{}},"1.16.0":{"name":"mime-db","description":"Media Type Database","version":"1.16.0","contributors":[{"name":"Douglas Christopher Wilson","email":"doug@somethingdoug.com"},{"name":"Jonathan Ong","email":"me@jongleberry.com","url":"http://jongleberry.com"},{"name":"Robert Kieffer","email":"robert@broofa.com","url":"http://github.com/broofa"}],"license":"MIT","keywords":["mime","db","type","types","database","charset","charsets"],"repository":{"type":"git","url":"https://github.com/jshttp/mime-db"},"devDependencies":{"bluebird":"2.9.34","co":"4.6.0","cogent":"1.0.1","csv-parse":"0.1.4","gnode":"0.1.1","istanbul":"0.3.17","mocha":"1.21.5","raw-body":"2.1.2","stream-to-array":"2"},"files":["HISTORY.md","LICENSE","README.md","db.json","index.js"],"engines":{"node":">= 0.6"},"scripts":{"build":"node scripts/build","fetch":"gnode scripts/fetch-apache && gnode scripts/fetch-iana && gnode scripts/fetch-nginx","test":"mocha --reporter spec --bail --check-leaks test/","test-cov":"istanbul cover node_modules/mocha/bin/_mocha -- --reporter dot --check-leaks test/","test-travis":"istanbul cover node_modules/mocha/bin/_mocha --report lcovonly -- --reporter spec --check-leaks test/","update":"npm run fetch && npm run build"},"gitHead":"81c7d528a1e9711084f64adbb99b70c24e8fb8c9","bugs":{"url":"https://github.com/jshttp/mime-db/issues"},"homepage":"https://github.com/jshttp/mime-db","_id":"mime-db@1.16.0","_shasum":"e83dce4f81ca5455d29048e6c3422e9de3154f70","_from":".","_npmVersion":"1.4.28","_npmUser":{"name":"dougwilson","email":"doug@somethingdoug.com"},"maintainers":[{"name":"jongleberry","email":"jonathanrichardong@gmail.com"},{"name":"dougwilson","email":"doug@somethingdoug.com"}],"dist":{"shasum":"e83dce4f81ca5455d29048e6c3422e9de3154f70","tarball":"https://registry.npmjs.org/mime-db/-/mime-db-1.16.0.tgz"},"directories":{}},"1.17.0":{"name":"mime-db","description":"Media Type Database","version":"1.17.0","contributors":[{"name":"Douglas Christopher Wilson","email":"doug@somethingdoug.com"},{"name":"Jonathan Ong","email":"me@jongleberry.com","url":"http://jongleberry.com"},{"name":"Robert Kieffer","email":"robert@broofa.com","url":"http://github.com/broofa"}],"license":"MIT","keywords":["mime","db","type","types","database","charset","charsets"],"repository":{"type":"git","url":"https://github.com/jshttp/mime-db"},"devDependencies":{"bluebird":"2.9.34","co":"4.6.0","cogent":"1.0.1","csv-parse":"1.0.0","gnode":"0.1.1","istanbul":"0.3.17","mocha":"1.21.5","raw-body":"2.1.2","stream-to-array":"2"},"files":["HISTORY.md","LICENSE","README.md","db.json","index.js"],"engines":{"node":">= 0.6"},"scripts":{"build":"node scripts/build","fetch":"gnode scripts/fetch-apache && gnode scripts/fetch-iana && gnode scripts/fetch-nginx","test":"mocha --reporter spec --bail --check-leaks test/","test-cov":"istanbul cover node_modules/mocha/bin/_mocha -- --reporter dot --check-leaks test/","test-travis":"istanbul cover node_modules/mocha/bin/_mocha --report lcovonly -- --reporter spec --check-leaks test/","update":"npm run fetch && npm run build"},"gitHead":"6525b89bd6d8f901d3c5b072741f0fbc4a4d60c3","bugs":{"url":"https://github.com/jshttp/mime-db/issues"},"homepage":"https://github.com/jshttp/mime-db","_id":"mime-db@1.17.0","_shasum":"95bdc044092d2bcc3189dd19fbed6ed3a3f3df2a","_from":".","_npmVersion":"1.4.28","_npmUser":{"name":"dougwilson","email":"doug@somethingdoug.com"},"maintainers":[{"name":"jongleberry","email":"jonathanrichardong@gmail.com"},{"name":"dougwilson","email":"doug@somethingdoug.com"}],"dist":{"shasum":"95bdc044092d2bcc3189dd19fbed6ed3a3f3df2a","tarball":"https://registry.npmjs.org/mime-db/-/mime-db-1.17.0.tgz"},"directories":{}},"1.18.0":{"name":"mime-db","description":"Media Type Database","version":"1.18.0","contributors":[{"name":"Douglas Christopher Wilson","email":"doug@somethingdoug.com"},{"name":"Jonathan Ong","email":"me@jongleberry.com","url":"http://jongleberry.com"},{"name":"Robert Kieffer","email":"robert@broofa.com","url":"http://github.com/broofa"}],"license":"MIT","keywords":["mime","db","type","types","database","charset","charsets"],"repository":{"type":"git","url":"https://github.com/jshttp/mime-db"},"devDependencies":{"bluebird":"2.9.34","co":"4.6.0","cogent":"1.0.1","csv-parse":"1.0.0","gnode":"0.1.1","istanbul":"0.3.19","mocha":"1.21.5","raw-body":"2.1.2","stream-to-array":"2"},"files":["HISTORY.md","LICENSE","README.md","db.json","index.js"],"engines":{"node":">= 0.6"},"scripts":{"build":"node scripts/build","fetch":"gnode scripts/fetch-apache && gnode scripts/fetch-iana && gnode scripts/fetch-nginx","test":"mocha --reporter spec --bail --check-leaks test/","test-cov":"istanbul cover node_modules/mocha/bin/_mocha -- --reporter dot --check-leaks test/","test-travis":"istanbul cover node_modules/mocha/bin/_mocha --report lcovonly -- --reporter spec --check-leaks test/","update":"npm run fetch && npm run build"},"gitHead":"c48209a8786e61f20499ba14167252ad67638c5f","bugs":{"url":"https://github.com/jshttp/mime-db/issues"},"homepage":"https://github.com/jshttp/mime-db","_id":"mime-db@1.18.0","_shasum":"5317e28224c08af1d484f60973dd386ba8f389e0","_from":".","_npmVersion":"1.4.28","_npmUser":{"name":"dougwilson","email":"doug@somethingdoug.com"},"maintainers":[{"name":"jongleberry","email":"jonathanrichardong@gmail.com"},{"name":"dougwilson","email":"doug@somethingdoug.com"}],"dist":{"shasum":"5317e28224c08af1d484f60973dd386ba8f389e0","tarball":"https://registry.npmjs.org/mime-db/-/mime-db-1.18.0.tgz"},"directories":{}},"1.19.0":{"name":"mime-db","description":"Media Type Database","version":"1.19.0","contributors":[{"name":"Douglas Christopher Wilson","email":"doug@somethingdoug.com"},{"name":"Jonathan Ong","email":"me@jongleberry.com","url":"http://jongleberry.com"},{"name":"Robert Kieffer","email":"robert@broofa.com","url":"http://github.com/broofa"}],"license":"MIT","keywords":["mime","db","type","types","database","charset","charsets"],"repository":{"type":"git","url":"https://github.com/jshttp/mime-db"},"devDependencies":{"bluebird":"2.10.0","co":"4.6.0","cogent":"1.0.1","csv-parse":"1.0.0","gnode":"0.1.1","istanbul":"0.3.20","mocha":"1.21.5","raw-body":"2.1.3","stream-to-array":"2"},"files":["HISTORY.md","LICENSE","README.md","db.json","index.js"],"engines":{"node":">= 0.6"},"scripts":{"build":"node scripts/build","fetch":"gnode scripts/fetch-apache && gnode scripts/fetch-iana && gnode scripts/fetch-nginx","test":"mocha --reporter spec --bail --check-leaks test/","test-cov":"istanbul cover node_modules/mocha/bin/_mocha -- --reporter dot --check-leaks test/","test-travis":"istanbul cover node_modules/mocha/bin/_mocha --report lcovonly -- --reporter spec --check-leaks test/","update":"npm run fetch && npm run build"},"gitHead":"46a40f0524a01fb3075a7ecde92e8e04fc93d599","bugs":{"url":"https://github.com/jshttp/mime-db/issues"},"homepage":"https://github.com/jshttp/mime-db","_id":"mime-db@1.19.0","_shasum":"496a18198a7ce8244534e25bb102b74fb420fd56","_from":".","_npmVersion":"1.4.28","_npmUser":{"name":"dougwilson","email":"doug@somethingdoug.com"},"maintainers":[{"name":"jongleberry","email":"jonathanrichardong@gmail.com"},{"name":"dougwilson","email":"doug@somethingdoug.com"}],"dist":{"shasum":"496a18198a7ce8244534e25bb102b74fb420fd56","tarball":"https://registry.npmjs.org/mime-db/-/mime-db-1.19.0.tgz"},"directories":{}},"1.20.0":{"name":"mime-db","description":"Media Type Database","version":"1.20.0","contributors":[{"name":"Douglas Christopher Wilson","email":"doug@somethingdoug.com"},{"name":"Jonathan Ong","email":"me@jongleberry.com","url":"http://jongleberry.com"},{"name":"Robert Kieffer","email":"robert@broofa.com","url":"http://github.com/broofa"}],"license":"MIT","keywords":["mime","db","type","types","database","charset","charsets"],"repository":{"type":"git","url":"https://github.com/jshttp/mime-db"},"devDependencies":{"bluebird":"2.10.0","co":"4.6.0","cogent":"1.0.1","csv-parse":"1.0.0","gnode":"0.1.1","istanbul":"0.4.0","mocha":"1.21.5","raw-body":"2.1.4","stream-to-array":"2.2.0"},"files":["HISTORY.md","LICENSE","README.md","db.json","index.js"],"engines":{"node":">= 0.6"},"scripts":{"build":"node scripts/build","fetch":"gnode scripts/fetch-apache && gnode scripts/fetch-iana && gnode scripts/fetch-nginx","test":"mocha --reporter spec --bail --check-leaks test/","test-cov":"istanbul cover node_modules/mocha/bin/_mocha -- --reporter dot --check-leaks test/","test-travis":"istanbul cover node_modules/mocha/bin/_mocha --report lcovonly -- --reporter spec --check-leaks test/","update":"npm run fetch && npm run build"},"gitHead":"20c99312645c05ab8466701ede01bd5cd3ac7bc4","bugs":{"url":"https://github.com/jshttp/mime-db/issues"},"homepage":"https://github.com/jshttp/mime-db","_id":"mime-db@1.20.0","_shasum":"496f90fd01fe0e031c8823ec3aa9450ffda18ed8","_from":".","_npmVersion":"1.4.28","_npmUser":{"name":"dougwilson","email":"doug@somethingdoug.com"},"maintainers":[{"name":"jongleberry","email":"jonathanrichardong@gmail.com"},{"name":"dougwilson","email":"doug@somethingdoug.com"}],"dist":{"shasum":"496f90fd01fe0e031c8823ec3aa9450ffda18ed8","tarball":"https://registry.npmjs.org/mime-db/-/mime-db-1.20.0.tgz"},"directories":{}},"1.21.0":{"name":"mime-db","description":"Media Type Database","version":"1.21.0","contributors":[{"name":"Douglas Christopher Wilson","email":"doug@somethingdoug.com"},{"name":"Jonathan Ong","email":"me@jongleberry.com","url":"http://jongleberry.com"},{"name":"Robert Kieffer","email":"robert@broofa.com","url":"http://github.com/broofa"}],"license":"MIT","keywords":["mime","db","type","types","database","charset","charsets"],"repository":{"type":"git","url":"https://github.com/jshttp/mime-db"},"devDependencies":{"bluebird":"3.1.1","co":"4.6.0","cogent":"1.0.1","csv-parse":"1.0.1","gnode":"0.1.1","istanbul":"0.4.1","mocha":"1.21.5","raw-body":"2.1.5","stream-to-array":"2.2.0"},"files":["HISTORY.md","LICENSE","README.md","db.json","index.js"],"engines":{"node":">= 0.6"},"scripts":{"build":"node scripts/build","fetch":"gnode scripts/fetch-apache && gnode scripts/fetch-iana && gnode scripts/fetch-nginx","test":"mocha --reporter spec --bail --check-leaks test/","test-cov":"istanbul cover node_modules/mocha/bin/_mocha -- --reporter dot --check-leaks test/","test-travis":"istanbul cover node_modules/mocha/bin/_mocha --report lcovonly -- --reporter spec --check-leaks test/","update":"npm run fetch && npm run build"},"gitHead":"9ab92f0a912a602408a64db5741dfef6f82c597f","bugs":{"url":"https://github.com/jshttp/mime-db/issues"},"homepage":"https://github.com/jshttp/mime-db","_id":"mime-db@1.21.0","_shasum":"9b5239e3353cf6eb015a00d890261027c36d4bac","_from":".","_npmVersion":"1.4.28","_npmUser":{"name":"dougwilson","email":"doug@somethingdoug.com"},"maintainers":[{"name":"jongleberry","email":"jonathanrichardong@gmail.com"},{"name":"dougwilson","email":"doug@somethingdoug.com"}],"dist":{"shasum":"9b5239e3353cf6eb015a00d890261027c36d4bac","tarball":"https://registry.npmjs.org/mime-db/-/mime-db-1.21.0.tgz"},"directories":{}},"1.22.0":{"name":"mime-db","description":"Media Type Database","version":"1.22.0","contributors":[{"name":"Douglas Christopher Wilson","email":"doug@somethingdoug.com"},{"name":"Jonathan Ong","email":"me@jongleberry.com","url":"http://jongleberry.com"},{"name":"Robert Kieffer","email":"robert@broofa.com","url":"http://github.com/broofa"}],"license":"MIT","keywords":["mime","db","type","types","database","charset","charsets"],"repository":{"type":"git","url":"git+https://github.com/jshttp/mime-db.git"},"devDependencies":{"bluebird":"3.3.1","co":"4.6.0","cogent":"1.0.1","csv-parse":"1.0.1","gnode":"0.1.2","istanbul":"0.4.2","mocha":"1.21.5","raw-body":"2.1.5","stream-to-array":"2.2.1"},"files":["HISTORY.md","LICENSE","README.md","db.json","index.js"],"engines":{"node":">= 0.6"},"scripts":{"build":"node scripts/build","fetch":"gnode scripts/fetch-apache && gnode scripts/fetch-iana && gnode scripts/fetch-nginx","test":"mocha --reporter spec --bail --check-leaks test/","test-cov":"istanbul cover node_modules/mocha/bin/_mocha -- --reporter dot --check-leaks test/","test-travis":"istanbul cover node_modules/mocha/bin/_mocha --report lcovonly -- --reporter spec --check-leaks test/","update":"npm run fetch && npm run build"},"gitHead":"ed88d32405582a5aaff6225d1210005d6be2623e","bugs":{"url":"https://github.com/jshttp/mime-db/issues"},"homepage":"https://github.com/jshttp/mime-db#readme","_id":"mime-db@1.22.0","_shasum":"ab23a6372dc9d86d3dc9121bd0ebd38105a1904a","_from":".","_npmVersion":"2.14.7","_nodeVersion":"4.2.3","_npmUser":{"name":"dougwilson","email":"doug@somethingdoug.com"},"dist":{"shasum":"ab23a6372dc9d86d3dc9121bd0ebd38105a1904a","tarball":"https://registry.npmjs.org/mime-db/-/mime-db-1.22.0.tgz"},"maintainers":[{"name":"dougwilson","email":"doug@somethingdoug.com"},{"name":"jongleberry","email":"jonathanrichardong@gmail.com"}],"_npmOperationalInternal":{"host":"packages-9-west.internal.npmjs.com","tmp":"tmp/mime-db-1.22.0.tgz_1455558813990_0.7830642955377698"},"directories":{}},"1.23.0":{"name":"mime-db","description":"Media Type Database","version":"1.23.0","contributors":[{"name":"Douglas Christopher Wilson","email":"doug@somethingdoug.com"},{"name":"Jonathan Ong","email":"me@jongleberry.com","url":"http://jongleberry.com"},{"name":"Robert Kieffer","email":"robert@broofa.com","url":"http://github.com/broofa"}],"license":"MIT","keywords":["mime","db","type","types","database","charset","charsets"],"repository":{"type":"git","url":"git+https://github.com/jshttp/mime-db.git"},"devDependencies":{"bluebird":"3.3.5","co":"4.6.0","cogent":"1.0.1","csv-parse":"1.1.0","gnode":"0.1.2","istanbul":"0.4.3","mocha":"1.21.5","raw-body":"2.1.6","stream-to-array":"2.3.0"},"files":["HISTORY.md","LICENSE","README.md","db.json","index.js"],"engines":{"node":">= 0.6"},"scripts":{"build":"node scripts/build","fetch":"gnode scripts/fetch-apache && gnode scripts/fetch-iana && gnode scripts/fetch-nginx","test":"mocha --reporter spec --bail --check-leaks test/","test-cov":"istanbul cover node_modules/mocha/bin/_mocha -- --reporter dot --check-leaks test/","test-travis":"istanbul cover node_modules/mocha/bin/_mocha --report lcovonly -- --reporter spec --check-leaks test/","update":"npm run fetch && npm run build"},"gitHead":"ba0d99fd05b3bfdc2ebcd78f858c25cb7db6af41","bugs":{"url":"https://github.com/jshttp/mime-db/issues"},"homepage":"https://github.com/jshttp/mime-db#readme","_id":"mime-db@1.23.0","_shasum":"a31b4070adaea27d732ea333740a64d0ec9a6659","_from":".","_npmVersion":"2.15.1","_nodeVersion":"4.4.3","_npmUser":{"name":"dougwilson","email":"doug@somethingdoug.com"},"dist":{"shasum":"a31b4070adaea27d732ea333740a64d0ec9a6659","tarball":"https://registry.npmjs.org/mime-db/-/mime-db-1.23.0.tgz"},"maintainers":[{"name":"dougwilson","email":"doug@somethingdoug.com"},{"name":"jongleberry","email":"jonathanrichardong@gmail.com"}],"_npmOperationalInternal":{"host":"packages-16-east.internal.npmjs.com","tmp":"tmp/mime-db-1.23.0.tgz_1462163798086_0.43938886746764183"},"directories":{}},"1.24.0":{"name":"mime-db","description":"Media Type Database","version":"1.24.0","contributors":[{"name":"Douglas Christopher Wilson","email":"doug@somethingdoug.com"},{"name":"Jonathan Ong","email":"me@jongleberry.com","url":"http://jongleberry.com"},{"name":"Robert Kieffer","email":"robert@broofa.com","url":"http://github.com/broofa"}],"license":"MIT","keywords":["mime","db","type","types","database","charset","charsets"],"repository":{"type":"git","url":"git+https://github.com/jshttp/mime-db.git"},"devDependencies":{"bluebird":"3.4.6","co":"4.6.0","cogent":"1.0.1","csv-parse":"1.1.7","gnode":"0.1.2","istanbul":"0.4.5","mocha":"1.21.5","raw-body":"2.1.7","stream-to-array":"2.3.0"},"files":["HISTORY.md","LICENSE","README.md","db.json","index.js"],"engines":{"node":">= 0.6"},"scripts":{"build":"node scripts/build","fetch":"gnode scripts/fetch-apache && gnode scripts/fetch-iana && gnode scripts/fetch-nginx","test":"mocha --reporter spec --bail --check-leaks test/","test-cov":"istanbul cover node_modules/mocha/bin/_mocha -- --reporter dot --check-leaks test/","test-travis":"istanbul cover node_modules/mocha/bin/_mocha --report lcovonly -- --reporter spec --check-leaks test/","update":"npm run fetch && npm run build"},"gitHead":"9dd00b34556a8cdd6f3385f09d4989298c4b86e1","bugs":{"url":"https://github.com/jshttp/mime-db/issues"},"homepage":"https://github.com/jshttp/mime-db#readme","_id":"mime-db@1.24.0","_shasum":"e2d13f939f0016c6e4e9ad25a8652f126c467f0c","_from":".","_npmVersion":"2.15.9","_nodeVersion":"4.5.0","_npmUser":{"name":"dougwilson","email":"doug@somethingdoug.com"},"dist":{"shasum":"e2d13f939f0016c6e4e9ad25a8652f126c467f0c","tarball":"https://registry.npmjs.org/mime-db/-/mime-db-1.24.0.tgz"},"maintainers":[{"name":"dougwilson","email":"doug@somethingdoug.com"},{"name":"jongleberry","email":"jonathanrichardong@gmail.com"}],"_npmOperationalInternal":{"host":"packages-16-east.internal.npmjs.com","tmp":"tmp/mime-db-1.24.0.tgz_1474198792761_0.7161959335207939"},"directories":{}},"1.25.0":{"name":"mime-db","description":"Media Type Database","version":"1.25.0","contributors":[{"name":"Douglas Christopher Wilson","email":"doug@somethingdoug.com"},{"name":"Jonathan Ong","email":"me@jongleberry.com","url":"http://jongleberry.com"},{"name":"Robert Kieffer","email":"robert@broofa.com","url":"http://github.com/broofa"}],"license":"MIT","keywords":["mime","db","type","types","database","charset","charsets"],"repository":{"type":"git","url":"https://github.com/jshttp/mime-db"},"devDependencies":{"bluebird":"3.4.6","co":"4.6.0","cogent":"1.0.1","csv-parse":"1.1.7","eslint":"3.9.1","eslint-config-standard":"6.2.1","eslint-plugin-promise":"3.3.0","eslint-plugin-standard":"2.0.1","gnode":"0.1.2","istanbul":"0.4.5","mocha":"1.21.5","raw-body":"2.1.7","stream-to-array":"2.3.0"},"files":["HISTORY.md","LICENSE","README.md","db.json","index.js"],"engines":{"node":">= 0.6"},"scripts":{"build":"node scripts/build","fetch":"gnode scripts/fetch-apache && gnode scripts/fetch-iana && gnode scripts/fetch-nginx","lint":"eslint .","test":"mocha --reporter spec --bail --check-leaks test/","test-cov":"istanbul cover node_modules/mocha/bin/_mocha -- --reporter dot --check-leaks test/","test-travis":"istanbul cover node_modules/mocha/bin/_mocha --report lcovonly -- --reporter spec --check-leaks test/","update":"npm run fetch && npm run build"},"gitHead":"9a2c710e347b4a7f030aae0d15afc0a06d1c8a37","bugs":{"url":"https://github.com/jshttp/mime-db/issues"},"homepage":"https://github.com/jshttp/mime-db","_id":"mime-db@1.25.0","_shasum":"c18dbd7c73a5dbf6f44a024dc0d165a1e7b1c392","_from":".","_npmVersion":"1.4.28","_npmUser":{"name":"dougwilson","email":"doug@somethingdoug.com"},"maintainers":[{"name":"dougwilson","email":"doug@somethingdoug.com"},{"name":"jongleberry","email":"jonathanrichardong@gmail.com"}],"dist":{"shasum":"c18dbd7c73a5dbf6f44a024dc0d165a1e7b1c392","tarball":"https://registry.npmjs.org/mime-db/-/mime-db-1.25.0.tgz"},"_npmOperationalInternal":{"host":"packages-12-west.internal.npmjs.com","tmp":"tmp/mime-db-1.25.0.tgz_1478915345127_0.22604371700435877"},"directories":{}},"1.26.0":{"name":"mime-db","description":"Media Type Database","version":"1.26.0","contributors":[{"name":"Douglas Christopher Wilson","email":"doug@somethingdoug.com"},{"name":"Jonathan Ong","email":"me@jongleberry.com","url":"http://jongleberry.com"},{"name":"Robert Kieffer","email":"robert@broofa.com","url":"http://github.com/broofa"}],"license":"MIT","keywords":["mime","db","type","types","database","charset","charsets"],"repository":{"type":"git","url":"git+https://github.com/jshttp/mime-db.git"},"devDependencies":{"bluebird":"3.4.7","co":"4.6.0","cogent":"1.0.1","csv-parse":"1.1.9","eslint":"3.13.1","eslint-config-standard":"6.2.1","eslint-plugin-promise":"3.3.0","eslint-plugin-standard":"2.0.1","gnode":"0.1.2","istanbul":"0.4.5","mocha":"1.21.5","raw-body":"2.2.0","stream-to-array":"2.3.0"},"files":["HISTORY.md","LICENSE","README.md","db.json","index.js"],"engines":{"node":">= 0.6"},"scripts":{"build":"node scripts/build","fetch":"gnode scripts/fetch-apache && gnode scripts/fetch-iana && gnode scripts/fetch-nginx","lint":"eslint .","test":"mocha --reporter spec --bail --check-leaks test/","test-cov":"istanbul cover node_modules/mocha/bin/_mocha -- --reporter dot --check-leaks test/","test-travis":"istanbul cover node_modules/mocha/bin/_mocha --report lcovonly -- --reporter spec --check-leaks test/","update":"npm run fetch && npm run build"},"gitHead":"1d9ff30e45b07a506a20f25df3a3c7106d219e24","bugs":{"url":"https://github.com/jshttp/mime-db/issues"},"homepage":"https://github.com/jshttp/mime-db#readme","_id":"mime-db@1.26.0","_shasum":"eaffcd0e4fc6935cf8134da246e2e6c35305adff","_from":".","_npmVersion":"2.15.9","_nodeVersion":"4.6.1","_npmUser":{"name":"dougwilson","email":"doug@somethingdoug.com"},"dist":{"shasum":"eaffcd0e4fc6935cf8134da246e2e6c35305adff","tarball":"https://registry.npmjs.org/mime-db/-/mime-db-1.26.0.tgz"},"maintainers":[{"name":"dougwilson","email":"doug@somethingdoug.com"},{"name":"jongleberry","email":"jonathanrichardong@gmail.com"}],"_npmOperationalInternal":{"host":"packages-12-west.internal.npmjs.com","tmp":"tmp/mime-db-1.26.0.tgz_1484453096877_0.39498970191925764"},"directories":{}},"1.27.0":{"name":"mime-db","description":"Media Type Database","version":"1.27.0","contributors":[{"name":"Douglas Christopher Wilson","email":"doug@somethingdoug.com"},{"name":"Jonathan Ong","email":"me@jongleberry.com","url":"http://jongleberry.com"},{"name":"Robert Kieffer","email":"robert@broofa.com","url":"http://github.com/broofa"}],"license":"MIT","keywords":["mime","db","type","types","database","charset","charsets"],"repository":{"type":"git","url":"git+https://github.com/jshttp/mime-db.git"},"devDependencies":{"bluebird":"3.5.0","co":"4.6.0","cogent":"1.0.1","csv-parse":"1.2.0","eslint":"3.17.1","eslint-config-standard":"7.0.1","eslint-plugin-promise":"3.5.0","eslint-plugin-standard":"2.1.1","gnode":"0.1.2","istanbul":"0.4.5","mocha":"1.21.5","raw-body":"2.2.0","stream-to-array":"2.3.0"},"files":["HISTORY.md","LICENSE","README.md","db.json","index.js"],"engines":{"node":">= 0.6"},"scripts":{"build":"node scripts/build","fetch":"gnode scripts/fetch-apache && gnode scripts/fetch-iana && gnode scripts/fetch-nginx","lint":"eslint .","test":"mocha --reporter spec --bail --check-leaks test/","test-cov":"istanbul cover node_modules/mocha/bin/_mocha -- --reporter dot --check-leaks test/","test-travis":"istanbul cover node_modules/mocha/bin/_mocha --report lcovonly -- --reporter spec --check-leaks test/","update":"npm run fetch && npm run build"},"gitHead":"c232c21378647dfbb7762410c7b025a47f114b94","bugs":{"url":"https://github.com/jshttp/mime-db/issues"},"homepage":"https://github.com/jshttp/mime-db#readme","_id":"mime-db@1.27.0","_shasum":"820f572296bbd20ec25ed55e5b5de869e5436eb1","_from":".","_npmVersion":"2.15.11","_nodeVersion":"4.7.3","_npmUser":{"name":"dougwilson","email":"doug@somethingdoug.com"},"dist":{"shasum":"820f572296bbd20ec25ed55e5b5de869e5436eb1","tarball":"https://registry.npmjs.org/mime-db/-/mime-db-1.27.0.tgz"},"maintainers":[{"name":"dougwilson","email":"doug@somethingdoug.com"},{"name":"jongleberry","email":"jonathanrichardong@gmail.com"}],"_npmOperationalInternal":{"host":"packages-12-west.internal.npmjs.com","tmp":"tmp/mime-db-1.27.0.tgz_1489722296902_0.15233952621929348"},"directories":{}},"1.28.0":{"name":"mime-db","description":"Media Type Database","version":"1.28.0","contributors":[{"name":"Douglas Christopher Wilson","email":"doug@somethingdoug.com"},{"name":"Jonathan Ong","email":"me@jongleberry.com","url":"http://jongleberry.com"},{"name":"Robert Kieffer","email":"robert@broofa.com","url":"http://github.com/broofa"}],"license":"MIT","keywords":["mime","db","type","types","database","charset","charsets"],"repository":{"type":"git","url":"git+https://github.com/jshttp/mime-db.git"},"devDependencies":{"bluebird":"3.5.0","co":"4.6.0","cogent":"1.0.1","csv-parse":"1.2.0","eslint":"3.19.0","eslint-config-standard":"10.2.1","eslint-plugin-import":"2.2.0","eslint-plugin-node":"4.2.2","eslint-plugin-promise":"3.5.0","eslint-plugin-standard":"3.0.1","gnode":"0.1.2","istanbul":"0.4.5","mocha":"1.21.5","raw-body":"2.2.0","stream-to-array":"2.3.0"},"files":["HISTORY.md","LICENSE","README.md","db.json","index.js"],"engines":{"node":">= 0.6"},"scripts":{"build":"node scripts/build","fetch":"gnode scripts/fetch-apache && gnode scripts/fetch-iana && gnode scripts/fetch-nginx","lint":"eslint .","test":"mocha --reporter spec --bail --check-leaks test/","test-cov":"istanbul cover node_modules/mocha/bin/_mocha -- --reporter dot --check-leaks test/","test-travis":"istanbul cover node_modules/mocha/bin/_mocha --report lcovonly -- --reporter spec --check-leaks test/","update":"npm run fetch && npm run build"},"gitHead":"f5d4f91f4fc1ba6c078b1e511df2534a10cbfffe","bugs":{"url":"https://github.com/jshttp/mime-db/issues"},"homepage":"https://github.com/jshttp/mime-db#readme","_id":"mime-db@1.28.0","_shasum":"fedd349be06d2865b7fc57d837c6de4f17d7ac3c","_from":".","_npmVersion":"3.10.10","_nodeVersion":"6.10.3","_npmUser":{"name":"dougwilson","email":"doug@somethingdoug.com"},"dist":{"shasum":"fedd349be06d2865b7fc57d837c6de4f17d7ac3c","tarball":"https://registry.npmjs.org/mime-db/-/mime-db-1.28.0.tgz"},"maintainers":[{"name":"dougwilson","email":"doug@somethingdoug.com"},{"name":"jongleberry","email":"jonathanrichardong@gmail.com"}],"_npmOperationalInternal":{"host":"packages-18-east.internal.npmjs.com","tmp":"tmp/mime-db-1.28.0.tgz_1494826071205_0.6150839638430625"},"directories":{}}},"readme":"# mime-db\n\n[![NPM Version][npm-version-image]][npm-url]\n[![NPM Downloads][npm-downloads-image]][npm-url]\n[![Node.js Version][node-image]][node-url]\n[![Build Status][travis-image]][travis-url]\n[![Coverage Status][coveralls-image]][coveralls-url]\n\nThis is a database of all mime types.\nIt consists of a single, public JSON file and does not include any logic,\nallowing it to remain as un-opinionated as possible with an API.\nIt aggregates data from the following sources:\n\n- http://www.iana.org/assignments/media-types/media-types.xhtml\n- http://svn.apache.org/repos/asf/httpd/httpd/trunk/docs/conf/mime.types\n- http://hg.nginx.org/nginx/raw-file/default/conf/mime.types\n\n## Installation\n\n```bash\nnpm install mime-db\n```\n\n### Database Download\n\nIf you're crazy enough to use this in the browser, you can just grab the\nJSON file using [RawGit](https://rawgit.com/). It is recommended to replace\n`master` with [a release tag](https://github.com/jshttp/mime-db/tags) as the\nJSON format may change in the future.\n\n```\nhttps://cdn.rawgit.com/jshttp/mime-db/master/db.json\n```\n\n## Usage\n\n```js\nvar db = require('mime-db');\n\n// grab data on .js files\nvar data = db['application/javascript'];\n```\n\n## Data Structure\n\nThe JSON file is a map lookup for lowercased mime types.\nEach mime type has the following properties:\n\n- `.source` - where the mime type is defined.\n    If not set, it's probably a custom media type.\n    - `apache` - [Apache common media types](http://svn.apache.org/repos/asf/httpd/httpd/trunk/docs/conf/mime.types)\n    - `iana` - [IANA-defined media types](http://www.iana.org/assignments/media-types/media-types.xhtml)\n    - `nginx` - [nginx media types](http://hg.nginx.org/nginx/raw-file/default/conf/mime.types)\n- `.extensions[]` - known extensions associated with this mime type.\n- `.compressible` - whether a file of this type can be gzipped.\n- `.charset` - the default charset associated with this type, if any.\n\nIf unknown, every property could be `undefined`.\n\n## Contributing\n\nTo edit the database, only make PRs against `src/custom.json` or\n`src/custom-suffix.json`.\n\nThe `src/custom.json` file is a JSON object with the MIME type as the keys\nand the values being an object with the following keys:\n\n- `compressible` - leave out if you don't know, otherwise `true`/`false` for\n  if the data represented by the time is typically compressible.\n- `extensions` - include an array of file extensions that are associated with\n  the type.\n- `notes` - human-readable notes about the type, typically what the type is.\n- `sources` - include an array of URLs of where the MIME type and the associated\n  extensions are sourced from. This needs to be a [primary source](https://en.wikipedia.org/wiki/Primary_source);\n  links to type aggregating sites and Wikipedia are _not acceptible_.\n\nTo update the build, run `npm run build`.\n\n## Adding Custom Media Types\n\nThe best way to get new media types included in this library is to register\nthem with the IANA. The community registration procedure is outlined in\n[RFC 6838 section 5](http://tools.ietf.org/html/rfc6838#section-5). Types\nregistered with the IANA are automatically pulled into this library.\n\n[npm-version-image]: https://img.shields.io/npm/v/mime-db.svg\n[npm-downloads-image]: https://img.shields.io/npm/dm/mime-db.svg\n[npm-url]: https://npmjs.org/package/mime-db\n[travis-image]: https://img.shields.io/travis/jshttp/mime-db/master.svg\n[travis-url]: https://travis-ci.org/jshttp/mime-db\n[coveralls-image]: https://img.shields.io/coveralls/jshttp/mime-db/master.svg\n[coveralls-url]: https://coveralls.io/r/jshttp/mime-db?branch=master\n[node-image]: https://img.shields.io/node/v/mime-db.svg\n[node-url]: http://nodejs.org/download/\n","maintainers":[{"name":"dougwilson","email":"doug@somethingdoug.com"},{"name":"jongleberry","email":"jonathanrichardong@gmail.com"}],"time":{"modified":"2017-05-15T05:27:52.930Z","created":"2014-08-14T22:17:35.560Z","0.0.0":"2014-08-14T22:17:35.560Z","1.0.0":"2014-08-30T11:33:45.622Z","1.0.1":"2014-08-30T11:57:45.485Z","1.0.2":"2014-09-25T07:47:47.870Z","1.0.3":"2014-09-25T07:54:26.345Z","1.1.0":"2014-09-28T21:54:48.591Z","1.1.1":"2014-10-20T18:11:58.366Z","1.1.2":"2014-10-24T05:57:39.626Z","1.2.0":"2014-11-09T18:01:27.065Z","1.3.0":"2014-12-08T04:14:15.910Z","1.3.1":"2014-12-16T17:51:31.299Z","1.4.0":"2014-12-22T06:23:30.189Z","1.5.0":"2014-12-30T20:18:18.941Z","1.6.0":"2015-01-30T03:49:26.689Z","1.6.1":"2015-02-05T17:50:22.349Z","1.7.0":"2015-02-09T01:52:13.439Z","1.8.0":"2015-03-14T00:24:56.612Z","1.9.0":"2015-04-20T01:38:12.189Z","1.9.1":"2015-04-20T02:06:55.370Z","1.10.0":"2015-05-20T03:02:15.863Z","1.11.0":"2015-06-01T04:03:45.970Z","1.12.0":"2015-06-06T03:19:37.308Z","1.13.0":"2015-06-08T00:27:23.098Z","1.14.0":"2015-06-26T02:12:03.398Z","1.15.0":"2015-07-13T21:56:36.379Z","1.16.0":"2015-07-29T16:19:33.504Z","1.17.0":"2015-08-14T02:52:23.446Z","1.18.0":"2015-09-03T15:44:26.171Z","1.19.0":"2015-09-18T04:10:52.533Z","1.20.0":"2015-11-11T05:30:10.962Z","1.21.0":"2016-01-06T17:25:52.120Z","1.22.0":"2016-02-15T17:53:37.862Z","1.23.0":"2016-05-02T04:36:39.170Z","1.24.0":"2016-09-18T11:39:54.651Z","1.25.0":"2016-11-12T01:49:07.167Z","1.26.0":"2017-01-15T04:04:59.107Z","1.27.0":"2017-03-17T03:44:59.581Z","1.28.0":"2017-05-15T05:27:52.930Z"},"homepage":"https://github.com/jshttp/mime-db#readme","keywords":["mime","db","type","types","database","charset","charsets"],"repository":{"type":"git","url":"git+https://github.com/jshttp/mime-db.git"},"bugs":{"url":"https://github.com/jshttp/mime-db/issues"},"license":"MIT","readmeFilename":"README.md","contributors":[{"name":"Douglas Christopher Wilson","email":"doug@somethingdoug.com"},{"name":"Jonathan Ong","email":"me@jongleberry.com","url":"http://jongleberry.com"},{"name":"Robert Kieffer","email":"robert@broofa.com","url":"http://github.com/broofa"}],"users":{"micnic":true,"danielbankhead":true,"mojaray2k":true,"tiancheng9":true,"panlw":true,"shuoshubao":true},"_attachments":{},"_etag":"W/\"59193c58-11e1f\"","_lastModified":"Mon, 15 May 2017 05:27:52 GMT","_cached":true}