{"_id":"ultron","_rev":"19-441d63fbf31b8af5053fd3506be72fd9","name":"ultron","description":"Ultron is high-intelligence robot. It gathers intel so it can start improving upon his rudimentary design","dist-tags":{"latest":"1.1.0"},"versions":{"0.0.0":{"name":"ultron","version":"0.0.0","description":"Ultron is high-intelligence robot. It gathers intel so it can start improving upon his rudimentary design","main":"index.js","scripts":{"test":"echo \"Error: no test specified\" && exit 1"},"repository":{"type":"git","url":"https://github.com/unshiftio/ultron"},"keywords":["Ultron","robot","gather","intelligence"],"author":{"name":"Arnout Kazemier"},"license":"MIT","bugs":{"url":"https://github.com/unshiftio/ultron/issues"},"homepage":"https://github.com/unshiftio/ultron","dependencies":{"querystringify":"0.0.x"},"_id":"ultron@0.0.0","_shasum":"022ae3ffb6a84471341a2dd7e2b3f3e475eabd09","_from":".","_npmVersion":"1.4.28","_npmUser":{"name":"V1","email":"info@3rd-Eden.com"},"maintainers":[{"name":"V1","email":"info@3rd-Eden.com"}],"dist":{"shasum":"022ae3ffb6a84471341a2dd7e2b3f3e475eabd09","tarball":"https://registry.npmjs.org/ultron/-/ultron-0.0.0.tgz"},"directories":{}},"1.0.0":{"name":"ultron","version":"1.0.0","description":"Ultron is high-intelligence robot. It gathers intel so it can start improving upon his rudimentary design","main":"index.js","scripts":{"test":"mocha --reporter spec --ui bdd test.js","watch":"mocha --watch --reporter spec --ui bdd test.js","coverage":"istanbul cover ./node_modules/.bin/_mocha -- --reporter spec --ui bdd test.js","test-travis":"istanbul cover node_modules/.bin/_mocha --report lcovonly -- --reporter spec --ui bdd test.js"},"repository":{"type":"git","url":"https://github.com/unshiftio/ultron"},"keywords":["Ultron","robot","gather","intelligence","event","events","eventemitter","emitter","cleanup"],"author":{"name":"Arnout Kazemier"},"license":"MIT","devDependencies":{"assume":"0.0.x","eventemitter3":"0.1.x","istanbul":"0.3.x","mocha":"2.0.x","pre-commit":"0.0.x"},"bugs":{"url":"https://github.com/unshiftio/ultron/issues"},"homepage":"https://github.com/unshiftio/ultron","gitHead":"beb83f1e8d6fe6b1aed8dd23e3591b3842cfa356","_id":"ultron@1.0.0","_shasum":"3a35f50db230083e3d33ae9492967e030f87899c","_from":".","_npmVersion":"1.4.28","_npmUser":{"name":"unshift","email":"npm@unshift.io"},"maintainers":[{"name":"V1","email":"info@3rd-Eden.com"},{"name":"unshift","email":"npm@unshift.io"}],"dist":{"shasum":"3a35f50db230083e3d33ae9492967e030f87899c","tarball":"https://registry.npmjs.org/ultron/-/ultron-1.0.0.tgz"},"directories":{}},"1.0.1":{"name":"ultron","version":"1.0.1","description":"Ultron is high-intelligence robot. It gathers intel so it can start improving upon his rudimentary design","main":"index.js","scripts":{"test":"mocha --reporter spec --ui bdd test.js","watch":"mocha --watch --reporter spec --ui bdd test.js","coverage":"istanbul cover ./node_modules/.bin/_mocha -- --reporter spec --ui bdd test.js","test-travis":"istanbul cover node_modules/.bin/_mocha --report lcovonly -- --reporter spec --ui bdd test.js"},"repository":{"type":"git","url":"https://github.com/unshiftio/ultron"},"keywords":["Ultron","robot","gather","intelligence","event","events","eventemitter","emitter","cleanup"],"author":{"name":"Arnout Kazemier"},"license":"MIT","devDependencies":{"assume":"0.0.x","eventemitter3":"0.1.x","istanbul":"0.3.x","mocha":"2.0.x","pre-commit":"0.0.x"},"bugs":{"url":"https://github.com/unshiftio/ultron/issues"},"homepage":"https://github.com/unshiftio/ultron","gitHead":"1aae6f07661ebb69a60c466ef50b9798cfb7f631","_id":"ultron@1.0.1","_shasum":"c9d8d86c9cf2823028eb45629ab725897dd65dc5","_from":".","_npmVersion":"1.4.28","_npmUser":{"name":"V1","email":"info@3rd-Eden.com"},"maintainers":[{"name":"V1","email":"info@3rd-Eden.com"},{"name":"unshift","email":"npm@unshift.io"}],"dist":{"shasum":"c9d8d86c9cf2823028eb45629ab725897dd65dc5","tarball":"https://registry.npmjs.org/ultron/-/ultron-1.0.1.tgz"},"directories":{}},"1.0.2":{"name":"ultron","version":"1.0.2","description":"Ultron is high-intelligence robot. It gathers intel so it can start improving upon his rudimentary design","main":"index.js","scripts":{"100%":"istanbul check-coverage --statements 100 --functions 100 --lines 100 --branches 100","test":"mocha test.js","watch":"mocha --watch test.js","coverage":"istanbul cover ./node_modules/.bin/_mocha -- test.js","test-travis":"istanbul cover node_modules/.bin/_mocha --report lcovonly -- test.js"},"repository":{"type":"git","url":"git+https://github.com/unshiftio/ultron.git"},"keywords":["Ultron","robot","gather","intelligence","event","events","eventemitter","emitter","cleanup"],"author":{"name":"Arnout Kazemier"},"license":"MIT","devDependencies":{"assume":"1.2.x","eventemitter3":"1.1.x","istanbul":"0.3.x","mocha":"2.2.x","pre-commit":"1.0.x"},"bugs":{"url":"https://github.com/unshiftio/ultron/issues"},"homepage":"https://github.com/unshiftio/ultron","gitHead":"a10482ae98a09120821545456c90c6d60d540f7c","_id":"ultron@1.0.2","_shasum":"ace116ab557cd197386a4e88f4685378c8b2e4fa","_from":".","_npmVersion":"2.9.1","_nodeVersion":"0.12.3","_npmUser":{"name":"3rdeden","email":"npm@3rd-Eden.com"},"maintainers":[{"name":"unshift","email":"npm@unshift.io"},{"name":"v1","email":"info@3rd-Eden.com"},{"name":"3rdeden","email":"npm@3rd-Eden.com"}],"dist":{"shasum":"ace116ab557cd197386a4e88f4685378c8b2e4fa","tarball":"https://registry.npmjs.org/ultron/-/ultron-1.0.2.tgz"},"directories":{}},"1.1.0":{"name":"ultron","version":"1.1.0","description":"Ultron is high-intelligence robot. It gathers intel so it can start improving upon his rudimentary design","main":"index.js","scripts":{"100%":"istanbul check-coverage --statements 100 --functions 100 --lines 100 --branches 100","test":"mocha test.js","watch":"mocha --watch test.js","coverage":"istanbul cover _mocha -- test.js","test-travis":"istanbul cover _mocha --report lcovonly -- test.js"},"repository":{"type":"git","url":"git+https://github.com/unshiftio/ultron.git"},"keywords":["Ultron","robot","gather","intelligence","event","events","eventemitter","emitter","cleanup"],"author":{"name":"Arnout Kazemier"},"license":"MIT","devDependencies":{"assume":"1.4.x","eventemitter3":"2.0.x","istanbul":"0.4.x","mocha":"~3.2.0","pre-commit":"~1.2.0"},"bugs":{"url":"https://github.com/unshiftio/ultron/issues"},"homepage":"https://github.com/unshiftio/ultron","gitHead":"6eb97b74402978aebda4a9d497cb6243ec80c9f1","_id":"ultron@1.1.0","_shasum":"b07a2e6a541a815fc6a34ccd4533baec307ca864","_from":".","_npmVersion":"3.9.3","_nodeVersion":"6.2.1","_npmUser":{"name":"3rdeden","email":"npm@3rd-Eden.com"},"maintainers":[{"name":"unshift","email":"npm@unshift.io"},{"name":"v1","email":"info@3rd-Eden.com"},{"name":"3rdeden","email":"npm@3rd-Eden.com"}],"dist":{"shasum":"b07a2e6a541a815fc6a34ccd4533baec307ca864","tarball":"https://registry.npmjs.org/ultron/-/ultron-1.1.0.tgz"},"_npmOperationalInternal":{"host":"packages-12-west.internal.npmjs.com","tmp":"tmp/ultron-1.1.0.tgz_1483969751660_0.8877595944795758"},"directories":{}}},"readme":"# Ultron\n\n[![Made by unshift](https://img.shields.io/badge/made%20by-unshift-00ffcc.svg?style=flat-square)](http://unshift.io)[![Version npm](http://img.shields.io/npm/v/ultron.svg?style=flat-square)](http://browsenpm.org/package/ultron)[![Build Status](http://img.shields.io/travis/unshiftio/ultron/master.svg?style=flat-square)](https://travis-ci.org/unshiftio/ultron)[![Dependencies](https://img.shields.io/david/unshiftio/ultron.svg?style=flat-square)](https://david-dm.org/unshiftio/ultron)[![Coverage Status](http://img.shields.io/coveralls/unshiftio/ultron/master.svg?style=flat-square)](https://coveralls.io/r/unshiftio/ultron?branch=master)[![IRC channel](http://img.shields.io/badge/IRC-irc.freenode.net%23unshift-00a8ff.svg?style=flat-square)](http://webchat.freenode.net/?channels=unshift)\n\nUltron is a high-intelligence robot. It gathers intelligence so it can start\nimproving upon his rudimentary design. It will learn your event emitting\npatterns and find ways to exterminate them. Allowing you to remove only the\nevent emitters that **you** assigned and not the ones that your users or\ndevelopers assigned. This can prevent race conditions, memory leaks and even file\ndescriptor leaks from ever happening as you won't remove clean up processes.\n\n## Installation\n\nThe module is designed to be used in browsers using browserify and in Node.js.\nYou can install the module through the public npm registry by running the\nfollowing command in CLI:\n\n```\nnpm install --save ultron\n```\n\n## Usage\n\nIn all examples we assume that you've required the library as following:\n\n```js\n'use strict';\n\nvar Ultron = require('ultron');\n```\n\nNow that we've required the library we can construct our first `Ultron` instance.\nThe constructor requires one argument which should be the `EventEmitter`\ninstance that we need to operate upon. This can be the `EventEmitter` module\nthat ships with Node.js or `EventEmitter3` or anything else as long as it\nfollow the same API and internal structure as these 2. So with that in mind we\ncan create the instance:\n\n```js\n//\n// For the sake of this example we're going to construct an empty EventEmitter\n//\nvar EventEmitter = require('events').EventEmitter; // or require('eventmitter3');\nvar events = new EventEmitter();\n\nvar ultron = new Ultron(events);\n```\n\nYou can now use the following API's from the Ultron instance:\n\n### Ultron.on\n\nRegister a new event listener for the given event. It follows the exact same API\nas `EventEmitter.on` but it will return itself instead of returning the\nEventEmitter instance. If you are using EventEmitter3 it also supports the\ncontext param:\n\n```js\nultron.on('event-name', handler, { custom: 'function context' });\n```\n\nJust like you would expect, it can also be chained together.\n\n```js\nultron\n.on('event-name', handler)\n.on('another event', handler);\n```\n\n### Ultron.once\n\nExactly the same as the [Ultron.on](#ultronon) but it only allows the execution\nonce.\n\nJust like you would expect, it can also be chained together.\n\n```js\nultron\n.once('event-name', handler, { custom: 'this value' })\n.once('another event', handler);\n```\n\n### Ultron.remove\n\nThis is where all the magic happens and the safe removal starts. This function\naccepts different argument styles:\n\n- No arguments, assume that all events need to be removed so it will work as\n  `removeAllListeners()` API.\n- 1 argument, when it's a string it will be split on ` ` and `,` to create a\n  list of events that need to be cleared.\n- Multiple arguments, we assume that they are all names of events that need to\n  be cleared.\n\n```js\nultron.remove('foo, bar baz');        // Removes foo, bar and baz.\nultron.remove('foo', 'bar', 'baz');   // Removes foo, bar and baz.\nultron.remove();                      // Removes everything.\n```\n\nIf you just want to remove a single event listener using a function reference\nyou can still use the EventEmitter's `removeListener(event, fn)` API:\n\n```js\nfunction foo() {}\n\nultron.on('foo', foo);\nevents.removeListener('foo', foo);\n```\n\n## License\n\nMIT\n","maintainers":[{"name":"unshift","email":"npm@unshift.io"},{"name":"v1","email":"info@3rd-Eden.com"},{"name":"3rdeden","email":"npm@3rd-Eden.com"}],"time":{"modified":"2017-04-20T04:00:16.273Z","created":"2014-11-03T13:39:34.976Z","0.0.0":"2014-11-03T13:39:34.976Z","1.0.0":"2014-11-11T13:05:02.310Z","1.0.1":"2014-12-05T08:34:11.643Z","1.0.2":"2015-06-10T14:59:07.339Z","1.1.0":"2017-01-09T13:49:13.604Z"},"homepage":"https://github.com/unshiftio/ultron","keywords":["Ultron","robot","gather","intelligence","event","events","eventemitter","emitter","cleanup"],"repository":{"type":"git","url":"git+https://github.com/unshiftio/ultron.git"},"author":{"name":"Arnout Kazemier"},"bugs":{"url":"https://github.com/unshiftio/ultron/issues"},"license":"MIT","readmeFilename":"README.md","users":{"bojand":true,"emarcs":true,"princetoad":true,"mojaray2k":true,"rajiff":true,"brend":true,"heartnett":true},"_attachments":{},"_etag":"W/\"58f83250-2f81\"","_lastModified":"Thu, 20 Apr 2017 04:00:16 GMT","_cached":true}