{"_id":"webdriver-manager","_rev":"79-24497d412905d4c68a1ac0e850c3e987","name":"webdriver-manager","description":"A selenium server and browser driver manager for your end to end tests.","dist-tags":{"latest":"12.0.6","beta":"11.0.0-beta.0"},"versions":{"0.0.1":{"name":"webdriver-manager","version":"0.0.1","description":"Protactor's webdriver-manager as an standalone Node.js module.","dependencies":{"adm-zip":"^0.4.4","async":"^0.9.0","optimist":"^0.6.1","request":"^2.36.0"},"repository":{"type":"git","url":"git@github.com:pose/webdriver-manager.git"},"gitHead":"9c5a9ec4caf23355667085bef5715646a1cb2c0b","bugs":{"url":"https://github.com/pose/webdriver-manager/issues"},"homepage":"https://github.com/pose/webdriver-manager","_id":"webdriver-manager@0.0.1","scripts":{},"_shasum":"c695765f7593cce924bec704aac5d83f9af234f1","_from":".","_npmVersion":"1.4.13","_npmUser":{"name":"pose","email":"albertopose@gmail.com"},"maintainers":[{"name":"pose","email":"albertopose@gmail.com"}],"dist":{"shasum":"c695765f7593cce924bec704aac5d83f9af234f1","tarball":"https://registry.npmjs.org/webdriver-manager/-/webdriver-manager-0.0.1.tgz"},"directories":{}},"0.0.2":{"name":"webdriver-manager","version":"0.0.2","description":"Protactor's webdriver-manager as an standalone Node.js module.","dependencies":{"adm-zip":"^0.4.4","async":"^0.9.0","optimist":"^0.6.1","request":"^2.36.0"},"repository":{"type":"git","url":"git@github.com:pose/webdriver-manager.git"},"license":"MIT","main":"./lib/index.js","scripts":{"webdriver-manager":"bin/webdriver-manager"},"gitHead":"3d54a2a272955c6d9d19354cc722a881c1bae3ee","bugs":{"url":"https://github.com/pose/webdriver-manager/issues"},"homepage":"https://github.com/pose/webdriver-manager","_id":"webdriver-manager@0.0.2","_shasum":"9a965e9ffdfb5e5bfa244ce9274df571f3a9fc7f","_from":".","_npmVersion":"1.4.13","_npmUser":{"name":"pose","email":"albertopose@gmail.com"},"maintainers":[{"name":"pose","email":"albertopose@gmail.com"}],"dist":{"shasum":"9a965e9ffdfb5e5bfa244ce9274df571f3a9fc7f","tarball":"https://registry.npmjs.org/webdriver-manager/-/webdriver-manager-0.0.2.tgz"},"directories":{}},"0.0.3":{"name":"webdriver-manager","version":"0.0.3","description":"Protactor's webdriver-manager as an standalone Node.js module.","dependencies":{"adm-zip":"^0.4.4","async":"^0.9.0","optimist":"^0.6.1","request":"^2.36.0"},"repository":{"type":"git","url":"git@github.com:pose/webdriver-manager.git"},"license":"MIT","main":"./lib/index.js","bin":{"webdriver-manager":"bin/webdriver-manager"},"gitHead":"cf2bcb2ce3e6c57b54949cb5836f27e40fa6a7ba","bugs":{"url":"https://github.com/pose/webdriver-manager/issues"},"homepage":"https://github.com/pose/webdriver-manager","_id":"webdriver-manager@0.0.3","scripts":{},"_shasum":"5ba6f1afb0c0ed13229ab7eb815373ac506634bb","_from":".","_npmVersion":"1.4.13","_npmUser":{"name":"pose","email":"albertopose@gmail.com"},"maintainers":[{"name":"pose","email":"albertopose@gmail.com"}],"dist":{"shasum":"5ba6f1afb0c0ed13229ab7eb815373ac506634bb","tarball":"https://registry.npmjs.org/webdriver-manager/-/webdriver-manager-0.0.3.tgz"},"directories":{}},"0.0.4":{"name":"webdriver-manager","version":"0.0.4","description":"Protactor's webdriver-manager as an standalone Node.js module.","dependencies":{"adm-zip":"^0.4.4","async":"^0.9.0","optimist":"^0.6.1","request":"^2.36.0"},"repository":{"type":"git","url":"git@github.com:pose/webdriver-manager.git"},"license":"MIT","main":"./lib/index.js","bin":{"webdriver-manager":"bin/webdriver-manager"},"gitHead":"efcc9c2f646fafcdeeb2b31b895cca2e97fc7c3d","bugs":{"url":"https://github.com/pose/webdriver-manager/issues"},"homepage":"https://github.com/pose/webdriver-manager","_id":"webdriver-manager@0.0.4","scripts":{},"_shasum":"6c2ee502c36f43518facbc73aa296d2defc08b8e","_from":".","_npmVersion":"1.4.13","_npmUser":{"name":"pose","email":"albertopose@gmail.com"},"maintainers":[{"name":"pose","email":"albertopose@gmail.com"}],"dist":{"shasum":"6c2ee502c36f43518facbc73aa296d2defc08b8e","tarball":"https://registry.npmjs.org/webdriver-manager/-/webdriver-manager-0.0.4.tgz"},"directories":{}},"0.0.5":{"name":"webdriver-manager","version":"0.0.5","description":"Protactor's webdriver-manager as an standalone Node.js module.","dependencies":{"adm-zip":"^0.4.4","async":"^0.9.0","optimist":"^0.6.1","request":"^2.36.0"},"repository":{"type":"git","url":"git@github.com:pose/webdriver-manager.git"},"license":"MIT","main":"./lib/index.js","bin":{"webdriver-manager":"bin/webdriver-manager"},"gitHead":"5bcda3bafd75a7b958ecef46c1e19cc80f3274da","bugs":{"url":"https://github.com/pose/webdriver-manager/issues"},"homepage":"https://github.com/pose/webdriver-manager","_id":"webdriver-manager@0.0.5","scripts":{},"_shasum":"4fd58e929141243188b7e71c1bc06ffba8e657df","_from":".","_npmVersion":"1.4.13","_npmUser":{"name":"pose","email":"albertopose@gmail.com"},"maintainers":[{"name":"pose","email":"albertopose@gmail.com"}],"dist":{"shasum":"4fd58e929141243188b7e71c1bc06ffba8e657df","tarball":"https://registry.npmjs.org/webdriver-manager/-/webdriver-manager-0.0.5.tgz"},"directories":{}},"0.0.6":{"name":"webdriver-manager","version":"0.0.6","description":"Protactor's webdriver-manager as an standalone Node.js module.","dependencies":{"adm-zip":"^0.4.4","async":"^0.9.0","optimist":"^0.6.1","request":"^2.36.0"},"repository":{"type":"git","url":"git@github.com:pose/webdriver-manager.git"},"license":"MIT","main":"./lib/index.js","bin":{"webdriver-manager":"bin/webdriver-manager"},"gitHead":"d3283f765a06bc5ab851a1d520e03e45f86eab22","bugs":{"url":"https://github.com/pose/webdriver-manager/issues"},"homepage":"https://github.com/pose/webdriver-manager","_id":"webdriver-manager@0.0.6","scripts":{},"_shasum":"4d4f7cc3e997ca48d6b817fc40f5cec6fe8698dd","_from":".","_npmVersion":"1.4.13","_npmUser":{"name":"pose","email":"albertopose@gmail.com"},"maintainers":[{"name":"pose","email":"albertopose@gmail.com"}],"dist":{"shasum":"4d4f7cc3e997ca48d6b817fc40f5cec6fe8698dd","tarball":"https://registry.npmjs.org/webdriver-manager/-/webdriver-manager-0.0.6.tgz"},"directories":{}},"0.0.7":{"name":"webdriver-manager","version":"0.0.7","description":"Protactor's webdriver-manager as an standalone Node.js module.","dependencies":{"adm-zip":"^0.4.4","async":"^0.9.0","optimist":"^0.6.1","request":"^2.36.0"},"repository":{"type":"git","url":"git@github.com:pose/webdriver-manager.git"},"license":"MIT","main":"./lib/index.js","bin":{"webdriver-manager":"bin/webdriver-manager"},"gitHead":"dbfaefeadfe4c73b38cfdda747b9fb245983168f","bugs":{"url":"https://github.com/pose/webdriver-manager/issues"},"homepage":"https://github.com/pose/webdriver-manager","_id":"webdriver-manager@0.0.7","scripts":{},"_shasum":"3e99c0851c6c31a7e06e0ffa043304b009928351","_from":".","_npmVersion":"1.4.13","_npmUser":{"name":"pose","email":"albertopose@gmail.com"},"maintainers":[{"name":"pose","email":"albertopose@gmail.com"}],"dist":{"shasum":"3e99c0851c6c31a7e06e0ffa043304b009928351","tarball":"https://registry.npmjs.org/webdriver-manager/-/webdriver-manager-0.0.7.tgz"},"directories":{}},"0.0.8":{"name":"webdriver-manager","version":"0.0.8","description":"Protactor's webdriver-manager as an standalone Node.js module.","dependencies":{"adm-zip":"^0.4.4","async":"^0.9.0","optimist":"^0.6.1","request":"^2.36.0"},"repository":{"type":"git","url":"git@github.com:pose/webdriver-manager.git"},"license":"MIT","main":"./lib/index.js","bin":{"webdriver-manager":"bin/webdriver-manager"},"gitHead":"cd4521989af11fd37ea62aa2f7aff03554a149dc","bugs":{"url":"https://github.com/pose/webdriver-manager/issues"},"homepage":"https://github.com/pose/webdriver-manager","_id":"webdriver-manager@0.0.8","scripts":{},"_shasum":"958cd1d7a2e3c7dca8e0d8a82b1ec41c57efcdd1","_from":".","_npmVersion":"2.0.0-beta.0","_npmUser":{"name":"pose","email":"albertopose@gmail.com"},"maintainers":[{"name":"pose","email":"albertopose@gmail.com"}],"dist":{"shasum":"958cd1d7a2e3c7dca8e0d8a82b1ec41c57efcdd1","tarball":"https://registry.npmjs.org/webdriver-manager/-/webdriver-manager-0.0.8.tgz"},"directories":{}},"1.0.0":{"name":"webdriver-manager","version":"1.0.0","description":"Protactor's webdriver-manager as an standalone Node.js module.","dependencies":{"adm-zip":"^0.4.4","async":"^0.9.0","optimist":"^0.6.1","request":"^2.36.0"},"repository":{"type":"git","url":"git@github.com:pose/webdriver-manager.git"},"license":"MIT","main":"./lib/index.js","bin":{"webdriver-manager":"bin/webdriver-manager"},"gitHead":"dcf06ed925959ec0bf1b97b4c7b6a4ad856c58cc","bugs":{"url":"https://github.com/pose/webdriver-manager/issues"},"homepage":"https://github.com/pose/webdriver-manager","_id":"webdriver-manager@1.0.0","scripts":{},"_shasum":"40d276cf441d4a689c621bd7f5ce88d2cc628a9c","_from":".","_npmVersion":"2.1.3","_nodeVersion":"0.10.26","_npmUser":{"name":"pose","email":"albertopose@gmail.com"},"maintainers":[{"name":"pose","email":"albertopose@gmail.com"}],"dist":{"shasum":"40d276cf441d4a689c621bd7f5ce88d2cc628a9c","tarball":"https://registry.npmjs.org/webdriver-manager/-/webdriver-manager-1.0.0.tgz"},"directories":{}},"1.0.1":{"name":"webdriver-manager","version":"1.0.1","description":"Protactor's webdriver-manager as an standalone Node.js module.","dependencies":{"adm-zip":"^0.4.4","async":"^0.9.0","optimist":"^0.6.1","request":"^2.36.0"},"repository":{"type":"git","url":"git@github.com:pose/webdriver-manager.git"},"license":"MIT","main":"./lib/index.js","bin":{"webdriver-manager":"bin/webdriver-manager"},"gitHead":"6aaced6f727b0137d41e224ee8d27d8ead2643fb","bugs":{"url":"https://github.com/pose/webdriver-manager/issues"},"homepage":"https://github.com/pose/webdriver-manager","_id":"webdriver-manager@1.0.1","scripts":{},"_shasum":"12b89ab76ffeb27ac810d437babd4d84949ee544","_from":".","_npmVersion":"1.4.28","_npmUser":{"name":"pose","email":"albertopose@gmail.com"},"maintainers":[{"name":"pose","email":"albertopose@gmail.com"}],"dist":{"shasum":"12b89ab76ffeb27ac810d437babd4d84949ee544","tarball":"https://registry.npmjs.org/webdriver-manager/-/webdriver-manager-1.0.1.tgz"},"directories":{}},"2.0.0":{"name":"webdriver-manager","version":"2.0.0","description":"Protactor's webdriver-manager as an standalone Node.js module.","dependencies":{"adm-zip":"^0.4.4","async":"^0.9.0","optimist":"^0.6.1","request":"^2.36.0"},"repository":{"type":"git","url":"git@github.com:pose/webdriver-manager.git"},"license":"MIT","main":"./lib/index.js","bin":{"webdriver-manager":"bin/webdriver-manager"},"gitHead":"5283492a0ec6d500d0f3eb93fcd0a3dc775b5c57","bugs":{"url":"https://github.com/pose/webdriver-manager/issues"},"homepage":"https://github.com/pose/webdriver-manager","_id":"webdriver-manager@2.0.0","scripts":{},"_shasum":"7262389b3b7291c1d002b4de3ddde97bb4fe5d1a","_from":".","_npmVersion":"1.4.28","_npmUser":{"name":"pose","email":"albertopose@gmail.com"},"maintainers":[{"name":"pose","email":"albertopose@gmail.com"}],"dist":{"shasum":"7262389b3b7291c1d002b4de3ddde97bb4fe5d1a","tarball":"https://registry.npmjs.org/webdriver-manager/-/webdriver-manager-2.0.0.tgz"},"directories":{}},"3.0.0":{"name":"webdriver-manager","version":"3.0.0","description":"Protactor's webdriver-manager as an standalone Node.js module.","dependencies":{"adm-zip":"^0.4.4","async":"^0.9.0","optimist":"^0.6.1","request":"^2.36.0"},"repository":{"type":"git","url":"git@github.com:pose/webdriver-manager.git"},"license":"MIT","main":"./lib/index.js","bin":{"webdriver-manager":"bin/webdriver-manager"},"gitHead":"1b33814e3cd978d4d30b2a7303a2f567dc1b204d","bugs":{"url":"https://github.com/pose/webdriver-manager/issues"},"homepage":"https://github.com/pose/webdriver-manager","_id":"webdriver-manager@3.0.0","scripts":{},"_shasum":"358a6cce0bc1de93aa19e2b061242697a2449ba5","_from":".","_npmVersion":"2.4.1","_nodeVersion":"0.10.26","_npmUser":{"name":"pose","email":"albertopose@gmail.com"},"maintainers":[{"name":"pose","email":"albertopose@gmail.com"}],"dist":{"shasum":"358a6cce0bc1de93aa19e2b061242697a2449ba5","tarball":"https://registry.npmjs.org/webdriver-manager/-/webdriver-manager-3.0.0.tgz"},"directories":{}},"4.0.0":{"name":"webdriver-manager","version":"4.0.0","description":"Protactor's webdriver-manager as an standalone Node.js module.","dependencies":{"adm-zip":"^0.4.4","async":"^0.9.0","optimist":"^0.6.1","request":"^2.36.0"},"repository":{"type":"git","url":"git@github.com:pose/webdriver-manager.git"},"license":"MIT","main":"./lib/index.js","bin":{"webdriver-manager":"bin/webdriver-manager"},"gitHead":"1edcb908819abcbe27349821f82eb5466d603f71","bugs":{"url":"https://github.com/pose/webdriver-manager/issues"},"homepage":"https://github.com/pose/webdriver-manager","_id":"webdriver-manager@4.0.0","scripts":{},"_shasum":"e1ecc8380655e03b9ae6b17123d62c616d7bd5fc","_from":".","_npmVersion":"2.4.1","_nodeVersion":"0.10.26","_npmUser":{"name":"pose","email":"albertopose@gmail.com"},"maintainers":[{"name":"pose","email":"albertopose@gmail.com"}],"dist":{"shasum":"e1ecc8380655e03b9ae6b17123d62c616d7bd5fc","tarball":"https://registry.npmjs.org/webdriver-manager/-/webdriver-manager-4.0.0.tgz"},"directories":{}},"5.0.0":{"name":"webdriver-manager","version":"5.0.0","description":"Protactor's webdriver-manager as a standalone Node.js module.","dependencies":{"adm-zip":"^0.4.4","async":"^0.9.0","optimist":"^0.6.1","request":"^2.36.0"},"repository":{"type":"git","url":"git@github.com:pose/webdriver-manager.git"},"license":"MIT","main":"./lib/index.js","bin":{"webdriver-manager":"bin/webdriver-manager"},"gitHead":"8e65707b5aaf5db66452921756185e885ef37727","bugs":{"url":"https://github.com/pose/webdriver-manager/issues"},"homepage":"https://github.com/pose/webdriver-manager","_id":"webdriver-manager@5.0.0","scripts":{},"_shasum":"672c1075d380ffe2517684166df61045018fd183","_from":".","_npmVersion":"2.4.1","_nodeVersion":"0.10.26","_npmUser":{"name":"pose","email":"albertopose@gmail.com"},"maintainers":[{"name":"pose","email":"albertopose@gmail.com"}],"dist":{"shasum":"672c1075d380ffe2517684166df61045018fd183","tarball":"https://registry.npmjs.org/webdriver-manager/-/webdriver-manager-5.0.0.tgz"},"directories":{}},"5.1.0":{"name":"webdriver-manager","version":"5.1.0","description":"Protactor's webdriver-manager as a standalone Node.js module.","dependencies":{"adm-zip":"^0.4.4","async":"^0.9.0","optimist":"^0.6.1","request":"^2.36.0"},"repository":{"type":"git","url":"git@github.com:pose/webdriver-manager.git"},"license":"MIT","main":"./lib/index.js","bin":{"webdriver-manager":"bin/webdriver-manager"},"gitHead":"625a06014f40a473ca78a4142dd1afd312ee40a9","bugs":{"url":"https://github.com/pose/webdriver-manager/issues"},"homepage":"https://github.com/pose/webdriver-manager","_id":"webdriver-manager@5.1.0","scripts":{},"_shasum":"315fefb722c2c6834727ea5b6f541c258fc16308","_from":".","_npmVersion":"2.4.1","_nodeVersion":"0.10.26","_npmUser":{"name":"pose","email":"albertopose@gmail.com"},"maintainers":[{"name":"pose","email":"albertopose@gmail.com"}],"dist":{"shasum":"315fefb722c2c6834727ea5b6f541c258fc16308","tarball":"https://registry.npmjs.org/webdriver-manager/-/webdriver-manager-5.1.0.tgz"},"directories":{}},"5.2.0":{"name":"webdriver-manager","version":"5.2.0","description":"Protactor's webdriver-manager as a standalone Node.js module.","dependencies":{"adm-zip":"^0.4.4","async":"^0.9.0","optimist":"^0.6.1","request":"^2.36.0"},"repository":{"type":"git","url":"git@github.com:pose/webdriver-manager.git"},"license":"MIT","main":"./lib/index.js","bin":{"webdriver-manager":"bin/webdriver-manager"},"gitHead":"ce788b847b3e4004c2338c90d062158403e48d19","bugs":{"url":"https://github.com/pose/webdriver-manager/issues"},"homepage":"https://github.com/pose/webdriver-manager","_id":"webdriver-manager@5.2.0","scripts":{},"_shasum":"9a787e023a3cb9a911dc90fc05597ef53b1ca1c7","_from":".","_npmVersion":"2.4.1","_nodeVersion":"0.10.26","_npmUser":{"name":"pose","email":"albertopose@gmail.com"},"maintainers":[{"name":"pose","email":"albertopose@gmail.com"}],"dist":{"shasum":"9a787e023a3cb9a911dc90fc05597ef53b1ca1c7","tarball":"https://registry.npmjs.org/webdriver-manager/-/webdriver-manager-5.2.0.tgz"},"directories":{}},"6.0.0":{"name":"webdriver-manager","version":"6.0.0","description":"Protactor's webdriver-manager as a standalone Node.js module.","dependencies":{"adm-zip":"^0.4.4","async":"^0.9.0","optimist":"^0.6.1","request":"^2.36.0"},"repository":{"type":"git","url":"git@github.com:pose/webdriver-manager.git"},"license":"MIT","main":"./lib/index.js","bin":{"webdriver-manager":"bin/webdriver-manager"},"gitHead":"70ee7db5ba9efb2e82671c60e79991b9eb6ae7af","bugs":{"url":"https://github.com/pose/webdriver-manager/issues"},"homepage":"https://github.com/pose/webdriver-manager","_id":"webdriver-manager@6.0.0","scripts":{},"_shasum":"6af722ef1ca2b2c1ba9be32995537110260f1e81","_from":".","_npmVersion":"2.4.1","_nodeVersion":"0.10.26","_npmUser":{"name":"pose","email":"albertopose@gmail.com"},"maintainers":[{"name":"pose","email":"albertopose@gmail.com"}],"dist":{"shasum":"6af722ef1ca2b2c1ba9be32995537110260f1e81","tarball":"https://registry.npmjs.org/webdriver-manager/-/webdriver-manager-6.0.0.tgz"},"directories":{}},"6.0.2":{"name":"webdriver-manager","version":"6.0.2","description":"Protactor's webdriver-manager as a standalone Node.js module.","dependencies":{"adm-zip":"^0.4.4","async":"^0.9.0","optimist":"^0.6.1","request":"^2.36.0"},"repository":{"type":"git","url":"git@github.com:pose/webdriver-manager.git"},"license":"MIT","main":"./lib/index.js","bin":{"webdriver-manager":"bin/webdriver-manager"},"gitHead":"909d4e319ebb7951d78fdb7a4d282f8971985dee","bugs":{"url":"https://github.com/pose/webdriver-manager/issues"},"homepage":"https://github.com/pose/webdriver-manager","_id":"webdriver-manager@6.0.2","scripts":{},"_shasum":"b10c1053399e98e05eeb10ba16cdf3a3698fb8be","_from":".","_npmVersion":"2.4.1","_nodeVersion":"0.10.26","_npmUser":{"name":"pose","email":"albertopose@gmail.com"},"maintainers":[{"name":"pose","email":"albertopose@gmail.com"}],"dist":{"shasum":"b10c1053399e98e05eeb10ba16cdf3a3698fb8be","tarball":"https://registry.npmjs.org/webdriver-manager/-/webdriver-manager-6.0.2.tgz"},"directories":{}},"7.0.0":{"name":"webdriver-manager","version":"7.0.0","description":"Protactor's webdriver-manager as a standalone Node.js module.","dependencies":{"adm-zip":"^0.4.4","async":"^0.9.0","optimist":"^0.6.1","request":"^2.36.0","tar.gz":"^0.1.1"},"repository":{"type":"git","url":"git@github.com:pose/webdriver-manager.git"},"license":"MIT","main":"./lib/index.js","bin":{"webdriver-manager":"bin/webdriver-manager"},"gitHead":"c619bdd241760e21ba57223b90956fc476685c5a","bugs":{"url":"https://github.com/pose/webdriver-manager/issues"},"homepage":"https://github.com/pose/webdriver-manager","_id":"webdriver-manager@7.0.0","scripts":{},"_shasum":"8b6b2c7456a1bba76eee6375d0484bd7e2abc9aa","_from":".","_npmVersion":"2.4.1","_nodeVersion":"0.10.26","_npmUser":{"name":"pose","email":"albertopose@gmail.com"},"maintainers":[{"name":"pose","email":"albertopose@gmail.com"}],"dist":{"shasum":"8b6b2c7456a1bba76eee6375d0484bd7e2abc9aa","tarball":"https://registry.npmjs.org/webdriver-manager/-/webdriver-manager-7.0.0.tgz"},"directories":{}},"7.0.1":{"name":"webdriver-manager","version":"7.0.1","description":"Protactor's webdriver-manager as a standalone Node.js module.","dependencies":{"adm-zip":"^0.4.4","async":"^0.9.0","optimist":"^0.6.1","request":"^2.36.0","tar.gz":"^0.1.1"},"repository":{"type":"git","url":"git@github.com:pose/webdriver-manager.git"},"license":"MIT","main":"./lib/index.js","bin":{"webdriver-manager":"bin/webdriver-manager"},"gitHead":"eb2acd2a79e267770950fa1586ecabcfd00794c0","bugs":{"url":"https://github.com/pose/webdriver-manager/issues"},"homepage":"https://github.com/pose/webdriver-manager","_id":"webdriver-manager@7.0.1","scripts":{},"_shasum":"41bbbd54fe509a9494bec05ed06fd68dfc316e93","_from":".","_npmVersion":"2.4.1","_nodeVersion":"0.10.26","_npmUser":{"name":"pose","email":"albertopose@gmail.com"},"maintainers":[{"name":"pose","email":"albertopose@gmail.com"}],"dist":{"shasum":"41bbbd54fe509a9494bec05ed06fd68dfc316e93","tarball":"https://registry.npmjs.org/webdriver-manager/-/webdriver-manager-7.0.1.tgz"},"directories":{}},"8.0.0":{"name":"webdriver-manager","version":"8.0.0","description":"Protactor's webdriver-manager as a standalone Node.js module.","dependencies":{"adm-zip":"^0.4.4","async":"^0.9.0","optimist":"^0.6.1","request":"^2.36.0","tar.gz":"^0.1.1"},"repository":{"type":"git","url":"git+ssh://git@github.com/pose/webdriver-manager.git"},"license":"MIT","main":"./lib/index.js","bin":{"webdriver-manager":"bin/webdriver-manager"},"gitHead":"6dc8738b8c4b568e7e2aeae740a605e8be68f898","bugs":{"url":"https://github.com/pose/webdriver-manager/issues"},"homepage":"https://github.com/pose/webdriver-manager#readme","_id":"webdriver-manager@8.0.0","scripts":{},"_shasum":"575de3ec07f86c29afde39ce2ffba940f60cf41b","_from":".","_npmVersion":"3.4.0","_nodeVersion":"5.0.0","_npmUser":{"name":"pose","email":"albertopose@gmail.com"},"maintainers":[{"name":"pose","email":"albertopose@gmail.com"}],"dist":{"shasum":"575de3ec07f86c29afde39ce2ffba940f60cf41b","tarball":"https://registry.npmjs.org/webdriver-manager/-/webdriver-manager-8.0.0.tgz"},"directories":{}},"9.0.0":{"name":"webdriver-manager","version":"9.0.0","description":"Protactor's webdriver-manager as a standalone Node.js module.","dependencies":{"adm-zip":"^0.4.4","async":"^0.9.0","optimist":"^0.6.1","request":"^2.36.0","tar.gz":"^0.1.1"},"repository":{"type":"git","url":"git+ssh://git@github.com/pose/webdriver-manager.git"},"license":"MIT","main":"./lib/index.js","bin":{"webdriver-manager":"bin/webdriver-manager"},"gitHead":"b692eb269a16aea464c605fe028183c278ecb7fe","bugs":{"url":"https://github.com/pose/webdriver-manager/issues"},"homepage":"https://github.com/pose/webdriver-manager#readme","_id":"webdriver-manager@9.0.0","scripts":{},"_shasum":"e02fdb53a5bf4638ce2678f06c3c97b00f464259","_from":".","_npmVersion":"3.8.3","_nodeVersion":"5.9.0","_npmUser":{"name":"pose","email":"albertopose@gmail.com"},"maintainers":[{"name":"pose","email":"albertopose@gmail.com"}],"dist":{"shasum":"e02fdb53a5bf4638ce2678f06c3c97b00f464259","tarball":"https://registry.npmjs.org/webdriver-manager/-/webdriver-manager-9.0.0.tgz"},"_npmOperationalInternal":{"host":"packages-13-west.internal.npmjs.com","tmp":"tmp/webdriver-manager-9.0.0.tgz_1458506778777_0.5088092016521841"},"directories":{}},"10.0.0":{"name":"webdriver-manager","version":"10.0.0","description":"A selenium server and browser driver manager for your end to end tests.","scripts":{"prepublish":"gulp prepublish","test":"gulp test"},"keywords":["angular","test","testing","protractor","webdriver","webdriverjs","selenium"],"repository":{"type":"git","url":"git://github.com/angular/webdriver-manager.git"},"bin":{"webdriver-manager":"bin/webdriver-manager"},"main":"built/lib/webdriver.js","author":{"name":"Craig Nishina","email":"craig.nishina@gmail.com"},"license":"MIT","dependencies":{"adm-zip":"^0.4.7","chalk":"^1.1.1","minimist":"^1.2.0","q":"^1.4.1","request":"^2.69.0"},"devDependencies":{"clang-format":"^1.0.35","gulp":"^3.9.1","gulp-clang-format":"^1.0.23","jasmine":"^2.4.1","run-sequence":"^1.1.5","typescript":"^1.8.7","typings":"^0.7.12"},"gitHead":"03ff37b1f94a896511edd7e144ad7cd339ee1f2f","bugs":{"url":"https://github.com/angular/webdriver-manager/issues"},"homepage":"https://github.com/angular/webdriver-manager#readme","_id":"webdriver-manager@10.0.0","_shasum":"de2fa3f96f019869e2826cf70b07fdc9d1365abb","_from":".","_npmVersion":"2.14.12","_nodeVersion":"4.2.4","_npmUser":{"name":"angularcore","email":"angular-core+npm@google.com"},"dist":{"shasum":"de2fa3f96f019869e2826cf70b07fdc9d1365abb","tarball":"https://registry.npmjs.org/webdriver-manager/-/webdriver-manager-10.0.0.tgz"},"maintainers":[{"name":"angularcore","email":"angular-core+npm@google.com"},{"name":"pose","email":"albertopose@gmail.com"}],"_npmOperationalInternal":{"host":"packages-12-west.internal.npmjs.com","tmp":"tmp/webdriver-manager-10.0.0.tgz_1461713551092_0.7168653863482177"},"directories":{}},"10.0.1":{"name":"webdriver-manager","version":"10.0.1","description":"A selenium server and browser driver manager for your end to end tests.","scripts":{"prepublish":"gulp prepublish","test":"gulp test"},"keywords":["angular","test","testing","protractor","webdriver","webdriverjs","selenium"],"repository":{"type":"git","url":"git://github.com/angular/webdriver-manager.git"},"bin":{"webdriver-manager":"bin/webdriver-manager"},"main":"built/lib/webdriver.js","author":{"name":"Craig Nishina","email":"craig.nishina@gmail.com"},"license":"MIT","dependencies":{"adm-zip":"^0.4.7","chalk":"^1.1.1","minimist":"^1.2.0","q":"^1.4.1","request":"^2.69.0"},"devDependencies":{"clang-format":"^1.0.35","gulp":"^3.9.1","gulp-clang-format":"^1.0.23","jasmine":"^2.4.1","run-sequence":"^1.1.5","typescript":"^1.8.7","typings":"^0.7.12"},"gitHead":"a6f1edd782251c96d35e79a3bb78b70c2b137aa9","bugs":{"url":"https://github.com/angular/webdriver-manager/issues"},"homepage":"https://github.com/angular/webdriver-manager#readme","_id":"webdriver-manager@10.0.1","_shasum":"28632252fd5eff43b886c559009af199a4f66aed","_from":".","_npmVersion":"2.14.12","_nodeVersion":"4.2.4","_npmUser":{"name":"angularcore","email":"angular-core+npm@google.com"},"dist":{"shasum":"28632252fd5eff43b886c559009af199a4f66aed","tarball":"https://registry.npmjs.org/webdriver-manager/-/webdriver-manager-10.0.1.tgz"},"maintainers":[{"name":"angularcore","email":"angular-core+npm@google.com"},{"name":"pose","email":"albertopose@gmail.com"}],"_npmOperationalInternal":{"host":"packages-12-west.internal.npmjs.com","tmp":"tmp/webdriver-manager-10.0.1.tgz_1461714422894_0.017183515010401607"},"directories":{}},"10.0.2":{"name":"webdriver-manager","version":"10.0.2","description":"A selenium server and browser driver manager for your end to end tests.","scripts":{"prepublish":"gulp prepublish","test":"gulp test"},"keywords":["angular","test","testing","protractor","webdriver","webdriverjs","selenium"],"repository":{"type":"git","url":"git://github.com/angular/webdriver-manager.git"},"bin":{"webdriver-manager":"bin/webdriver-manager"},"main":"built/lib/webdriver.js","author":{"name":"Craig Nishina","email":"craig.nishina@gmail.com"},"license":"MIT","dependencies":{"adm-zip":"^0.4.7","chalk":"^1.1.1","minimist":"^1.2.0","q":"^1.4.1","request":"^2.69.0"},"devDependencies":{"clang-format":"^1.0.35","gulp":"^3.9.1","gulp-clang-format":"^1.0.23","jasmine":"^2.4.1","run-sequence":"^1.1.5","typescript":"^1.8.7","typings":"^0.7.12"},"gitHead":"a5b9fe04c59e3aed1212b3718016e99404cd4070","bugs":{"url":"https://github.com/angular/webdriver-manager/issues"},"homepage":"https://github.com/angular/webdriver-manager#readme","_id":"webdriver-manager@10.0.2","_shasum":"b75caebc79bc25b4eccdc859e684f18be52b9645","_from":".","_npmVersion":"2.14.12","_nodeVersion":"4.2.4","_npmUser":{"name":"angularcore","email":"angular-core+npm@google.com"},"dist":{"shasum":"b75caebc79bc25b4eccdc859e684f18be52b9645","tarball":"https://registry.npmjs.org/webdriver-manager/-/webdriver-manager-10.0.2.tgz"},"maintainers":[{"name":"angularcore","email":"angular-core+npm@google.com"},{"name":"pose","email":"albertopose@gmail.com"}],"_npmOperationalInternal":{"host":"packages-12-west.internal.npmjs.com","tmp":"tmp/webdriver-manager-10.0.2.tgz_1464111013718_0.6257114759646356"},"directories":{}},"10.0.3":{"name":"webdriver-manager","version":"10.0.3","description":"A selenium server and browser driver manager for your end to end tests.","scripts":{"prepublish":"gulp prepublish","test":"gulp test"},"keywords":["angular","test","testing","protractor","webdriver","webdriverjs","selenium"],"repository":{"type":"git","url":"git://github.com/angular/webdriver-manager.git"},"bin":{"webdriver-manager":"bin/webdriver-manager"},"main":"built/lib/webdriver.js","author":{"name":"Craig Nishina","email":"craig.nishina@gmail.com"},"license":"MIT","dependencies":{"adm-zip":"^0.4.7","chalk":"^1.1.1","minimist":"^1.2.0","q":"^1.4.1","request":"^2.69.0"},"devDependencies":{"clang-format":"^1.0.35","gulp":"^3.9.1","gulp-clang-format":"^1.0.23","jasmine":"^2.4.1","run-sequence":"^1.1.5","typescript":"^1.8.7","typings":"^0.7.12"},"gitHead":"3460ceb0b91268dd54b5564a798deb17c8bf102e","bugs":{"url":"https://github.com/angular/webdriver-manager/issues"},"homepage":"https://github.com/angular/webdriver-manager#readme","_id":"webdriver-manager@10.0.3","_shasum":"05ed7e9329bb396a502b93644856cf952f9af157","_from":".","_npmVersion":"3.8.6","_nodeVersion":"6.0.0","_npmUser":{"name":"angularcore","email":"angular-core+npm@google.com"},"dist":{"shasum":"05ed7e9329bb396a502b93644856cf952f9af157","tarball":"https://registry.npmjs.org/webdriver-manager/-/webdriver-manager-10.0.3.tgz"},"maintainers":[{"name":"angularcore","email":"angular-core+npm@google.com"},{"name":"pose","email":"albertopose@gmail.com"}],"_npmOperationalInternal":{"host":"packages-12-west.internal.npmjs.com","tmp":"tmp/webdriver-manager-10.0.3.tgz_1465351196194_0.07609346997924149"},"directories":{}},"10.0.4":{"name":"webdriver-manager","version":"10.0.4","description":"A selenium server and browser driver manager for your end to end tests.","scripts":{"prepublish":"gulp prepublish","test":"gulp test"},"keywords":["angular","test","testing","protractor","webdriver","webdriverjs","selenium"],"repository":{"type":"git","url":"git://github.com/angular/webdriver-manager.git"},"bin":{"webdriver-manager":"bin/webdriver-manager"},"main":"built/lib/webdriver.js","author":{"name":"Craig Nishina","email":"craig.nishina@gmail.com"},"license":"MIT","dependencies":{"adm-zip":"^0.4.7","chalk":"^1.1.1","minimist":"^1.2.0","q":"^1.4.1","request":"^2.69.0"},"devDependencies":{"clang-format":"^1.0.35","gulp":"^3.9.1","gulp-clang-format":"^1.0.23","jasmine":"^2.4.1","run-sequence":"^1.1.5","typescript":"^1.8.7","typings":"^1.0.4"},"gitHead":"134e66d88e4c31c8c1588e902fe98f20f2457a23","bugs":{"url":"https://github.com/angular/webdriver-manager/issues"},"homepage":"https://github.com/angular/webdriver-manager#readme","_id":"webdriver-manager@10.0.4","_shasum":"71220cd01f3cef9f6a05b41ddb00b19eff0a7bd9","_from":".","_npmVersion":"3.8.6","_nodeVersion":"6.0.0","_npmUser":{"name":"angularcore","email":"angular-core+npm@google.com"},"dist":{"shasum":"71220cd01f3cef9f6a05b41ddb00b19eff0a7bd9","tarball":"https://registry.npmjs.org/webdriver-manager/-/webdriver-manager-10.0.4.tgz"},"maintainers":[{"name":"angularcore","email":"angular-core+npm@google.com"},{"name":"pose","email":"albertopose@gmail.com"}],"_npmOperationalInternal":{"host":"packages-16-east.internal.npmjs.com","tmp":"tmp/webdriver-manager-10.0.4.tgz_1465406285346_0.636780062224716"},"directories":{}},"10.1.0":{"name":"webdriver-manager","version":"10.1.0","description":"A selenium server and browser driver manager for your end to end tests.","scripts":{"prepublish":"gulp prepublish","test":"gulp test"},"keywords":["angular","test","testing","protractor","webdriver","webdriverjs","selenium"],"repository":{"type":"git","url":"git://github.com/angular/webdriver-manager.git"},"bin":{"webdriver-manager":"bin/webdriver-manager"},"main":"built/lib/webdriver.js","author":{"name":"Craig Nishina","email":"craig.nishina@gmail.com"},"license":"MIT","dependencies":{"adm-zip":"^0.4.7","chalk":"^1.1.1","del":"^2.2.0","glob":"^7.0.3","ini":"^1.3.4","minimist":"^1.2.0","q":"^1.4.1","request":"^2.69.0","rimraf":"^2.5.2"},"devDependencies":{"clang-format":"^1.0.35","gulp":"^3.9.1","gulp-clang-format":"^1.0.23","jasmine":"^2.4.1","run-sequence":"^1.1.5","typescript":"^1.8.7","typings":"^1.0.4"},"gitHead":"88354caef072b2637068f16fb7703a8032ba4e08","bugs":{"url":"https://github.com/angular/webdriver-manager/issues"},"homepage":"https://github.com/angular/webdriver-manager#readme","_id":"webdriver-manager@10.1.0","_shasum":"8400ab90650398df8ea05928d2d816c8401f2ca0","_from":".","_npmVersion":"3.8.6","_nodeVersion":"6.0.0","_npmUser":{"name":"angularcore","email":"angular-core+npm@google.com"},"dist":{"shasum":"8400ab90650398df8ea05928d2d816c8401f2ca0","tarball":"https://registry.npmjs.org/webdriver-manager/-/webdriver-manager-10.1.0.tgz"},"maintainers":[{"name":"angularcore","email":"angular-core+npm@google.com"},{"name":"pose","email":"albertopose@gmail.com"}],"_npmOperationalInternal":{"host":"packages-12-west.internal.npmjs.com","tmp":"tmp/webdriver-manager-10.1.0.tgz_1467062289511_0.4463759958744049"},"directories":{}},"10.2.0":{"name":"webdriver-manager","version":"10.2.0","description":"A selenium server and browser driver manager for your end to end tests.","scripts":{"prepublish":"gulp prepublish","test":"gulp test"},"keywords":["angular","test","testing","protractor","webdriver","webdriverjs","selenium"],"repository":{"type":"git","url":"git://github.com/angular/webdriver-manager.git"},"bin":{"webdriver-manager":"bin/webdriver-manager"},"main":"built/lib/webdriver.js","author":{"name":"Craig Nishina","email":"craig.nishina@gmail.com"},"license":"MIT","dependencies":{"adm-zip":"^0.4.7","chalk":"^1.1.1","del":"^2.2.0","glob":"^7.0.3","ini":"^1.3.4","minimist":"^1.2.0","q":"^1.4.1","request":"^2.69.0","rimraf":"^2.5.2"},"devDependencies":{"clang-format":"^1.0.35","gulp":"^3.9.1","gulp-clang-format":"^1.0.23","jasmine":"^2.4.1","run-sequence":"^1.1.5","typescript":"^1.8.7","typings":"^1.0.4"},"gitHead":"e7b60a127bb384870053381c62a25eed41976f39","bugs":{"url":"https://github.com/angular/webdriver-manager/issues"},"homepage":"https://github.com/angular/webdriver-manager#readme","_id":"webdriver-manager@10.2.0","_shasum":"ebc856bcb1b2c7f302a41dffe54195cf63788839","_from":".","_npmVersion":"3.7.2","_nodeVersion":"4.0.0","_npmUser":{"name":"angularcore","email":"angular-core+npm@google.com"},"dist":{"shasum":"ebc856bcb1b2c7f302a41dffe54195cf63788839","tarball":"https://registry.npmjs.org/webdriver-manager/-/webdriver-manager-10.2.0.tgz"},"maintainers":[{"name":"angularcore","email":"angular-core+npm@google.com"},{"name":"pose","email":"albertopose@gmail.com"}],"_npmOperationalInternal":{"host":"packages-16-east.internal.npmjs.com","tmp":"tmp/webdriver-manager-10.2.0.tgz_1467334677668_0.21043233363889158"},"directories":{}},"10.2.1":{"name":"webdriver-manager","version":"10.2.1","description":"A selenium server and browser driver manager for your end to end tests.","scripts":{"prepublish":"gulp prepublish","test":"gulp test"},"keywords":["angular","test","testing","protractor","webdriver","webdriverjs","selenium"],"repository":{"type":"git","url":"git://github.com/angular/webdriver-manager.git"},"bin":{"webdriver-manager":"bin/webdriver-manager"},"main":"built/lib/webdriver.js","author":{"name":"Craig Nishina","email":"craig.nishina@gmail.com"},"license":"MIT","dependencies":{"adm-zip":"^0.4.7","chalk":"^1.1.1","del":"^2.2.0","glob":"^7.0.3","ini":"^1.3.4","minimist":"^1.2.0","q":"^1.4.1","request":"^2.69.0","rimraf":"^2.5.2"},"devDependencies":{"clang-format":"^1.0.35","gulp":"^3.9.1","gulp-clang-format":"^1.0.23","jasmine":"^2.4.1","run-sequence":"^1.1.5","typescript":"^1.8.7","typings":"^1.0.4"},"gitHead":"4fe8f56ea58e0ba435fb260002f231c10849a548","bugs":{"url":"https://github.com/angular/webdriver-manager/issues"},"homepage":"https://github.com/angular/webdriver-manager#readme","_id":"webdriver-manager@10.2.1","_shasum":"9d36903575747f03549968314b478240cea4caaa","_from":".","_npmVersion":"3.8.6","_nodeVersion":"6.0.0","_npmUser":{"name":"angularcore","email":"angular-core+npm@google.com"},"dist":{"shasum":"9d36903575747f03549968314b478240cea4caaa","tarball":"https://registry.npmjs.org/webdriver-manager/-/webdriver-manager-10.2.1.tgz"},"maintainers":[{"name":"angularcore","email":"angular-core+npm@google.com"},{"name":"pose","email":"albertopose@gmail.com"}],"_npmOperationalInternal":{"host":"packages-12-west.internal.npmjs.com","tmp":"tmp/webdriver-manager-10.2.1.tgz_1468272288707_0.8334093042649329"},"directories":{}},"10.2.2":{"name":"webdriver-manager","version":"10.2.2","description":"A selenium server and browser driver manager for your end to end tests.","scripts":{"prepublish":"gulp prepublish","test":"gulp test"},"keywords":["angular","test","testing","protractor","webdriver","webdriverjs","selenium"],"repository":{"type":"git","url":"git://github.com/angular/webdriver-manager.git"},"bin":{"webdriver-manager":"bin/webdriver-manager"},"main":"built/lib/webdriver.js","author":{"name":"Craig Nishina","email":"craig.nishina@gmail.com"},"license":"MIT","dependencies":{"adm-zip":"^0.4.7","chalk":"^1.1.1","del":"^2.2.0","glob":"^7.0.3","ini":"^1.3.4","minimist":"^1.2.0","q":"^1.4.1","request":"^2.69.0","rimraf":"^2.5.2"},"devDependencies":{"clang-format":"^1.0.35","gulp":"^3.9.1","gulp-clang-format":"^1.0.23","jasmine":"^2.4.1","run-sequence":"^1.1.5","typescript":"^1.8.7","typings":"^1.0.4"},"gitHead":"ffb05817f6ae28eea03156ccca23335a9d23de89","bugs":{"url":"https://github.com/angular/webdriver-manager/issues"},"homepage":"https://github.com/angular/webdriver-manager#readme","_id":"webdriver-manager@10.2.2","_shasum":"22ea0793d438b3fe0c7d1225a959dd878ad353ce","_from":".","_npmVersion":"3.10.3","_nodeVersion":"6.3.0","_npmUser":{"name":"angularcore","email":"angular-core+npm@google.com"},"dist":{"shasum":"22ea0793d438b3fe0c7d1225a959dd878ad353ce","tarball":"https://registry.npmjs.org/webdriver-manager/-/webdriver-manager-10.2.2.tgz"},"maintainers":[{"name":"angularcore","email":"angular-core+npm@google.com"},{"name":"pose","email":"albertopose@gmail.com"}],"_npmOperationalInternal":{"host":"packages-16-east.internal.npmjs.com","tmp":"tmp/webdriver-manager-10.2.2.tgz_1470691319101_0.19032427133060992"},"directories":{}},"10.2.3":{"name":"webdriver-manager","version":"10.2.3","description":"A selenium server and browser driver manager for your end to end tests.","scripts":{"prepublish":"gulp prepublish","test":"gulp test"},"keywords":["angular","test","testing","protractor","webdriver","webdriverjs","selenium","selenium-webdriver"],"repository":{"type":"git","url":"git://github.com/angular/webdriver-manager.git"},"bin":{"webdriver-manager":"bin/webdriver-manager"},"main":"built/lib/webdriver.js","author":{"name":"Craig Nishina","email":"craig.nishina@gmail.com"},"license":"MIT","dependencies":{"adm-zip":"^0.4.7","chalk":"^1.1.1","del":"^2.2.0","glob":"^7.0.3","ini":"^1.3.4","minimist":"^1.2.0","q":"^1.4.1","request":"^2.69.0","rimraf":"^2.5.2"},"devDependencies":{"@types/adm-zip":"^0.4.29","@types/chalk":"^0.4.28","@types/form-data":"0.0.30","@types/glob":"^5.0.29","@types/ini":"^1.3.28","@types/jasmine":"^2.2.32","@types/minimatch":"^2.0.28","@types/minimist":"^1.1.28","@types/node":"^6.0.37","@types/q":"0.0.29","@types/request":"0.0.29","@types/rimraf":"0.0.27","clang-format":"^1.0.35","gulp":"^3.9.1","gulp-clang-format":"^1.0.23","jasmine":"^2.4.1","run-sequence":"^1.1.5","typescript":"^2.0.0"},"gitHead":"fc74fa39e7dd3ba15dac3de1e7f01c38993dfaa7","bugs":{"url":"https://github.com/angular/webdriver-manager/issues"},"homepage":"https://github.com/angular/webdriver-manager#readme","_id":"webdriver-manager@10.2.3","_shasum":"b79f57afb26363712bd7bc082759110c27052bf7","_from":".","_npmVersion":"2.14.12","_nodeVersion":"4.2.4","_npmUser":{"name":"angularcore","email":"angular-core+npm@google.com"},"dist":{"shasum":"b79f57afb26363712bd7bc082759110c27052bf7","tarball":"https://registry.npmjs.org/webdriver-manager/-/webdriver-manager-10.2.3.tgz"},"maintainers":[{"name":"angularcore","email":"angular-core+npm@google.com"},{"name":"pose","email":"albertopose@gmail.com"}],"_npmOperationalInternal":{"host":"packages-16-east.internal.npmjs.com","tmp":"tmp/webdriver-manager-10.2.3.tgz_1472063674230_0.33214518683962524"},"directories":{}},"10.2.4":{"name":"webdriver-manager","version":"10.2.4","description":"A selenium server and browser driver manager for your end to end tests.","scripts":{"prepublish":"gulp prepublish","test":"gulp test"},"keywords":["angular","test","testing","protractor","webdriver","webdriverjs","selenium","selenium-webdriver"],"repository":{"type":"git","url":"git://github.com/angular/webdriver-manager.git"},"bin":{"webdriver-manager":"bin/webdriver-manager"},"main":"built/lib/webdriver.js","author":{"name":"Craig Nishina","email":"craig.nishina@gmail.com"},"license":"MIT","dependencies":{"adm-zip":"^0.4.7","chalk":"^1.1.1","del":"^2.2.0","glob":"^7.0.3","ini":"^1.3.4","minimist":"^1.2.0","q":"^1.4.1","request":"^2.69.0","rimraf":"^2.5.2","semver":"^5.3.0"},"devDependencies":{"@types/adm-zip":"^0.4.29","@types/chalk":"^0.4.28","@types/form-data":"^0.0.32","@types/glob":"^5.0.29","@types/ini":"^1.3.28","@types/jasmine":"^2.2.32","@types/minimatch":"^2.0.28","@types/minimist":"^1.1.28","@types/node":"^6.0.37","@types/q":"^0.0.32","@types/request":"^0.0.31","@types/rimraf":"^0.0.28","@types/semver":"^5.3.30","clang-format":"^1.0.35","gulp":"^3.9.1","gulp-clang-format":"^1.0.23","jasmine":"^2.4.1","run-sequence":"^1.1.5","typescript":"^2.0.0"},"gitHead":"4b6f4457838e08009271b859e357dc0c491f37ec","bugs":{"url":"https://github.com/angular/webdriver-manager/issues"},"homepage":"https://github.com/angular/webdriver-manager#readme","_id":"webdriver-manager@10.2.4","_shasum":"b61b7aa9f8e685311155a9efc6d8f8650c4eb5c7","_from":".","_npmVersion":"3.10.3","_nodeVersion":"6.6.0","_npmUser":{"name":"angularcore","email":"angular-core+npm@google.com"},"dist":{"shasum":"b61b7aa9f8e685311155a9efc6d8f8650c4eb5c7","tarball":"https://registry.npmjs.org/webdriver-manager/-/webdriver-manager-10.2.4.tgz"},"maintainers":[{"name":"angularcore","email":"angular-core+npm@google.com"},{"name":"pose","email":"albertopose@gmail.com"}],"_npmOperationalInternal":{"host":"packages-12-west.internal.npmjs.com","tmp":"tmp/webdriver-manager-10.2.4.tgz_1476476040896_0.9478862220421433"},"directories":{}},"10.2.5":{"name":"webdriver-manager","version":"10.2.5","description":"A selenium server and browser driver manager for your end to end tests.","scripts":{"prepublish":"gulp prepublish","test":"gulp test"},"keywords":["angular","test","testing","protractor","webdriver","webdriverjs","selenium","selenium-webdriver"],"repository":{"type":"git","url":"git://github.com/angular/webdriver-manager.git"},"bin":{"webdriver-manager":"bin/webdriver-manager"},"main":"built/lib/webdriver.js","author":{"name":"Craig Nishina","email":"craig.nishina@gmail.com"},"license":"MIT","dependencies":{"adm-zip":"^0.4.7","chalk":"^1.1.1","del":"^2.2.0","glob":"^7.0.3","ini":"^1.3.4","minimist":"^1.2.0","q":"^1.4.1","request":"^2.69.0","rimraf":"^2.5.2","semver":"^5.3.0"},"devDependencies":{"@types/adm-zip":"^0.4.29","@types/chalk":"^0.4.28","@types/form-data":"^0.0.32","@types/glob":"^5.0.29","@types/ini":"^1.3.28","@types/jasmine":"^2.2.32","@types/minimatch":"^2.0.28","@types/minimist":"^1.1.28","@types/node":"^6.0.37","@types/q":"^0.0.32","@types/request":"^0.0.32","@types/rimraf":"^0.0.28","@types/semver":"^5.3.30","clang-format":"^1.0.35","gulp":"^3.9.1","gulp-clang-format":"^1.0.23","jasmine":"^2.4.1","run-sequence":"^1.1.5","typescript":"^2.0.0"},"gitHead":"37149ee066b9df028db25918bc3513b67ddc3238","bugs":{"url":"https://github.com/angular/webdriver-manager/issues"},"homepage":"https://github.com/angular/webdriver-manager#readme","_id":"webdriver-manager@10.2.5","_shasum":"6433c1a64b038388c295ed0dc9daa71e5df5024e","_from":".","_npmVersion":"3.10.3","_nodeVersion":"6.6.0","_npmUser":{"name":"angularcore","email":"angular-core+npm@google.com"},"dist":{"shasum":"6433c1a64b038388c295ed0dc9daa71e5df5024e","tarball":"https://registry.npmjs.org/webdriver-manager/-/webdriver-manager-10.2.5.tgz"},"maintainers":[{"name":"angularcore","email":"angular-core+npm@google.com"},{"name":"pose","email":"albertopose@gmail.com"}],"_npmOperationalInternal":{"host":"packages-12-west.internal.npmjs.com","tmp":"tmp/webdriver-manager-10.2.5.tgz_1477339274348_0.2622902914881706"},"directories":{}},"11.0.0-beta.0":{"name":"webdriver-manager","version":"11.0.0-beta.0","description":"A selenium server and browser driver manager for your end to end tests.","scripts":{"prepublish":"gulp prepublish","test":"gulp test"},"keywords":["angular","test","testing","protractor","webdriver","webdriverjs","selenium","selenium-webdriver"],"repository":{"type":"git","url":"git://github.com/angular/webdriver-manager.git"},"bin":{"webdriver-manager":"bin/webdriver-manager"},"main":"built/lib/webdriver.js","author":{"name":"Craig Nishina","email":"craig.nishina@gmail.com"},"license":"MIT","dependencies":{"adm-zip":"^0.4.7","chalk":"^1.1.1","del":"^2.2.0","glob":"^7.0.3","ini":"^1.3.4","minimist":"^1.2.0","q":"^1.4.1","request":"^2.69.0","rimraf":"^2.5.2","semver":"^5.3.0"},"devDependencies":{"@types/adm-zip":"^0.4.29","@types/chalk":"^0.4.28","@types/form-data":"^0.0.32","@types/glob":"^5.0.29","@types/ini":"^1.3.28","@types/jasmine":"^2.2.32","@types/minimatch":"^2.0.28","@types/minimist":"^1.1.28","@types/node":"^6.0.37","@types/q":"^0.0.32","@types/request":"^0.0.32","@types/rimraf":"^0.0.28","@types/semver":"^5.3.30","clang-format":"^1.0.35","gulp":"^3.9.1","gulp-clang-format":"^1.0.23","jasmine":"^2.4.1","run-sequence":"^1.1.5","typescript":"^2.0.0"},"gitHead":"cac8172a78f2cc5f57f71689c4da68728614e497","bugs":{"url":"https://github.com/angular/webdriver-manager/issues"},"homepage":"https://github.com/angular/webdriver-manager#readme","_id":"webdriver-manager@11.0.0-beta.0","_shasum":"c35f2194a089c6752f197ebefc70c5ba136ed139","_from":".","_npmVersion":"3.10.3","_nodeVersion":"6.6.0","_npmUser":{"name":"angularcore","email":"angular-core+npm@google.com"},"dist":{"shasum":"c35f2194a089c6752f197ebefc70c5ba136ed139","tarball":"https://registry.npmjs.org/webdriver-manager/-/webdriver-manager-11.0.0-beta.0.tgz"},"maintainers":[{"name":"angularcore","email":"angular-core+npm@google.com"},{"name":"pose","email":"albertopose@gmail.com"}],"_npmOperationalInternal":{"host":"packages-18-east.internal.npmjs.com","tmp":"tmp/webdriver-manager-11.0.0-beta.0.tgz_1477340310104_0.632644830737263"},"directories":{}},"10.2.6":{"name":"webdriver-manager","version":"10.2.6","description":"A selenium server and browser driver manager for your end to end tests.","scripts":{"prepublish":"gulp prepublish","test":"gulp test"},"keywords":["angular","test","testing","protractor","webdriver","webdriverjs","selenium","selenium-webdriver"],"repository":{"type":"git","url":"git://github.com/angular/webdriver-manager.git"},"bin":{"webdriver-manager":"bin/webdriver-manager"},"main":"built/lib/webdriver.js","author":{"name":"Craig Nishina","email":"craig.nishina@gmail.com"},"license":"MIT","dependencies":{"adm-zip":"^0.4.7","chalk":"^1.1.1","del":"^2.2.0","glob":"^7.0.3","ini":"^1.3.4","minimist":"^1.2.0","q":"^1.4.1","request":"^2.69.0","rimraf":"^2.5.2","semver":"^5.3.0"},"devDependencies":{"@types/adm-zip":"^0.4.29","@types/chalk":"^0.4.28","@types/form-data":"^0.0.32","@types/glob":"^5.0.29","@types/ini":"^1.3.28","@types/jasmine":"^2.2.32","@types/minimatch":"^2.0.28","@types/minimist":"^1.1.28","@types/node":"^6.0.37","@types/q":"^0.0.32","@types/request":"^0.0.32","@types/rimraf":"^0.0.28","@types/semver":"^5.3.30","clang-format":"^1.0.35","gulp":"^3.9.1","gulp-clang-format":"^1.0.23","jasmine":"^2.4.1","run-sequence":"^1.1.5","typescript":"^2.0.0"},"gitHead":"a274829eb766fa0b9c8612571196c02a6f535194","bugs":{"url":"https://github.com/angular/webdriver-manager/issues"},"homepage":"https://github.com/angular/webdriver-manager#readme","_id":"webdriver-manager@10.2.6","_shasum":"6c02625fbaa97d1f6105edc7f22cdcf5caee038c","_from":".","_npmVersion":"3.10.3","_nodeVersion":"6.6.0","_npmUser":{"name":"angularcore","email":"angular-core+npm@google.com"},"dist":{"shasum":"6c02625fbaa97d1f6105edc7f22cdcf5caee038c","tarball":"https://registry.npmjs.org/webdriver-manager/-/webdriver-manager-10.2.6.tgz"},"maintainers":[{"name":"angularcore","email":"angular-core+npm@google.com"},{"name":"pose","email":"albertopose@gmail.com"}],"_npmOperationalInternal":{"host":"packages-18-east.internal.npmjs.com","tmp":"tmp/webdriver-manager-10.2.6.tgz_1477509108202_0.17028236435726285"},"directories":{}},"10.2.7":{"name":"webdriver-manager","version":"10.2.7","description":"A selenium server and browser driver manager for your end to end tests.","scripts":{"prepublish":"gulp prepublish","test":"gulp test"},"keywords":["angular","test","testing","protractor","webdriver","webdriverjs","selenium","selenium-webdriver"],"repository":{"type":"git","url":"git://github.com/angular/webdriver-manager.git"},"bin":{"webdriver-manager":"bin/webdriver-manager"},"main":"built/lib/webdriver.js","author":{"name":"Craig Nishina","email":"craig.nishina@gmail.com"},"license":"MIT","dependencies":{"adm-zip":"^0.4.7","chalk":"^1.1.1","del":"^2.2.0","glob":"^7.0.3","ini":"^1.3.4","minimist":"^1.2.0","q":"^1.4.1","request":"^2.69.0","rimraf":"^2.5.2","semver":"^5.3.0"},"devDependencies":{"@types/adm-zip":"^0.4.29","@types/chalk":"^0.4.28","@types/form-data":"^0.0.32","@types/glob":"^5.0.29","@types/ini":"^1.3.28","@types/jasmine":"^2.2.32","@types/minimatch":"^2.0.28","@types/minimist":"^1.1.28","@types/node":"^6.0.37","@types/q":"^0.0.32","@types/request":"^0.0.32","@types/rimraf":"^0.0.28","@types/semver":"^5.3.30","clang-format":"^1.0.35","gulp":"^3.9.1","gulp-clang-format":"^1.0.23","jasmine":"^2.4.1","run-sequence":"^1.1.5","typescript":"^2.0.0"},"gitHead":"7b08b8db67422f7d81e6e1abd966c9098110154e","bugs":{"url":"https://github.com/angular/webdriver-manager/issues"},"homepage":"https://github.com/angular/webdriver-manager#readme","_id":"webdriver-manager@10.2.7","_shasum":"d5c341673ff94539d8bbb555a4adf45f23036482","_from":".","_npmVersion":"3.10.3","_nodeVersion":"6.7.0","_npmUser":{"name":"angularcore","email":"angular-core+npm@google.com"},"dist":{"shasum":"d5c341673ff94539d8bbb555a4adf45f23036482","tarball":"https://registry.npmjs.org/webdriver-manager/-/webdriver-manager-10.2.7.tgz"},"maintainers":[{"name":"angularcore","email":"angular-core+npm@google.com"},{"name":"pose","email":"albertopose@gmail.com"}],"_npmOperationalInternal":{"host":"packages-12-west.internal.npmjs.com","tmp":"tmp/webdriver-manager-10.2.7.tgz_1478563666389_0.23281250661239028"},"directories":{}},"10.2.8":{"name":"webdriver-manager","version":"10.2.8","description":"A selenium server and browser driver manager for your end to end tests.","scripts":{"check_format":"gulp format:enforce","format":"gulp format","prepublish":"gulp prepublish","test":"gulp test"},"keywords":["angular","test","testing","protractor","webdriver","webdriverjs","selenium","selenium-webdriver"],"repository":{"type":"git","url":"git://github.com/angular/webdriver-manager.git"},"bin":{"webdriver-manager":"bin/webdriver-manager"},"main":"built/lib/webdriver.js","author":{"name":"Craig Nishina","email":"craig.nishina@gmail.com"},"license":"MIT","dependencies":{"adm-zip":"^0.4.7","chalk":"^1.1.1","del":"^2.2.0","glob":"^7.0.3","ini":"^1.3.4","minimist":"^1.2.0","q":"^1.4.1","request":"^2.78.0","rimraf":"^2.5.2","semver":"^5.3.0"},"devDependencies":{"@types/adm-zip":"^0.4.29","@types/chalk":"^0.4.28","@types/form-data":"^0.0.32","@types/glob":"^5.0.29","@types/ini":"^1.3.28","@types/jasmine":"^2.5.37","@types/minimatch":"^2.0.28","@types/minimist":"^1.1.28","@types/node":"^6.0.46","@types/q":"^0.0.32","@types/request":"^0.0.33","@types/rimraf":"^0.0.28","@types/semver":"^5.3.30","clang-format":"^1.0.35","gulp":"^3.9.1","gulp-clang-format":"^1.0.23","jasmine":"^2.4.1","run-sequence":"^1.1.5","typescript":"^2.1.1"},"gitHead":"7f88c645d915299c1ec9bfa2b4e43d908631119c","bugs":{"url":"https://github.com/angular/webdriver-manager/issues"},"homepage":"https://github.com/angular/webdriver-manager#readme","_id":"webdriver-manager@10.2.8","_shasum":"b3b4ef7983271a97b9432c4211c39ff5caecd9dc","_from":".","_npmVersion":"3.8.6","_nodeVersion":"5.11.0","_npmUser":{"name":"angularcore","email":"angular-core+npm@google.com"},"dist":{"shasum":"b3b4ef7983271a97b9432c4211c39ff5caecd9dc","tarball":"https://registry.npmjs.org/webdriver-manager/-/webdriver-manager-10.2.8.tgz"},"maintainers":[{"name":"angularcore","email":"angular-core+npm@google.com"},{"name":"pose","email":"albertopose@gmail.com"}],"_npmOperationalInternal":{"host":"packages-18-east.internal.npmjs.com","tmp":"tmp/webdriver-manager-10.2.8.tgz_1478808287813_0.841288193129003"},"directories":{}},"11.0.0":{"name":"webdriver-manager","version":"11.0.0","description":"A selenium server and browser driver manager for your end to end tests.","scripts":{"check_format":"gulp format:enforce","format":"gulp format","prepublish":"gulp prepublish","test":"gulp test","test_unit":"gulp test:unit","test_travis":"gulp test:headless"},"keywords":["angular","test","testing","protractor","webdriver","webdriverjs","selenium","selenium-webdriver"],"repository":{"type":"git","url":"git://github.com/angular/webdriver-manager.git"},"bin":{"webdriver-manager":"bin/webdriver-manager"},"main":"built/lib/webdriver.js","author":{"name":"Craig Nishina","email":"craig.nishina@gmail.com"},"license":"MIT","dependencies":{"adm-zip":"^0.4.7","chalk":"^1.1.1","del":"^2.2.0","glob":"^7.0.3","ini":"^1.3.4","minimist":"^1.2.0","q":"^1.4.1","request":"^2.78.0","rimraf":"^2.5.2","semver":"^5.3.0"},"devDependencies":{"@types/adm-zip":"^0.4.29","@types/chalk":"^0.4.28","@types/form-data":"^0.0.33","@types/glob":"^5.0.29","@types/ini":"^1.3.28","@types/jasmine":"^2.5.37","@types/minimatch":"^2.0.28","@types/minimist":"^1.1.28","@types/node":"^6.0.46","@types/q":"^0.0.32","@types/request":"^0.0.36","@types/rimraf":"^0.0.28","@types/selenium-webdriver":"^2.53.35","@types/semver":"^5.3.30","clang-format":"^1.0.35","gulp":"^3.9.1","gulp-clang-format":"^1.0.23","jasmine":"^2.4.1","run-sequence":"^1.1.5","selenium-webdriver":"2.53.1","typescript":"^2.1.1"},"gitHead":"6ebbbb9b9e988530bb24634a631adff15edd2599","bugs":{"url":"https://github.com/angular/webdriver-manager/issues"},"homepage":"https://github.com/angular/webdriver-manager#readme","_id":"webdriver-manager@11.0.0","_shasum":"0f4027695ea6b578c9d5a0913b77753210b7b2a0","_from":".","_npmVersion":"3.10.8","_nodeVersion":"6.9.1","_npmUser":{"name":"angularcore","email":"angular-core+npm@google.com"},"dist":{"shasum":"0f4027695ea6b578c9d5a0913b77753210b7b2a0","tarball":"https://registry.npmjs.org/webdriver-manager/-/webdriver-manager-11.0.0.tgz"},"maintainers":[{"name":"angularcore","email":"angular-core+npm@google.com"}],"_npmOperationalInternal":{"host":"packages-12-west.internal.npmjs.com","tmp":"tmp/webdriver-manager-11.0.0.tgz_1480671979384_0.8799265820998698"},"directories":{}},"10.2.10":{"name":"webdriver-manager","version":"10.2.10","description":"A selenium server and browser driver manager for your end to end tests.","scripts":{"check_format":"gulp format:enforce","format":"gulp format","prepublish":"gulp prepublish","test":"gulp test"},"keywords":["angular","test","testing","protractor","webdriver","webdriverjs","selenium","selenium-webdriver"],"repository":{"type":"git","url":"git://github.com/angular/webdriver-manager.git"},"bin":{"webdriver-manager":"bin/webdriver-manager"},"main":"built/lib/webdriver.js","author":{"name":"Craig Nishina","email":"craig.nishina@gmail.com"},"license":"MIT","dependencies":{"adm-zip":"^0.4.7","chalk":"^1.1.1","del":"^2.2.0","glob":"^7.0.3","ini":"^1.3.4","minimist":"^1.2.0","q":"^1.4.1","request":"^2.78.0","rimraf":"^2.5.2","semver":"^5.3.0"},"devDependencies":{"@types/adm-zip":"^0.4.29","@types/chalk":"^0.4.28","@types/form-data":"^0.0.32","@types/glob":"^5.0.29","@types/ini":"^1.3.28","@types/jasmine":"^2.5.37","@types/minimatch":"^2.0.28","@types/minimist":"^1.1.28","@types/node":"^6.0.46","@types/q":"^0.0.32","@types/request":"^0.0.33","@types/rimraf":"^0.0.28","@types/semver":"^5.3.30","clang-format":"^1.0.35","gulp":"^3.9.1","gulp-clang-format":"^1.0.23","jasmine":"^2.4.1","run-sequence":"^1.1.5","typescript":"^2.1.1"},"gitHead":"7f88c645d915299c1ec9bfa2b4e43d908631119c","bugs":{"url":"https://github.com/angular/webdriver-manager/issues"},"homepage":"https://github.com/angular/webdriver-manager#readme","_id":"webdriver-manager@10.2.10","_shasum":"e81d869375dd9395e1a88d7342bbc759b8d654f3","_from":".","_npmVersion":"2.15.9","_nodeVersion":"4.5.0","_npmUser":{"name":"angularcore","email":"angular-core+npm@google.com"},"dist":{"shasum":"e81d869375dd9395e1a88d7342bbc759b8d654f3","tarball":"https://registry.npmjs.org/webdriver-manager/-/webdriver-manager-10.2.10.tgz"},"maintainers":[{"name":"angularcore","email":"angular-core+npm@google.com"}],"_npmOperationalInternal":{"host":"packages-18-east.internal.npmjs.com","tmp":"tmp/webdriver-manager-10.2.10.tgz_1480706499413_0.9273434218484908"},"directories":{}},"10.3.0":{"name":"webdriver-manager","version":"10.3.0","description":"A selenium server and browser driver manager for your end to end tests.","scripts":{"check_format":"gulp format:enforce","format":"gulp format","prepublish":"gulp prepublish","test":"gulp test","test_travis":"gulp test:headless"},"keywords":["angular","test","testing","protractor","webdriver","webdriverjs","selenium","selenium-webdriver"],"repository":{"type":"git","url":"git://github.com/angular/webdriver-manager.git"},"bin":{"webdriver-manager":"bin/webdriver-manager"},"main":"built/lib/webdriver.js","author":{"name":"Craig Nishina","email":"craig.nishina@gmail.com"},"license":"MIT","dependencies":{"adm-zip":"^0.4.7","chalk":"^1.1.1","del":"^2.2.0","glob":"^7.0.3","ini":"^1.3.4","minimist":"^1.2.0","q":"^1.4.1","request":"^2.78.0","rimraf":"^2.5.2","semver":"^5.3.0"},"devDependencies":{"@types/adm-zip":"^0.4.29","@types/chalk":"^0.4.28","@types/form-data":"^0.0.33","@types/glob":"^5.0.29","@types/ini":"^1.3.28","@types/jasmine":"^2.5.37","@types/minimatch":"^2.0.28","@types/minimist":"^1.1.28","@types/node":"^6.0.46","@types/q":"^0.0.32","@types/request":"^0.0.36","@types/rimraf":"^0.0.28","@types/selenium-webdriver":"^2.53.35","@types/semver":"^5.3.30","clang-format":"^1.0.35","gulp":"^3.9.1","gulp-clang-format":"^1.0.23","jasmine":"^2.4.1","run-sequence":"^1.1.5","selenium-webdriver":"2.53.1","typescript":"^2.1.1"},"engines":{"node":">=4","npm":">=3"},"gitHead":"98478851f3e717a039477a92f4abce7b762e0719","bugs":{"url":"https://github.com/angular/webdriver-manager/issues"},"homepage":"https://github.com/angular/webdriver-manager#readme","_id":"webdriver-manager@10.3.0","_shasum":"99314588a0b1dbe688c441d74288c6cb1875fa8b","_from":".","_npmVersion":"3.10.10","_nodeVersion":"4.7.0","_npmUser":{"name":"angularcore","email":"angular-core+npm@google.com"},"dist":{"shasum":"99314588a0b1dbe688c441d74288c6cb1875fa8b","tarball":"https://registry.npmjs.org/webdriver-manager/-/webdriver-manager-10.3.0.tgz"},"maintainers":[{"name":"angularcore","email":"angular-core+npm@google.com"}],"_npmOperationalInternal":{"host":"packages-12-west.internal.npmjs.com","tmp":"tmp/webdriver-manager-10.3.0.tgz_1482268632240_0.5350924141239375"},"directories":{}},"11.1.0":{"name":"webdriver-manager","version":"11.1.0","description":"A selenium server and browser driver manager for your end to end tests.","scripts":{"check_format":"gulp format:enforce","format":"gulp format","prepublish":"gulp prepublish","test":"gulp test","test_unit":"gulp test:unit","test_travis":"gulp test:headless"},"keywords":["angular","test","testing","protractor","webdriver","webdriverjs","selenium","selenium-webdriver"],"repository":{"type":"git","url":"git://github.com/angular/webdriver-manager.git"},"bin":{"webdriver-manager":"bin/webdriver-manager"},"main":"built/lib/webdriver.js","author":{"name":"Craig Nishina","email":"craig.nishina@gmail.com"},"license":"MIT","dependencies":{"adm-zip":"^0.4.7","chalk":"^1.1.1","del":"^2.2.0","glob":"^7.0.3","ini":"^1.3.4","minimist":"^1.2.0","q":"^1.4.1","request":"^2.78.0","rimraf":"^2.5.2","semver":"^5.3.0"},"devDependencies":{"@types/adm-zip":"^0.4.29","@types/chalk":"^0.4.28","@types/form-data":"^0.0.33","@types/glob":"^5.0.29","@types/ini":"^1.3.28","@types/jasmine":"^2.5.37","@types/minimatch":"^2.0.28","@types/minimist":"^1.1.28","@types/node":"^6.0.46","@types/q":"^0.0.32","@types/request":"^0.0.36","@types/rimraf":"^0.0.28","@types/selenium-webdriver":"^2.53.35","@types/semver":"^5.3.30","clang-format":"^1.0.35","gulp":"^3.9.1","gulp-clang-format":"^1.0.23","jasmine":"^2.4.1","run-sequence":"^1.1.5","selenium-webdriver":"2.53.1","typescript":"^2.1.1"},"gitHead":"efadc5182af2379ada54e09ae7ab29a239dd09f9","bugs":{"url":"https://github.com/angular/webdriver-manager/issues"},"homepage":"https://github.com/angular/webdriver-manager#readme","_id":"webdriver-manager@11.1.0","_shasum":"a1eaf194d13de31c22aeab2199a756eb6356f0a8","_from":".","_npmVersion":"4.0.5","_nodeVersion":"6.9.1","_npmUser":{"name":"angularcore","email":"angular-core+npm@google.com"},"dist":{"shasum":"a1eaf194d13de31c22aeab2199a756eb6356f0a8","tarball":"https://registry.npmjs.org/webdriver-manager/-/webdriver-manager-11.1.0.tgz"},"maintainers":[{"name":"angularcore","email":"angular-core+npm@google.com"}],"_npmOperationalInternal":{"host":"packages-12-west.internal.npmjs.com","tmp":"tmp/webdriver-manager-11.1.0.tgz_1482359453350_0.062468491960316896"},"directories":{}},"11.1.1":{"name":"webdriver-manager","version":"11.1.1","description":"A selenium server and browser driver manager for your end to end tests.","scripts":{"check_format":"gulp format:enforce","format":"gulp format","prepublish":"gulp prepublish","test":"gulp test","test_unit":"gulp test:unit","test_circle_e2e":"gulp test:e2e:no_kvm"},"keywords":["angular","test","testing","protractor","webdriver","webdriverjs","selenium","selenium-webdriver"],"repository":{"type":"git","url":"git://github.com/angular/webdriver-manager.git"},"bin":{"webdriver-manager":"bin/webdriver-manager"},"main":"built/lib/webdriver.js","author":{"name":"Craig Nishina","email":"craig.nishina@gmail.com"},"license":"MIT","dependencies":{"adm-zip":"^0.4.7","chalk":"^1.1.1","del":"^2.2.0","glob":"^7.0.3","ini":"^1.3.4","minimist":"^1.2.0","q":"^1.4.1","request":"^2.78.0","rimraf":"^2.5.2","semver":"^5.3.0"},"devDependencies":{"@types/adm-zip":"^0.4.29","@types/chalk":"^0.4.28","@types/form-data":"^0.0.33","@types/glob":"^5.0.29","@types/ini":"^1.3.28","@types/jasmine":"^2.5.37","@types/minimatch":"^2.0.28","@types/minimist":"^1.1.28","@types/node":"^6.0.46","@types/q":"^0.0.32","@types/request":"^0.0.39","@types/rimraf":"^0.0.28","@types/selenium-webdriver":"^2.53.35","@types/semver":"^5.3.30","clang-format":"^1.0.35","gulp":"^3.9.1","gulp-clang-format":"^1.0.23","jasmine":"^2.4.1","run-sequence":"^1.1.5","selenium-webdriver":"~3.0.1","typescript":"^2.1.1"},"engines":{"node":">=6.9.x"},"gitHead":"9ea6c06fd61ab6edc33cb9ada09fdd46934ca79c","bugs":{"url":"https://github.com/angular/webdriver-manager/issues"},"homepage":"https://github.com/angular/webdriver-manager#readme","_id":"webdriver-manager@11.1.1","_shasum":"903cd2d081ff95408041d1c3d920ce8bcdd8134f","_from":".","_npmVersion":"3.10.8","_nodeVersion":"6.9.1","_npmUser":{"name":"angularcore","email":"angular-core+npm@google.com"},"dist":{"shasum":"903cd2d081ff95408041d1c3d920ce8bcdd8134f","tarball":"https://registry.npmjs.org/webdriver-manager/-/webdriver-manager-11.1.1.tgz"},"maintainers":[{"name":"angularcore","email":"angular-core+npm@google.com"}],"_npmOperationalInternal":{"host":"packages-18-east.internal.npmjs.com","tmp":"tmp/webdriver-manager-11.1.1.tgz_1483741242631_0.7200589482672513"},"directories":{}},"12.0.0":{"name":"webdriver-manager","version":"12.0.0","description":"A selenium server and browser driver manager for your end to end tests.","scripts":{"check_format":"gulp format:enforce","format":"gulp format","prepublish":"gulp prepublish","test":"gulp test","test_unit":"gulp test:unit","test_circle_e2e":"gulp test:e2e:no_kvm"},"keywords":["angular","test","testing","protractor","webdriver","webdriverjs","selenium","selenium-webdriver"],"repository":{"type":"git","url":"git://github.com/angular/webdriver-manager.git"},"bin":{"webdriver-manager":"bin/webdriver-manager"},"main":"built/lib/webdriver.js","author":{"name":"Craig Nishina","email":"craig.nishina@gmail.com"},"license":"MIT","dependencies":{"adm-zip":"^0.4.7","chalk":"^1.1.1","del":"^2.2.0","glob":"^7.0.3","ini":"^1.3.4","minimist":"^1.2.0","q":"^1.4.1","request":"^2.78.0","rimraf":"^2.5.2","semver":"^5.3.0","xml2js":"^0.4.17"},"devDependencies":{"@types/adm-zip":"^0.4.29","@types/chalk":"^0.4.28","@types/form-data":"^0.0.33","@types/glob":"^5.0.29","@types/ini":"^1.3.28","@types/jasmine":"^2.5.37","@types/minimatch":"^2.0.28","@types/minimist":"^1.1.28","@types/node":"^7.0.4","@types/q":"^0.0.32","@types/request":"^0.0.39","@types/rimraf":"^0.0.28","@types/selenium-webdriver":"^2.53.35","@types/semver":"^5.3.30","@types/xml2js":"0.0.32","clang-format":"^1.0.35","gulp":"^3.9.1","gulp-clang-format":"^1.0.23","jasmine":"^2.4.1","run-sequence":"^1.1.5","selenium-webdriver":"~3.0.1","typescript":"^2.1.1"},"engines":{"node":">=6.9.x"},"gitHead":"3246dd47d65efa601881ae393979306e1b3273e5","bugs":{"url":"https://github.com/angular/webdriver-manager/issues"},"homepage":"https://github.com/angular/webdriver-manager#readme","_id":"webdriver-manager@12.0.0","_shasum":"860724a44d8316a71df2e9eaad5625fe4c24eddb","_from":".","_npmVersion":"3.10.8","_nodeVersion":"6.9.1","_npmUser":{"name":"angularcore","email":"angular-core+npm@google.com"},"dist":{"shasum":"860724a44d8316a71df2e9eaad5625fe4c24eddb","tarball":"https://registry.npmjs.org/webdriver-manager/-/webdriver-manager-12.0.0.tgz"},"maintainers":[{"name":"angularcore","email":"angular-core+npm@google.com"}],"_npmOperationalInternal":{"host":"packages-12-west.internal.npmjs.com","tmp":"tmp/webdriver-manager-12.0.0.tgz_1485889544830_0.13880420452915132"},"directories":{}},"12.0.1":{"name":"webdriver-manager","version":"12.0.1","description":"A selenium server and browser driver manager for your end to end tests.","scripts":{"check_format":"gulp format:enforce","format":"gulp format","prepublish":"gulp prepublish","test":"gulp test","test_unit":"gulp test:unit","test_circle_e2e":"gulp test:e2e:no_kvm"},"keywords":["angular","test","testing","protractor","webdriver","webdriverjs","selenium","selenium-webdriver"],"repository":{"type":"git","url":"git://github.com/angular/webdriver-manager.git"},"bin":{"webdriver-manager":"bin/webdriver-manager"},"main":"built/lib/webdriver.js","author":{"name":"Craig Nishina","email":"craig.nishina@gmail.com"},"license":"MIT","dependencies":{"adm-zip":"^0.4.7","chalk":"^1.1.1","del":"^2.2.0","glob":"^7.0.3","ini":"^1.3.4","minimist":"^1.2.0","q":"^1.4.1","request":"^2.78.0","rimraf":"^2.5.2","semver":"^5.3.0","xml2js":"^0.4.17"},"devDependencies":{"@types/adm-zip":"^0.4.29","@types/chalk":"^0.4.28","@types/form-data":"^0.0.33","@types/glob":"^5.0.29","@types/ini":"^1.3.28","@types/jasmine":"^2.5.37","@types/minimatch":"^2.0.28","@types/minimist":"^1.1.28","@types/node":"^7.0.4","@types/q":"^0.0.32","@types/request":"^0.0.39","@types/rimraf":"^0.0.28","@types/selenium-webdriver":"^2.53.35","@types/semver":"^5.3.30","@types/xml2js":"0.0.32","clang-format":"^1.0.35","gulp":"^3.9.1","gulp-clang-format":"^1.0.23","jasmine":"^2.4.1","run-sequence":"^1.1.5","selenium-webdriver":"~3.0.1","typescript":"^2.1.1"},"engines":{"node":">=6.9.x"},"gitHead":"2d980ea9ade41e2245df5d3ad795533d9fbec84a","bugs":{"url":"https://github.com/angular/webdriver-manager/issues"},"homepage":"https://github.com/angular/webdriver-manager#readme","_id":"webdriver-manager@12.0.1","_shasum":"878d4b2dc6fd12e5c7df344ac8296c0c26fdeac2","_from":".","_npmVersion":"3.10.10","_nodeVersion":"6.9.4","_npmUser":{"name":"angularcore","email":"angular-core+npm@google.com"},"dist":{"shasum":"878d4b2dc6fd12e5c7df344ac8296c0c26fdeac2","tarball":"https://registry.npmjs.org/webdriver-manager/-/webdriver-manager-12.0.1.tgz"},"maintainers":[{"name":"angularcore","email":"angular-core+npm@google.com"}],"_npmOperationalInternal":{"host":"packages-12-west.internal.npmjs.com","tmp":"tmp/webdriver-manager-12.0.1.tgz_1485899432296_0.6866185332182795"},"directories":{}},"12.0.2":{"name":"webdriver-manager","version":"12.0.2","description":"A selenium server and browser driver manager for your end to end tests.","scripts":{"check_format":"gulp format:enforce","format":"gulp format","prepublish":"gulp prepublish","test":"gulp test","test_unit":"gulp test:unit","test_circle_e2e":"gulp test:e2e:no_kvm"},"keywords":["angular","test","testing","protractor","webdriver","webdriverjs","selenium","selenium-webdriver"],"repository":{"type":"git","url":"git://github.com/angular/webdriver-manager.git"},"bin":{"webdriver-manager":"bin/webdriver-manager"},"main":"built/lib/webdriver.js","author":{"name":"Craig Nishina","email":"craig.nishina@gmail.com"},"license":"MIT","dependencies":{"adm-zip":"^0.4.7","chalk":"^1.1.1","del":"^2.2.0","glob":"^7.0.3","ini":"^1.3.4","minimist":"^1.2.0","q":"^1.4.1","request":"^2.78.0","rimraf":"^2.5.2","semver":"^5.3.0","xml2js":"^0.4.17"},"devDependencies":{"@types/adm-zip":"^0.4.29","@types/chalk":"^0.4.28","@types/form-data":"^0.0.33","@types/glob":"^5.0.29","@types/ini":"^1.3.28","@types/jasmine":"^2.5.37","@types/minimatch":"^2.0.28","@types/minimist":"^1.1.28","@types/node":"^7.0.4","@types/q":"^0.0.32","@types/request":"^0.0.39","@types/rimraf":"^0.0.28","@types/selenium-webdriver":"^2.53.35","@types/semver":"^5.3.30","@types/xml2js":"0.0.32","clang-format":"^1.0.35","gulp":"^3.9.1","gulp-clang-format":"^1.0.23","jasmine":"^2.4.1","run-sequence":"^1.1.5","selenium-webdriver":"~3.0.1","typescript":"~2.0.0"},"engines":{"node":">=6.9.x"},"gitHead":"83b7be0722c420e3440e66ba97b57b8d7311ea28","bugs":{"url":"https://github.com/angular/webdriver-manager/issues"},"homepage":"https://github.com/angular/webdriver-manager#readme","_id":"webdriver-manager@12.0.2","_shasum":"9bc541e975b18de8bf7f6ad163b69488169e8914","_from":".","_npmVersion":"3.10.10","_nodeVersion":"6.9.4","_npmUser":{"name":"angularcore","email":"angular-core+npm@google.com"},"dist":{"shasum":"9bc541e975b18de8bf7f6ad163b69488169e8914","tarball":"https://registry.npmjs.org/webdriver-manager/-/webdriver-manager-12.0.2.tgz"},"maintainers":[{"name":"angularcore","email":"angular-core+npm@google.com"}],"_npmOperationalInternal":{"host":"packages-18-east.internal.npmjs.com","tmp":"tmp/webdriver-manager-12.0.2.tgz_1486426765988_0.0390959361102432"},"directories":{}},"12.0.3":{"name":"webdriver-manager","version":"12.0.3","description":"A selenium server and browser driver manager for your end to end tests.","scripts":{"check_format":"gulp format:enforce","format":"gulp format","prepublish":"gulp prepublish","test":"gulp test","test_unit":"gulp test:unit","test_circle_e2e":"gulp test:e2e:no_kvm"},"keywords":["angular","test","testing","protractor","webdriver","webdriverjs","selenium","selenium-webdriver"],"repository":{"type":"git","url":"git://github.com/angular/webdriver-manager.git"},"bin":{"webdriver-manager":"bin/webdriver-manager"},"main":"built/lib/webdriver.js","author":{"name":"Craig Nishina","email":"craig.nishina@gmail.com"},"license":"MIT","dependencies":{"adm-zip":"^0.4.7","chalk":"^1.1.1","del":"^2.2.0","glob":"^7.0.3","ini":"^1.3.4","minimist":"^1.2.0","q":"^1.4.1","request":"^2.78.0","rimraf":"^2.5.2","semver":"^5.3.0","xml2js":"^0.4.17"},"devDependencies":{"@types/adm-zip":"^0.4.29","@types/chalk":"^0.4.28","@types/form-data":"^0.0.33","@types/glob":"^5.0.29","@types/ini":"^1.3.28","@types/jasmine":"^2.5.43","@types/minimatch":"^2.0.28","@types/minimist":"^1.1.28","@types/node":"^7.0.4","@types/q":"^0.0.32","@types/request":"^0.0.39","@types/rimraf":"^0.0.28","@types/selenium-webdriver":"^2.53.35","@types/semver":"^5.3.30","@types/xml2js":"0.0.32","clang-format":"^1.0.35","gulp":"^3.9.1","gulp-clang-format":"^1.0.23","jasmine":"^2.4.1","run-sequence":"^1.1.5","selenium-webdriver":"~3.0.1","typescript":"~2.2.0"},"engines":{"node":">=6.9.x"},"gitHead":"5c1de8e8c65297804de12ecae2c8dc74a9f0c386","bugs":{"url":"https://github.com/angular/webdriver-manager/issues"},"homepage":"https://github.com/angular/webdriver-manager#readme","_id":"webdriver-manager@12.0.3","_shasum":"b4a0a1391ceb7e147ea035a393bc1c61143fc656","_from":".","_npmVersion":"3.10.10","_nodeVersion":"6.9.4","_npmUser":{"name":"angularcore","email":"angular-core+npm@google.com"},"dist":{"shasum":"b4a0a1391ceb7e147ea035a393bc1c61143fc656","tarball":"https://registry.npmjs.org/webdriver-manager/-/webdriver-manager-12.0.3.tgz"},"maintainers":[{"name":"angularcore","email":"angular-core+npm@google.com"}],"_npmOperationalInternal":{"host":"packages-12-west.internal.npmjs.com","tmp":"tmp/webdriver-manager-12.0.3.tgz_1489084374571_0.7144434405490756"},"directories":{}},"12.0.4":{"name":"webdriver-manager","version":"12.0.4","description":"A selenium server and browser driver manager for your end to end tests.","scripts":{"check_format":"gulp format:enforce","format":"gulp format","prepublish":"gulp prepublish","test":"gulp test","test_unit":"gulp test:unit","test_circle_e2e":"gulp test:e2e:no_kvm"},"keywords":["angular","test","testing","protractor","webdriver","webdriverjs","selenium","selenium-webdriver"],"repository":{"type":"git","url":"git://github.com/angular/webdriver-manager.git"},"bin":{"webdriver-manager":"bin/webdriver-manager"},"main":"built/lib/webdriver.js","author":{"name":"Craig Nishina","email":"craig.nishina@gmail.com"},"license":"MIT","dependencies":{"adm-zip":"^0.4.7","chalk":"^1.1.1","del":"^2.2.0","glob":"^7.0.3","ini":"^1.3.4","minimist":"^1.2.0","q":"^1.4.1","request":"^2.78.0","rimraf":"^2.5.2","semver":"^5.3.0","xml2js":"^0.4.17"},"devDependencies":{"@types/adm-zip":"^0.4.29","@types/chalk":"^0.4.28","@types/form-data":"^0.0.33","@types/glob":"^5.0.29","@types/ini":"^1.3.28","@types/jasmine":"^2.5.43","@types/minimatch":"^2.0.28","@types/minimist":"^1.1.28","@types/node":"^7.0.4","@types/q":"^0.0.32","@types/request":"^0.0.39","@types/rimraf":"^0.0.28","@types/selenium-webdriver":"^2.53.35","@types/semver":"^5.3.30","@types/xml2js":"0.0.32","clang-format":"^1.0.35","gulp":"^3.9.1","gulp-clang-format":"^1.0.23","jasmine":"^2.4.1","run-sequence":"^1.1.5","selenium-webdriver":"~3.0.1","typescript":"~2.2.0"},"engines":{"node":">=6.9.x"},"gitHead":"441567c5436cbd248818cadafd94451c1e91b2f0","bugs":{"url":"https://github.com/angular/webdriver-manager/issues"},"homepage":"https://github.com/angular/webdriver-manager#readme","_id":"webdriver-manager@12.0.4","_shasum":"658e431c805bc3a7e6bf74bc819475884e6d4861","_from":".","_npmVersion":"3.10.10","_nodeVersion":"6.9.4","_npmUser":{"name":"angularcore","email":"angular-core+npm@google.com"},"dist":{"shasum":"658e431c805bc3a7e6bf74bc819475884e6d4861","tarball":"https://registry.npmjs.org/webdriver-manager/-/webdriver-manager-12.0.4.tgz"},"maintainers":[{"name":"angularcore","email":"angular-core+npm@google.com"}],"_npmOperationalInternal":{"host":"packages-12-west.internal.npmjs.com","tmp":"tmp/webdriver-manager-12.0.4.tgz_1489508908457_0.3447078871540725"},"directories":{}},"12.0.5":{"name":"webdriver-manager","version":"12.0.5","description":"A selenium server and browser driver manager for your end to end tests.","scripts":{"check_format":"gulp format:enforce","format":"gulp format","prepublish":"gulp prepublish","test":"gulp test","test_unit":"gulp test:unit","test_circle_e2e":"gulp test:e2e:no_kvm"},"keywords":["angular","test","testing","protractor","webdriver","webdriverjs","selenium","selenium-webdriver"],"repository":{"type":"git","url":"git://github.com/angular/webdriver-manager.git"},"bin":{"webdriver-manager":"bin/webdriver-manager"},"main":"built/lib/webdriver.js","author":{"name":"Craig Nishina","email":"craig.nishina@gmail.com"},"license":"MIT","dependencies":{"adm-zip":"^0.4.7","chalk":"^1.1.1","del":"^2.2.0","glob":"^7.0.3","ini":"^1.3.4","minimist":"^1.2.0","q":"^1.4.1","request":"^2.78.0","rimraf":"^2.5.2","semver":"^5.3.0","xml2js":"^0.4.17"},"devDependencies":{"@types/adm-zip":"^0.4.29","@types/chalk":"^0.4.28","@types/form-data":"^0.0.33","@types/glob":"^5.0.29","@types/ini":"^1.3.28","@types/jasmine":"^2.5.43","@types/minimatch":"^2.0.28","@types/minimist":"^1.1.28","@types/node":"^7.0.4","@types/q":"^0.0.32","@types/request":"^0.0.39","@types/rimraf":"^0.0.28","@types/selenium-webdriver":"^2.53.35","@types/semver":"^5.3.30","@types/xml2js":"0.0.32","clang-format":"^1.0.35","gulp":"^3.9.1","gulp-clang-format":"^1.0.23","jasmine":"^2.4.1","run-sequence":"^1.1.5","selenium-webdriver":"~3.0.1","typescript":"~2.2.0"},"engines":{"node":">=6.9.x"},"gitHead":"a74555c4554a519ec307a9ba08a5ceae2056dce4","bugs":{"url":"https://github.com/angular/webdriver-manager/issues"},"homepage":"https://github.com/angular/webdriver-manager#readme","_id":"webdriver-manager@12.0.5","_shasum":"364b8dd0a281720f4eddcc51ae0c3b442a067e3b","_from":".","_npmVersion":"3.10.10","_nodeVersion":"6.9.4","_npmUser":{"name":"angularcore","email":"angular-core+npm@google.com"},"dist":{"shasum":"364b8dd0a281720f4eddcc51ae0c3b442a067e3b","tarball":"https://registry.npmjs.org/webdriver-manager/-/webdriver-manager-12.0.5.tgz"},"maintainers":[{"name":"angularcore","email":"angular-core+npm@google.com"}],"_npmOperationalInternal":{"host":"packages-12-west.internal.npmjs.com","tmp":"tmp/webdriver-manager-12.0.5.tgz_1493073558252_0.5125975904520601"},"directories":{}},"12.0.6":{"name":"webdriver-manager","version":"12.0.6","description":"A selenium server and browser driver manager for your end to end tests.","scripts":{"check_format":"gulp format:enforce","format":"gulp format","prepublish":"gulp prepublish","test":"gulp test","test_unit":"gulp test:unit","test_circle_e2e":"gulp test:e2e:no_kvm"},"keywords":["angular","test","testing","protractor","webdriver","webdriverjs","selenium","selenium-webdriver"],"repository":{"type":"git","url":"git://github.com/angular/webdriver-manager.git"},"bin":{"webdriver-manager":"bin/webdriver-manager"},"main":"built/lib/webdriver.js","author":{"name":"Craig Nishina","email":"craig.nishina@gmail.com"},"license":"MIT","dependencies":{"adm-zip":"^0.4.7","chalk":"^1.1.1","del":"^2.2.0","glob":"^7.0.3","ini":"^1.3.4","minimist":"^1.2.0","q":"^1.4.1","request":"^2.78.0","rimraf":"^2.5.2","semver":"^5.3.0","xml2js":"^0.4.17"},"devDependencies":{"@types/adm-zip":"^0.4.29","@types/chalk":"^0.4.28","@types/form-data":"^0.0.33","@types/glob":"^5.0.29","@types/ini":"^1.3.28","@types/jasmine":"^2.5.43","@types/minimatch":"^2.0.28","@types/minimist":"^1.1.28","@types/node":"^7.0.4","@types/q":"^0.0.32","@types/request":"^0.0.39","@types/rimraf":"^0.0.28","@types/selenium-webdriver":"^2.53.35","@types/semver":"^5.3.30","@types/xml2js":"0.0.32","clang-format":"^1.0.35","gulp":"^3.9.1","gulp-clang-format":"^1.0.23","jasmine":"^2.4.1","run-sequence":"^1.1.5","selenium-webdriver":"~3.0.1","typescript":"~2.3.0"},"engines":{"node":">=6.9.x"},"gitHead":"dca9ad95448b44486e0142899de5b5739b7dd420","bugs":{"url":"https://github.com/angular/webdriver-manager/issues"},"homepage":"https://github.com/angular/webdriver-manager#readme","_id":"webdriver-manager@12.0.6","_shasum":"3df1a481977010b4cbf8c9d85c7a577828c0e70b","_from":".","_npmVersion":"3.10.10","_nodeVersion":"6.9.4","_npmUser":{"name":"angularcore","email":"angular-core+npm@google.com"},"dist":{"shasum":"3df1a481977010b4cbf8c9d85c7a577828c0e70b","tarball":"https://registry.npmjs.org/webdriver-manager/-/webdriver-manager-12.0.6.tgz"},"maintainers":[{"name":"angularcore","email":"angular-core+npm@google.com"}],"_npmOperationalInternal":{"host":"packages-18-east.internal.npmjs.com","tmp":"tmp/webdriver-manager-12.0.6.tgz_1494351859738_0.2611648868769407"},"directories":{}}},"readme":"\nWebdriver Manager [![CircleCI Status](https://circleci.com/gh/angular/webdriver-manager.svg?style=shield)](https://circleci.com/gh/angular/webdriver-manager) [![Join the chat at https://gitter.im/angular/webdriver-manager](https://badges.gitter.im/Join%20Chat.svg)](https://gitter.im/angular/webdriver-manager?utm_source=badge&utm_medium=badge&utm_campaign=pr-badge&utm_content=badge)\n=================\n\nA selenium server and browser driver manager for your end to end tests. This is the same tool as `webdriver-manager` from the [Protractor](https://github.com/angular/protractor) repository.\n\n**Note:** Version 9 and lower please reference [pose/webdriver-manager](https://github.com/pose/webdriver-manager). If there are features that existed in version 9 and lower, please open up an issue with the missing feature or a create a pull request.\n\nGetting Started\n---------------\n\n```\nnpm install -g webdriver-manager\n```\n\nSetting up a Selenium Server\n----------------------------\n\nPrior to starting the selenium server, download the selenium server jar and driver binaries. By default it will download the selenium server jar and chromedriver binary.\n\n```\nwebdriver-manager update\n```\n\nStarting the Selenium Server\n----------------------------\n\nBy default, the selenium server will run on `http://localhost:4444/wd/hub`.\n\n\n```\nwebdriver-manager start\n```\n\nOther useful commands\n---------------------\n\nView different versions of server and driver files:\n\n```\nwebdriver-manager status\n```\n\nClear out the server and driver files. If `webdriver-manager start` does not work, try to clear out the saved files.\n\n```\nwebdriver-manager clean\n```\n\nRunning / stopping server in background process (stopping is not yet supported on standalone server 3.x.x):\n\n```\nwebdriver-manager start --detach\nwebdriver-manager shutdown\n```\n\nHelp commands\n-------------\n\nWedriver-manager has a main help option: `webdriver-manager help`. There are also other built in help menus for each of the commands. So for example, if you would like to look up all the flag options you can set in `update`, you could run `webdriver-manager update help`.\n\nHere are a list of all the commands with help:\n\n```\nwebdriver-manager update help\nwebdriver-manager start help\nwebdriver-manager clean help\nwebdriver-manager status help\n```\n\nOther topics:\n--------------\n\n- [mobile browser support](docs/mobile.md)\n- [protractor support](docs/protractor.md)\n- [set specific versions](docs/versions.md)","maintainers":[{"name":"angularcore","email":"angular-core+npm@google.com"}],"time":{"modified":"2017-05-09T17:44:21.956Z","created":"2014-06-29T23:53:12.742Z","0.0.1":"2014-06-29T23:53:12.742Z","0.0.2":"2014-06-29T23:59:50.913Z","0.0.3":"2014-06-30T00:05:56.380Z","0.0.4":"2014-06-30T00:11:40.161Z","0.0.5":"2014-07-08T15:32:19.526Z","0.0.6":"2014-07-08T15:46:27.280Z","0.0.7":"2014-07-11T23:25:26.462Z","0.0.8":"2014-08-31T19:00:02.592Z","1.0.0":"2014-10-29T12:37:16.961Z","1.0.1":"2014-11-15T22:40:29.096Z","2.0.0":"2014-12-23T12:56:14.559Z","3.0.0":"2015-03-11T15:50:08.514Z","4.0.0":"2015-04-15T18:40:15.164Z","5.0.0":"2015-04-19T00:48:10.238Z","5.1.0":"2015-05-18T14:11:48.453Z","5.2.0":"2015-05-19T17:10:31.734Z","5.3.0":"2015-06-09T18:12:48.032Z","6.0.0":"2015-06-09T18:15:19.061Z","6.0.1":"2015-07-08T13:37:59.943Z","6.0.2":"2015-07-08T13:40:15.736Z","7.0.0":"2015-07-19T20:58:39.155Z","7.0.1":"2015-07-20T11:32:33.083Z","8.0.0":"2015-12-20T15:45:54.845Z","9.0.0":"2016-03-20T20:46:21.171Z","10.0.0":"2016-04-26T23:32:33.634Z","10.0.1":"2016-04-26T23:47:05.637Z","10.0.2":"2016-05-24T17:30:14.169Z","10.0.3":"2016-06-08T01:59:56.661Z","10.0.4":"2016-06-08T17:18:07.341Z","10.1.0":"2016-06-27T21:18:11.638Z","10.2.0":"2016-07-01T00:57:59.474Z","10.2.1":"2016-07-11T21:24:51.251Z","10.2.2":"2016-08-08T21:22:01.532Z","10.2.3":"2016-08-24T18:34:36.943Z","10.2.4":"2016-10-14T20:14:03.065Z","10.2.5":"2016-10-24T20:01:16.597Z","11.0.0-beta.0":"2016-10-24T20:18:31.780Z","10.2.6":"2016-10-26T19:11:50.463Z","10.2.7":"2016-11-08T00:07:48.634Z","10.2.8":"2016-11-10T20:04:49.734Z","10.2.9":"2016-12-01T22:04:48.139Z","11.0.0":"2016-12-02T09:46:19.609Z","10.2.10":"2016-12-02T19:21:40.061Z","10.3.0":"2016-12-20T21:17:12.477Z","11.1.0":"2016-12-21T22:30:53.574Z","11.1.1":"2017-01-06T22:20:44.759Z","12.0.0":"2017-01-31T19:05:45.067Z","12.0.1":"2017-01-31T21:50:32.545Z","12.0.2":"2017-02-07T00:19:28.049Z","12.0.3":"2017-03-09T18:32:54.851Z","12.0.4":"2017-03-14T16:28:28.715Z","12.0.5":"2017-04-24T22:39:18.477Z","12.0.6":"2017-05-09T17:44:21.956Z"},"homepage":"https://github.com/angular/webdriver-manager#readme","repository":{"type":"git","url":"git://github.com/angular/webdriver-manager.git"},"bugs":{"url":"https://github.com/angular/webdriver-manager/issues"},"readmeFilename":"README.md","license":"MIT","users":{"koulmomo":true,"rabalos":true,"abdihaikal":true,"jaqbec":true,"denji":true,"gildasdubois":true,"juk":true,"rochejul":true},"keywords":["angular","test","testing","protractor","webdriver","webdriverjs","selenium","selenium-webdriver"],"author":{"name":"Craig Nishina","email":"craig.nishina@gmail.com"},"_attachments":{},"_etag":"W/\"5911fff5-14bdf\"","_lastModified":"Tue, 09 May 2017 17:44:21 GMT","_cached":true}