{"_id":"del","_rev":"302-159adc5bf60172c80f2c41d4fda8a200","name":"del","description":"Delete files and folders","dist-tags":{"latest":"2.2.2"},"versions":{"0.1.0":{"name":"del","version":"0.1.0","description":"Delete files/folders using globs","license":"MIT","repository":{"type":"git","url":"git://github.com/sindresorhus/del"},"author":{"name":"Sindre Sorhus","email":"sindresorhus@gmail.com","url":"http://sindresorhus.com"},"engines":{"node":">=0.10.0"},"scripts":{"test":"mocha"},"files":["index.js"],"keywords":["delete","del","remove","destroy","trash","unlink","clean","cleaning","cleanup","rm","rmrf","rimraf","rmdir","glob","gulpfriendly","file","files","folder","dir","directory","fs","filesystem"],"dependencies":{"each-async":"^0.1.3","globby":"^0.1.1","is-path-cwd":"^0.1.0","is-path-in-cwd":"^0.1.0","rimraf":"^2.2.8"},"devDependencies":{"fs-extra":"^0.9.1","mocha":"*"},"bugs":{"url":"https://github.com/sindresorhus/del/issues"},"homepage":"https://github.com/sindresorhus/del","_id":"del@0.1.0","_shasum":"59f2df55dfa29dd3e48dc39acfdd27d03f3a34f1","_from":".","_npmVersion":"1.4.9","_npmUser":{"name":"sindresorhus","email":"sindresorhus@gmail.com"},"maintainers":[{"name":"sindresorhus","email":"sindresorhus@gmail.com"}],"dist":{"shasum":"59f2df55dfa29dd3e48dc39acfdd27d03f3a34f1","tarball":"https://registry.npmjs.org/del/-/del-0.1.0.tgz"},"directories":{}},"0.1.1":{"name":"del","version":"0.1.1","description":"Delete files/folders using globs","license":"MIT","repository":{"type":"git","url":"git://github.com/sindresorhus/del"},"author":{"name":"Sindre Sorhus","email":"sindresorhus@gmail.com","url":"http://sindresorhus.com"},"engines":{"node":">=0.10.0"},"scripts":{"test":"mocha"},"files":["index.js"],"keywords":["delete","del","remove","destroy","trash","unlink","clean","cleaning","cleanup","rm","rmrf","rimraf","rmdir","glob","gulpfriendly","file","files","folder","dir","directory","fs","filesystem"],"dependencies":{"each-async":"^0.1.3","globby":"^0.1.1","is-path-cwd":"^0.1.0","is-path-in-cwd":"^0.1.0","rimraf":"^2.2.8"},"devDependencies":{"fs-extra":"^0.9.1","mocha":"*"},"bugs":{"url":"https://github.com/sindresorhus/del/issues"},"homepage":"https://github.com/sindresorhus/del","_id":"del@0.1.1","_shasum":"3617deefcd44802d19ad79b73d6f5bc49a5c1f33","_from":".","_npmVersion":"1.4.9","_npmUser":{"name":"sindresorhus","email":"sindresorhus@gmail.com"},"maintainers":[{"name":"sindresorhus","email":"sindresorhus@gmail.com"}],"dist":{"shasum":"3617deefcd44802d19ad79b73d6f5bc49a5c1f33","tarball":"https://registry.npmjs.org/del/-/del-0.1.1.tgz"},"directories":{}},"0.1.2":{"name":"del","version":"0.1.2","description":"Delete files/folders using globs","license":"MIT","repository":{"type":"git","url":"https://github.com/sindresorhus/del"},"author":{"name":"Sindre Sorhus","email":"sindresorhus@gmail.com","url":"http://sindresorhus.com"},"engines":{"node":">=0.10.0"},"scripts":{"test":"mocha"},"files":["index.js"],"keywords":["delete","del","remove","destroy","trash","unlink","clean","cleaning","cleanup","rm","rmrf","rimraf","rmdir","glob","gulpfriendly","file","files","folder","dir","directory","fs","filesystem"],"dependencies":{"each-async":"^0.1.3","globby":"^0.1.1","is-path-cwd":"^0.1.0","is-path-in-cwd":"^0.1.0","rimraf":"^2.2.8"},"devDependencies":{"fs-extra":"^0.9.1","mocha":"*"},"gitHead":"2c9550b4928c7421b0cbaf571bef8aca8006dc5d","bugs":{"url":"https://github.com/sindresorhus/del/issues"},"homepage":"https://github.com/sindresorhus/del","_id":"del@0.1.2","_shasum":"b2b28eeaf72559557ce16d3611a96efce105f87d","_from":".","_npmVersion":"1.4.21","_npmUser":{"name":"sindresorhus","email":"sindresorhus@gmail.com"},"maintainers":[{"name":"sindresorhus","email":"sindresorhus@gmail.com"}],"dist":{"shasum":"b2b28eeaf72559557ce16d3611a96efce105f87d","tarball":"https://registry.npmjs.org/del/-/del-0.1.2.tgz"},"directories":{}},"0.1.3":{"name":"del","version":"0.1.3","description":"Delete files/folders using globs","license":"MIT","repository":{"type":"git","url":"git://github.com/sindresorhus/del"},"author":{"name":"Sindre Sorhus","email":"sindresorhus@gmail.com","url":"http://sindresorhus.com"},"engines":{"node":">=0.10.0"},"scripts":{"test":"mocha"},"files":["index.js"],"keywords":["delete","del","remove","destroy","trash","unlink","clean","cleaning","cleanup","rm","rmrf","rimraf","rmdir","glob","gulpfriendly","file","files","folder","dir","directory","fs","filesystem"],"dependencies":{"each-async":"^1.0.0","globby":"^0.1.1","is-path-cwd":"^1.0.0","is-path-in-cwd":"^1.0.0","rimraf":"^2.2.8"},"devDependencies":{"fs-extra":"^0.11.1","mocha":"*"},"bugs":{"url":"https://github.com/sindresorhus/del/issues"},"homepage":"https://github.com/sindresorhus/del","_id":"del@0.1.3","_shasum":"2d724a719b5acf5c0b840b4224715e838406a419","_from":".","_npmVersion":"1.4.9","_npmUser":{"name":"sindresorhus","email":"sindresorhus@gmail.com"},"maintainers":[{"name":"sindresorhus","email":"sindresorhus@gmail.com"}],"dist":{"shasum":"2d724a719b5acf5c0b840b4224715e838406a419","tarball":"https://registry.npmjs.org/del/-/del-0.1.3.tgz"},"directories":{}},"1.0.0":{"name":"del","version":"1.0.0","description":"Delete files/folders using globs","license":"MIT","repository":{"type":"git","url":"https://github.com/sindresorhus/del"},"author":{"name":"Sindre Sorhus","email":"sindresorhus@gmail.com","url":"http://sindresorhus.com"},"engines":{"node":">=0.10.0"},"scripts":{"test":"mocha"},"files":["index.js"],"keywords":["delete","del","remove","destroy","trash","unlink","clean","cleaning","cleanup","rm","rmrf","rimraf","rmdir","glob","gulpfriendly","file","files","folder","dir","directory","fs","filesystem"],"dependencies":{"each-async":"^1.0.0","globby":"^1.0.0","is-path-cwd":"^1.0.0","is-path-in-cwd":"^1.0.0","rimraf":"^2.2.8"},"devDependencies":{"fs-extra":"^0.12.0","mocha":"*"},"gitHead":"28398d3d3629435d6e9cd1a6d9e4809fa49dcb73","bugs":{"url":"https://github.com/sindresorhus/del/issues"},"homepage":"https://github.com/sindresorhus/del","_id":"del@1.0.0","_shasum":"d575eb4b4dbccba11d01c511f62fa8df42e3faa4","_from":".","_npmVersion":"2.1.5","_nodeVersion":"0.10.32","_npmUser":{"name":"sindresorhus","email":"sindresorhus@gmail.com"},"maintainers":[{"name":"sindresorhus","email":"sindresorhus@gmail.com"}],"dist":{"shasum":"d575eb4b4dbccba11d01c511f62fa8df42e3faa4","tarball":"https://registry.npmjs.org/del/-/del-1.0.0.tgz"},"directories":{}},"1.1.0":{"name":"del","version":"1.1.0","description":"Delete files/folders using globs","license":"MIT","repository":{"type":"git","url":"https://github.com/sindresorhus/del"},"author":{"name":"Sindre Sorhus","email":"sindresorhus@gmail.com","url":"http://sindresorhus.com"},"engines":{"node":">=0.10.0"},"scripts":{"test":"mocha"},"files":["index.js"],"keywords":["delete","del","remove","destroy","trash","unlink","clean","cleaning","cleanup","rm","rmrf","rimraf","rmdir","glob","gulpfriendly","file","files","folder","dir","directory","fs","filesystem"],"dependencies":{"each-async":"^1.0.0","globby":"^1.0.0","is-path-cwd":"^1.0.0","is-path-in-cwd":"^1.0.0","rimraf":"^2.2.8"},"devDependencies":{"fs-extra":"^0.12.0","mocha":"*"},"gitHead":"71722e16cf9039294f55ba9f662623196b2270a7","bugs":{"url":"https://github.com/sindresorhus/del/issues"},"homepage":"https://github.com/sindresorhus/del","_id":"del@1.1.0","_shasum":"1eb06d5428f2a37168937dd71b03b297373eddef","_from":".","_npmVersion":"2.1.5","_nodeVersion":"0.10.32","_npmUser":{"name":"sindresorhus","email":"sindresorhus@gmail.com"},"maintainers":[{"name":"sindresorhus","email":"sindresorhus@gmail.com"}],"dist":{"shasum":"1eb06d5428f2a37168937dd71b03b297373eddef","tarball":"https://registry.npmjs.org/del/-/del-1.1.0.tgz"},"directories":{}},"1.1.1":{"name":"del","version":"1.1.1","description":"Delete files/folders using globs","license":"MIT","repository":{"type":"git","url":"https://github.com/sindresorhus/del"},"author":{"name":"Sindre Sorhus","email":"sindresorhus@gmail.com","url":"http://sindresorhus.com"},"engines":{"node":">=0.10.0"},"scripts":{"test":"mocha"},"files":["index.js"],"keywords":["delete","del","remove","destroy","trash","unlink","clean","cleaning","cleanup","rm","rmrf","rimraf","rmdir","glob","gulpfriendly","file","files","folder","dir","directory","fs","filesystem"],"dependencies":{"each-async":"^1.0.0","globby":"^1.0.0","is-path-cwd":"^1.0.0","is-path-in-cwd":"^1.0.0","object-assign":"^2.0.0","rimraf":"^2.2.8"},"devDependencies":{"fs-extra":"^0.12.0","mocha":"*"},"gitHead":"a4f76762c2099cd3606e37a706bfca8110daf099","bugs":{"url":"https://github.com/sindresorhus/del/issues"},"homepage":"https://github.com/sindresorhus/del","_id":"del@1.1.1","_shasum":"efe11301d1113894c20336a28c08644d15668ad1","_from":".","_npmVersion":"2.1.5","_nodeVersion":"0.10.32","_npmUser":{"name":"sindresorhus","email":"sindresorhus@gmail.com"},"maintainers":[{"name":"sindresorhus","email":"sindresorhus@gmail.com"}],"dist":{"shasum":"efe11301d1113894c20336a28c08644d15668ad1","tarball":"https://registry.npmjs.org/del/-/del-1.1.1.tgz"},"directories":{}},"1.2.0":{"name":"del","version":"1.2.0","description":"Delete files/folders using globs","license":"MIT","repository":{"type":"git","url":"git+https://github.com/sindresorhus/del.git"},"author":{"name":"Sindre Sorhus","email":"sindresorhus@gmail.com","url":"http://sindresorhus.com"},"engines":{"node":">=0.10.0"},"scripts":{"test":"mocha"},"files":["index.js"],"keywords":["delete","del","remove","destroy","trash","unlink","clean","cleaning","cleanup","rm","rmrf","rimraf","rmdir","glob","gulpfriendly","file","files","folder","dir","directory","fs","filesystem"],"dependencies":{"each-async":"^1.0.0","globby":"^2.0.0","is-path-cwd":"^1.0.0","is-path-in-cwd":"^1.0.0","object-assign":"^2.0.0","rimraf":"^2.2.8"},"devDependencies":{"fs-extra":"^0.18.3","mocha":"*","path-exists":"^1.0.0"},"gitHead":"c5fefd60664f7417045e26f8ea88a8482ac33654","bugs":{"url":"https://github.com/sindresorhus/del/issues"},"homepage":"https://github.com/sindresorhus/del#readme","_id":"del@1.2.0","_shasum":"3241336ead45a66c8f97215ae223c7e7947401c8","_from":".","_npmVersion":"2.10.0","_nodeVersion":"0.12.3","_npmUser":{"name":"sindresorhus","email":"sindresorhus@gmail.com"},"dist":{"shasum":"3241336ead45a66c8f97215ae223c7e7947401c8","tarball":"https://registry.npmjs.org/del/-/del-1.2.0.tgz"},"maintainers":[{"name":"sindresorhus","email":"sindresorhus@gmail.com"}],"directories":{}},"1.2.1":{"name":"del","version":"1.2.1","description":"Delete files/folders using globs","license":"MIT","repository":{"type":"git","url":"https://github.com/sindresorhus/del"},"author":{"name":"Sindre Sorhus","email":"sindresorhus@gmail.com","url":"http://sindresorhus.com"},"engines":{"node":">=0.10.0"},"scripts":{"test":"mocha"},"files":["index.js"],"keywords":["delete","del","remove","destroy","trash","unlink","clean","cleaning","cleanup","rm","rmrf","rimraf","rmdir","glob","gulpfriendly","file","files","folder","dir","directory","fs","filesystem"],"dependencies":{"each-async":"^1.0.0","globby":"^2.0.0","is-path-cwd":"^1.0.0","is-path-in-cwd":"^1.0.0","object-assign":"^3.0.0","rimraf":"^2.2.8"},"devDependencies":{"fs-extra":"^0.23.1","mocha":"*","path-exists":"^1.0.0"},"gitHead":"7ab184bff3e4b5c21a2e8e5e725768349f22dd34","bugs":{"url":"https://github.com/sindresorhus/del/issues"},"homepage":"https://github.com/sindresorhus/del","_id":"del@1.2.1","_shasum":"aed6e5bcd7cb7325df34f563125fa265b2c1a014","_from":".","_npmVersion":"2.11.2","_nodeVersion":"0.12.5","_npmUser":{"name":"sindresorhus","email":"sindresorhus@gmail.com"},"dist":{"shasum":"aed6e5bcd7cb7325df34f563125fa265b2c1a014","tarball":"https://registry.npmjs.org/del/-/del-1.2.1.tgz"},"maintainers":[{"name":"sindresorhus","email":"sindresorhus@gmail.com"}],"directories":{}},"2.0.0":{"name":"del","version":"2.0.0","description":"Delete files/folders using globs","license":"MIT","repository":{"type":"git","url":"https://github.com/sindresorhus/del"},"author":{"name":"Sindre Sorhus","email":"sindresorhus@gmail.com","url":"sindresorhus.com"},"engines":{"node":">=0.10.0"},"scripts":{"test":"xo && mocha"},"files":["index.js"],"keywords":["delete","del","remove","destroy","trash","unlink","clean","cleaning","cleanup","rm","rmrf","rimraf","rmdir","glob","gulpfriendly","file","files","folder","dir","directory","fs","filesystem"],"dependencies":{"globby":"^3.0.0","is-path-cwd":"^1.0.0","is-path-in-cwd":"^1.0.0","object-assign":"^4.0.1","pify":"^1.0.0","pinkie-promise":"^1.0.0","rimraf":"^2.2.8"},"devDependencies":{"fs-extra":"^0.23.1","mocha":"*","path-exists":"^1.0.0","xo":"*"},"xo":{"envs":["node","mocha"]},"gitHead":"11ce3d4ae828243c9788edf1202ff44b34083a5c","bugs":{"url":"https://github.com/sindresorhus/del/issues"},"homepage":"https://github.com/sindresorhus/del","_id":"del@2.0.0","_shasum":"ae75b56b6e6bb280cf6617445a2c38ee52700ffa","_from":".","_npmVersion":"2.11.3","_nodeVersion":"0.12.7","_npmUser":{"name":"sindresorhus","email":"sindresorhus@gmail.com"},"dist":{"shasum":"ae75b56b6e6bb280cf6617445a2c38ee52700ffa","tarball":"https://registry.npmjs.org/del/-/del-2.0.0.tgz"},"maintainers":[{"name":"sindresorhus","email":"sindresorhus@gmail.com"}],"directories":{}},"2.0.1":{"name":"del","version":"2.0.1","description":"Delete files/folders using globs","license":"MIT","repository":{"type":"git","url":"https://github.com/sindresorhus/del"},"author":{"name":"Sindre Sorhus","email":"sindresorhus@gmail.com","url":"sindresorhus.com"},"engines":{"node":">=0.10.0"},"scripts":{"test":"xo && mocha"},"files":["index.js"],"keywords":["delete","del","remove","destroy","trash","unlink","clean","cleaning","cleanup","rm","rmrf","rimraf","rmdir","glob","gulpfriendly","file","files","folder","dir","directory","fs","filesystem"],"dependencies":{"globby":"^3.0.0","is-path-cwd":"^1.0.0","is-path-in-cwd":"^1.0.0","object-assign":"^4.0.1","pify":"^2.0.0","pinkie-promise":"^1.0.0","rimraf":"^2.2.8"},"devDependencies":{"fs-extra":"^0.24.0","mocha":"*","path-exists":"^2.0.0","xo":"*"},"xo":{"envs":["node","mocha"]},"gitHead":"d3f64d3e0f628227cf8e5cf3840ae20e2641b287","bugs":{"url":"https://github.com/sindresorhus/del/issues"},"homepage":"https://github.com/sindresorhus/del","_id":"del@2.0.1","_shasum":"1dcb7d12b9644235e474d6d7c22d26efb94620ba","_from":".","_npmVersion":"2.11.3","_nodeVersion":"0.12.7","_npmUser":{"name":"sindresorhus","email":"sindresorhus@gmail.com"},"dist":{"shasum":"1dcb7d12b9644235e474d6d7c22d26efb94620ba","tarball":"https://registry.npmjs.org/del/-/del-2.0.1.tgz"},"maintainers":[{"name":"sindresorhus","email":"sindresorhus@gmail.com"}],"directories":{}},"2.0.2":{"name":"del","version":"2.0.2","description":"Delete files/folders using globs","license":"MIT","repository":{"type":"git","url":"https://github.com/sindresorhus/del"},"author":{"name":"Sindre Sorhus","email":"sindresorhus@gmail.com","url":"sindresorhus.com"},"engines":{"node":">=0.10.0"},"scripts":{"test":"xo && mocha"},"files":["index.js"],"keywords":["delete","del","remove","destroy","trash","unlink","clean","cleaning","cleanup","rm","rmrf","rimraf","rmdir","glob","gulpfriendly","file","files","folder","dir","directory","fs","filesystem"],"dependencies":{"globby":"^3.0.0","is-path-cwd":"^1.0.0","is-path-in-cwd":"^1.0.0","object-assign":"^4.0.1","pify":"^2.0.0","pinkie-promise":"^1.0.0","rimraf":"^2.2.8"},"devDependencies":{"fs-extra":"^0.24.0","mocha":"*","path-exists":"^2.0.0","xo":"*"},"xo":{"envs":["node","mocha"]},"gitHead":"7cca10d6336e0ec6c6aa26443057b0f3a2101721","bugs":{"url":"https://github.com/sindresorhus/del/issues"},"homepage":"https://github.com/sindresorhus/del","_id":"del@2.0.2","_shasum":"6cdc68db00282b92d8e82a0ed9fff1d333193424","_from":".","_npmVersion":"2.14.2","_nodeVersion":"4.0.0","_npmUser":{"name":"sindresorhus","email":"sindresorhus@gmail.com"},"dist":{"shasum":"6cdc68db00282b92d8e82a0ed9fff1d333193424","tarball":"https://registry.npmjs.org/del/-/del-2.0.2.tgz"},"maintainers":[{"name":"sindresorhus","email":"sindresorhus@gmail.com"}],"directories":{}},"2.1.0":{"name":"del","version":"2.1.0","description":"Delete files/folders using globs","license":"MIT","repository":{"type":"git","url":"https://github.com/sindresorhus/del"},"author":{"name":"Sindre Sorhus","email":"sindresorhus@gmail.com","url":"sindresorhus.com"},"engines":{"node":">=0.10.0"},"scripts":{"test":"xo && mocha"},"files":["index.js"],"keywords":["delete","del","remove","destroy","trash","unlink","clean","cleaning","cleanup","rm","rmrf","rimraf","rmdir","glob","gulpfriendly","file","files","folder","dir","directory","fs","filesystem"],"dependencies":{"globby":"^3.0.0","is-path-cwd":"^1.0.0","is-path-in-cwd":"^1.0.0","object-assign":"^4.0.1","pify":"^2.0.0","pinkie-promise":"^2.0.0","rimraf":"^2.2.8"},"devDependencies":{"fs-extra":"^0.26.2","mocha":"*","path-exists":"^2.0.0","xo":"*"},"xo":{"envs":["node","mocha"]},"gitHead":"ef7ecb22de40ad8e44ca7810c6f131d24afcd761","bugs":{"url":"https://github.com/sindresorhus/del/issues"},"homepage":"https://github.com/sindresorhus/del","_id":"del@2.1.0","_shasum":"1ecd71d559b4d97f4fdee7d13eb7ff9cb65d02c8","_from":".","_npmVersion":"2.14.7","_nodeVersion":"4.2.1","_npmUser":{"name":"sindresorhus","email":"sindresorhus@gmail.com"},"dist":{"shasum":"1ecd71d559b4d97f4fdee7d13eb7ff9cb65d02c8","tarball":"https://registry.npmjs.org/del/-/del-2.1.0.tgz"},"maintainers":[{"name":"sindresorhus","email":"sindresorhus@gmail.com"}],"directories":{}},"2.2.0":{"name":"del","version":"2.2.0","description":"Delete files/folders using globs","license":"MIT","repository":{"type":"git","url":"https://github.com/sindresorhus/del"},"author":{"name":"Sindre Sorhus","email":"sindresorhus@gmail.com","url":"sindresorhus.com"},"engines":{"node":">=0.10.0"},"scripts":{"test":"xo && mocha"},"files":["index.js"],"keywords":["delete","del","remove","destroy","trash","unlink","clean","cleaning","cleanup","rm","rmrf","rimraf","rmdir","glob","gulpfriendly","file","files","folder","dir","directory","fs","filesystem"],"dependencies":{"globby":"^4.0.0","is-path-cwd":"^1.0.0","is-path-in-cwd":"^1.0.0","object-assign":"^4.0.1","pify":"^2.0.0","pinkie-promise":"^2.0.0","rimraf":"^2.2.8"},"devDependencies":{"fs-extra":"^0.26.2","mocha":"*","path-exists":"^2.0.0","xo":"*"},"xo":{"envs":["node","mocha"]},"gitHead":"f364db4622f69856d9b7d26c8830335e607924fe","bugs":{"url":"https://github.com/sindresorhus/del/issues"},"homepage":"https://github.com/sindresorhus/del","_id":"del@2.2.0","_shasum":"9a50f04bf37325e283b4f44e985336c252456bd5","_from":".","_npmVersion":"2.14.7","_nodeVersion":"4.2.1","_npmUser":{"name":"sindresorhus","email":"sindresorhus@gmail.com"},"dist":{"shasum":"9a50f04bf37325e283b4f44e985336c252456bd5","tarball":"https://registry.npmjs.org/del/-/del-2.2.0.tgz"},"maintainers":[{"name":"sindresorhus","email":"sindresorhus@gmail.com"}],"directories":{}},"2.2.1":{"name":"del","version":"2.2.1","description":"Delete files and folders","license":"MIT","repository":{"type":"git","url":"git+https://github.com/sindresorhus/del.git"},"author":{"name":"Sindre Sorhus","email":"sindresorhus@gmail.com","url":"sindresorhus.com"},"engines":{"node":">=0.10.0"},"scripts":{"test":"xo && ava"},"files":["index.js"],"keywords":["delete","del","remove","destroy","trash","unlink","clean","cleaning","cleanup","rm","rmrf","rimraf","rmdir","glob","gulpfriendly","file","files","folder","dir","directory","fs","filesystem"],"dependencies":{"globby":"^5.0.0","is-path-cwd":"^1.0.0","is-path-in-cwd":"^1.0.0","object-assign":"^4.0.1","pify":"^2.0.0","pinkie-promise":"^2.0.0","rimraf":"^2.2.8"},"devDependencies":{"ava":"*","fs-extra":"^0.30.0","path-exists":"^3.0.0","tempfile":"^1.1.1","xo":"*"},"gitHead":"d92f9d3b30aca21868239a60f639beb94dd00bf7","bugs":{"url":"https://github.com/sindresorhus/del/issues"},"homepage":"https://github.com/sindresorhus/del#readme","_id":"del@2.2.1","_shasum":"f6763026472209c4f0349111c5ac280868bec4fe","_from":".","_npmVersion":"2.15.0","_nodeVersion":"4.4.2","_npmUser":{"name":"sindresorhus","email":"sindresorhus@gmail.com"},"dist":{"shasum":"f6763026472209c4f0349111c5ac280868bec4fe","tarball":"https://registry.npmjs.org/del/-/del-2.2.1.tgz"},"maintainers":[{"name":"sindresorhus","email":"sindresorhus@gmail.com"}],"_npmOperationalInternal":{"host":"packages-12-west.internal.npmjs.com","tmp":"tmp/del-2.2.1.tgz_1466503710609_0.6494583815801889"},"directories":{}},"2.2.2":{"name":"del","version":"2.2.2","description":"Delete files and folders","license":"MIT","repository":{"type":"git","url":"git+https://github.com/sindresorhus/del.git"},"author":{"name":"Sindre Sorhus","email":"sindresorhus@gmail.com","url":"sindresorhus.com"},"engines":{"node":">=0.10.0"},"scripts":{"test":"xo && ava"},"files":["index.js"],"keywords":["delete","del","remove","destroy","trash","unlink","clean","cleaning","cleanup","rm","rmrf","rimraf","rmdir","glob","gulpfriendly","file","files","folder","dir","directory","fs","filesystem"],"dependencies":{"globby":"^5.0.0","is-path-cwd":"^1.0.0","is-path-in-cwd":"^1.0.0","object-assign":"^4.0.1","pify":"^2.0.0","pinkie-promise":"^2.0.0","rimraf":"^2.2.8"},"devDependencies":{"ava":"*","fs-extra":"^0.30.0","path-exists":"^2.0.0","tempfile":"^1.1.1","xo":"*"},"gitHead":"3a97a5ba131055fbf7eb39f5ed47db86a2fd4497","bugs":{"url":"https://github.com/sindresorhus/del/issues"},"homepage":"https://github.com/sindresorhus/del#readme","_id":"del@2.2.2","_shasum":"c12c981d067846c84bcaf862cff930d907ffd1a8","_from":".","_npmVersion":"2.15.5","_nodeVersion":"4.4.5","_npmUser":{"name":"sindresorhus","email":"sindresorhus@gmail.com"},"dist":{"shasum":"c12c981d067846c84bcaf862cff930d907ffd1a8","tarball":"https://registry.npmjs.org/del/-/del-2.2.2.tgz"},"maintainers":[{"name":"sindresorhus","email":"sindresorhus@gmail.com"}],"_npmOperationalInternal":{"host":"packages-16-east.internal.npmjs.com","tmp":"tmp/del-2.2.2.tgz_1471046735537_0.4419694794341922"},"directories":{}}},"readme":"# del [![Build Status](https://travis-ci.org/sindresorhus/del.svg?branch=master)](https://travis-ci.org/sindresorhus/del)\n\n> Delete files and folders using [globs](https://github.com/isaacs/minimatch#usage)\n\nPretty much [rimraf](https://github.com/isaacs/rimraf) with a Promise API and support for multiple files and globbing. It also protects you against deleting the current working directory and above.\n\n---\n\n<p align=\"center\"><b>🔥 Want to strengthen your core JavaScript skills and master ES6?</b><br>I would personally recommend this awesome <a href=\"https://ES6.io/friend/AWESOME\">ES6 course</a> by Wes Bos.</p>\n\n---\n\n\n## Install\n\n```\n$ npm install --save del\n```\n\n\n## Usage\n\n```js\nconst del = require('del');\n\ndel(['tmp/*.js', '!tmp/unicorn.js']).then(paths => {\n\tconsole.log('Deleted files and folders:\\n', paths.join('\\n'));\n});\n```\n\n\n## Beware\n\nThe glob pattern `**` matches all children and *the parent*.\n\nSo this won't work:\n\n```js\ndel.sync(['public/assets/**', '!public/assets/goat.png']);\n```\n\nYou have to explicitly ignore the parent directories too:\n\n```js\ndel.sync(['public/assets/**', '!public/assets', '!public/assets/goat.png']);\n```\n\nSuggestions on how to improve this welcome!\n\n\n## API\n\n### del(patterns, [options])\n\nReturns a promise for an array of deleted paths.\n\n### del.sync(patterns, [options])\n\nReturns an array of deleted paths.\n\n#### patterns\n\nType: `string`, `array`\n\nSee supported minimatch [patterns](https://github.com/isaacs/minimatch#usage).\n\n- [Pattern examples with expected matches](https://github.com/sindresorhus/multimatch/blob/master/test.js)\n- [Quick globbing pattern overview](https://github.com/sindresorhus/multimatch#globbing-patterns)\n\n#### options\n\nType: `object`\n\nSee the `node-glob` [options](https://github.com/isaacs/node-glob#options).\n\n##### force\n\nType: `boolean`  \nDefault: `false`\n\nAllow deleting the current working directory and outside.\n\n##### dryRun\n\nType: `boolean`  \nDefault: `false`\n\nSee what would be deleted.\n\n```js\nconst del = require('del');\n\ndel(['tmp/*.js'], {dryRun: true}).then(paths => {\n\tconsole.log('Files and folders that would be deleted:\\n', paths.join('\\n'));\n});\n```\n\n\n## CLI\n\nSee [del-cli](https://github.com/sindresorhus/del-cli) for a CLI for this module and [trash-cli](https://github.com/sindresorhus/trash-cli) for a safe version that is suitable for running by hand.\n\n\n## License\n\nMIT © [Sindre Sorhus](http://sindresorhus.com)\n","maintainers":[{"name":"sindresorhus","email":"sindresorhus@gmail.com"}],"time":{"modified":"2017-05-23T14:39:25.189Z","created":"2014-06-21T20:27:33.008Z","0.1.0":"2014-06-21T20:27:33.008Z","0.1.1":"2014-06-26T18:32:57.285Z","0.1.2":"2014-08-14T22:00:03.663Z","0.1.3":"2014-09-09T09:40:33.844Z","1.0.0":"2014-12-01T06:41:29.155Z","1.1.0":"2014-12-05T03:35:20.616Z","1.1.1":"2014-12-25T06:05:30.060Z","1.2.0":"2015-05-19T20:15:46.744Z","1.2.1":"2015-08-12T19:28:33.122Z","2.0.0":"2015-08-31T06:59:29.083Z","2.0.1":"2015-09-04T07:51:05.074Z","2.0.2":"2015-09-09T08:36:04.254Z","2.1.0":"2015-11-14T12:44:42.935Z","2.2.0":"2015-12-06T21:53:14.547Z","2.2.1":"2016-06-21T10:08:33.096Z","2.2.2":"2016-08-13T00:05:37.041Z"},"homepage":"https://github.com/sindresorhus/del#readme","keywords":["delete","del","remove","destroy","trash","unlink","clean","cleaning","cleanup","rm","rmrf","rimraf","rmdir","glob","gulpfriendly","file","files","folder","dir","directory","fs","filesystem"],"repository":{"type":"git","url":"git+https://github.com/sindresorhus/del.git"},"author":{"name":"Sindre Sorhus","email":"sindresorhus@gmail.com","url":"sindresorhus.com"},"bugs":{"url":"https://github.com/sindresorhus/del/issues"},"license":"MIT","readmeFilename":"readme.md","users":{"83057396":true,"arturmuller":true,"t1st3":true,"erikfloresq":true,"mnova":true,"lenville":true,"grantls":true,"wthompson_lixar":true,"brieucthomas":true,"anna-shavurska":true,"bartveneman":true,"h4des":true,"luis.kaufmann.silva":true,"jehoshua02":true,"awayken":true,"gcullins":true,"cedx":true,"pythondave":true,"kulakowka":true,"makenowjust":true,"alvint":true,"evan2x":true,"logeshpaul":true,"aymangado":true,"joaocunha":true,"stefanb":true,"robermac":true,"andamira":true,"yanndinendal":true,"mmercan":true,"itonyyo":true,"ginof":true,"mpcjazz":true,"samhou1988":true,"dominikkucharski":true,"moimikey":true,"chriscalo":true,"dolymood":true,"avdons":true,"beatpeep":true,"arahnoid":true,"mustak":true,"laravelfanatic":true,"drewnull":true,"axisthemes":true,"jyounce":true,"ivanoats":true,"tzsiga":true,"fkamani":true,"hal9zillion":true,"blakecscott":true,"dmarsh":true,"makenova":true,"shaneparsons":true,"isyara":true,"pensierinmusica":true,"maskedcoder":true,"wuhuihao":true,"prostoandrei":true,"lmhs":true,"johnym":true,"klimnikita":true,"edloidas":true,"finico":true,"usnow":true,"battlemidget":true,"robsoer":true,"landy2014":true,"arthurvasconcelos":true,"boterom89":true,"sixertoy":true,"liushoukai":true,"paroczi":true,"iolo":true,"joxe":true,"andr":true,"ifeature":true,"dazld":true,"davidhellmann":true,"cengagelucas":true,"nicondev":true,"crazyjingling":true,"adamlu":true,"shipengyan":true,"neefrankie":true,"fotooo":true,"mikedeleon":true,"pandao":true,"vwal":true,"maxwang":true,"wangnan0610":true,"bravissimolabs":true,"jclo":true,"sadsenpai":true,"gor0n":true,"brunocalou":true,"nanikore":true,"wkaifang":true,"ambdxtrch":true,"chrisz-b612":true,"ameer157":true,"sajithm":true,"pe8ter":true,"antixrist":true,"bebaps":true,"fadihania":true,"arttse":true,"cfleschhut":true,"igorpupkinable":true,"a3.ivanenko":true,"kbkjeldsen":true,"bian17888":true,"mccataldo":true,"djamseed":true,"wolfhoundjesse":true,"npmmax":true,"gskema":true,"joshukraine":true,"elmorec":true,"porreh":true,"koutak":true,"rbartoli":true,"zoxon":true,"fdeneux":true,"chancearthur":true,"alejcerro":true,"jordietyahii":true,"illuminator":true,"dbassel":true,"easimonenko":true,"ristostevcev":true,"muzhen":true,"ramono":true,"monjer":true,"vsouhrada":true,"zbreakstone":true,"foto":true,"pennwang":true,"pawlikdoc":true,"reon":true,"sternelee":true,"flynntsc":true,"youngluo":true,"masiorama":true,"pines-cheng":true,"dnik":true,"qddegtya":true,"peunzhang":true,"huypham":true,"2byoung":true,"coderchen":true,"donkapetra":true,"davidnyhuis":true,"dennisli87":true,"iinteractive":true,"kocoten1992":true,"biasso":true,"kontrax":true,"vchouhan":true,"ericwbailey":true,"sergeif":true,"beingbook":true,"yanlaichang":true,"kikna":true,"faeliaso":true,"aquafadas":true,"alantsuis":true,"drewigg":true,"cognivator":true,"thesystem":true,"fstgeorge":true,"lianhr12":true,"akodevs":true,"sesamechee":true,"manux":true,"adammacias":true,"mobeicaoyuan":true,"cwagner":true,"raigorx":true,"tdmalone":true,"csbun":true,"pfuri":true,"danielbayley":true,"tmurngon":true,"itcaso":true,"johnend":true,"rhinosaurus":true,"wangfeia":true,"ognjen.jevremovic":true,"agiko":true,"nohomey":true,"nickvirden":true,"giovannipds":true,"alanho":true,"rocket0191":true,"krawster":true,"dzhou777":true,"sushiifox":true,"olonam":true,"kiandrajayne":true,"louiskenzo":true,"egantz":true,"user099":true,"axelrindle":true,"abdihaikal":true,"saoskia":true,"leohxj":true,"8code":true,"tcrowe":true,"tin-lek":true,"papasavva":true,"jovinbm":true,"onursimsek":true,"yuch4n":true,"jimzhuangdev":true,"vitorluizc":true,"webfacer":true,"chinawolf_wyp":true,"morewry":true,"olliejt":true,"hehehai":true,"qafir":true,"junos":true,"phritolay":true,"oxyyyyy":true,"garenyondem":true,"oliversalzburg":true,"kwesi":true,"maalthous":true,"pasturn":true,"serge-nikitin":true,"kaashin":true,"astesio":true,"xfloops":true,"muhammadghazali":true,"temelm":true,"g120hbq":true,"exiuqa":true},"_attachments":{},"_etag":"W/\"5924499d-73eb\"","_lastModified":"Tue, 23 May 2017 14:39:25 GMT","_cached":true}