{"_id":"@types/node","_rev":"215-d65782b3b65c4987867769e001d680d9","name":"@types/node","description":"TypeScript definitions for Node.js","dist-tags":{"latest":"7.0.22","ts2.0":"7.0.22","ts2.1":"7.0.22","ts2.2":"7.0.22","ts2.3":"7.0.22","ts2.4":"7.0.18"},"versions":{"4.0.15-alpha":{"name":"@types/node","version":"4.0.15-alpha","description":"Type definitions for Node.js v4.x from https://www.github.com/DefinitelyTyped/DefinitelyTyped","main":"","scripts":{},"author":{"name":"Microsoft TypeScript","email":"http://typescriptlang.org"},"license":"MIT","typings":"index.d.ts","dependencies":{},"_id":"@types/node@4.0.15-alpha","_shasum":"6b552bc5ff23d23b7e4ce08be0d8b88d6deba38f","_from":"output\\node","_resolved":"file:output\\node","_npmVersion":"3.8.2","_nodeVersion":"5.5.0","_npmUser":{"name":"types","email":"ryan.cavanaugh@microsoft.com"},"dist":{"shasum":"6b552bc5ff23d23b7e4ce08be0d8b88d6deba38f","tarball":"https://registry.npmjs.org/@types/node/-/node-4.0.15-alpha.tgz"},"maintainers":[{"name":"types","email":"ryan.cavanaugh@microsoft.com"}],"_npmOperationalInternal":{"host":"packages-12-west.internal.npmjs.com","tmp":"tmp/node-4.0.15-alpha.tgz_1463509598032_0.33620575396344066"},"directories":{}},"4.0.16-alpha":{"name":"@types/node","version":"4.0.16-alpha","description":"Type definitions for Node.js v4.x from https://www.github.com/DefinitelyTyped/DefinitelyTyped","main":"","scripts":{},"author":{"name":"Microsoft TypeScript","email":"http://typescriptlang.org"},"license":"MIT","typings":"index.d.ts","dependencies":{},"_id":"@types/node@4.0.16-alpha","_shasum":"501a1ddb63992f3b8376f3913130c790b20bc474","_from":"output\\node","_resolved":"file:output\\node","_npmVersion":"3.8.2","_nodeVersion":"5.5.0","_npmUser":{"name":"types","email":"ryan.cavanaugh@microsoft.com"},"dist":{"shasum":"501a1ddb63992f3b8376f3913130c790b20bc474","tarball":"https://registry.npmjs.org/@types/node/-/node-4.0.16-alpha.tgz"},"maintainers":[{"name":"types","email":"ryan.cavanaugh@microsoft.com"}],"_npmOperationalInternal":{"host":"packages-12-west.internal.npmjs.com","tmp":"tmp/node-4.0.16-alpha.tgz_1463694605786_0.8251642000395805"},"directories":{}},"4.0.21-alpha":{"name":"@types/node","version":"4.0.21-alpha","description":"TypeScript definitions for Node.js v4.x","main":"","scripts":{},"author":{"name":"Microsoft TypeScript","email":"http://typescriptlang.org"},"license":"MIT","typings":"index.d.ts","dependencies":{},"_id":"@types/node@4.0.21-alpha","_shasum":"df730213950fa4ecfc2fabe6b2f1986bf2d93bde","_from":"output\\node","_resolved":"file:output\\node","_npmVersion":"3.8.2","_nodeVersion":"5.5.0","_npmUser":{"name":"types","email":"ryan.cavanaugh@microsoft.com"},"dist":{"shasum":"df730213950fa4ecfc2fabe6b2f1986bf2d93bde","tarball":"https://registry.npmjs.org/@types/node/-/node-4.0.21-alpha.tgz"},"maintainers":[{"name":"types","email":"ryan.cavanaugh@microsoft.com"}],"_npmOperationalInternal":{"host":"packages-16-east.internal.npmjs.com","tmp":"tmp/node-4.0.21-alpha.tgz_1463775389738_0.6661587469279766"},"directories":{}},"4.0.22-alpha":{"name":"@types/node","version":"4.0.22-alpha","description":"TypeScript definitions for Node.js v4.x","main":"","scripts":{},"author":{"name":"Microsoft TypeScript","email":"http://typescriptlang.org"},"license":"MIT","typings":"index.d.ts","dependencies":{},"_id":"@types/node@4.0.22-alpha","_shasum":"6a24885b84aafbbb1df075baf257e159ff551460","_from":"output\\node","_resolved":"file:output\\node","_npmVersion":"3.8.2","_nodeVersion":"5.5.0","_npmUser":{"name":"types","email":"ryan.cavanaugh@microsoft.com"},"dist":{"shasum":"6a24885b84aafbbb1df075baf257e159ff551460","tarball":"https://registry.npmjs.org/@types/node/-/node-4.0.22-alpha.tgz"},"maintainers":[{"name":"types","email":"ryan.cavanaugh@microsoft.com"}],"_npmOperationalInternal":{"host":"packages-12-west.internal.npmjs.com","tmp":"tmp/node-4.0.22-alpha.tgz_1464154399255_0.21454888652078807"},"directories":{}},"4.0.23-alpha":{"name":"@types/node","version":"4.0.23-alpha","description":"TypeScript definitions for Node.js v4.x","main":"","scripts":{},"author":{"name":"Microsoft TypeScript","email":"http://typescriptlang.org"},"repository":{"type":"git","url":"https://www.github.com/DefinitelyTyped/DefinitelyTyped.git"},"license":"MIT","typings":"index.d.ts","dependencies":{},"_id":"@types/node@4.0.23-alpha","_shasum":"b0081d6094f60e41d7d90170bf2bf46165bf70ea","_from":"output\\node","_resolved":"file:output\\node","_npmVersion":"3.9.5","_nodeVersion":"6.2.2","_npmUser":{"name":"types","email":"ryan.cavanaugh@microsoft.com"},"dist":{"shasum":"b0081d6094f60e41d7d90170bf2bf46165bf70ea","tarball":"https://registry.npmjs.org/@types/node/-/node-4.0.23-alpha.tgz"},"maintainers":[{"name":"types","email":"ryan.cavanaugh@microsoft.com"}],"_npmOperationalInternal":{"host":"packages-12-west.internal.npmjs.com","tmp":"tmp/node-4.0.23-alpha.tgz_1467403846066_0.7429037161637098"},"directories":{}},"4.0.24-alpha":{"name":"@types/node","version":"4.0.24-alpha","description":"TypeScript definitions for Node.js v4.x","main":"","scripts":{},"author":{"name":"Microsoft TypeScript","email":"http://typescriptlang.org"},"repository":{"type":"git","url":"https://www.github.com/DefinitelyTyped/DefinitelyTyped.git"},"license":"MIT","typings":"index.d.ts","dependencies":{},"_id":"@types/node@4.0.24-alpha","_shasum":"025c5ba6884f0bf87af79de4f6a0532bd9875899","_from":"output\\node","_resolved":"file:output\\node","_npmVersion":"3.7.2","_nodeVersion":"6.2.1","_npmUser":{"name":"types","email":"ryan.cavanaugh@microsoft.com"},"dist":{"shasum":"025c5ba6884f0bf87af79de4f6a0532bd9875899","tarball":"https://registry.npmjs.org/@types/node/-/node-4.0.24-alpha.tgz"},"maintainers":[{"name":"types","email":"ryan.cavanaugh@microsoft.com"}],"_npmOperationalInternal":{"host":"packages-16-east.internal.npmjs.com","tmp":"tmp/node-4.0.24-alpha.tgz_1467416046263_0.8380751763470471"},"directories":{}},"4.0.25-alpha":{"name":"@types/node","version":"4.0.25-alpha","description":"TypeScript definitions for Node.js v4.x","main":"","scripts":{},"author":{"name":"Microsoft TypeScript","email":"http://typescriptlang.org"},"repository":{"type":"git","url":"https://www.github.com/DefinitelyTyped/DefinitelyTyped.git"},"license":"MIT","typings":"index.d.ts","dependencies":{},"_id":"@types/node@4.0.25-alpha","_shasum":"f6a32bc85e43841daa00c34646009e2127903caa","_from":"output\\node","_resolved":"file:output\\node","_npmVersion":"3.7.2","_nodeVersion":"6.2.1","_npmUser":{"name":"types","email":"ryan.cavanaugh@microsoft.com"},"dist":{"shasum":"f6a32bc85e43841daa00c34646009e2127903caa","tarball":"https://registry.npmjs.org/@types/node/-/node-4.0.25-alpha.tgz"},"maintainers":[{"name":"types","email":"ryan.cavanaugh@microsoft.com"}],"_npmOperationalInternal":{"host":"packages-16-east.internal.npmjs.com","tmp":"tmp/node-4.0.25-alpha.tgz_1467424008743_0.8861984657123685"},"directories":{}},"4.0.26-alpha":{"name":"@types/node","version":"4.0.26-alpha","description":"TypeScript definitions for Node.js v4.x","main":"","scripts":{},"author":{"name":"Microsoft TypeScript","email":"http://typescriptlang.org"},"repository":{"type":"git","url":"https://www.github.com/DefinitelyTyped/DefinitelyTyped.git"},"license":"MIT","typings":"index.d.ts","dependencies":{},"_id":"@types/node@4.0.26-alpha","_shasum":"b68848a284df33454482eb07a3a5583d69895b50","_from":"output\\node","_resolved":"file:output\\node","_npmVersion":"3.7.2","_nodeVersion":"6.2.1","_npmUser":{"name":"types","email":"ryan.cavanaugh@microsoft.com"},"dist":{"shasum":"b68848a284df33454482eb07a3a5583d69895b50","tarball":"https://registry.npmjs.org/@types/node/-/node-4.0.26-alpha.tgz"},"maintainers":[{"name":"types","email":"ryan.cavanaugh@microsoft.com"}],"_npmOperationalInternal":{"host":"packages-16-east.internal.npmjs.com","tmp":"tmp/node-4.0.26-alpha.tgz_1467588178547_0.2857583991717547"},"directories":{}},"4.0.27-alpha":{"name":"@types/node","version":"4.0.27-alpha","description":"TypeScript definitions for Node.js v4.x","main":"","scripts":{},"author":{"name":"Microsoft TypeScript","email":"http://typescriptlang.org"},"repository":{"type":"git","url":"https://www.github.com/DefinitelyTyped/DefinitelyTyped.git"},"license":"MIT","typings":"index.d.ts","dependencies":{},"_id":"@types/node@4.0.27-alpha","_shasum":"382e02d2a6f69bf641df015658f8933c4048837b","_from":"output\\node","_resolved":"file:output\\node","_npmVersion":"3.10.3","_nodeVersion":"6.3.0","_npmUser":{"name":"types","email":"ryan.cavanaugh@microsoft.com"},"dist":{"shasum":"382e02d2a6f69bf641df015658f8933c4048837b","tarball":"https://registry.npmjs.org/@types/node/-/node-4.0.27-alpha.tgz"},"maintainers":[{"name":"types","email":"ryan.cavanaugh@microsoft.com"}],"_npmOperationalInternal":{"host":"packages-16-east.internal.npmjs.com","tmp":"tmp/node-4.0.27-alpha.tgz_1468011476429_0.3699640235863626"},"directories":{}},"4.0.28-alpha":{"name":"@types/node","version":"4.0.28-alpha","description":"TypeScript definitions for Node.js v4.x","main":"","scripts":{},"author":{"name":"Microsoft TypeScript","email":"http://typescriptlang.org"},"repository":{"type":"git","url":"https://www.github.com/DefinitelyTyped/DefinitelyTyped.git"},"license":"MIT","typings":"index.d.ts","dependencies":{},"_id":"@types/node@4.0.28-alpha","_shasum":"4ddd25971260b46ae7f7dd64eaabb54f8967ac0b","_from":"output\\node","_resolved":"file:output\\node","_npmVersion":"3.10.3","_nodeVersion":"6.3.0","_npmUser":{"name":"types","email":"ryan.cavanaugh@microsoft.com"},"dist":{"shasum":"4ddd25971260b46ae7f7dd64eaabb54f8967ac0b","tarball":"https://registry.npmjs.org/@types/node/-/node-4.0.28-alpha.tgz"},"maintainers":[{"name":"types","email":"ryan.cavanaugh@microsoft.com"}],"_npmOperationalInternal":{"host":"packages-16-east.internal.npmjs.com","tmp":"tmp/node-4.0.28-alpha.tgz_1468332124196_0.8148760846816003"},"directories":{}},"4.0.29":{"name":"@types/node","version":"4.0.29","description":"TypeScript definitions for Node.js v4.x","main":"","scripts":{},"author":{"name":"Microsoft TypeScript","email":"http://typescriptlang.org"},"repository":{"type":"git","url":"https://www.github.com/DefinitelyTyped/DefinitelyTyped.git"},"license":"MIT","typings":"index.d.ts","dependencies":{},"_id":"@types/node@4.0.29","_shasum":"26e02f45bff37fd50cc4bfc054592f634a9deb9f","_from":"output\\node","_resolved":"file:output\\node","_npmVersion":"3.10.3","_nodeVersion":"6.3.0","_npmUser":{"name":"types","email":"ts-npm-types@microsoft.com"},"dist":{"shasum":"26e02f45bff37fd50cc4bfc054592f634a9deb9f","tarball":"https://registry.npmjs.org/@types/node/-/node-4.0.29.tgz"},"maintainers":[{"name":"types","email":"ryan.cavanaugh@microsoft.com"}],"_npmOperationalInternal":{"host":"packages-12-west.internal.npmjs.com","tmp":"tmp/node-4.0.29.tgz_1468510437199_0.21308220294304192"},"directories":{}},"4.0.30":{"name":"@types/node","version":"4.0.30","description":"TypeScript definitions for Node.js v4.x","license":"MIT","author":{"name":"Microsoft TypeScript","email":"http://typescriptlang.org"},"main":"","repository":{"type":"git","url":"https://www.github.com/DefinitelyTyped/DefinitelyTyped.git"},"scripts":{},"dependencies":{},"typings":"index.d.ts","_id":"@types/node@4.0.30","_shasum":"553f490ed3030311620f88003e7abfc0edcb301e","_from":"output\\node","_resolved":"file:output\\node","_npmVersion":"3.10.3","_nodeVersion":"6.3.0","_npmUser":{"name":"types","email":"ts-npm-types@microsoft.com"},"dist":{"shasum":"553f490ed3030311620f88003e7abfc0edcb301e","tarball":"https://registry.npmjs.org/@types/node/-/node-4.0.30.tgz"},"maintainers":[{"name":"types","email":"ryan.cavanaugh@microsoft.com"}],"_npmOperationalInternal":{"host":"packages-12-west.internal.npmjs.com","tmp":"tmp/node-4.0.30.tgz_1468934009396_0.8945620378945023"},"directories":{}},"6.0.31":{"name":"@types/node","version":"6.0.31","description":"TypeScript definitions for Node.js v6.x","license":"MIT","author":"Microsoft TypeScript <http://typescriptlang.org>, DefinitelyTyped <https://github.com/DefinitelyTyped/DefinitelyTyped>","main":"","repository":{"type":"git","url":"https://www.github.com/DefinitelyTyped/DefinitelyTyped.git"},"scripts":{},"dependencies":{},"typings":"index.d.ts","_id":"@types/node@6.0.31","dist":{"shasum":"7d769d232b98fb2477fe610dcac1e8475c9820a3","tarball":"https://registry.npmjs.org/@types/node/-/node-6.0.31.tgz"},"maintainers":[{"name":"types","email":"ryan.cavanaugh@microsoft.com"}],"_npmUser":{"name":"types","email":"ts-npm-types@microsoft.com"},"_npmOperationalInternal":{"host":"packages-16-east.internal.npmjs.com","tmp":"tmp/node-6.0.31.tgz_1470153719612_0.8406726659741253"},"directories":{}},"6.0.32":{"name":"@types/node","version":"6.0.32","description":"TypeScript definitions for Node.js v6.x","license":"MIT","author":"Microsoft TypeScript <http://typescriptlang.org>, DefinitelyTyped <https://github.com/DefinitelyTyped/DefinitelyTyped>","main":"","repository":{"type":"git","url":"https://www.github.com/DefinitelyTyped/DefinitelyTyped.git"},"scripts":{},"dependencies":{},"typings":"index.d.ts","_id":"@types/node@6.0.32","dist":{"shasum":"ac678fea3076dc07d3c84dbd8aa0ea352bb12851","tarball":"https://registry.npmjs.org/@types/node/-/node-6.0.32.tgz"},"maintainers":[{"name":"types","email":"ryan.cavanaugh@microsoft.com"}],"_npmUser":{"name":"types","email":"ts-npm-types@microsoft.com"},"_npmOperationalInternal":{"host":"packages-12-west.internal.npmjs.com","tmp":"tmp/node-6.0.32.tgz_1470688632703_0.4216957315802574"},"directories":{}},"6.0.33":{"name":"@types/node","version":"6.0.33","description":"TypeScript definitions for Node.js v6.x","license":"MIT","author":"Microsoft TypeScript <http://typescriptlang.org>, DefinitelyTyped <https://github.com/DefinitelyTyped/DefinitelyTyped>","main":"","repository":{"type":"git","url":"https://www.github.com/DefinitelyTyped/DefinitelyTyped.git"},"scripts":{},"dependencies":{},"typings":"index.d.ts","_id":"@types/node@6.0.33","dist":{"shasum":"821dc5d2a050a087c1fa7f9aa6b57758ba6bc3f0","tarball":"https://registry.npmjs.org/@types/node/-/node-6.0.33.tgz"},"maintainers":[{"name":"types","email":"ryan.cavanaugh@microsoft.com"}],"_npmUser":{"name":"types","email":"ts-npm-types@microsoft.com"},"_npmOperationalInternal":{"host":"packages-12-west.internal.npmjs.com","tmp":"tmp/node-6.0.33.tgz_1470923717606_0.46955300914123654"},"directories":{}},"6.0.34":{"name":"@types/node","version":"6.0.34","description":"TypeScript definitions for Node.js v6.x","license":"MIT","author":"Microsoft TypeScript <http://typescriptlang.org>, DefinitelyTyped <https://github.com/DefinitelyTyped/DefinitelyTyped>","main":"","repository":{"type":"git","url":"https://www.github.com/DefinitelyTyped/DefinitelyTyped.git"},"scripts":{},"dependencies":{},"typings":"index.d.ts","_id":"@types/node@6.0.34","dist":{"shasum":"10c55bc82d1e615ce4d92aed223c8c7cedade70a","tarball":"https://registry.npmjs.org/@types/node/-/node-6.0.34.tgz"},"maintainers":[{"name":"types","email":"ryan.cavanaugh@microsoft.com"}],"_npmUser":{"name":"types","email":"ts-npm-types@microsoft.com"},"_npmOperationalInternal":{"host":"packages-12-west.internal.npmjs.com","tmp":"tmp/node-6.0.34.tgz_1471305143624_0.2974658606108278"},"directories":{}},"6.0.35":{"name":"@types/node","version":"6.0.35","description":"TypeScript definitions for Node.js v6.x","license":"MIT","author":"Microsoft TypeScript <http://typescriptlang.org>, DefinitelyTyped <https://github.com/DefinitelyTyped/DefinitelyTyped>","main":"","repository":{"type":"git","url":"https://www.github.com/DefinitelyTyped/DefinitelyTyped.git"},"scripts":{},"dependencies":{},"typings":"index.d.ts","_id":"@types/node@6.0.35","dist":{"shasum":"ddd1de748e3741f526fed8ea737fbda75ea60518","tarball":"https://registry.npmjs.org/@types/node/-/node-6.0.35.tgz"},"maintainers":[{"name":"types","email":"ryan.cavanaugh@microsoft.com"}],"_npmUser":{"name":"types","email":"ts-npm-types@microsoft.com"},"_npmOperationalInternal":{"host":"packages-16-east.internal.npmjs.com","tmp":"tmp/node-6.0.35.tgz_1471528429021_0.2878939735237509"},"directories":{}},"6.0.36":{"name":"@types/node","version":"6.0.36","description":"TypeScript definitions for Node.js v6.x","license":"MIT","author":"Microsoft TypeScript <http://typescriptlang.org>, DefinitelyTyped <https://github.com/DefinitelyTyped/DefinitelyTyped>","main":"","repository":{"type":"git","url":"https://www.github.com/DefinitelyTyped/DefinitelyTyped.git"},"scripts":{},"dependencies":{},"typings":"index.d.ts","_id":"@types/node@6.0.36","dist":{"shasum":"11886a0093dc0555cf2bdfdff4774048e524cfbe","tarball":"https://registry.npmjs.org/@types/node/-/node-6.0.36.tgz"},"maintainers":[{"name":"types","email":"ryan.cavanaugh@microsoft.com"}],"_npmUser":{"name":"types","email":"ts-npm-types@microsoft.com"},"_npmOperationalInternal":{"host":"packages-12-west.internal.npmjs.com","tmp":"tmp/node-6.0.36.tgz_1471620930170_0.12445482844486833"},"directories":{}},"6.0.37":{"name":"@types/node","version":"6.0.37","description":"TypeScript definitions for Node.js v6.x","license":"MIT","author":"Microsoft TypeScript <http://typescriptlang.org>, DefinitelyTyped <https://github.com/DefinitelyTyped/DefinitelyTyped>","main":"","repository":{"type":"git","url":"https://www.github.com/DefinitelyTyped/DefinitelyTyped.git"},"scripts":{},"dependencies":{},"typings":"index.d.ts","_id":"@types/node@6.0.37","dist":{"shasum":"a1e081f2ec60074113d3a1fbf11f35d304f30e39","tarball":"https://registry.npmjs.org/@types/node/-/node-6.0.37.tgz"},"maintainers":[{"name":"types","email":"ryan.cavanaugh@microsoft.com"}],"_npmUser":{"name":"types","email":"ts-npm-types@microsoft.com"},"_npmOperationalInternal":{"host":"packages-12-west.internal.npmjs.com","tmp":"tmp/node-6.0.37.tgz_1471888706041_0.0943352384492755"},"directories":{}},"6.0.38":{"name":"@types/node","version":"6.0.38","description":"TypeScript definitions for Node.js v6.x","license":"MIT","author":"Microsoft TypeScript <http://typescriptlang.org>, DefinitelyTyped <https://github.com/DefinitelyTyped/DefinitelyTyped>","main":"","repository":{"type":"git","url":"https://www.github.com/DefinitelyTyped/DefinitelyTyped.git"},"scripts":{},"dependencies":{},"typings":"index.d.ts","_id":"@types/node@6.0.38","dist":{"shasum":"7371eb8b4d62951c420298dbfeecf054971fb918","tarball":"https://registry.npmjs.org/@types/node/-/node-6.0.38.tgz"},"maintainers":[{"name":"types","email":"ryan.cavanaugh@microsoft.com"}],"_npmUser":{"name":"types","email":"ts-npm-types@microsoft.com"},"_npmOperationalInternal":{"host":"packages-16-east.internal.npmjs.com","tmp":"tmp/node-6.0.38.tgz_1472151097431_0.6891637572553009"},"directories":{}},"6.0.39":{"name":"@types/node","version":"6.0.39","description":"TypeScript definitions for Node.js v6.x","license":"MIT","author":"Microsoft TypeScript <http://typescriptlang.org>, DefinitelyTyped <https://github.com/DefinitelyTyped/DefinitelyTyped>","main":"","repository":{"type":"git","url":"https://www.github.com/DefinitelyTyped/DefinitelyTyped.git"},"scripts":{},"dependencies":{},"typings":"index.d.ts","typesPublisherContentHash":"390c7946fa6ddcb04abbaff14278511cf836cd6ffc21aa3dd7ff9c5c1c70063f","_id":"@types/node@6.0.39","dist":{"shasum":"bd03350a86fa3090f6ff7325bba11668f969011d","tarball":"https://registry.npmjs.org/@types/node/-/node-6.0.39.tgz"},"maintainers":[{"name":"types","email":"ryan.cavanaugh@microsoft.com"}],"_npmUser":{"name":"types","email":"ts-npm-types@microsoft.com"},"_npmOperationalInternal":{"host":"packages-16-east.internal.npmjs.com","tmp":"tmp/node-6.0.39.tgz_1474307759238_0.7304751900956035"},"directories":{}},"6.0.40":{"name":"@types/node","version":"6.0.40","description":"TypeScript definitions for Node.js v6.x","license":"MIT","author":"Microsoft TypeScript <http://typescriptlang.org>, DefinitelyTyped <https://github.com/DefinitelyTyped/DefinitelyTyped>","main":"","repository":{"type":"git","url":"https://www.github.com/DefinitelyTyped/DefinitelyTyped.git"},"scripts":{},"dependencies":{},"typings":"index.d.ts","typesPublisherContentHash":"a7234339215ece5fbd79ceced441e5e1cb4681f26899514acd183dbe2292a79e","_id":"@types/node@6.0.40","dist":{"shasum":"aca7af9e0010e43f35ec20b3764d44e3d81bc4df","tarball":"https://registry.npmjs.org/@types/node/-/node-6.0.40.tgz"},"maintainers":[{"name":"types","email":"ryan.cavanaugh@microsoft.com"}],"_npmUser":{"name":"types","email":"ts-npm-types@microsoft.com"},"_npmOperationalInternal":{"host":"packages-16-east.internal.npmjs.com","tmp":"tmp/node-6.0.40.tgz_1474489679082_0.1978670039679855"},"directories":{}},"6.0.41":{"name":"@types/node","version":"6.0.41","description":"TypeScript definitions for Node.js v6.x","license":"MIT","author":"Microsoft TypeScript <http://typescriptlang.org>, DefinitelyTyped <https://github.com/DefinitelyTyped/DefinitelyTyped>","main":"","repository":{"type":"git","url":"https://www.github.com/DefinitelyTyped/DefinitelyTyped.git"},"scripts":{},"dependencies":{},"typings":"index.d.ts","typesPublisherContentHash":"f1ce3750ad51e8295109f5f820bb58e56622b757af6622f50d296d77ae03d14f","_id":"@types/node@6.0.41","dist":{"shasum":"578cf53aaec65887bcaf16792f8722932e8ff8ea","tarball":"https://registry.npmjs.org/@types/node/-/node-6.0.41.tgz"},"maintainers":[{"name":"types","email":"ryan.cavanaugh@microsoft.com"}],"_npmUser":{"name":"types","email":"ts-npm-types@microsoft.com"},"_npmOperationalInternal":{"host":"packages-12-west.internal.npmjs.com","tmp":"tmp/node-6.0.41.tgz_1474653592068_0.6294944621622562"},"directories":{}},"6.0.42":{"name":"@types/node","version":"6.0.42","description":"TypeScript definitions for Node.js v6.x","license":"MIT","author":"Microsoft TypeScript <http://typescriptlang.org>, DefinitelyTyped <https://github.com/DefinitelyTyped/DefinitelyTyped>","main":"","repository":{"type":"git","url":"https://www.github.com/DefinitelyTyped/DefinitelyTyped.git"},"scripts":{},"dependencies":{},"peerDependencies":{},"typings":"index.d.ts","typesPublisherContentHash":"de950c1aae57ecb95b1b44db4a12702159a13c988f7a8ba77ae51da2e6114c13","_id":"@types/node@6.0.42","dist":{"shasum":"fc6d167399a4022b396e59a2c66166d3820e5688","tarball":"https://registry.npmjs.org/@types/node/-/node-6.0.42.tgz"},"maintainers":[{"name":"types","email":"ryan.cavanaugh@microsoft.com"}],"_npmUser":{"name":"types","email":"ts-npm-types@microsoft.com"},"_npmOperationalInternal":{"host":"packages-12-west.internal.npmjs.com","tmp":"tmp/node-6.0.42.tgz_1475508288391_0.4417919183615595"},"directories":{}},"6.0.43":{"name":"@types/node","version":"6.0.43","description":"TypeScript definitions for Node.js v6.x","license":"MIT","author":"Microsoft TypeScript <http://typescriptlang.org>, DefinitelyTyped <https://github.com/DefinitelyTyped/DefinitelyTyped>","main":"","repository":{"type":"git","url":"https://www.github.com/DefinitelyTyped/DefinitelyTyped.git"},"scripts":{},"dependencies":{},"peerDependencies":{},"typings":"index.d.ts","typesPublisherContentHash":"33817de4537d86f16b42e2466528723736691148f13cbfa2af102b7130376a84","_id":"@types/node@6.0.43","dist":{"shasum":"0c5f6d32392774578ad84449218301d786e5b326","tarball":"https://registry.npmjs.org/@types/node/-/node-6.0.43.tgz"},"maintainers":[{"name":"types","email":"ryan.cavanaugh@microsoft.com"}],"_npmUser":{"name":"types","email":"ts-npm-types@microsoft.com"},"_npmOperationalInternal":{"host":"packages-12-west.internal.npmjs.com","tmp":"tmp/node-6.0.43.tgz_1475701189812_0.6266481301281601"},"directories":{}},"6.0.44":{"name":"@types/node","version":"6.0.44","description":"TypeScript definitions for Node.js v6.x","license":"MIT","author":"Microsoft TypeScript <http://typescriptlang.org>, DefinitelyTyped <https://github.com/DefinitelyTyped/DefinitelyTyped>","main":"","repository":{"type":"git","url":"https://www.github.com/DefinitelyTyped/DefinitelyTyped.git"},"scripts":{},"dependencies":{},"peerDependencies":{},"typings":"index.d.ts","typesPublisherContentHash":"f758628256d503a7988e6d7a704aa01c7538da5f829c4ff44029dd18ae2eedd0","_id":"@types/node@6.0.44","dist":{"shasum":"983cd729b8af5a24cc87a379759b2a5cd8ff11a4","tarball":"https://registry.npmjs.org/@types/node/-/node-6.0.44.tgz"},"maintainers":[{"name":"types","email":"ryan.cavanaugh@microsoft.com"}],"_npmUser":{"name":"types","email":"ts-npm-types@microsoft.com"},"_npmOperationalInternal":{"host":"packages-12-west.internal.npmjs.com","tmp":"tmp/node-6.0.44.tgz_1475731279124_0.21403203951194882"},"directories":{}},"6.0.45":{"name":"@types/node","version":"6.0.45","description":"TypeScript definitions for Node.js v6.x","license":"MIT","author":"Microsoft TypeScript <http://typescriptlang.org>, DefinitelyTyped <https://github.com/DefinitelyTyped/DefinitelyTyped>","main":"","repository":{"type":"git","url":"https://www.github.com/DefinitelyTyped/DefinitelyTyped.git"},"scripts":{},"dependencies":{},"peerDependencies":{},"typings":"index.d.ts","typesPublisherContentHash":"fda14253379f4199d5502086dcf3ba9815fbe03810dbb1abbe31f39c6c66ada6","_id":"@types/node@6.0.45","dist":{"shasum":"c4842a9d653d767831e4ff495b6008cc0d579966","tarball":"https://registry.npmjs.org/@types/node/-/node-6.0.45.tgz"},"maintainers":[{"name":"types","email":"ryan.cavanaugh@microsoft.com"}],"_npmUser":{"name":"types","email":"ts-npm-types@microsoft.com"},"_npmOperationalInternal":{"host":"packages-12-west.internal.npmjs.com","tmp":"tmp/node-6.0.45.tgz_1475731505724_0.04699689312838018"},"directories":{}},"6.0.46":{"name":"@types/node","version":"6.0.46","description":"TypeScript definitions for Node.js v6.x","license":"MIT","author":"Microsoft TypeScript <http://typescriptlang.org>, DefinitelyTyped <https://github.com/DefinitelyTyped/DefinitelyTyped>","main":"","repository":{"type":"git","url":"https://www.github.com/DefinitelyTyped/DefinitelyTyped.git"},"scripts":{},"dependencies":{},"peerDependencies":{},"typings":"index.d.ts","typesPublisherContentHash":"9b6462383a63f6151842aa7335a9443767e4b87c8dd3554a1d4258b4c8d14b44","_id":"@types/node@6.0.46","dist":{"shasum":"8d9e48572831f05b11cc4c793754d43437219d62","tarball":"https://registry.npmjs.org/@types/node/-/node-6.0.46.tgz"},"maintainers":[{"name":"types","email":"ryan.cavanaugh@microsoft.com"}],"_npmUser":{"name":"types","email":"ts-npm-types@microsoft.com"},"_npmOperationalInternal":{"host":"packages-12-west.internal.npmjs.com","tmp":"tmp/node-6.0.46.tgz_1477510032103_0.682896334445104"},"directories":{}},"6.0.47":{"name":"@types/node","version":"6.0.47","description":"TypeScript definitions for Node.js v6.x","license":"MIT","author":"Microsoft TypeScript <http://typescriptlang.org>, DefinitelyTyped <https://github.com/DefinitelyTyped/DefinitelyTyped>","main":"","repository":{"type":"git","url":"https://www.github.com/DefinitelyTyped/DefinitelyTyped.git"},"scripts":{},"dependencies":{},"peerDependencies":{},"typings":"index.d.ts","typesPublisherContentHash":"afdeb981f1b70c71e373bd719931086d3fead0ae7d43db89391941f89c56fa72","_id":"@types/node@6.0.47","dist":{"shasum":"07dd004f05d0b74344ebf943b559659bd7f445b1","tarball":"https://registry.npmjs.org/@types/node/-/node-6.0.47.tgz"},"maintainers":[{"name":"types","email":"ryan.cavanaugh@microsoft.com"}],"_npmUser":{"name":"types","email":"ts-npm-types@microsoft.com"},"_npmOperationalInternal":{"host":"packages-18-east.internal.npmjs.com","tmp":"tmp/node-6.0.47.tgz_1479152201209_0.1292276242747903"},"directories":{}},"6.0.48":{"name":"@types/node","version":"6.0.48","description":"TypeScript definitions for Node.js v6.x","license":"MIT","author":"Microsoft TypeScript <http://typescriptlang.org>, DefinitelyTyped <https://github.com/DefinitelyTyped/DefinitelyTyped>","main":"","repository":{"type":"git","url":"https://www.github.com/DefinitelyTyped/DefinitelyTyped.git"},"scripts":{},"dependencies":{},"peerDependencies":{},"typings":"index.d.ts","typesPublisherContentHash":"7868865e670348c18121748382d9e255c485aaf32d62f7c1269d4168170f365d","_id":"@types/node@6.0.48","dist":{"shasum":"86ccc15f66b73cbbc5eb3483398936c585122b3c","tarball":"https://registry.npmjs.org/@types/node/-/node-6.0.48.tgz"},"maintainers":[{"name":"types","email":"ryan.cavanaugh@microsoft.com"}],"_npmUser":{"name":"types","email":"ts-npm-types@microsoft.com"},"_npmOperationalInternal":{"host":"packages-12-west.internal.npmjs.com","tmp":"tmp/node-6.0.48.tgz_1479222784465_0.8312378551345319"},"directories":{}},"6.0.49":{"name":"@types/node","version":"6.0.49","description":"TypeScript definitions for Node.js v6.x","license":"MIT","author":"Microsoft TypeScript <http://typescriptlang.org>, DefinitelyTyped <https://github.com/DefinitelyTyped/DefinitelyTyped>","main":"","repository":{"type":"git","url":"https://www.github.com/DefinitelyTyped/DefinitelyTyped.git"},"scripts":{},"dependencies":{},"peerDependencies":{},"typings":"index.d.ts","typesPublisherContentHash":"5df9f3f6250a8591a4bf4316e05b8f650720282cc799bee39b3ebecaaffb2a25","_id":"@types/node@6.0.49","dist":{"shasum":"c644f7305e0d64bd797c939af833f22d150e1d33","tarball":"https://registry.npmjs.org/@types/node/-/node-6.0.49.tgz"},"maintainers":[{"name":"types","email":"ryan.cavanaugh@microsoft.com"}],"_npmUser":{"name":"types","email":"ts-npm-types@microsoft.com"},"_npmOperationalInternal":{"host":"packages-12-west.internal.npmjs.com","tmp":"tmp/node-6.0.49.tgz_1479740013140_0.5214749777223915"},"directories":{}},"6.0.50":{"name":"@types/node","version":"6.0.50","description":"TypeScript definitions for Node.js v6.x","license":"MIT","author":"Microsoft TypeScript <http://typescriptlang.org>, DefinitelyTyped <https://github.com/DefinitelyTyped/DefinitelyTyped>","main":"","repository":{"type":"git","url":"https://www.github.com/DefinitelyTyped/DefinitelyTyped.git"},"scripts":{},"dependencies":{},"peerDependencies":{},"typings":"index.d.ts","typesPublisherContentHash":"e6e4ac8550432c8fc2938ea940dc1e635ea48bfbb10a8a59c0da179a7ea5d827","_id":"@types/node@6.0.50","dist":{"shasum":"211c61ef6e0c79c466e9755a75d50496aaf94bea","tarball":"https://registry.npmjs.org/@types/node/-/node-6.0.50.tgz"},"maintainers":[{"name":"types","email":"ryan.cavanaugh@microsoft.com"}],"_npmUser":{"name":"types","email":"ts-npm-types@microsoft.com"},"_npmOperationalInternal":{"host":"packages-12-west.internal.npmjs.com","tmp":"tmp/node-6.0.50.tgz_1479848455197_0.6809690264053643"},"directories":{}},"6.0.51":{"name":"@types/node","version":"6.0.51","description":"TypeScript definitions for Node.js v6.x","license":"MIT","author":"Microsoft TypeScript <http://typescriptlang.org>, DefinitelyTyped <https://github.com/DefinitelyTyped/DefinitelyTyped>","main":"","repository":{"type":"git","url":"https://www.github.com/DefinitelyTyped/DefinitelyTyped.git"},"scripts":{},"dependencies":{},"peerDependencies":{},"typings":"index.d.ts","typesPublisherContentHash":"9ec1d6568ef70eee3e8545288e7e1eb33e0a5c7ec858b86a7e89a262626f1e68","_id":"@types/node@6.0.51","dist":{"shasum":"84cbf25111516ec9304d0b61469dc0fa9d12ba32","tarball":"https://registry.npmjs.org/@types/node/-/node-6.0.51.tgz"},"maintainers":[{"name":"types","email":"ryan.cavanaugh@microsoft.com"}],"_npmUser":{"name":"types","email":"ts-npm-types@microsoft.com"},"_npmOperationalInternal":{"host":"packages-18-east.internal.npmjs.com","tmp":"tmp/node-6.0.51.tgz_1479926350755_0.11893221596255898"},"directories":{}},"0.0.0":{"name":"@types/node","version":"0.0.0","description":"TypeScript definitions for Node.js v6.x","license":"MIT","author":"Microsoft TypeScript <http://typescriptlang.org>, DefinitelyTyped <https://github.com/DefinitelyTyped/DefinitelyTyped>","main":"","repository":{"type":"git","url":"https://www.github.com/DefinitelyTyped/DefinitelyTyped.git"},"scripts":{},"dependencies":{},"peerDependencies":{},"typings":"index.d.ts","typesPublisherContentHash":"b588c7f177dbe17014b45b5eafd77a20f840c5e9562baa6900f1eb44f15053e5","_id":"@types/node@0.0.0","dist":{"shasum":"e418eff16fdaa1f349b1a3a2ff467d44198f88c7","tarball":"https://registry.npmjs.org/@types/node/-/node-0.0.0.tgz"},"maintainers":[{"name":"types","email":"ryan.cavanaugh@microsoft.com"}],"_npmUser":{"name":"types","email":"ts-npm-types@microsoft.com"},"_npmOperationalInternal":{"host":"packages-18-east.internal.npmjs.com","tmp":"tmp/node-0.0.0.tgz_1480350653893_0.9410669615026563"},"directories":{}},"0.0.1":{"name":"@types/node","version":"0.0.1","description":"TypeScript definitions for Node.js v6.x","license":"MIT","author":"Microsoft TypeScript <http://typescriptlang.org>, DefinitelyTyped <https://github.com/DefinitelyTyped/DefinitelyTyped>","main":"","repository":{"type":"git","url":"https://www.github.com/DefinitelyTyped/DefinitelyTyped.git"},"scripts":{},"dependencies":{},"peerDependencies":{},"typesPublisherContentHash":"5c015dd891af3af9ec08f549ea53ac12691e743f33b35864450efe32551d7459","_id":"@types/node@0.0.1","dist":{"shasum":"d90a4d3bf1fe8f961edf0f76f34a7a6df79580be","tarball":"https://registry.npmjs.org/@types/node/-/node-0.0.1.tgz"},"maintainers":[{"name":"types","email":"ryan.cavanaugh@microsoft.com"}],"_npmUser":{"name":"types","email":"ts-npm-types@microsoft.com"},"_npmOperationalInternal":{"host":"packages-18-east.internal.npmjs.com","tmp":"tmp/node-0.0.1.tgz_1480456371446_0.18421799293719232"},"directories":{}},"0.0.2":{"name":"@types/node","version":"0.0.2","description":"TypeScript definitions for Node.js v6.x","license":"MIT","author":"Microsoft TypeScript <http://typescriptlang.org>, DefinitelyTyped <https://github.com/DefinitelyTyped/DefinitelyTyped>","main":"","repository":{"type":"git","url":"https://www.github.com/DefinitelyTyped/DefinitelyTyped.git"},"scripts":{},"dependencies":{},"peerDependencies":{},"typesPublisherContentHash":"1f5ba7b7576eacddad88c13a4b358e5d26c1ab78278672cdb52e00908cc6757f","_id":"@types/node@0.0.2","dist":{"shasum":"0da4934902fbf68a97a0f53204a35ad2224917bc","tarball":"https://registry.npmjs.org/@types/node/-/node-0.0.2.tgz"},"maintainers":[{"name":"types","email":"ryan.cavanaugh@microsoft.com"}],"_npmUser":{"name":"types","email":"ts-npm-types@microsoft.com"},"_npmOperationalInternal":{"host":"packages-12-west.internal.npmjs.com","tmp":"tmp/node-0.0.2.tgz_1480547365734_0.3248825690243393"},"directories":{}},"0.0.3":{"name":"@types/node","version":"0.0.3","description":"TypeScript definitions for Node.js v6.x","license":"MIT","author":"Microsoft TypeScript <http://typescriptlang.org>, DefinitelyTyped <https://github.com/DefinitelyTyped/DefinitelyTyped>","main":"","repository":{"type":"git","url":"https://www.github.com/DefinitelyTyped/DefinitelyTyped.git"},"scripts":{},"dependencies":{},"peerDependencies":{},"typesPublisherContentHash":"5a0fc6d85b89fef6319a136b04c7d6cf7bb000e2e4f69406bd0f3cc92351dadb","_id":"@types/node@0.0.3","dist":{"shasum":"233750e16c0f50cf73403e2539faea705a177477","tarball":"https://registry.npmjs.org/@types/node/-/node-0.0.3.tgz"},"maintainers":[{"name":"types","email":"ryan.cavanaugh@microsoft.com"}],"_npmUser":{"name":"types","email":"ts-npm-types@microsoft.com"},"_npmOperationalInternal":{"host":"packages-12-west.internal.npmjs.com","tmp":"tmp/node-0.0.3.tgz_1481560921192_0.8222611341625452"},"directories":{}},"6.0.52":{"name":"@types/node","version":"6.0.52","description":"TypeScript definitions for Node.js","license":"MIT","author":"Microsoft TypeScript <http://typescriptlang.org>, DefinitelyTyped <https://github.com/DefinitelyTyped/DefinitelyTyped>","main":"","repository":{"type":"git","url":"https://www.github.com/DefinitelyTyped/DefinitelyTyped.git"},"scripts":{},"dependencies":{},"peerDependencies":{},"typesPublisherContentHash":"5a0fc6d85b89fef6319a136b04c7d6cf7bb000e2e4f69406bd0f3cc92351dadb","_id":"@types/node@6.0.52","dist":{"shasum":"1ac3a99b42320f9e463482f25af4c2359473aaa6","tarball":"https://registry.npmjs.org/@types/node/-/node-6.0.52.tgz"},"maintainers":[{"name":"types","email":"ryan.cavanaugh@microsoft.com"}],"_npmUser":{"name":"types","email":"ts-npm-types@microsoft.com"},"_npmOperationalInternal":{"host":"packages-12-west.internal.npmjs.com","tmp":"tmp/node-6.0.52.tgz_1481663408939_0.9669066071510315"},"directories":{}},"6.0.53":{"name":"@types/node","version":"6.0.53","description":"TypeScript definitions for Node.js","license":"MIT","author":"Microsoft TypeScript <http://typescriptlang.org>, DefinitelyTyped <https://github.com/DefinitelyTyped/DefinitelyTyped>","main":"","repository":{"type":"git","url":"https://www.github.com/DefinitelyTyped/DefinitelyTyped.git"},"scripts":{},"dependencies":{},"peerDependencies":{},"typesPublisherContentHash":"92dc82ff2dbf31661a1561365b6bb3ad12a93edf57173b6cd5bc32c377c71ae4","typeScriptVersion":"2.0","_id":"@types/node@6.0.53","dist":{"shasum":"8c300ca8ba51f80f98f3525b932ff47c6efd6be1","tarball":"https://registry.npmjs.org/@types/node/-/node-6.0.53.tgz"},"maintainers":[{"name":"types","email":"ryan.cavanaugh@microsoft.com"}],"_npmUser":{"name":"types","email":"ts-npm-types@microsoft.com"},"_npmOperationalInternal":{"host":"packages-12-west.internal.npmjs.com","tmp":"tmp/node-6.0.53.tgz_1482502573969_0.7289673339109868"},"directories":{}},"6.0.54":{"name":"@types/node","version":"6.0.54","description":"TypeScript definitions for Node.js","license":"MIT","author":"Microsoft TypeScript <http://typescriptlang.org>, DefinitelyTyped <https://github.com/DefinitelyTyped/DefinitelyTyped>","main":"","repository":{"type":"git","url":"https://www.github.com/DefinitelyTyped/DefinitelyTyped.git"},"scripts":{},"dependencies":{},"peerDependencies":{},"typesPublisherContentHash":"2e7ddacb183cd40e37f4e195f918d4b1f2ba2cacafc853530bdcb246d5033bae","typeScriptVersion":"2.0","_id":"@types/node@6.0.54","dist":{"shasum":"65859962ba988052cbdd5c48881395acfdd46931","tarball":"https://registry.npmjs.org/@types/node/-/node-6.0.54.tgz"},"maintainers":[{"name":"types","email":"ryan.cavanaugh@microsoft.com"}],"_npmUser":{"name":"types","email":"ts-npm-types@microsoft.com"},"_npmOperationalInternal":{"host":"packages-18-east.internal.npmjs.com","tmp":"tmp/node-6.0.54.tgz_1482831915018_0.4624091670848429"},"directories":{}},"6.0.55":{"name":"@types/node","version":"6.0.55","description":"TypeScript definitions for Node.js","license":"MIT","author":"Microsoft TypeScript <http://typescriptlang.org>, DefinitelyTyped <https://github.com/DefinitelyTyped/DefinitelyTyped>","main":"","repository":{"type":"git","url":"https://www.github.com/DefinitelyTyped/DefinitelyTyped.git"},"scripts":{},"dependencies":{},"peerDependencies":{},"typesPublisherContentHash":"7aacb6013e9c2ca0902a7ab01a44ebf90cfe424df77322c60be1c97e4bf07922","typeScriptVersion":"2.0","_id":"@types/node@6.0.55","dist":{"shasum":"e5cb679a43561f42afd1bd6d58d3992ec8f31720","tarball":"https://registry.npmjs.org/@types/node/-/node-6.0.55.tgz"},"maintainers":[{"name":"types","email":"ryan.cavanaugh@microsoft.com"}],"_npmUser":{"name":"types","email":"ts-npm-types@microsoft.com"},"_npmOperationalInternal":{"host":"packages-12-west.internal.npmjs.com","tmp":"tmp/node-6.0.55.tgz_1483053123786_0.3917348238173872"},"directories":{}},"6.0.56":{"name":"@types/node","version":"6.0.56","description":"TypeScript definitions for Node.js","license":"MIT","author":"Microsoft TypeScript <http://typescriptlang.org>, DefinitelyTyped <https://github.com/DefinitelyTyped/DefinitelyTyped>","main":"","repository":{"type":"git","url":"https://www.github.com/DefinitelyTyped/DefinitelyTyped.git"},"scripts":{},"dependencies":{},"peerDependencies":{},"typesPublisherContentHash":"3553779758ee6d342e9153a8479bee63b5b815140da641ab6a9bee690bbea463","typeScriptVersion":"2.0","_id":"@types/node@6.0.56","dist":{"shasum":"12bc7fff825e72807f55dcbce17e9db6177713dd","tarball":"https://registry.npmjs.org/@types/node/-/node-6.0.56.tgz"},"maintainers":[{"name":"types","email":"ryan.cavanaugh@microsoft.com"}],"_npmUser":{"name":"types","email":"ts-npm-types@microsoft.com"},"_npmOperationalInternal":{"host":"packages-18-east.internal.npmjs.com","tmp":"tmp/node-6.0.56.tgz_1483467933270_0.3591851405799389"},"directories":{}},"6.0.57":{"name":"@types/node","version":"6.0.57","description":"TypeScript definitions for Node.js","license":"MIT","author":"Microsoft TypeScript <http://typescriptlang.org>, DefinitelyTyped <https://github.com/DefinitelyTyped/DefinitelyTyped>","main":"","repository":{"type":"git","url":"https://www.github.com/DefinitelyTyped/DefinitelyTyped.git"},"scripts":{},"dependencies":{},"peerDependencies":{},"typesPublisherContentHash":"9f011b372bbee20e31274585941c8ca94fb39a413210e12c81b29ad445b02de6","typeScriptVersion":"2.0","_id":"@types/node@6.0.57","dist":{"shasum":"100f9d4390331297bc3b6160ac4805b46de6e752","tarball":"https://registry.npmjs.org/@types/node/-/node-6.0.57.tgz"},"maintainers":[{"name":"types","email":"ryan.cavanaugh@microsoft.com"}],"_npmUser":{"name":"types","email":"ts-npm-types@microsoft.com"},"_npmOperationalInternal":{"host":"packages-18-east.internal.npmjs.com","tmp":"tmp/node-6.0.57.tgz_1483563701143_0.9765580459497869"},"directories":{}},"6.0.58":{"name":"@types/node","version":"6.0.58","description":"TypeScript definitions for Node.js","license":"MIT","author":"Microsoft TypeScript <http://typescriptlang.org>, DefinitelyTyped <https://github.com/DefinitelyTyped/DefinitelyTyped>","main":"","repository":{"type":"git","url":"https://www.github.com/DefinitelyTyped/DefinitelyTyped.git"},"scripts":{},"dependencies":{},"peerDependencies":{},"typesPublisherContentHash":"9594ab58c66715bbfaed7ef0fc87042d17a4fe5eadafcec98bb3cbbcbb4f7efa","typeScriptVersion":"2.0","_id":"@types/node@6.0.58","dist":{"shasum":"7b3b7065f3cdf24e2349d35b68d2795cfa874553","tarball":"https://registry.npmjs.org/@types/node/-/node-6.0.58.tgz"},"maintainers":[{"name":"types","email":"ryan.cavanaugh@microsoft.com"}],"_npmUser":{"name":"types","email":"ts-npm-types@microsoft.com"},"_npmOperationalInternal":{"host":"packages-18-east.internal.npmjs.com","tmp":"tmp/node-6.0.58.tgz_1483713819869_0.19965026201680303"},"directories":{}},"6.0.59":{"name":"@types/node","version":"6.0.59","description":"TypeScript definitions for Node.js","license":"MIT","author":"Microsoft TypeScript <http://typescriptlang.org>, DefinitelyTyped <https://github.com/DefinitelyTyped/DefinitelyTyped>","main":"","repository":{"type":"git","url":"https://www.github.com/DefinitelyTyped/DefinitelyTyped.git"},"scripts":{},"dependencies":{},"peerDependencies":{},"typesPublisherContentHash":"41950cce9d8817ac06b927af80365d0bf4f5f5eb2216c20033c1d0a17a268339","typeScriptVersion":"2.0","_id":"@types/node@6.0.59","dist":{"shasum":"b7fd8f3144c447c829a8eab8805c3a523e9e5b44","tarball":"https://registry.npmjs.org/@types/node/-/node-6.0.59.tgz"},"maintainers":[{"name":"types","email":"ryan.cavanaugh@microsoft.com"}],"_npmUser":{"name":"types","email":"ts-npm-types@microsoft.com"},"_npmOperationalInternal":{"host":"packages-18-east.internal.npmjs.com","tmp":"tmp/node-6.0.59.tgz_1483995500039_0.1655932804569602"},"directories":{}},"4.2.0":{"name":"@types/node","version":"4.2.0","description":"TypeScript definitions for Node.js","license":"MIT","author":"Microsoft TypeScript <http://typescriptlang.org>, DefinitelyTyped <https://github.com/DefinitelyTyped/DefinitelyTyped>","main":"","repository":{"type":"git","url":"https://www.github.com/DefinitelyTyped/DefinitelyTyped.git"},"scripts":{},"dependencies":{},"peerDependencies":{},"typesPublisherContentHash":"9079bce3c2aa978fe208fa0d675f7653beccabc48293832f10d3e10244b48033","typeScriptVersion":"2.0","_id":"@types/node@4.2.0","dist":{"shasum":"f6e7c37d84f2708654c194e5abc2adff5fa18def","tarball":"https://registry.npmjs.org/@types/node/-/node-4.2.0.tgz"},"maintainers":[{"name":"types","email":"ryan.cavanaugh@microsoft.com"}],"_npmUser":{"name":"types","email":"ts-npm-types@microsoft.com"},"_npmOperationalInternal":{"host":"packages-12-west.internal.npmjs.com","tmp":"tmp/node-4.2.0.tgz_1484074445456_0.5860198196023703"},"directories":{}},"0.12.0":{"name":"@types/node","version":"0.12.0","description":"TypeScript definitions for Node.js","license":"MIT","author":"Microsoft TypeScript <http://typescriptlang.org>, DefinitelyTyped <https://github.com/DefinitelyTyped/DefinitelyTyped>","main":"","repository":{"type":"git","url":"https://www.github.com/DefinitelyTyped/DefinitelyTyped.git"},"scripts":{},"dependencies":{},"peerDependencies":{},"typesPublisherContentHash":"fa76a7fafd9a021d4fa59ae2476184c7b7482cc2d29e694fa7d3ed0650088800","typeScriptVersion":"2.0","_id":"@types/node@0.12.0","dist":{"shasum":"0ee6a24f8a285d2cf894e1f829b932339b67441f","tarball":"https://registry.npmjs.org/@types/node/-/node-0.12.0.tgz"},"maintainers":[{"name":"types","email":"ryan.cavanaugh@microsoft.com"}],"_npmUser":{"name":"types","email":"ts-npm-types@microsoft.com"},"_npmOperationalInternal":{"host":"packages-18-east.internal.npmjs.com","tmp":"tmp/node-0.12.0.tgz_1484074446565_0.06209609704092145"},"directories":{}},"7.0.0":{"name":"@types/node","version":"7.0.0","description":"TypeScript definitions for Node.js","license":"MIT","author":"Microsoft TypeScript <http://typescriptlang.org>, DefinitelyTyped <https://github.com/DefinitelyTyped/DefinitelyTyped>","main":"","repository":{"type":"git","url":"https://www.github.com/DefinitelyTyped/DefinitelyTyped.git"},"scripts":{},"dependencies":{},"peerDependencies":{},"typesPublisherContentHash":"cadcbb038f1e847e452c48eb63695532c75149bd268f22eccf674ca03eba7439","typeScriptVersion":"2.0","_id":"@types/node@7.0.0","dist":{"shasum":"c081147b109da5f9c57af70571771be97ce9c0ba","tarball":"https://registry.npmjs.org/@types/node/-/node-7.0.0.tgz"},"maintainers":[{"name":"types","email":"ryan.cavanaugh@microsoft.com"}],"_npmUser":{"name":"types","email":"ts-npm-types@microsoft.com"},"_npmOperationalInternal":{"host":"packages-12-west.internal.npmjs.com","tmp":"tmp/node-7.0.0.tgz_1484100930056_0.34075327357277274"},"directories":{}},"6.0.60":{"name":"@types/node","version":"6.0.60","description":"TypeScript definitions for Node.js","license":"MIT","author":"Microsoft TypeScript <http://typescriptlang.org>, DefinitelyTyped <https://github.com/DefinitelyTyped/DefinitelyTyped>","main":"","repository":{"type":"git","url":"https://www.github.com/DefinitelyTyped/DefinitelyTyped.git"},"scripts":{},"dependencies":{},"peerDependencies":{},"typesPublisherContentHash":"9594ab58c66715bbfaed7ef0fc87042d17a4fe5eadafcec98bb3cbbcbb4f7efa","typeScriptVersion":"2.0","_id":"@types/node@6.0.60","dist":{"shasum":"e7e134ebc674ae6ed93c36c767739b110d2c57fc","tarball":"https://registry.npmjs.org/@types/node/-/node-6.0.60.tgz"},"maintainers":[{"name":"types","email":"ryan.cavanaugh@microsoft.com"}],"_npmUser":{"name":"types","email":"ts-npm-types@microsoft.com"},"_npmOperationalInternal":{"host":"packages-18-east.internal.npmjs.com","tmp":"tmp/node-6.0.60.tgz_1484100931190_0.23821156518533826"},"directories":{}},"7.0.1":{"name":"@types/node","version":"7.0.1","description":"TypeScript definitions for Node.js","license":"MIT","author":"Microsoft TypeScript <http://typescriptlang.org>, DefinitelyTyped <https://github.com/DefinitelyTyped/DefinitelyTyped>","main":"","repository":{"type":"git","url":"https://www.github.com/DefinitelyTyped/DefinitelyTyped.git"},"scripts":{},"dependencies":{},"peerDependencies":{},"typesPublisherContentHash":"59b58a37a1ae10279c86ec88730121ac0d6c926c03ec0fec9ebb8682cd8d3604","typeScriptVersion":"2.0","_id":"@types/node@7.0.1","dist":{"shasum":"858610f58e4d48dd4410145eef9e12c97e3aacfd","tarball":"https://registry.npmjs.org/@types/node/-/node-7.0.1.tgz"},"maintainers":[{"name":"types","email":"ryan.cavanaugh@microsoft.com"}],"_npmUser":{"name":"types","email":"ts-npm-types@microsoft.com"},"_npmOperationalInternal":{"host":"packages-18-east.internal.npmjs.com","tmp":"tmp/node-7.0.1.tgz_1485039721210_0.7751953396946192"},"directories":{}},"6.0.61":{"name":"@types/node","version":"6.0.61","description":"TypeScript definitions for Node.js","license":"MIT","author":"Microsoft TypeScript <http://typescriptlang.org>, DefinitelyTyped <https://github.com/DefinitelyTyped/DefinitelyTyped>","main":"","repository":{"type":"git","url":"https://www.github.com/DefinitelyTyped/DefinitelyTyped.git"},"scripts":{},"dependencies":{},"peerDependencies":{},"typesPublisherContentHash":"8c59e91bb6a01d4e78eb215ab8bec9a3770908aac7c832a61224eef14fd0e9f7","typeScriptVersion":"2.0","_id":"@types/node@6.0.61","dist":{"shasum":"eea1748ad99decaf319b571017018631974ac6f0","tarball":"https://registry.npmjs.org/@types/node/-/node-6.0.61.tgz"},"maintainers":[{"name":"types","email":"ryan.cavanaugh@microsoft.com"}],"_npmUser":{"name":"types","email":"ts-npm-types@microsoft.com"},"_npmOperationalInternal":{"host":"packages-18-east.internal.npmjs.com","tmp":"tmp/node-6.0.61.tgz_1485159403861_0.8043057059403509"},"directories":{}},"7.0.2":{"name":"@types/node","version":"7.0.2","description":"TypeScript definitions for Node.js","license":"MIT","author":"Microsoft TypeScript <http://typescriptlang.org>, DefinitelyTyped <https://github.com/DefinitelyTyped/DefinitelyTyped>","main":"","repository":{"type":"git","url":"https://www.github.com/DefinitelyTyped/DefinitelyTyped.git"},"scripts":{},"dependencies":{},"peerDependencies":{},"typesPublisherContentHash":"e9431a3f5f1267e7c8716ae088c539f81467cb2526e23aa48e0eddae2ab7941a","typeScriptVersion":"2.0","_id":"@types/node@7.0.2","dist":{"shasum":"f318fcda63543ac076316cb91653d8e89aa7bfce","tarball":"https://registry.npmjs.org/@types/node/-/node-7.0.2.tgz"},"maintainers":[{"name":"types","email":"ryan.cavanaugh@microsoft.com"}],"_npmUser":{"name":"types","email":"ts-npm-types@microsoft.com"},"_npmOperationalInternal":{"host":"packages-18-east.internal.npmjs.com","tmp":"tmp/node-7.0.2.tgz_1485159890622_0.7195117506198585"},"directories":{}},"7.0.3":{"name":"@types/node","version":"7.0.3","description":"TypeScript definitions for Node.js","license":"MIT","author":"Microsoft TypeScript <http://typescriptlang.org>, DefinitelyTyped <https://github.com/DefinitelyTyped/DefinitelyTyped>","main":"","repository":{"type":"git","url":"https://www.github.com/DefinitelyTyped/DefinitelyTyped.git"},"scripts":{},"dependencies":{},"peerDependencies":{},"typesPublisherContentHash":"c050c943cf3fdee6906a638870699de57a69ee96d7e72ff4ae2daca3b64890db","typeScriptVersion":"2.0","_id":"@types/node@7.0.3","dist":{"shasum":"6bc1d23929bd426eabd409b5898537076bbbdeff","tarball":"https://registry.npmjs.org/@types/node/-/node-7.0.3.tgz"},"maintainers":[{"name":"types","email":"ryan.cavanaugh@microsoft.com"}],"_npmUser":{"name":"types","email":"ts-npm-types@microsoft.com"},"_npmOperationalInternal":{"host":"packages-18-east.internal.npmjs.com","tmp":"tmp/node-7.0.3.tgz_1485207156397_0.08057564171031117"},"directories":{}},"7.0.4":{"name":"@types/node","version":"7.0.4","description":"TypeScript definitions for Node.js","license":"MIT","author":"Microsoft TypeScript <http://typescriptlang.org>, DefinitelyTyped <https://github.com/DefinitelyTyped/DefinitelyTyped>","main":"","repository":{"type":"git","url":"https://www.github.com/DefinitelyTyped/DefinitelyTyped.git"},"scripts":{},"dependencies":{},"peerDependencies":{},"typesPublisherContentHash":"c25ce6e8742b23e8b83917bf5830a4457462d807be09420df000e36d82639d1e","typeScriptVersion":"2.0","_id":"@types/node@7.0.4","dist":{"shasum":"9aabc135979ded383325749f508894c662948c8b","tarball":"https://registry.npmjs.org/@types/node/-/node-7.0.4.tgz"},"maintainers":[{"name":"types","email":"ryan.cavanaugh@microsoft.com"}],"_npmUser":{"name":"types","email":"ts-npm-types@microsoft.com"},"_npmOperationalInternal":{"host":"packages-18-east.internal.npmjs.com","tmp":"tmp/node-7.0.4.tgz_1485283850934_0.25700113736093044"},"directories":{}},"4.2.1":{"name":"@types/node","version":"4.2.1","description":"TypeScript definitions for Node.js","license":"MIT","author":"Microsoft TypeScript <http://typescriptlang.org>, DefinitelyTyped <https://github.com/DefinitelyTyped/DefinitelyTyped>","main":"","repository":{"type":"git","url":"https://www.github.com/DefinitelyTyped/DefinitelyTyped.git"},"scripts":{},"dependencies":{},"peerDependencies":{},"typesPublisherContentHash":"bddd2a31386e413c26324ad039ad78a49c33b4852b93126b9855b60a5a894298","typeScriptVersion":"2.0","_id":"@types/node@4.2.1","dist":{"shasum":"07b6a3380afa1a31fada30137abe8ad1e27b0a4f","tarball":"https://registry.npmjs.org/@types/node/-/node-4.2.1.tgz"},"maintainers":[{"name":"types","email":"ryan.cavanaugh@microsoft.com"}],"_npmUser":{"name":"types","email":"ts-npm-types@microsoft.com"},"_npmOperationalInternal":{"host":"packages-18-east.internal.npmjs.com","tmp":"tmp/node-4.2.1.tgz_1485374584522_0.7533130014780909"},"directories":{}},"6.0.62":{"name":"@types/node","version":"6.0.62","description":"TypeScript definitions for Node.js","license":"MIT","author":"Microsoft TypeScript <http://typescriptlang.org>, DefinitelyTyped <https://github.com/DefinitelyTyped/DefinitelyTyped>","main":"","repository":{"type":"git","url":"https://www.github.com/DefinitelyTyped/DefinitelyTyped.git"},"scripts":{},"dependencies":{},"peerDependencies":{},"typesPublisherContentHash":"8912fc6032c7f9a551f91698c6bd8341814f44b3c9193f713296d7889e37a097","typeScriptVersion":"2.0","_id":"@types/node@6.0.62","dist":{"shasum":"85222c077b54f25b57417bb708b9f877bda37f89","tarball":"https://registry.npmjs.org/@types/node/-/node-6.0.62.tgz"},"maintainers":[{"name":"types","email":"ryan.cavanaugh@microsoft.com"}],"_npmUser":{"name":"types","email":"ts-npm-types@microsoft.com"},"_npmOperationalInternal":{"host":"packages-12-west.internal.npmjs.com","tmp":"tmp/node-6.0.62.tgz_1485374587689_0.7676822259090841"},"directories":{}},"7.0.5":{"name":"@types/node","version":"7.0.5","description":"TypeScript definitions for Node.js","license":"MIT","author":"Microsoft TypeScript <http://typescriptlang.org>, DefinitelyTyped <https://github.com/DefinitelyTyped/DefinitelyTyped>","main":"","repository":{"type":"git","url":"https://www.github.com/DefinitelyTyped/DefinitelyTyped.git"},"scripts":{},"dependencies":{},"peerDependencies":{},"typesPublisherContentHash":"26bc8755b39d26774eaaf1f1e6f200501728551ed0c0a6b8a384232e79157cf5","typeScriptVersion":"2.0","_id":"@types/node@7.0.5","dist":{"shasum":"96a0f0a618b7b606f1ec547403c00650210bfbb7","tarball":"https://registry.npmjs.org/@types/node/-/node-7.0.5.tgz"},"maintainers":[{"name":"types","email":"ryan.cavanaugh@microsoft.com"}],"_npmUser":{"name":"types","email":"ts-npm-types@microsoft.com"},"_npmOperationalInternal":{"host":"packages-12-west.internal.npmjs.com","tmp":"tmp/node-7.0.5.tgz_1486174264436_0.584665518719703"},"directories":{}},"6.0.63":{"name":"@types/node","version":"6.0.63","description":"TypeScript definitions for Node.js","license":"MIT","author":"Microsoft TypeScript <http://typescriptlang.org>, DefinitelyTyped <https://github.com/DefinitelyTyped/DefinitelyTyped>","main":"","repository":{"type":"git","url":"https://www.github.com/DefinitelyTyped/DefinitelyTyped.git"},"scripts":{},"dependencies":{},"peerDependencies":{},"typesPublisherContentHash":"30b3aba549fdbb5f5a1d715f41a035742e8400ef8d175d37adad9a93f10081a6","typeScriptVersion":"2.0","_id":"@types/node@6.0.63","dist":{"shasum":"e08acbbd5946e0e95990b1c76f3ce5b7882a48eb","tarball":"https://registry.npmjs.org/@types/node/-/node-6.0.63.tgz"},"maintainers":[{"name":"types","email":"ryan.cavanaugh@microsoft.com"}],"_npmUser":{"name":"types","email":"ts-npm-types@microsoft.com"},"_npmOperationalInternal":{"host":"packages-12-west.internal.npmjs.com","tmp":"tmp/node-6.0.63.tgz_1486507519962_0.902837177272886"},"directories":{}},"4.2.2":{"name":"@types/node","version":"4.2.2","description":"TypeScript definitions for Node.js","license":"MIT","author":"Microsoft TypeScript <http://typescriptlang.org>, DefinitelyTyped <https://github.com/DefinitelyTyped/DefinitelyTyped>","main":"","repository":{"type":"git","url":"https://www.github.com/DefinitelyTyped/DefinitelyTyped.git"},"scripts":{},"dependencies":{},"peerDependencies":{},"typesPublisherContentHash":"85793104c422d6b208f91a41c44f1bcd21c6542466062ed7242c4e2609cb0d10","typeScriptVersion":"2.0","_id":"@types/node@4.2.2","dist":{"shasum":"23aeb4c60e992f1eb2e4c020a543d81a1c2a937b","tarball":"https://registry.npmjs.org/@types/node/-/node-4.2.2.tgz"},"maintainers":[{"name":"types","email":"ryan.cavanaugh@microsoft.com"}],"_npmUser":{"name":"types","email":"ts-npm-types@microsoft.com"},"_npmOperationalInternal":{"host":"packages-12-west.internal.npmjs.com","tmp":"tmp/node-4.2.2.tgz_1486669049209_0.016695705242455006"},"directories":{}},"0.12.1":{"name":"@types/node","version":"0.12.1","description":"TypeScript definitions for Node.js","license":"MIT","contributors":[{"name":"Microsoft TypeScript","url":"http://typescriptlang.org"},{"name":"DefinitelyTyped","url":"https://github.com/DefinitelyTyped/DefinitelyTyped"}],"main":"","repository":{"type":"git","url":"https://www.github.com/DefinitelyTyped/DefinitelyTyped.git"},"scripts":{},"dependencies":{},"peerDependencies":{},"typesPublisherContentHash":"79752c63ef95158a37582510139241b1f64d5070c7286c31b45db12e6d88980e","typeScriptVersion":"2.0","_id":"@types/node@0.12.1","dist":{"shasum":"cb3ba4bd7d27df05f8abf4ff7b0cbf4e0e8056e3","tarball":"https://registry.npmjs.org/@types/node/-/node-0.12.1.tgz"},"maintainers":[{"name":"types","email":"ryan.cavanaugh@microsoft.com"}],"_npmUser":{"name":"types","email":"ts-npm-types@microsoft.com"},"_npmOperationalInternal":{"host":"packages-12-west.internal.npmjs.com","tmp":"tmp/node-0.12.1.tgz_1488291891822_0.156121646752581"},"directories":{}},"4.2.3":{"name":"@types/node","version":"4.2.3","description":"TypeScript definitions for Node.js","license":"MIT","contributors":[{"name":"Microsoft TypeScript","url":"http://typescriptlang.org"},{"name":"DefinitelyTyped","url":"https://github.com/DefinitelyTyped/DefinitelyTyped"}],"main":"","repository":{"type":"git","url":"https://www.github.com/DefinitelyTyped/DefinitelyTyped.git"},"scripts":{},"dependencies":{},"peerDependencies":{},"typesPublisherContentHash":"176e0585de77adc3f62fadb59e7b7c994dc176169676c30e357751e69701ecd1","typeScriptVersion":"2.0","_id":"@types/node@4.2.3","dist":{"shasum":"4405d19dcabae1fb0dfc9f267c8de5c114d47ce9","tarball":"https://registry.npmjs.org/@types/node/-/node-4.2.3.tgz"},"maintainers":[{"name":"types","email":"ryan.cavanaugh@microsoft.com"}],"_npmUser":{"name":"types","email":"ts-npm-types@microsoft.com"},"_npmOperationalInternal":{"host":"packages-12-west.internal.npmjs.com","tmp":"tmp/node-4.2.3.tgz_1488291893562_0.8316465716343373"},"directories":{}},"6.0.64":{"name":"@types/node","version":"6.0.64","description":"TypeScript definitions for Node.js","license":"MIT","contributors":[{"name":"Microsoft TypeScript","url":"http://typescriptlang.org"},{"name":"DefinitelyTyped","url":"https://github.com/DefinitelyTyped/DefinitelyTyped"}],"main":"","repository":{"type":"git","url":"https://www.github.com/DefinitelyTyped/DefinitelyTyped.git"},"scripts":{},"dependencies":{},"peerDependencies":{},"typesPublisherContentHash":"d771aa4aa7754ab5d016783475cb370d6d010490ff1b50cdb3f90adb6afc35dd","typeScriptVersion":"2.0","_id":"@types/node@6.0.64","dist":{"shasum":"cdc901411f6301e1437dfed23bc68f54442e4dc8","tarball":"https://registry.npmjs.org/@types/node/-/node-6.0.64.tgz"},"maintainers":[{"name":"types","email":"ryan.cavanaugh@microsoft.com"}],"_npmUser":{"name":"types","email":"ts-npm-types@microsoft.com"},"_npmOperationalInternal":{"host":"packages-18-east.internal.npmjs.com","tmp":"tmp/node-6.0.64.tgz_1488291895128_0.5060502039268613"},"directories":{}},"7.0.6":{"name":"@types/node","version":"7.0.6","description":"TypeScript definitions for Node.js","license":"MIT","contributors":[{"name":"Microsoft TypeScript","url":"http://typescriptlang.org"},{"name":"DefinitelyTyped","url":"https://github.com/DefinitelyTyped/DefinitelyTyped"}],"main":"","repository":{"type":"git","url":"https://www.github.com/DefinitelyTyped/DefinitelyTyped.git"},"scripts":{},"dependencies":{},"peerDependencies":{},"typesPublisherContentHash":"9b140d7eca67fafcae8bf689540a446c6b1b82e0666caaa8190d7c5af43bd40c","typeScriptVersion":"2.0","_id":"@types/node@7.0.6","dist":{"shasum":"660f620ae761e391c64e435607234eba00e86b61","tarball":"https://registry.npmjs.org/@types/node/-/node-7.0.6.tgz"},"maintainers":[{"name":"types","email":"ryan.cavanaugh@microsoft.com"}],"_npmUser":{"name":"types","email":"ts-npm-types@microsoft.com"},"_npmOperationalInternal":{"host":"packages-12-west.internal.npmjs.com","tmp":"tmp/node-7.0.6.tgz_1489002119801_0.9833347571548074"},"directories":{}},"6.0.65":{"name":"@types/node","version":"6.0.65","description":"TypeScript definitions for Node.js","license":"MIT","contributors":[{"name":"Microsoft TypeScript","url":"http://typescriptlang.org"},{"name":"DefinitelyTyped","url":"https://github.com/DefinitelyTyped/DefinitelyTyped"}],"main":"","repository":{"type":"git","url":"https://www.github.com/DefinitelyTyped/DefinitelyTyped.git"},"scripts":{},"dependencies":{},"peerDependencies":{},"typesPublisherContentHash":"3d3fe31919548f323408b0e63930032d4816516a3e322a63e767c8d1d4e73868","typeScriptVersion":"2.0","_id":"@types/node@6.0.65","dist":{"shasum":"c00faa7ffcfc9842b5dd7bf650872562504d5670","tarball":"https://registry.npmjs.org/@types/node/-/node-6.0.65.tgz"},"maintainers":[{"name":"types","email":"ryan.cavanaugh@microsoft.com"}],"_npmUser":{"name":"types","email":"ts-npm-types@microsoft.com"},"_npmOperationalInternal":{"host":"packages-12-west.internal.npmjs.com","tmp":"tmp/node-6.0.65.tgz_1489018852964_0.6642123020719737"},"directories":{}},"7.0.7":{"name":"@types/node","version":"7.0.7","description":"TypeScript definitions for Node.js","license":"MIT","contributors":[{"name":"Microsoft TypeScript","url":"http://typescriptlang.org"},{"name":"DefinitelyTyped","url":"https://github.com/DefinitelyTyped/DefinitelyTyped"}],"main":"","repository":{"type":"git","url":"https://www.github.com/DefinitelyTyped/DefinitelyTyped.git"},"scripts":{},"dependencies":{},"peerDependencies":{},"typesPublisherContentHash":"54678894e0f23d7bb9c2291e773e7ac2c3d07ed3dd72810384def3acc1863549","typeScriptVersion":"2.0","_id":"@types/node@7.0.7","dist":{"shasum":"92637c6c4844bfc9a0a686323e38f3e9319118c2","tarball":"https://registry.npmjs.org/@types/node/-/node-7.0.7.tgz"},"maintainers":[{"name":"types","email":"ryan.cavanaugh@microsoft.com"}],"_npmUser":{"name":"types","email":"ts-npm-types@microsoft.com"},"_npmOperationalInternal":{"host":"packages-12-west.internal.npmjs.com","tmp":"tmp/node-7.0.7.tgz_1489019187353_0.6765583646483719"},"directories":{}},"7.0.8":{"name":"@types/node","version":"7.0.8","description":"TypeScript definitions for Node.js","license":"MIT","contributors":[{"name":"Microsoft TypeScript","url":"http://typescriptlang.org"},{"name":"DefinitelyTyped","url":"https://github.com/DefinitelyTyped/DefinitelyTyped"}],"main":"","repository":{"type":"git","url":"https://www.github.com/DefinitelyTyped/DefinitelyTyped.git"},"scripts":{},"dependencies":{},"peerDependencies":{},"typesPublisherContentHash":"48917270f34aacb29b909cf8b389e1e5e434948b32e52094911c3d5781cec79c","typeScriptVersion":"2.0","_id":"@types/node@7.0.8","dist":{"shasum":"25e4dd804b630c916ae671233e6d71f6ce18124a","tarball":"https://registry.npmjs.org/@types/node/-/node-7.0.8.tgz"},"maintainers":[{"name":"types","email":"ryan.cavanaugh@microsoft.com"}],"_npmUser":{"name":"types","email":"ts-npm-types@microsoft.com"},"_npmOperationalInternal":{"host":"packages-12-west.internal.npmjs.com","tmp":"tmp/node-7.0.8.tgz_1489123954638_0.5032329435925931"},"directories":{}},"4.2.4":{"name":"@types/node","version":"4.2.4","description":"TypeScript definitions for Node.js","license":"MIT","contributors":[{"name":"Microsoft TypeScript","url":"http://typescriptlang.org"},{"name":"DefinitelyTyped","url":"https://github.com/DefinitelyTyped/DefinitelyTyped"}],"main":"","repository":{"type":"git","url":"https://www.github.com/DefinitelyTyped/DefinitelyTyped.git"},"scripts":{},"dependencies":{},"peerDependencies":{},"typesPublisherContentHash":"a2ac47d42cde9f648a9fc457a58c2e954755c8a16da2ba17ae4f674bae3583c2","typeScriptVersion":"2.0","_id":"@types/node@4.2.4","dist":{"shasum":"4024bbd6e5000e9fef6db3333042112a2d82247c","tarball":"https://registry.npmjs.org/@types/node/-/node-4.2.4.tgz"},"maintainers":[{"name":"types","email":"ryan.cavanaugh@microsoft.com"}],"_npmUser":{"name":"types","email":"ts-npm-types@microsoft.com"},"_npmOperationalInternal":{"host":"packages-12-west.internal.npmjs.com","tmp":"tmp/node-4.2.4.tgz_1490221925537_0.6782426023855805"},"directories":{}},"0.12.2":{"name":"@types/node","version":"0.12.2","description":"TypeScript definitions for Node.js","license":"MIT","contributors":[{"name":"Microsoft TypeScript","url":"http://typescriptlang.org"},{"name":"DefinitelyTyped","url":"https://github.com/DefinitelyTyped/DefinitelyTyped"}],"main":"","repository":{"type":"git","url":"https://www.github.com/DefinitelyTyped/DefinitelyTyped.git"},"scripts":{},"dependencies":{},"peerDependencies":{},"typesPublisherContentHash":"f18d3cc138ef12fe941ffe3ff3ed2e4bf36809683ebc302a91ceda47d657045c","typeScriptVersion":"2.0","_id":"@types/node@0.12.2","dist":{"shasum":"837f404dbc0eda72e0ec9dee2603a7ccb2dd95d1","tarball":"https://registry.npmjs.org/@types/node/-/node-0.12.2.tgz"},"maintainers":[{"name":"types","email":"ryan.cavanaugh@microsoft.com"}],"_npmUser":{"name":"types","email":"ts-npm-types@microsoft.com"},"_npmOperationalInternal":{"host":"packages-18-east.internal.npmjs.com","tmp":"tmp/node-0.12.2.tgz_1490222733708_0.163524056551978"},"directories":{}},"6.0.66":{"name":"@types/node","version":"6.0.66","description":"TypeScript definitions for Node.js","license":"MIT","contributors":[{"name":"Microsoft TypeScript","url":"http://typescriptlang.org"},{"name":"DefinitelyTyped","url":"https://github.com/DefinitelyTyped/DefinitelyTyped"}],"main":"","repository":{"type":"git","url":"https://www.github.com/DefinitelyTyped/DefinitelyTyped.git"},"scripts":{},"dependencies":{},"peerDependencies":{},"typesPublisherContentHash":"f696c6b23ef8b95ed3be81a70ebb948983958ff6f84bc312e5cf8ff9326eff46","typeScriptVersion":"2.0","_id":"@types/node@6.0.66","dist":{"shasum":"5680b74a6135d33d4c00447e7c3dc691a4601625","tarball":"https://registry.npmjs.org/@types/node/-/node-6.0.66.tgz"},"maintainers":[{"name":"types","email":"ryan.cavanaugh@microsoft.com"}],"_npmUser":{"name":"types","email":"ts-npm-types@microsoft.com"},"_npmOperationalInternal":{"host":"packages-12-west.internal.npmjs.com","tmp":"tmp/node-6.0.66.tgz_1490223088343_0.11855865782126784"},"directories":{}},"7.0.9":{"name":"@types/node","version":"7.0.9","description":"TypeScript definitions for Node.js","license":"MIT","contributors":[{"name":"Microsoft TypeScript","url":"http://typescriptlang.org"},{"name":"DefinitelyTyped","url":"https://github.com/DefinitelyTyped/DefinitelyTyped"}],"main":"","repository":{"type":"git","url":"https://www.github.com/DefinitelyTyped/DefinitelyTyped.git"},"scripts":{},"dependencies":{},"peerDependencies":{},"typesPublisherContentHash":"5cbdb1771ca381502a9aa96f20ad2bd26c13781afe6d1d48dd3380ef3647625a","typeScriptVersion":"2.0","_id":"@types/node@7.0.9","dist":{"shasum":"dee2735f660fd5dfa320721be5578de072677cb4","tarball":"https://registry.npmjs.org/@types/node/-/node-7.0.9.tgz"},"maintainers":[{"name":"types","email":"ryan.cavanaugh@microsoft.com"}],"_npmUser":{"name":"types","email":"ts-npm-types@microsoft.com"},"_npmOperationalInternal":{"host":"packages-12-west.internal.npmjs.com","tmp":"tmp/node-7.0.9.tgz_1490223496490_0.37861162051558495"},"directories":{}},"7.0.10":{"name":"@types/node","version":"7.0.10","description":"TypeScript definitions for Node.js","license":"MIT","contributors":[{"name":"Microsoft TypeScript","url":"http://typescriptlang.org"},{"name":"DefinitelyTyped","url":"https://github.com/DefinitelyTyped/DefinitelyTyped"}],"main":"","repository":{"type":"git","url":"https://www.github.com/DefinitelyTyped/DefinitelyTyped.git"},"scripts":{},"dependencies":{},"peerDependencies":{},"typesPublisherContentHash":"323291d1142869e81f78e3e661d2074aab38fb6dc0a5ff12b2f4acdb0fbe3e18","typeScriptVersion":"2.0","_id":"@types/node@7.0.10","dist":{"shasum":"d860abb18c1b58b552c7c6cd8b2ba7adf6546fa3","tarball":"https://registry.npmjs.org/@types/node/-/node-7.0.10.tgz"},"maintainers":[{"name":"types","email":"ryan.cavanaugh@microsoft.com"}],"_npmUser":{"name":"types","email":"ts-npm-types@microsoft.com"},"_npmOperationalInternal":{"host":"packages-12-west.internal.npmjs.com","tmp":"tmp/node-7.0.10.tgz_1490224723504_0.33995098317973316"},"directories":{}},"7.0.11":{"name":"@types/node","version":"7.0.11","description":"TypeScript definitions for Node.js","license":"MIT","contributors":[{"name":"Microsoft TypeScript","url":"http://typescriptlang.org"},{"name":"DefinitelyTyped","url":"https://github.com/DefinitelyTyped/DefinitelyTyped"}],"main":"","repository":{"type":"git","url":"https://www.github.com/DefinitelyTyped/DefinitelyTyped.git"},"scripts":{},"dependencies":{},"peerDependencies":{},"typesPublisherContentHash":"fd7f629b2419025a3db3d5edb996ff9faabfe408cdaa9f67fd6d73578cf57a70","typeScriptVersion":"2.0","_id":"@types/node@7.0.11","dist":{"shasum":"55680189f2335f080f0aeb57871f0b9823646d89","tarball":"https://registry.npmjs.org/@types/node/-/node-7.0.11.tgz"},"maintainers":[{"name":"types","email":"ryan.cavanaugh@microsoft.com"}],"_npmUser":{"name":"types","email":"ts-npm-types@microsoft.com"},"_npmOperationalInternal":{"host":"packages-12-west.internal.npmjs.com","tmp":"tmp/node-7.0.11.tgz_1490399808091_0.8327938748989254"},"directories":{}},"6.0.67":{"name":"@types/node","version":"6.0.67","description":"TypeScript definitions for Node.js","license":"MIT","contributors":[{"name":"Microsoft TypeScript","url":"http://typescriptlang.org"},{"name":"DefinitelyTyped","url":"https://github.com/DefinitelyTyped/DefinitelyTyped"}],"main":"","repository":{"type":"git","url":"https://www.github.com/DefinitelyTyped/DefinitelyTyped.git"},"scripts":{},"dependencies":{},"peerDependencies":{},"typesPublisherContentHash":"3dfd336205aa3f50e8bf06152184b533413d7da0004e25a827d57049e063b553","typeScriptVersion":"2.0","_id":"@types/node@6.0.67","dist":{"shasum":"1ddff65e700368577e1f20e31b0382a276bb7bbb","tarball":"https://registry.npmjs.org/@types/node/-/node-6.0.67.tgz"},"maintainers":[{"name":"types","email":"ts-npm-types@microsoft.com"}],"_npmUser":{"name":"types","email":"ts-npm-types@microsoft.com"},"_npmOperationalInternal":{"host":"packages-12-west.internal.npmjs.com","tmp":"tmp/node-6.0.67.tgz_1490631630557_0.4766286632511765"},"directories":{}},"6.0.68":{"name":"@types/node","version":"6.0.68","description":"TypeScript definitions for Node.js","license":"MIT","contributors":[{"name":"Microsoft TypeScript","url":"http://typescriptlang.org"},{"name":"DefinitelyTyped","url":"https://github.com/DefinitelyTyped/DefinitelyTyped"}],"main":"","repository":{"type":"git","url":"https://www.github.com/DefinitelyTyped/DefinitelyTyped.git"},"scripts":{},"dependencies":{},"peerDependencies":{},"typesPublisherContentHash":"af6ffc5dd501baba7aaa35fbf1ce65ea889ddf79fe2da0e5870435d5b1959c96","typeScriptVersion":"2.0","_id":"@types/node@6.0.68","dist":{"shasum":"0c43b6b8b9445feb86a0fbd3457e3f4bc591e66d","tarball":"https://registry.npmjs.org/@types/node/-/node-6.0.68.tgz"},"maintainers":[{"name":"types","email":"ts-npm-types@microsoft.com"}],"_npmUser":{"name":"types","email":"ts-npm-types@microsoft.com"},"_npmOperationalInternal":{"host":"packages-12-west.internal.npmjs.com","tmp":"tmp/node-6.0.68.tgz_1490655185970_0.9789834134280682"},"directories":{}},"7.0.12":{"name":"@types/node","version":"7.0.12","description":"TypeScript definitions for Node.js","license":"MIT","contributors":[{"name":"Microsoft TypeScript","url":"http://typescriptlang.org"},{"name":"DefinitelyTyped","url":"https://github.com/DefinitelyTyped/DefinitelyTyped"}],"main":"","repository":{"type":"git","url":"https://www.github.com/DefinitelyTyped/DefinitelyTyped.git"},"scripts":{},"dependencies":{},"peerDependencies":{},"typesPublisherContentHash":"251443f97034d6b39b494fd0479f5c9dd24e695ca9312a3f96ce9b2d4ab09807","typeScriptVersion":"2.0","_id":"@types/node@7.0.12","dist":{"shasum":"ae5f67a19c15f752148004db07cbbb372e69efc9","tarball":"https://registry.npmjs.org/@types/node/-/node-7.0.12.tgz"},"maintainers":[{"name":"types","email":"ts-npm-types@microsoft.com"}],"_npmUser":{"name":"types","email":"ts-npm-types@microsoft.com"},"_npmOperationalInternal":{"host":"packages-12-west.internal.npmjs.com","tmp":"tmp/node-7.0.12.tgz_1490655657087_0.9629636625759304"},"directories":{}},"4.2.5":{"name":"@types/node","version":"4.2.5","description":"TypeScript definitions for Node.js","license":"MIT","contributors":[{"name":"Microsoft TypeScript","url":"http://typescriptlang.org"},{"name":"DefinitelyTyped","url":"https://github.com/DefinitelyTyped/DefinitelyTyped"}],"main":"","repository":{"type":"git","url":"https://www.github.com/DefinitelyTyped/DefinitelyTyped.git"},"scripts":{},"dependencies":{},"peerDependencies":{},"typesPublisherContentHash":"b2e8768abccadcef35862e78e32fefffae6ed07c457c5b3fe515e413ebb8d426","typeScriptVersion":"2.0","_id":"@types/node@4.2.5","dist":{"shasum":"deae6dfbd99a40dd6b84ff13946e00f709eb7f69","tarball":"https://registry.npmjs.org/@types/node/-/node-4.2.5.tgz"},"maintainers":[{"name":"types","email":"ts-npm-types@microsoft.com"}],"_npmUser":{"name":"types","email":"ts-npm-types@microsoft.com"},"_npmOperationalInternal":{"host":"packages-18-east.internal.npmjs.com","tmp":"tmp/node-4.2.5.tgz_1492453123232_0.7131207350175828"},"directories":{}},"0.12.3":{"name":"@types/node","version":"0.12.3","description":"TypeScript definitions for Node.js","license":"MIT","contributors":[{"name":"Microsoft TypeScript","url":"http://typescriptlang.org"},{"name":"DefinitelyTyped","url":"https://github.com/DefinitelyTyped/DefinitelyTyped"}],"main":"","repository":{"type":"git","url":"https://www.github.com/DefinitelyTyped/DefinitelyTyped.git"},"scripts":{},"dependencies":{},"peerDependencies":{},"typesPublisherContentHash":"65dd58c73285ab1eacb925fcd89af1bfb3c1e3d61c7279d48b12a862231da10c","typeScriptVersion":"2.0","_id":"@types/node@0.12.3","dist":{"shasum":"181b3125c0df4ee7276be2fa3b0f9a6da2ce9c77","tarball":"https://registry.npmjs.org/@types/node/-/node-0.12.3.tgz"},"maintainers":[{"name":"types","email":"ts-npm-types@microsoft.com"}],"_npmUser":{"name":"types","email":"ts-npm-types@microsoft.com"},"_npmOperationalInternal":{"host":"packages-18-east.internal.npmjs.com","tmp":"tmp/node-0.12.3.tgz_1492453175152_0.16293520713225007"},"directories":{}},"6.0.69":{"name":"@types/node","version":"6.0.69","description":"TypeScript definitions for Node.js","license":"MIT","contributors":[{"name":"Microsoft TypeScript","url":"http://typescriptlang.org"},{"name":"DefinitelyTyped","url":"https://github.com/DefinitelyTyped/DefinitelyTyped"}],"main":"","repository":{"type":"git","url":"https://www.github.com/DefinitelyTyped/DefinitelyTyped.git"},"scripts":{},"dependencies":{},"peerDependencies":{},"typesPublisherContentHash":"b76b375b0e28713d60acde49a82565fb0ebe10fcd38c65687ee56e4a3b3613a1","typeScriptVersion":"2.0","_id":"@types/node@6.0.69","dist":{"shasum":"82d955985fcad2b95a72fcf5f8ea630d772535a7","tarball":"https://registry.npmjs.org/@types/node/-/node-6.0.69.tgz"},"maintainers":[{"name":"types","email":"ts-npm-types@microsoft.com"}],"_npmUser":{"name":"types","email":"ts-npm-types@microsoft.com"},"_npmOperationalInternal":{"host":"packages-12-west.internal.npmjs.com","tmp":"tmp/node-6.0.69.tgz_1492453202961_0.28923932812176645"},"directories":{}},"0.12.4":{"name":"@types/node","version":"0.12.4","description":"TypeScript definitions for Node.js","license":"MIT","contributors":[{"name":"Microsoft TypeScript","url":"http://typescriptlang.org"},{"name":"DefinitelyTyped","url":"https://github.com/DefinitelyTyped/DefinitelyTyped"}],"main":"","repository":{"type":"git","url":"https://www.github.com/DefinitelyTyped/DefinitelyTyped.git"},"scripts":{},"dependencies":{},"peerDependencies":{},"typesPublisherContentHash":"e66358a96b3baee192b35b72f022c70a3c9f9a1873b021ebf131fe701371e554","typeScriptVersion":"2.0","_id":"@types/node@0.12.4","dist":{"shasum":"b24624500650d567d04b95647f64e78f364919f6","tarball":"https://registry.npmjs.org/@types/node/-/node-0.12.4.tgz"},"maintainers":[{"name":"types","email":"ts-npm-types@microsoft.com"}],"_npmUser":{"name":"types","email":"ts-npm-types@microsoft.com"},"_npmOperationalInternal":{"host":"packages-12-west.internal.npmjs.com","tmp":"tmp/node-0.12.4.tgz_1492528139053_0.8239312553778291"},"directories":{}},"4.2.6":{"name":"@types/node","version":"4.2.6","description":"TypeScript definitions for Node.js","license":"MIT","contributors":[{"name":"Microsoft TypeScript","url":"http://typescriptlang.org"},{"name":"DefinitelyTyped","url":"https://github.com/DefinitelyTyped/DefinitelyTyped"}],"main":"","repository":{"type":"git","url":"https://www.github.com/DefinitelyTyped/DefinitelyTyped.git"},"scripts":{},"dependencies":{},"peerDependencies":{},"typesPublisherContentHash":"ae5c6879e65233587fc650d184ed1c7b14bd3752e76af5f874c38566c3b5706a","typeScriptVersion":"2.0","_id":"@types/node@4.2.6","dist":{"shasum":"300809a83a82f5d8c2acb9ce8acaba454fbfd079","tarball":"https://registry.npmjs.org/@types/node/-/node-4.2.6.tgz"},"maintainers":[{"name":"types","email":"ts-npm-types@microsoft.com"}],"_npmUser":{"name":"types","email":"ts-npm-types@microsoft.com"},"_npmOperationalInternal":{"host":"packages-18-east.internal.npmjs.com","tmp":"tmp/node-4.2.6.tgz_1492528244276_0.3193210221361369"},"directories":{}},"6.0.70":{"name":"@types/node","version":"6.0.70","description":"TypeScript definitions for Node.js","license":"MIT","contributors":[{"name":"Microsoft TypeScript","url":"http://typescriptlang.org"},{"name":"DefinitelyTyped","url":"https://github.com/DefinitelyTyped/DefinitelyTyped"}],"main":"","repository":{"type":"git","url":"https://www.github.com/DefinitelyTyped/DefinitelyTyped.git"},"scripts":{},"dependencies":{},"peerDependencies":{},"typesPublisherContentHash":"163e4476120c9aed78b52c0aef7d19f998981127c2dabd6f256acc2524d809e9","typeScriptVersion":"2.0","_id":"@types/node@6.0.70","dist":{"shasum":"f6e04b859205ee3611849921f09819701dbfa5e8","tarball":"https://registry.npmjs.org/@types/node/-/node-6.0.70.tgz"},"maintainers":[{"name":"types","email":"ts-npm-types@microsoft.com"}],"_npmUser":{"name":"types","email":"ts-npm-types@microsoft.com"},"_npmOperationalInternal":{"host":"packages-12-west.internal.npmjs.com","tmp":"tmp/node-6.0.70.tgz_1492528311771_0.08045240608043969"},"directories":{}},"7.0.13":{"name":"@types/node","version":"7.0.13","description":"TypeScript definitions for Node.js","license":"MIT","contributors":[{"name":"Microsoft TypeScript","url":"http://typescriptlang.org"},{"name":"DefinitelyTyped","url":"https://github.com/DefinitelyTyped/DefinitelyTyped"}],"main":"","repository":{"type":"git","url":"https://www.github.com/DefinitelyTyped/DefinitelyTyped.git"},"scripts":{},"dependencies":{},"peerDependencies":{},"typesPublisherContentHash":"22c761981cd0f49b70bd33101b5100cc7a77e9360636a4191d63f328663a8b61","typeScriptVersion":"2.0","_id":"@types/node@7.0.13","dist":{"shasum":"1b0a53fe9ef9c3a5d061b126cc9b915bca43a3f5","tarball":"https://registry.npmjs.org/@types/node/-/node-7.0.13.tgz"},"maintainers":[{"name":"types","email":"ts-npm-types@microsoft.com"}],"_npmUser":{"name":"types","email":"ts-npm-types@microsoft.com"},"_npmOperationalInternal":{"host":"packages-12-west.internal.npmjs.com","tmp":"tmp/node-7.0.13.tgz_1492528338581_0.29624625272117555"},"directories":{}},"7.0.14":{"name":"@types/node","version":"7.0.14","description":"TypeScript definitions for Node.js","license":"MIT","contributors":[{"name":"Microsoft TypeScript","url":"http://typescriptlang.org"},{"name":"DefinitelyTyped","url":"https://github.com/DefinitelyTyped/DefinitelyTyped"}],"main":"","repository":{"type":"git","url":"https://www.github.com/DefinitelyTyped/DefinitelyTyped.git"},"scripts":{},"dependencies":{},"peerDependencies":{},"typesPublisherContentHash":"7811fc506a7376bd459a0e641c70acba70c2bcc6129433588ee4850ed79165f4","typeScriptVersion":"2.0","_id":"@types/node@7.0.14","dist":{"shasum":"1470fa002a113316ac9d9ad163fc738c7a0de2a4","tarball":"https://registry.npmjs.org/@types/node/-/node-7.0.14.tgz"},"maintainers":[{"name":"types","email":"ts-npm-types@microsoft.com"}],"_npmUser":{"name":"types","email":"ts-npm-types@microsoft.com"},"_npmOperationalInternal":{"host":"packages-18-east.internal.npmjs.com","tmp":"tmp/node-7.0.14.tgz_1493228085984_0.0018040207214653492"},"directories":{}},"6.0.71":{"name":"@types/node","version":"6.0.71","description":"TypeScript definitions for Node.js","license":"MIT","contributors":[{"name":"Microsoft TypeScript","url":"http://typescriptlang.org"},{"name":"DefinitelyTyped","url":"https://github.com/DefinitelyTyped/DefinitelyTyped"}],"main":"","repository":{"type":"git","url":"https://www.github.com/DefinitelyTyped/DefinitelyTyped.git"},"scripts":{},"dependencies":{},"peerDependencies":{},"typesPublisherContentHash":"b9c3447faa1506437e2fd7a1b19638085ff8722a7bf69ae23d41a6e64293b898","typeScriptVersion":"2.0","_id":"@types/node@6.0.71","dist":{"shasum":"aa49e0109e35f1457867b45822caf7f4883ca248","tarball":"https://registry.npmjs.org/@types/node/-/node-6.0.71.tgz"},"maintainers":[{"name":"types","email":"ts-npm-types@microsoft.com"}],"_npmUser":{"name":"types","email":"ts-npm-types@microsoft.com"},"_npmOperationalInternal":{"host":"packages-12-west.internal.npmjs.com","tmp":"tmp/node-6.0.71.tgz_1493345508958_0.6245769553352147"},"directories":{}},"7.0.15":{"name":"@types/node","version":"7.0.15","description":"TypeScript definitions for Node.js","license":"MIT","contributors":[{"name":"Microsoft TypeScript","url":"http://typescriptlang.org"},{"name":"DefinitelyTyped","url":"https://github.com/DefinitelyTyped/DefinitelyTyped"}],"main":"","repository":{"type":"git","url":"https://www.github.com/DefinitelyTyped/DefinitelyTyped.git"},"scripts":{},"dependencies":{},"peerDependencies":{},"typesPublisherContentHash":"597a98930a3ddfa9ac589458d87a36bdf7bb13b2a0e6880f27ad0d320878aa7c","typeScriptVersion":"2.0","_id":"@types/node@7.0.15","dist":{"shasum":"628429289604c5f7e56c13f3a0422f3e59df1a17","tarball":"https://registry.npmjs.org/@types/node/-/node-7.0.15.tgz"},"maintainers":[{"name":"types","email":"ts-npm-types@microsoft.com"}],"_npmUser":{"name":"types","email":"ts-npm-types@microsoft.com"},"_npmOperationalInternal":{"host":"packages-18-east.internal.npmjs.com","tmp":"tmp/node-7.0.15.tgz_1493671720840_0.09558156714774668"},"directories":{}},"4.2.7":{"name":"@types/node","version":"4.2.7","description":"TypeScript definitions for Node.js","license":"MIT","contributors":[{"name":"Microsoft TypeScript","url":"http://typescriptlang.org"},{"name":"DefinitelyTyped","url":"https://github.com/DefinitelyTyped/DefinitelyTyped"}],"main":"","repository":{"type":"git","url":"https://www.github.com/DefinitelyTyped/DefinitelyTyped.git"},"scripts":{},"dependencies":{},"peerDependencies":{},"typesPublisherContentHash":"e818e2d78e994a9a4e7ec2c34c225ce1bd22ba66f792311e34585da740e80831","typeScriptVersion":"2.0","_id":"@types/node@4.2.7","dist":{"shasum":"613c2b2dd1c55f47d2859a223b37f8053c49c1c1","tarball":"https://registry.npmjs.org/@types/node/-/node-4.2.7.tgz"},"maintainers":[{"name":"types","email":"ts-npm-types@microsoft.com"}],"_npmUser":{"name":"types","email":"ts-npm-types@microsoft.com"},"_npmOperationalInternal":{"host":"packages-12-west.internal.npmjs.com","tmp":"tmp/node-4.2.7.tgz_1493838963974_0.9174145157448947"},"directories":{}},"6.0.72":{"name":"@types/node","version":"6.0.72","description":"TypeScript definitions for Node.js","license":"MIT","contributors":[{"name":"Microsoft TypeScript","url":"http://typescriptlang.org"},{"name":"DefinitelyTyped","url":"https://github.com/DefinitelyTyped/DefinitelyTyped"}],"main":"","repository":{"type":"git","url":"https://www.github.com/DefinitelyTyped/DefinitelyTyped.git"},"scripts":{},"dependencies":{},"peerDependencies":{},"typesPublisherContentHash":"07c25a7f204b2c92fff437fff45c760e823ef20a1cf597e8bb910747617e0b86","typeScriptVersion":"2.0","_id":"@types/node@6.0.72","dist":{"shasum":"0f19de38555f3c33d733d678991347f7d0eefaff","tarball":"https://registry.npmjs.org/@types/node/-/node-6.0.72.tgz"},"maintainers":[{"name":"types","email":"ts-npm-types@microsoft.com"}],"_npmUser":{"name":"types","email":"ts-npm-types@microsoft.com"},"_npmOperationalInternal":{"host":"packages-18-east.internal.npmjs.com","tmp":"tmp/node-6.0.72.tgz_1493840810167_0.32657682872377336"},"directories":{}},"7.0.16":{"name":"@types/node","version":"7.0.16","description":"TypeScript definitions for Node.js","license":"MIT","contributors":[{"name":"Microsoft TypeScript","url":"http://typescriptlang.org"},{"name":"DefinitelyTyped","url":"https://github.com/DefinitelyTyped/DefinitelyTyped"}],"main":"","repository":{"type":"git","url":"https://www.github.com/DefinitelyTyped/DefinitelyTyped.git"},"scripts":{},"dependencies":{},"peerDependencies":{},"typesPublisherContentHash":"fea3e230ea27b22f75366e46e2925b42b69071252571a724380444854e6f87d3","typeScriptVersion":"2.0","_id":"@types/node@7.0.16","dist":{"shasum":"e3440e3ce4d4931616ac418cc4dc16cd94b80092","tarball":"https://registry.npmjs.org/@types/node/-/node-7.0.16.tgz"},"maintainers":[{"name":"types","email":"ts-npm-types@microsoft.com"}],"_npmUser":{"name":"types","email":"ts-npm-types@microsoft.com"},"_npmOperationalInternal":{"host":"packages-18-east.internal.npmjs.com","tmp":"tmp/node-7.0.16.tgz_1493841402014_0.16756413760595024"},"directories":{}},"7.0.17":{"name":"@types/node","version":"7.0.17","description":"TypeScript definitions for Node.js","license":"MIT","contributors":[{"name":"Microsoft TypeScript","url":"http://typescriptlang.org"},{"name":"DefinitelyTyped","url":"https://github.com/DefinitelyTyped/DefinitelyTyped"}],"main":"","repository":{"type":"git","url":"https://www.github.com/DefinitelyTyped/DefinitelyTyped.git"},"scripts":{},"dependencies":{},"peerDependencies":{},"typesPublisherContentHash":"3f3f48e265d6fff6a244418f1a0fbf964bbe49f1393dddce72ddc6520b4c6b0f","typeScriptVersion":"2.0","_id":"@types/node@7.0.17","dist":{"shasum":"8b75e7e03c63c2cb320dad967809b1669f4b2581","tarball":"https://registry.npmjs.org/@types/node/-/node-7.0.17.tgz"},"maintainers":[{"name":"types","email":"ts-npm-types@microsoft.com"}],"_npmUser":{"name":"types","email":"ts-npm-types@microsoft.com"},"_npmOperationalInternal":{"host":"packages-12-west.internal.npmjs.com","tmp":"tmp/node-7.0.17.tgz_1493945301335_0.8387445083353668"},"directories":{}},"7.0.18":{"name":"@types/node","version":"7.0.18","description":"TypeScript definitions for Node.js","license":"MIT","contributors":[{"name":"Microsoft TypeScript","url":"http://typescriptlang.org"},{"name":"DefinitelyTyped","url":"https://github.com/DefinitelyTyped/DefinitelyTyped"},{"name":"Parambir Singh","url":"https://github.com/parambirs"}],"main":"","repository":{"type":"git","url":"https://www.github.com/DefinitelyTyped/DefinitelyTyped.git"},"scripts":{},"dependencies":{},"peerDependencies":{},"typesPublisherContentHash":"9526a64c722518023887f89cf14ab1adb511f0ca6eab21156da5c5890262ec63","typeScriptVersion":"2.0","_id":"@types/node@7.0.18","dist":{"shasum":"cd67f27d3dc0cfb746f0bdd5e086c4c5d55be173","tarball":"https://registry.npmjs.org/@types/node/-/node-7.0.18.tgz"},"maintainers":[{"name":"types","email":"ts-npm-types@microsoft.com"}],"_npmUser":{"name":"types","email":"ts-npm-types@microsoft.com"},"_npmOperationalInternal":{"host":"packages-18-east.internal.npmjs.com","tmp":"tmp/node-7.0.18.tgz_1493946000465_0.7505496044177562"},"directories":{}},"4.2.8":{"name":"@types/node","version":"4.2.8","description":"TypeScript definitions for Node.js","license":"MIT","contributors":[{"name":"Microsoft TypeScript","url":"http://typescriptlang.org"},{"name":"DefinitelyTyped","url":"https://github.com/DefinitelyTyped/DefinitelyTyped"}],"main":"","repository":{"type":"git","url":"https://www.github.com/DefinitelyTyped/DefinitelyTyped.git"},"scripts":{},"dependencies":{},"peerDependencies":{},"typesPublisherContentHash":"52310332fcf9bda2ecf032d389ecb87c7eb1e2d3267625b9bce6719f82186c50","typeScriptVersion":"2.0","_id":"@types/node@4.2.8","dist":{"shasum":"26fd8fbc5b5ec7822614d950e237956ee92b88cd","tarball":"https://registry.npmjs.org/@types/node/-/node-4.2.8.tgz"},"maintainers":[{"name":"types","email":"ts-npm-types@microsoft.com"}],"_npmUser":{"name":"types","email":"ts-npm-types@microsoft.com"},"_npmOperationalInternal":{"host":"packages-18-east.internal.npmjs.com","tmp":"tmp/node-4.2.8.tgz_1494026942516_0.7521267214324325"},"directories":{}},"6.0.73":{"name":"@types/node","version":"6.0.73","description":"TypeScript definitions for Node.js","license":"MIT","contributors":[{"name":"Microsoft TypeScript","url":"http://typescriptlang.org"},{"name":"DefinitelyTyped","url":"https://github.com/DefinitelyTyped/DefinitelyTyped"}],"main":"","repository":{"type":"git","url":"https://www.github.com/DefinitelyTyped/DefinitelyTyped.git"},"scripts":{},"dependencies":{},"peerDependencies":{},"typesPublisherContentHash":"8b94acdbcd4436422b0aa9b36174275b068de8a1a7f8ba4895cac4aa6e6e57f6","typeScriptVersion":"2.0","_id":"@types/node@6.0.73","dist":{"shasum":"85dc4bb6f125377c75ddd2519a1eeb63f0a4ed70","tarball":"https://registry.npmjs.org/@types/node/-/node-6.0.73.tgz"},"maintainers":[{"name":"types","email":"ts-npm-types@microsoft.com"}],"_npmUser":{"name":"types","email":"ts-npm-types@microsoft.com"},"_npmOperationalInternal":{"host":"packages-18-east.internal.npmjs.com","tmp":"tmp/node-6.0.73.tgz_1494026946400_0.42671967670321465"},"directories":{}},"7.0.19":{"name":"@types/node","version":"7.0.19","description":"TypeScript definitions for Node.js","license":"MIT","contributors":[{"name":"Microsoft TypeScript","url":"http://typescriptlang.org"},{"name":"DefinitelyTyped","url":"https://github.com/DefinitelyTyped/DefinitelyTyped"},{"name":"Parambir Singh","url":"https://github.com/parambirs"}],"main":"","repository":{"type":"git","url":"https://www.github.com/DefinitelyTyped/DefinitelyTyped.git"},"scripts":{},"dependencies":{},"peerDependencies":{},"typesPublisherContentHash":"ebf68ae4b5a3606d7fd56070a1302d22bba25496a81bc368600f5475c4509beb","typeScriptVersion":"2.0","_id":"@types/node@7.0.19","dist":{"shasum":"7086080a43304449418b37390733384657bb4b0c","tarball":"https://registry.npmjs.org/@types/node/-/node-7.0.19.tgz"},"maintainers":[{"name":"types","email":"ts-npm-types@microsoft.com"}],"_npmUser":{"name":"types","email":"ts-npm-types@microsoft.com"},"_npmOperationalInternal":{"host":"s3://npm-registry-packages","tmp":"tmp/node-7.0.19.tgz_1495237392245_0.49556595948524773"},"directories":{}},"7.0.20":{"name":"@types/node","version":"7.0.20","description":"TypeScript definitions for Node.js","license":"MIT","contributors":[{"name":"Microsoft TypeScript","url":"http://typescriptlang.org"},{"name":"DefinitelyTyped","url":"https://github.com/DefinitelyTyped/DefinitelyTyped"},{"name":"Parambir Singh","url":"https://github.com/parambirs"}],"main":"","repository":{"type":"git","url":"https://www.github.com/DefinitelyTyped/DefinitelyTyped.git"},"scripts":{},"dependencies":{},"peerDependencies":{},"typesPublisherContentHash":"b9d1760c5aa1f18628b36fa42d188dca5bb5f1d8233eb6a4d54c2aa91be50047","typeScriptVersion":"2.0","_id":"@types/node@7.0.20","dist":{"shasum":"3797f0ad350fed4eb30e2cc29c40c755d6c225ea","tarball":"https://registry.npmjs.org/@types/node/-/node-7.0.20.tgz"},"maintainers":[{"name":"types","email":"ts-npm-types@microsoft.com"}],"_npmUser":{"name":"types","email":"ts-npm-types@microsoft.com"},"_npmOperationalInternal":{"host":"s3://npm-registry-packages","tmp":"tmp/node-7.0.20.tgz_1495237740966_0.006328295916318893"},"directories":{}},"7.0.21":{"name":"@types/node","version":"7.0.21","description":"TypeScript definitions for Node.js","license":"MIT","contributors":[{"name":"Microsoft TypeScript","url":"http://typescriptlang.org"},{"name":"DefinitelyTyped","url":"https://github.com/DefinitelyTyped/DefinitelyTyped"},{"name":"Parambir Singh","url":"https://github.com/parambirs"}],"main":"","repository":{"type":"git","url":"https://www.github.com/DefinitelyTyped/DefinitelyTyped.git"},"scripts":{},"dependencies":{},"peerDependencies":{},"typesPublisherContentHash":"56a43abc4b9e65ada6376d2f73d9b08ed67fb44d4fbf5a8bf75039c0d107e5d3","typeScriptVersion":"2.0","_id":"@types/node@7.0.21","dist":{"shasum":"22a890f19b26cff9b6699b493dea1bcee4410da1","tarball":"https://registry.npmjs.org/@types/node/-/node-7.0.21.tgz"},"maintainers":[{"name":"types","email":"ts-npm-types@microsoft.com"}],"_npmUser":{"name":"types","email":"ts-npm-types@microsoft.com"},"_npmOperationalInternal":{"host":"s3://npm-registry-packages","tmp":"tmp/node-7.0.21.tgz_1495238654018_0.6346559983212501"},"directories":{}},"7.0.22":{"name":"@types/node","version":"7.0.22","description":"TypeScript definitions for Node.js","license":"MIT","contributors":[{"name":"Microsoft TypeScript","url":"http://typescriptlang.org"},{"name":"DefinitelyTyped","url":"https://github.com/DefinitelyTyped/DefinitelyTyped"},{"name":"Parambir Singh","url":"https://github.com/parambirs"}],"main":"","repository":{"type":"git","url":"https://www.github.com/DefinitelyTyped/DefinitelyTyped.git"},"scripts":{},"dependencies":{},"peerDependencies":{},"typesPublisherContentHash":"43ccd69e7dd03c051fa3159d760ea92c753547b0db35cd1b45a291f5fa67c492","typeScriptVersion":"2.0","_id":"@types/node@7.0.22","dist":{"shasum":"4593f4d828bdd612929478ea40c67b4f403ca255","tarball":"https://registry.npmjs.org/@types/node/-/node-7.0.22.tgz"},"maintainers":[{"name":"types","email":"ts-npm-types@microsoft.com"}],"_npmUser":{"name":"types","email":"ts-npm-types@microsoft.com"},"_npmOperationalInternal":{"host":"s3://npm-registry-packages","tmp":"tmp/node-7.0.22.tgz_1495485075304_0.22047918639145792"},"directories":{}}},"readme":"# Installation\r\n> `npm install --save @types/node`\r\n\r\n# Summary\r\nThis package contains type definitions for Node.js (http://nodejs.org/).\r\n\r\n# Details\r\nFiles were exported from https://www.github.com/DefinitelyTyped/DefinitelyTyped/tree/master/types/node\r\n\r\nAdditional Details\r\n * Last updated: Mon, 22 May 2017 20:30:42 GMT\r\n * Dependencies: events, net, stream, child_process, tls, http, readline, crypto\r\n * Global values: Buffer, NodeJS, SlowBuffer, Symbol, ___dirname, ___filename, clearImmediate, clearInterval, clearTimeout, console, exports, global, module, process, require, setImmediate, setInterval, setTimeout\r\n\r\n# Credits\r\nThese definitions were written by Microsoft TypeScript <http://typescriptlang.org>, DefinitelyTyped <https://github.com/DefinitelyTyped/DefinitelyTyped>, Parambir Singh <https://github.com/parambirs>.\r\n","maintainers":[{"name":"types","email":"ts-npm-types@microsoft.com"}],"time":{"modified":"2017-05-22T20:31:16.703Z","created":"2016-05-17T18:26:38.670Z","4.0.15-alpha":"2016-05-17T18:26:38.670Z","4.0.16-alpha":"2016-05-19T21:50:06.330Z","4.0.21-alpha":"2016-05-20T20:16:30.842Z","4.0.22-alpha":"2016-05-25T05:33:19.694Z","4.0.23-alpha":"2016-07-01T20:10:48.831Z","4.0.24-alpha":"2016-07-01T23:34:10.043Z","4.0.25-alpha":"2016-07-02T01:46:52.435Z","4.0.26-alpha":"2016-07-03T23:23:02.183Z","4.0.27-alpha":"2016-07-08T20:57:57.827Z","4.0.28-alpha":"2016-07-12T14:02:06.186Z","4.0.29":"2016-07-14T15:33:57.759Z","4.0.30":"2016-07-19T13:13:31.496Z","6.0.31":"2016-08-02T16:02:00.614Z","6.0.32":"2016-08-08T20:37:12.942Z","6.0.33":"2016-08-11T13:55:17.831Z","6.0.34":"2016-08-15T23:52:23.879Z","6.0.35":"2016-08-18T13:53:51.246Z","6.0.36":"2016-08-19T15:35:31.884Z","6.0.37":"2016-08-22T17:58:26.263Z","6.0.38":"2016-08-25T18:51:38.025Z","6.0.39":"2016-09-19T17:56:02.366Z","6.0.40":"2016-09-21T20:28:00.867Z","6.0.41":"2016-09-23T17:59:52.282Z","6.0.42":"2016-10-03T15:24:48.625Z","6.0.43":"2016-10-05T20:59:50.067Z","6.0.44":"2016-10-06T05:21:19.389Z","6.0.45":"2016-10-06T05:25:05.983Z","6.0.46":"2016-10-26T19:27:12.332Z","6.0.47":"2016-11-14T19:36:43.059Z","6.0.48":"2016-11-15T15:13:04.688Z","6.0.49":"2016-11-21T14:53:33.361Z","6.0.50":"2016-11-22T21:00:55.417Z","6.0.51":"2016-11-23T18:39:12.774Z","0.0.0":"2016-11-28T16:30:56.095Z","0.0.1":"2016-11-29T21:52:53.444Z","0.0.2":"2016-11-30T23:09:25.963Z","0.0.3":"2016-12-12T16:42:01.422Z","6.0.52":"2016-12-13T21:10:09.177Z","6.0.53":"2016-12-23T14:16:14.238Z","6.0.54":"2016-12-27T09:45:16.982Z","6.0.55":"2016-12-29T23:12:04.025Z","6.0.56":"2017-01-03T18:25:35.283Z","6.0.57":"2017-01-04T21:01:43.226Z","6.0.58":"2017-01-06T14:43:41.993Z","6.0.59":"2017-01-09T20:58:22.127Z","4.2.0":"2017-01-10T18:54:05.686Z","0.12.0":"2017-01-10T18:54:08.456Z","7.0.0":"2017-01-11T02:15:30.282Z","6.0.60":"2017-01-11T02:15:33.119Z","7.0.1":"2017-01-21T23:02:02.972Z","6.0.61":"2017-01-23T08:16:45.725Z","7.0.2":"2017-01-23T08:24:52.440Z","7.0.3":"2017-01-23T21:32:38.344Z","7.0.4":"2017-01-24T18:50:52.855Z","4.2.1":"2017-01-25T20:03:06.418Z","6.0.62":"2017-01-25T20:03:07.939Z","7.0.5":"2017-02-04T02:11:04.660Z","6.0.63":"2017-02-07T22:45:20.209Z","4.2.2":"2017-02-09T19:37:29.429Z","0.12.1":"2017-02-28T14:24:52.091Z","4.2.3":"2017-02-28T14:24:53.796Z","6.0.64":"2017-02-28T14:24:57.082Z","7.0.6":"2017-03-08T19:42:00.027Z","6.0.65":"2017-03-09T00:20:53.191Z","7.0.7":"2017-03-09T00:26:27.648Z","7.0.8":"2017-03-10T05:32:34.878Z","4.2.4":"2017-03-22T22:32:05.862Z","0.12.2":"2017-03-22T22:45:35.621Z","6.0.66":"2017-03-22T22:51:28.570Z","7.0.9":"2017-03-22T22:58:16.768Z","7.0.10":"2017-03-22T23:18:43.737Z","7.0.11":"2017-03-24T23:56:48.368Z","6.0.67":"2017-03-27T16:20:30.799Z","6.0.68":"2017-03-27T22:53:06.206Z","7.0.12":"2017-03-27T23:00:57.373Z","4.2.5":"2017-04-17T18:18:45.280Z","0.12.3":"2017-04-17T18:19:37.137Z","6.0.69":"2017-04-17T18:20:03.204Z","0.12.4":"2017-04-18T15:09:00.969Z","4.2.6":"2017-04-18T15:10:46.321Z","6.0.70":"2017-04-18T15:11:52.130Z","7.0.13":"2017-04-18T15:12:18.810Z","7.0.14":"2017-04-26T17:34:48.628Z","6.0.71":"2017-04-28T02:11:49.214Z","7.0.15":"2017-05-01T20:48:42.883Z","4.2.7":"2017-05-03T19:16:04.200Z","6.0.72":"2017-05-03T19:46:52.602Z","7.0.16":"2017-05-03T19:56:44.373Z","7.0.17":"2017-05-05T00:48:21.610Z","7.0.18":"2017-05-05T01:00:02.407Z","4.2.8":"2017-05-05T23:29:04.519Z","6.0.73":"2017-05-05T23:29:08.447Z","7.0.19":"2017-05-19T23:43:12.331Z","7.0.20":"2017-05-19T23:49:01.084Z","7.0.21":"2017-05-20T00:04:14.124Z","7.0.22":"2017-05-22T20:31:15.427Z"},"license":"MIT","readmeFilename":"","repository":{"type":"git","url":"https://www.github.com/DefinitelyTyped/DefinitelyTyped.git"},"users":{"mrbgit":true,"satoru":true},"contributors":[{"name":"Microsoft TypeScript","url":"http://typescriptlang.org"},{"name":"DefinitelyTyped","url":"https://github.com/DefinitelyTyped/DefinitelyTyped"},{"name":"Parambir Singh","url":"https://github.com/parambirs"}],"_attachments":{},"_etag":"W/\"59234a94-1827f\"","_lastModified":"Mon, 22 May 2017 20:31:16 GMT","_cached":true}