{"_id":"stackframe","_rev":"17-1185a8bc39d9d58f9284b1ef991b6578","name":"stackframe","description":"JS Object representation of a stack frame","dist-tags":{"latest":"1.0.3","beta":"1.0.0"},"versions":{"0.1.0":{"name":"stackframe","description":"JS Object representation of a stack frame","author":{"name":"Eric Wendelin","email":"me@eriwen.com","url":"http://eriwen.com"},"version":"0.1.0","keywords":["stacktrace","error"],"homepage":"http://www.stacktracejs.com","repository":{"type":"git","url":"git://github.com/stacktracejs/stackframe.git"},"bugs":{"url":"https://github.com/stacktracejs/stackframe/issues"},"licenses":[{"type":"Public Domain","url":"https://github.com/stacktracejs/stackframe/blob/master/LICENSE"}],"main":"./stackframe.js","_id":"stackframe@0.1.0","_shasum":"c00e29e047b7769ed768935b0cc35856240b0f8b","_from":".","_npmVersion":"1.4.9","_npmUser":{"name":"eriwen","email":"me@eriwen.com"},"maintainers":[{"name":"eriwen","email":"me@eriwen.com"}],"dist":{"shasum":"0c8c18653955c1e86ffa4cea9ccac6036bdebc79","tarball":"https://registry.npmjs.org/stackframe/-/stackframe-0.1.0.tgz"},"directories":{}},"0.1.1":{"name":"stackframe","description":"JS Object representation of a stack frame","maintainers":[{"name":"eriwen","email":"me@eriwen.com"}],"version":"0.1.1","keywords":["stacktrace","error","debugger"],"homepage":"http://www.stacktracejs.com","repository":{"type":"git","url":"git://github.com/stacktracejs/stackframe.git"},"devDependencies":{"colors":"~1.0.3","coveralls":"^2.11.2","jasmine-node":"~1.14","jshint":"^2.5.6","karma":"~0.12","karma-chrome-launcher":"^0.1.5","karma-coverage":"^0.2.6","karma-firefox-launcher":"^0.1.3","karma-ie-launcher":"^0.1.5","karma-jasmine":"^0.1.5","karma-opera-launcher":"^0.1.0","karma-phantomjs-launcher":"^0.1.4","karma-safari-launcher":"^0.1.1","karma-sauce-launcher":"^0.2.10"},"bugs":{"url":"https://github.com/stacktracejs/stackframe/issues"},"licenses":[{"type":"Public Domain","url":"https://github.com/stacktracejs/stackframe/blob/master/LICENSE"}],"main":"./stackframe.js","scripts":{"test":"make test"},"gitHead":"b3c31ea4c804e1fd44f39cec03dfb1b230b6152b","_id":"stackframe@0.1.1","_shasum":"55baa1e962849a5d50194365b5ec69d7f8aa2b00","_from":".","_npmVersion":"1.4.28","_npmUser":{"name":"eriwen","email":"me@eriwen.com"},"dist":{"shasum":"55baa1e962849a5d50194365b5ec69d7f8aa2b00","tarball":"https://registry.npmjs.org/stackframe/-/stackframe-0.1.1.tgz"},"directories":{}},"0.2.0":{"name":"stackframe","description":"JS Object representation of a stack frame","maintainers":[{"name":"eriwen","email":"me@eriwen.com"}],"version":"0.2.0","keywords":["stacktrace","error","debugger","stack frame"],"homepage":"http://www.stacktracejs.com","repository":{"type":"git","url":"git://github.com/stacktracejs/stackframe.git"},"devDependencies":{"colors":"~1.0.3","coveralls":"^2.11.2","jasmine-node":"~1.14","jshint":"^2.5.6","karma":"~0.12","karma-chrome-launcher":"^0.1.5","karma-coverage":"^0.2.6","karma-firefox-launcher":"^0.1.3","karma-ie-launcher":"^0.1.5","karma-jasmine":"^0.1.5","karma-opera-launcher":"^0.1.0","karma-phantomjs-launcher":"^0.1.4","karma-safari-launcher":"^0.1.1","karma-sauce-launcher":"^0.2.10"},"bugs":{"url":"https://github.com/stacktracejs/stackframe/issues"},"licenses":[{"type":"Public Domain","url":"https://github.com/stacktracejs/stackframe/blob/master/LICENSE"}],"main":"./stackframe.js","scripts":{"test":"make test"},"gitHead":"3059c54fda81f5bb5a60e150866f59c559d7fe0a","_id":"stackframe@0.2.0","_shasum":"ce9a9a990f8602ab5b1e055c69cd9bd24ebeaeeb","_from":".","_npmVersion":"1.4.28","_npmUser":{"name":"eriwen","email":"me@eriwen.com"},"dist":{"shasum":"ce9a9a990f8602ab5b1e055c69cd9bd24ebeaeeb","tarball":"https://registry.npmjs.org/stackframe/-/stackframe-0.2.0.tgz"},"directories":{}},"0.2.1":{"name":"stackframe","description":"JS Object representation of a stack frame","maintainers":[{"name":"eriwen","email":"me@eriwen.com"}],"version":"0.2.1","keywords":["stacktrace","error","debugger","stack frame"],"homepage":"http://www.stacktracejs.com","repository":{"type":"git","url":"git://github.com/stacktracejs/stackframe.git"},"devDependencies":{"colors":"~1.0.3","coveralls":"^2.11.2","jasmine-node":"~1.14","jshint":"^2.5.10","karma":"~0.12","karma-chrome-launcher":"^0.1.5","karma-coverage":"^0.2.6","karma-firefox-launcher":"^0.1.3","karma-ie-launcher":"^0.1.5","karma-jasmine":"^0.2.3","karma-opera-launcher":"^0.1.0","karma-phantomjs-launcher":"^0.1.4","karma-safari-launcher":"^0.1.1","karma-sauce-launcher":"^0.2.10","uglify-js2":"^2.1.11"},"bugs":{"url":"https://github.com/stacktracejs/stackframe/issues"},"licenses":[{"type":"Public Domain","url":"https://github.com/stacktracejs/stackframe/blob/master/LICENSE"}],"main":"./stackframe.js","scripts":{"test":"make test"},"gitHead":"6feb108f6826aaf87d570bdc70f03405a9751770","_id":"stackframe@0.2.1","_shasum":"f9e19eaaccf3962060b05194ed837d9a503219d4","_from":".","_npmVersion":"1.4.28","_npmUser":{"name":"eriwen","email":"me@eriwen.com"},"dist":{"shasum":"f9e19eaaccf3962060b05194ed837d9a503219d4","tarball":"https://registry.npmjs.org/stackframe/-/stackframe-0.2.1.tgz"},"directories":{}},"0.2.2":{"name":"stackframe","description":"JS Object representation of a stack frame","maintainers":[{"name":"eriwen","email":"me@eriwen.com"}],"version":"0.2.2","keywords":["stacktrace","error","debugger","stack frame"],"homepage":"http://www.stacktracejs.com","repository":{"type":"git","url":"git://github.com/stacktracejs/stackframe.git"},"devDependencies":{"colors":"~1.0.3","coveralls":"^2.11.2","jasmine-node":"~1.14","jshint":"^2.6.0","karma":"~0.12","karma-chrome-launcher":"^0.1.5","karma-coverage":"^0.2.6","karma-firefox-launcher":"^0.1.3","karma-ie-launcher":"^0.1.5","karma-jasmine":"^0.2.3","karma-opera-launcher":"^0.1.0","karma-phantomjs-launcher":"^0.1.4","karma-safari-launcher":"^0.1.1","karma-sauce-launcher":"^0.2.10","uglify-js2":"^2.1.11"},"bugs":{"url":"https://github.com/stacktracejs/stackframe/issues"},"licenses":[{"type":"Public Domain","url":"https://github.com/stacktracejs/stackframe/blob/master/LICENSE"}],"main":"./stackframe.js","scripts":{"test":"make test"},"gitHead":"49dd7e8c64309217e6c146ee7d56b9893c91f9cd","_id":"stackframe@0.2.2","_shasum":"477b3d067b2ca51c287039ad054192fe5492f95e","_from":".","_npmVersion":"1.4.28","_npmUser":{"name":"eriwen","email":"me@eriwen.com"},"dist":{"shasum":"477b3d067b2ca51c287039ad054192fe5492f95e","tarball":"https://registry.npmjs.org/stackframe/-/stackframe-0.2.2.tgz"},"directories":{}},"0.3.0":{"name":"stackframe","description":"JS Object representation of a stack frame","maintainers":[{"name":"eriwen","email":"me@eriwen.com"}],"version":"0.3.0","keywords":["stacktrace","error","debugger","stack frame"],"homepage":"http://www.stacktracejs.com","repository":{"type":"git","url":"git://github.com/stacktracejs/stackframe.git"},"devDependencies":{"colors":"~1.0.3","coveralls":"^2.11.2","jasmine-node":"~1.14","jshint":"^2.6.0","karma":"~0.12","karma-chrome-launcher":"^0.1.5","karma-coverage":"^0.2.6","karma-firefox-launcher":"^0.1.3","karma-ie-launcher":"^0.1.5","karma-jasmine":"^0.2.3","karma-opera-launcher":"^0.1.0","karma-phantomjs-launcher":"^0.1.4","karma-safari-launcher":"^0.1.1","karma-sauce-launcher":"^0.2.10","uglify-js2":"^2.1.11"},"bugs":{"url":"https://github.com/stacktracejs/stackframe/issues"},"licenses":[{"type":"Public Domain","url":"https://github.com/stacktracejs/stackframe/blob/master/LICENSE"}],"main":"./stackframe.js","scripts":{"test":"make test"},"gitHead":"50893d707f730454cf8d8100a1535f733e228d91","_id":"stackframe@0.3.0","_shasum":"4e07808e181f9f2951f042ffc3fd120899b65525","_from":".","_npmVersion":"2.10.1","_nodeVersion":"0.12.4","_npmUser":{"name":"eriwen","email":"me@eriwen.com"},"dist":{"shasum":"4e07808e181f9f2951f042ffc3fd120899b65525","tarball":"https://registry.npmjs.org/stackframe/-/stackframe-0.3.0.tgz"},"directories":{}},"0.3.1":{"name":"stackframe","description":"JS Object representation of a stack frame","maintainers":[{"name":"eriwen","email":"me@eriwen.com"}],"version":"0.3.1","license":"SEE LICENSE IN LICENSE","keywords":["stacktrace","error","debugger","stack frame"],"homepage":"http://www.stacktracejs.com","repository":{"type":"git","url":"git://github.com/stacktracejs/stackframe.git"},"devDependencies":{"colors":"^1.1.2","del":"^1.2.0","gulp":"^3.9.0","gulp-coveralls":"^0.1.4","gulp-jshint":"^1.11.2","gulp-rename":"^1.2.2","gulp-sourcemaps":"^1.5.2","gulp-uglify":"^1.2.0","jasmine-node":"~1.14","karma":"~0.12","karma-chrome-launcher":"^0.1.5","karma-coverage":"^0.2.6","karma-firefox-launcher":"^0.1.3","karma-ie-launcher":"^0.1.5","karma-jasmine":"^0.2.3","karma-opera-launcher":"^0.1.0","karma-phantomjs2-launcher":"^0.3.0","karma-safari-launcher":"^0.1.1","karma-sauce-launcher":"^0.2.10","run-sequence":"^1.1.2"},"bugs":{"url":"https://github.com/stacktracejs/stackframe/issues"},"main":"./stackframe.js","scripts":{"test":"gulp test"},"gitHead":"8886fa805e7252bf8854647e06b7f6a2d50339b1","_id":"stackframe@0.3.1","_shasum":"33aa84f1177a5548c8935533cbfeb3420975f5a4","_from":".","_npmVersion":"2.10.1","_nodeVersion":"0.12.4","_npmUser":{"name":"eriwen","email":"me@eriwen.com"},"dist":{"shasum":"33aa84f1177a5548c8935533cbfeb3420975f5a4","tarball":"https://registry.npmjs.org/stackframe/-/stackframe-0.3.1.tgz"},"directories":{}},"1.0.0":{"name":"stackframe","description":"JS Object representation of a stack frame","maintainers":[{"name":"eriwen","email":"me@eriwen.com"},{"name":"oliversalzburg","email":"oliver.salzburg@gmail.com"}],"version":"1.0.0","license":"SEE LICENSE IN LICENSE","keywords":["stacktrace","error","debugger","stack frame"],"homepage":"https://www.stacktracejs.com","repository":{"type":"git","url":"git://github.com/stacktracejs/stackframe.git"},"devDependencies":{"colors":"^1.1.2","del":"^2.2.0","gulp":"^3.9.0","gulp-coveralls":"^0.1.4","gulp-jshint":"^2.0.0","gulp-rename":"^1.2.2","gulp-sourcemaps":"^1.6.0","gulp-uglify":"^1.5.1","jasmine":"^2.4.1","jasmine-core":"^2.4.1","jshint":"^2.8.0","karma":"^0.13.15","karma-chrome-launcher":"^0.2.2","karma-coverage":"^0.5.3","karma-firefox-launcher":"^0.1.7","karma-ie-launcher":"^0.2.0","karma-jasmine":"^0.3.6","karma-opera-launcher":"^0.3.0","karma-phantomjs2-launcher":"^0.3.2","karma-safari-launcher":"^0.1.1","karma-sauce-launcher":"^0.3.0","run-sequence":"^1.1.5"},"bugs":{"url":"https://github.com/stacktracejs/stackframe/issues"},"main":"./stackframe.js","scripts":{"test":"gulp test"},"gitHead":"7fea06d2f74706cde5b8c4ebfcf2ddc7c4e9ca25","_id":"stackframe@1.0.0","_shasum":"ea6dd6c25e7a4529ed62d40974e193fe2e7339d6","_from":".","_npmVersion":"2.10.1","_nodeVersion":"0.12.4","_npmUser":{"name":"eriwen","email":"me@eriwen.com"},"dist":{"shasum":"ea6dd6c25e7a4529ed62d40974e193fe2e7339d6","tarball":"https://registry.npmjs.org/stackframe/-/stackframe-1.0.0.tgz"},"directories":{}},"1.0.1":{"name":"stackframe","description":"JS Object representation of a stack frame","maintainers":[{"name":"eriwen","email":"me@eriwen.com"},{"name":"oliversalzburg","email":"oliver.salzburg@gmail.com"}],"version":"1.0.1","license":"Unlicense","keywords":["stacktrace","error","debugger","stack frame"],"homepage":"https://www.stacktracejs.com","repository":{"type":"git","url":"git://github.com/stacktracejs/stackframe.git"},"devDependencies":{"colors":"^1.1.2","del":"^2.2.0","gulp":"^3.9.0","gulp-coveralls":"^0.1.4","gulp-jshint":"^2.0.0","gulp-rename":"^1.2.2","gulp-sourcemaps":"^1.6.0","gulp-uglify":"^1.5.1","jasmine":"^2.4.1","jasmine-core":"^2.4.1","jshint":"^2.8.0","karma":"^0.13.15","karma-chrome-launcher":"^0.2.2","karma-coverage":"^0.5.3","karma-firefox-launcher":"^0.1.7","karma-ie-launcher":"^0.2.0","karma-jasmine":"^0.3.6","karma-opera-launcher":"^0.3.0","karma-phantomjs2-launcher":"^0.3.2","karma-safari-launcher":"^0.1.1","karma-sauce-launcher":"^0.3.0","run-sequence":"^1.1.5"},"bugs":{"url":"https://github.com/stacktracejs/stackframe/issues"},"main":"./stackframe.js","scripts":{"test":"gulp test"},"gitHead":"f9970fe622c8a3662d1bbb2e4f17d565224aa927","_id":"stackframe@1.0.1","_shasum":"d250261e0717257d383cf9ae4ad68f0e46abbb3c","_from":".","_npmVersion":"2.10.1","_nodeVersion":"0.12.4","_npmUser":{"name":"eriwen","email":"me@eriwen.com"},"dist":{"shasum":"d250261e0717257d383cf9ae4ad68f0e46abbb3c","tarball":"https://registry.npmjs.org/stackframe/-/stackframe-1.0.1.tgz"},"directories":{}},"1.0.2":{"name":"stackframe","description":"JS Object representation of a stack frame","maintainers":[{"name":"eriwen","email":"me@eriwen.com"},{"name":"oliversalzburg","email":"oliver.salzburg@gmail.com"}],"version":"1.0.2","license":"Unlicense","keywords":["stacktrace","error","debugger","stack frame"],"homepage":"https://www.stacktracejs.com","repository":{"type":"git","url":"git://github.com/stacktracejs/stackframe.git"},"devDependencies":{"colors":"^1.1.2","del":"^2.2.0","gulp":"^3.9.0","gulp-coveralls":"^0.1.4","gulp-jshint":"^2.0.0","gulp-rename":"^1.2.2","gulp-sourcemaps":"^1.6.0","gulp-uglify":"^1.5.1","jasmine":"^2.4.1","jasmine-core":"^2.4.1","jshint":"^2.8.0","karma":"^0.13.15","karma-chrome-launcher":"^0.2.2","karma-coverage":"^0.5.3","karma-firefox-launcher":"^0.1.7","karma-ie-launcher":"^0.2.0","karma-jasmine":"^0.3.6","karma-opera-launcher":"^0.3.0","karma-phantomjs2-launcher":"^0.3.2","karma-safari-launcher":"^0.1.1","karma-sauce-launcher":"^0.3.0","run-sequence":"^1.1.5"},"bugs":{"url":"https://github.com/stacktracejs/stackframe/issues"},"main":"./stackframe.js","scripts":{"test":"gulp test"},"gitHead":"73f58c28eafd8ba0db92f40d99d461059626fef4","_id":"stackframe@1.0.2","_shasum":"162245509c687d328b14f671dab8fdb755b1e1e8","_from":".","_npmVersion":"2.10.1","_nodeVersion":"0.12.4","_npmUser":{"name":"eriwen","email":"me@eriwen.com"},"dist":{"shasum":"162245509c687d328b14f671dab8fdb755b1e1e8","tarball":"https://registry.npmjs.org/stackframe/-/stackframe-1.0.2.tgz"},"directories":{}},"1.0.3":{"name":"stackframe","description":"JS Object representation of a stack frame","maintainers":[{"name":"eriwen","email":"me@eriwen.com"},{"name":"oliversalzburg","email":"oliver.salzburg@gmail.com"}],"version":"1.0.3","license":"MIT","keywords":["stacktrace","error","debugger","stack frame"],"homepage":"https://www.stacktracejs.com","repository":{"type":"git","url":"git://github.com/stacktracejs/stackframe.git"},"devDependencies":{"colors":"^1.1.2","del":"^2.2.0","gulp":"^3.9.1","gulp-coveralls":"^0.1.4","gulp-jshint":"^2.0.0","gulp-rename":"^1.2.2","gulp-sourcemaps":"^1.6.0","gulp-uglify":"^1.5.1","jasmine":"^2.4.1","jasmine-core":"^2.4.1","jscs":"^2.9.0","jshint":"^2.8.0","karma":"^0.13.15","karma-chrome-launcher":"^0.2.2","karma-coverage":"^0.5.3","karma-firefox-launcher":"^0.1.7","karma-ie-launcher":"^0.2.0","karma-jasmine":"^0.3.6","karma-opera-launcher":"^0.3.0","karma-phantomjs2-launcher":"^0.3.2","karma-safari-launcher":"^0.1.1","karma-sauce-launcher":"^0.3.0","karma-spec-reporter":"0.0.23","run-sequence":"^1.1.5"},"bugs":{"url":"https://github.com/stacktracejs/stackframe/issues"},"main":"./stackframe.js","scripts":{"test":"gulp test","prepublish":"gulp dist"},"gitHead":"302f6c5dcd49957f14066c50bf0bc665e8810d01","_id":"stackframe@1.0.3","_shasum":"fe64ab20b170e4ce49044b126c119dfa0e5dc7cc","_from":".","_npmVersion":"3.10.3","_nodeVersion":"6.3.1","_npmUser":{"name":"eriwen","email":"me@eriwen.com"},"dist":{"shasum":"fe64ab20b170e4ce49044b126c119dfa0e5dc7cc","tarball":"https://registry.npmjs.org/stackframe/-/stackframe-1.0.3.tgz"},"_npmOperationalInternal":{"host":"packages-18-east.internal.npmjs.com","tmp":"tmp/stackframe-1.0.3.tgz_1493516368186_0.9330694573000073"},"directories":{}}},"readme":"stackframe \n==========\n## JS Object representation of a stack frame\n[![Build Status](https://travis-ci.org/stacktracejs/stackframe.svg?branch=master)](https://travis-ci.org/stacktracejs/stackframe) [![Coverage Status](https://img.shields.io/coveralls/stacktracejs/stackframe.svg)](https://coveralls.io/r/stacktracejs/stackframe?branch=master) [![GitHub license](https://img.shields.io/github/license/stacktracejs/stackframe.svg)](https://opensource.org/licenses/MITx)\n\nUnderlies functionality of other modules within [stacktrace.js](https://www.stacktracejs.com).\n\nWritten to closely resemble StackFrame representations in [Gecko](http://mxr.mozilla.org/mozilla-central/source/xpcom/base/nsIException.idl#14) and [V8](https://github.com/v8/v8/wiki/Stack%20Trace%20API)\n\n## Usage\n```js\n// Create StackFrame and set properties\nvar stackFrame = new StackFrame({\n    functionName: 'funName',\n    args: ['args'],\n    fileName: 'http://localhost:3000/file.js',\n    lineNumber: 1,\n    columnNumber: 3288, \n    isEval: true,\n    isNative: false,\n    source: 'ORIGINAL_STACK_LINE'\n});\n\nstackFrame.functionName      // => \"funName\"\nstackFrame.setFunctionName('newName')\nstackFrame.getFunctionName() // => \"newName\"\n\nstackFrame.args              // => [\"args\"]\nstackFrame.setArgs([])\nstackFrame.getArgs()         // => []\n\nstackFrame.fileName          // => 'http://localhost:3000/file.min.js'\nstackFrame.setFileName('http://localhost:3000/file.js')  \nstackFrame.getFileName()     // => 'http://localhost:3000/file.js'\n\nstackFrame.lineNumber        // => 1\nstackFrame.setLineNumber(325)\nstackFrame.getLineNumber()   // => 325\n\nstackFrame.columnNumber      // => 3288\nstackFrame.setColumnNumber(20)\nstackFrame.getColumnNumber() // => 20\n\nstackFrame.source            // => 'ORIGINAL_STACK_LINE'\nstackFrame.setSource('NEW_SOURCE')\nstackFrame.getSource()       // => 'NEW_SOURCE'\n\nstackFrame.isEval            // => true\nstackFrame.setIsEval(false)\nstackFrame.getIsEval()       // => false\n\nstackFrame.isNative            // => false\nstackFrame.setIsNative(true)\nstackFrame.getIsNative()       // => true\n\nstackFrame.toString() // => 'funName(args)@http://localhost:3000/file.js:325:20'\n```\n\n## Browser Support\n[![Sauce Test Status](https://saucelabs.com/browser-matrix/stacktracejs.svg)](https://saucelabs.com/u/stacktracejs)\n\n## Installation\n```\nnpm install stackframe\nbower install stackframe\nhttps://raw.githubusercontent.com/stacktracejs/stackframe/master/dist/stackframe.min.js\n```\n","maintainers":[{"name":"eriwen","email":"me@eriwen.com"},{"name":"oliversalzburg","email":"oliver.salzburg@gmail.com"}],"time":{"modified":"2017-04-30T01:39:29.910Z","created":"2014-10-06T00:56:13.583Z","0.1.0":"2014-10-06T00:56:13.583Z","0.1.1":"2014-10-10T22:46:42.615Z","0.2.0":"2014-11-01T17:09:58.391Z","0.2.1":"2014-11-16T22:29:43.201Z","0.2.2":"2015-01-25T20:25:30.851Z","0.3.0":"2015-07-07T02:57:04.147Z","0.3.1":"2015-08-14T03:03:15.596Z","1.0.0":"2015-12-30T18:25:34.366Z","1.0.1":"2015-12-30T19:06:23.299Z","1.0.2":"2015-12-30T20:07:18.854Z","1.0.3":"2017-04-30T01:39:29.910Z"},"homepage":"https://www.stacktracejs.com","keywords":["stacktrace","error","debugger","stack frame"],"repository":{"type":"git","url":"git://github.com/stacktracejs/stackframe.git"},"bugs":{"url":"https://github.com/stacktracejs/stackframe/issues"},"readmeFilename":"README.md","license":"MIT","_attachments":{},"_etag":"W/\"59054051-4abb\"","_lastModified":"Sun, 30 Apr 2017 01:39:29 GMT","_cached":true}