{"_id":"duration","_rev":"16-eea05a2fb937b4993893baa2ce0ed53b","name":"duration","description":"Time duration utilities","dist-tags":{"latest":"0.2.0"},"versions":{"0.1.0":{"author":{"name":"Mariusz Nowak","email":"medikoo+duration@medikoo.com","url":"http://www.medikoo.com/"},"name":"duration","description":"All you need to handle duration between two dates","keywords":["date","duration","time"],"version":"0.1.0","repository":{"url":"git://github.com/medikoo/duration.git"},"main":"lib","scripts":{"test":"node ./node_modules/tad/bin/tad lib"},"dependencies":{"es5-ext":"0.8.x"},"devDependencies":{"tad":"0.1.x"},"optionalDependencies":{},"engines":{"node":">=0.4"},"_npmUser":{"name":"medikoo","email":"medikoo+npm@medikoo.com"},"_id":"duration@0.1.0","_engineSupported":true,"_npmVersion":"1.1.21","_nodeVersion":"v0.6.18","_defaultsLoaded":true,"dist":{"shasum":"7a618a19c7c1f9ad9eaf69d2dd86f46f1b55082a","tarball":"https://registry.npmjs.org/duration/-/duration-0.1.0.tgz"},"maintainers":[{"name":"medikoo","email":"medikoo+npm@medikoo.com"}],"directories":{}},"0.1.1":{"author":{"name":"Mariusz Nowak","email":"medikoo+duration@medikoo.com","url":"http://www.medikoo.com/"},"name":"duration","description":"Useful methods for working with time duration in JavaScript","keywords":["date","duration","time"],"version":"0.1.1","repository":{"url":"git://github.com/medikoo/duration.git"},"main":"lib/duration","scripts":{"test":"node ./node_modules/tad/bin/tad lib"},"dependencies":{"es5-ext":"0.9.x"},"devDependencies":{"tad":"0.1.x"},"optionalDependencies":{},"engines":{"node":">=0.4"},"_id":"duration@0.1.1","dist":{"shasum":"c6680b7e7f84aaff62dbd2aea697de90d6aa80d9","tarball":"https://registry.npmjs.org/duration/-/duration-0.1.1.tgz"},"_npmVersion":"1.1.62","_npmUser":{"name":"medikoo","email":"medikoo+npm@medikoo.com"},"maintainers":[{"name":"medikoo","email":"medikoo+npm@medikoo.com"}],"directories":{}},"0.1.2":{"author":{"name":"Mariusz Nowak","email":"medikoo+duration@medikoo.com","url":"http://www.medikoo.com/"},"name":"duration","description":"Time duration utilities","keywords":["date","duration","time"],"version":"0.1.2","repository":{"url":"git://github.com/medikoo/duration.git"},"main":"lib/duration","scripts":{"test":"node ./node_modules/tad/bin/tad lib"},"dependencies":{"es5-ext":"0.9.x"},"devDependencies":{"tad":"0.1.x"},"optionalDependencies":{},"engines":{"node":">=0.4"},"_id":"duration@0.1.2","dist":{"shasum":"d861d31194c1b6d4c89a836f6a8ff9e82a1a3d77","tarball":"https://registry.npmjs.org/duration/-/duration-0.1.2.tgz"},"_npmVersion":"1.1.65","_npmUser":{"name":"medikoo","email":"medikoo+npm@medikoo.com"},"maintainers":[{"name":"medikoo","email":"medikoo+npm@medikoo.com"}],"directories":{}},"0.1.3":{"author":{"name":"Mariusz Nowak","email":"medikoo+duration@medikoo.com","url":"http://www.medikoo.com/"},"name":"duration","description":"Time duration utilities","keywords":["date","duration","time"],"version":"0.1.3","repository":{"url":"git://github.com/medikoo/duration.git"},"main":"lib/duration","scripts":{"test":"node ./node_modules/tad/bin/tad lib"},"dependencies":{"es5-ext":"~0.9.1"},"devDependencies":{"tad":"~0.1.12"},"optionalDependencies":{},"engines":{"node":">=0.4"},"_id":"duration@0.1.3","dist":{"shasum":"dbbce46c2c63a10af49981a29b43380929f74b05","tarball":"https://registry.npmjs.org/duration/-/duration-0.1.3.tgz"},"_npmVersion":"1.1.69","_npmUser":{"name":"medikoo","email":"medikoo+npm@medikoo.com"},"maintainers":[{"name":"medikoo","email":"medikoo+npm@medikoo.com"}],"directories":{}},"0.1.4":{"author":{"name":"Mariusz Nowak","email":"medikoo+duration@medikoo.com","url":"http://www.medikoo.com/"},"name":"duration","description":"Time duration utilities","keywords":["date","duration","time"],"version":"0.1.4","repository":{"url":"git://github.com/medikoo/duration.git"},"main":"lib/duration","scripts":{"test":"node ./node_modules/tad/bin/tad lib"},"dependencies":{"es5-ext":"~0.9.1"},"devDependencies":{"tad":"~0.1.12"},"optionalDependencies":{},"engines":{"node":">=0.4"},"_id":"duration@0.1.4","dist":{"shasum":"f708464b4fbc26d245b251972780af698e76065a","tarball":"https://registry.npmjs.org/duration/-/duration-0.1.4.tgz"},"_npmVersion":"1.1.69","_npmUser":{"name":"medikoo","email":"medikoo+npm@medikoo.com"},"maintainers":[{"name":"medikoo","email":"medikoo+npm@medikoo.com"}],"directories":{}},"0.2.0":{"name":"duration","version":"0.2.0","description":"Time duration utilities","author":{"name":"Mariusz Nowak","email":"medyk@medikoo.com","url":"http://www.medikoo.com/"},"keywords":["date","duration","time"],"repository":{"type":"git","url":"git://github.com/medikoo/duration.git"},"dependencies":{"d":"~0.1.1","es5-ext":"~0.10.2"},"devDependencies":{"tad":"~0.1.21"},"scripts":{"test":"node ./node_modules/tad/bin/tad"},"bugs":{"url":"https://github.com/medikoo/duration/issues"},"homepage":"https://github.com/medikoo/duration","_id":"duration@0.2.0","dist":{"shasum":"5f9c4dfaafff655de986112efe25c5978dd85146","tarball":"https://registry.npmjs.org/duration/-/duration-0.2.0.tgz"},"_from":".","_npmVersion":"1.4.3","_npmUser":{"name":"medikoo","email":"medikoo+npm@medikoo.com"},"maintainers":[{"name":"medikoo","email":"medikoo+npm@medikoo.com"}],"directories":{}}},"readme":"# duration - Time duration utilities\n\n_Formerly part of [es5-ext](https://github.com/medikoo/es5-ext) project._\n\n## Installation\n\n### Node.js\n\n\t$ npm install duration\n\n### Browser\n\nCan be bundled for browser with help of [modules-webmake](https://github.com/medikoo/modules-webmake)\n\n## Example usage:\n\n```javascript\nvar Duration = require('duration')\n\nvar duration = new Duration(new Date(2000, 6, 7),\n\tnew Date(2010, 8, 13, 3, 23, 8, 456));\n\nconsole.log(\"Years: \", duration.years);\nconsole.log(\"Months: \", duration.months);\nconsole.log(\"Days: \", duration.days);\nconsole.log(\"Hours: \", duration.hours);\nconsole.log(\"Minutes: \", duration.minutes);\nconsole.log(\"Seconds: \", duration.seconds);\nconsole.log(\"Milliseconds: \", duration.milliseconds);\n\nconsole.log(\"Trailing months: \", duration.month);\nconsole.log(\"Trailing days: \", duration.day);\nconsole.log(\"Trailing hours: \", duration.hour);\nconsole.log(\"Trailing minutes: \", duration.minute);\nconsole.log(\"Trailing seconds: \", duration.second);\nconsole.log(\"Trailing milliseconds: \", duration.millisecond);\n\nconsole.log(\"Default string representation: \", duration.toString());\nconsole.log(\"Alternative string representation: \", duration.toString(1));\nconsole.log(\"Custom string representation: \",\n\tduration.toString(\"H: %Hs m: %M\"));\n```\n\nOutput:\n\n```\nYears:  10\nMonths:  122\nDays:  3720\nHours:  89283\nMinutes:  5357003\nSeconds:  321420188\nMilliseconds:  321420188456\nTrailing months:  2\nTrailing days:  6\nTrailing hours:  3\nTrailing minutes:  23\nTrailing seconds:  8\nTrailing milliseconds:  456\nDefault string representation:  10y 2m 6d 03:23:08.456\nAlternative string representation:  10y 2m 6d 3h 23m 8s 456ms\nCustom string representation:  H: 89283 m: 23\n```\n\n## Duration(from[, to])\n\nMain module is both constructor and factory method, and can be used either way.  \n`from` and `to` are expected to be JavaScript Date objects. `to` is optional, and if not provided it defaults to current time.\n\n## Duration.prototype properties\n\n### years\n\nReturns full years of the duration\n\n### months\n\nReturns full months of the duration\n\n### days\n\nReturns full days of the duration\n\n### hours\n\nReturns full hours of the duration\n\n### seconds\n\nReturns full seconds of the duration\n\n### minutes\n\nReturns full minutes of the duration\n\n### milliseconds\n\nReturns milliseconds of the duration\n\n### year\n\nSame as `years`. Returns full years of the duration\n\n### month\n\nReturns trailing months of the duration\n\n### day\n\nReturns trailing days of the duration\n\n### hour\n\nReturns trailing hours of the duration\n\n### minute\n\nReturns trailing minutes of the duration\n\n### second\n\nReturns trailing seconds of the duration\n\n### millisecond\n\nReturns trailing seconds of the duration\n\n## valueOf()\n\nSame as `milliseconds`. Returns milliseconds of the duration\n\n## toString([mode[, threshold]])\n\nReturns readable representation of the duration.  \nWhen invoked without arguments (defaults to _mode=0_), returns as:\n\n\t10y 2m 6d 03:23:08.456\n\nWhen invoked with mode `1`, returns alternative representation:\n\n\t10y 2m 6d 3h 23m 8s 456ms\n\nRepresentation returned by default modes can be customized with threshold setting that trims lowest units:\n\n```javascript\nduration.toString();     // 10y 2m 6d 03:23:08.456\nduration.toString(0, 1); // 10y 2m 6d 03:23:08\nduration.toString(0, 2); // 10y 2m 6d 03:23\n\nduration.toString(1);    // 10y 2m 6d 3h 23m 8s 456ms\nduration.toString(1, 1); // 10y 2m 6d 3h 23m 8s\nduration.toString(1, 2); // 10y 2m 6d 3h 23m\n```\n\n## toString(format)\n\nWhen invoked with string, formats the duration according to given pattern, where:\n\n* `%y` - `duration.year`\n* `%m` - `duration.month`\n* `%d` - `duration.day`\n* `%H` - `duration.hour`\n* `%M` - `duration.minute`\n* `%S` - `duration.second`\n* `%L` - `duration.millisecond`\n* `%ms` - `duration.months`\n* `%ds` - `duration.days`\n* `%Hs` - `duration.hours`\n* `%Ms` - `duration.minutes`\n* `%Ss` - `duration.seconds`\n* `%Ls` - `duration.milliseconds`\n* `%sign` - If duration is negative outputs `-` otherwise empty string\n\n## Tests [![Build Status](https://secure.travis-ci.org/medikoo/duration.png?branch=master)](https://secure.travis-ci.org/medikoo/es5-ext)\n\n\t$ npm test\n","maintainers":[{"name":"medikoo","email":"medikoo+npm@medikoo.com"}],"time":{"modified":"2014-04-27T15:26:48.636Z","created":"2012-05-28T15:16:08.535Z","0.1.0":"2012-05-28T15:16:10.400Z","0.1.1":"2012-10-04T20:24:23.894Z","0.1.2":"2012-11-10T19:39:45.760Z","0.1.3":"2013-01-02T22:04:24.772Z","0.1.4":"2013-01-03T09:46:36.581Z","0.2.0":"2014-04-27T15:26:48.636Z"},"author":{"name":"Mariusz Nowak","email":"medyk@medikoo.com","url":"http://www.medikoo.com/"},"repository":{"type":"git","url":"git://github.com/medikoo/duration.git"},"homepage":"https://github.com/medikoo/duration","keywords":["date","duration","time"],"bugs":{"url":"https://github.com/medikoo/duration/issues"},"readmeFilename":"README.md","users":{"fgvutn":true},"_attachments":{},"_etag":"W/\"535d21b8-289a\"","_lastModified":"Sun, 27 Apr 2014 15:26:48 GMT","_cached":true}