{"_id":"is-path-in-cwd","_rev":"9-deb9b7818ea2018d5a02acb2f1fe0291","name":"is-path-in-cwd","description":"Check if a path is in the current working directory","dist-tags":{"latest":"1.0.0"},"versions":{"0.1.0":{"name":"is-path-in-cwd","version":"0.1.0","description":"Check if a path is in CWD","license":"MIT","repository":{"type":"git","url":"git://github.com/sindresorhus/is-path-in-cwd"},"author":{"name":"Sindre Sorhus","email":"sindresorhus@gmail.com","url":"http://sindresorhus.com"},"engines":{"node":">=0.10.0"},"scripts":{"test":"mocha"},"files":["index.js"],"keywords":["path","cwd","pwd","check","filepath","file","folder","in","inside"],"dependencies":{"path-is-inside":"^1.0.1"},"devDependencies":{"mocha":"*"},"bugs":{"url":"https://github.com/sindresorhus/is-path-in-cwd/issues"},"homepage":"https://github.com/sindresorhus/is-path-in-cwd","_id":"is-path-in-cwd@0.1.0","_shasum":"bcb14e837baa5b75fbc16a784c531c08d0e2e7c0","_from":".","_npmVersion":"1.4.9","_npmUser":{"name":"sindresorhus","email":"sindresorhus@gmail.com"},"maintainers":[{"name":"sindresorhus","email":"sindresorhus@gmail.com"}],"dist":{"shasum":"bcb14e837baa5b75fbc16a784c531c08d0e2e7c0","tarball":"https://registry.npmjs.org/is-path-in-cwd/-/is-path-in-cwd-0.1.0.tgz"},"directories":{}},"0.1.1":{"name":"is-path-in-cwd","version":"0.1.1","description":"Check if a path is in the current working directory","license":"MIT","repository":{"type":"git","url":"git://github.com/sindresorhus/is-path-in-cwd"},"author":{"name":"Sindre Sorhus","email":"sindresorhus@gmail.com","url":"http://sindresorhus.com"},"engines":{"node":">=0.10.0"},"scripts":{"test":"mocha"},"files":["index.js"],"keywords":["path","cwd","pwd","check","filepath","file","folder","in","inside"],"dependencies":{"is-path-inside":"^0.1.0"},"devDependencies":{"mocha":"*"},"bugs":{"url":"https://github.com/sindresorhus/is-path-in-cwd/issues"},"homepage":"https://github.com/sindresorhus/is-path-in-cwd","_id":"is-path-in-cwd@0.1.1","_shasum":"aa91ec89e13d63e3efc6847cac4cf29c99f92465","_from":".","_npmVersion":"1.4.9","_npmUser":{"name":"sindresorhus","email":"sindresorhus@gmail.com"},"maintainers":[{"name":"sindresorhus","email":"sindresorhus@gmail.com"}],"dist":{"shasum":"aa91ec89e13d63e3efc6847cac4cf29c99f92465","tarball":"https://registry.npmjs.org/is-path-in-cwd/-/is-path-in-cwd-0.1.1.tgz"},"directories":{}},"1.0.0":{"name":"is-path-in-cwd","version":"1.0.0","description":"Check if a path is in the current working directory","license":"MIT","repository":{"type":"git","url":"https://github.com/sindresorhus/is-path-in-cwd"},"author":{"name":"Sindre Sorhus","email":"sindresorhus@gmail.com","url":"http://sindresorhus.com"},"engines":{"node":">=0.10.0"},"scripts":{"test":"mocha"},"files":["index.js"],"keywords":["path","cwd","pwd","check","filepath","file","folder","in","inside"],"dependencies":{"is-path-inside":"^1.0.0"},"devDependencies":{"mocha":"*"},"gitHead":"a5a2a7c967eae3f6faee9ab5e40abca6127d55de","bugs":{"url":"https://github.com/sindresorhus/is-path-in-cwd/issues"},"homepage":"https://github.com/sindresorhus/is-path-in-cwd","_id":"is-path-in-cwd@1.0.0","_shasum":"6477582b8214d602346094567003be8a9eac04dc","_from":".","_npmVersion":"1.4.21","_npmUser":{"name":"sindresorhus","email":"sindresorhus@gmail.com"},"maintainers":[{"name":"sindresorhus","email":"sindresorhus@gmail.com"}],"dist":{"shasum":"6477582b8214d602346094567003be8a9eac04dc","tarball":"https://registry.npmjs.org/is-path-in-cwd/-/is-path-in-cwd-1.0.0.tgz"},"directories":{}}},"readme":"# is-path-in-cwd [![Build Status](https://travis-ci.org/sindresorhus/is-path-in-cwd.svg?branch=master)](https://travis-ci.org/sindresorhus/is-path-in-cwd)\n\n> Check if a path is in the [current working directory](http://en.wikipedia.org/wiki/Working_directory)\n\n\n## Install\n\n```sh\n$ npm install --save is-path-in-cwd\n```\n\n\n## Usage\n\n```js\nvar isPathInCwd = require('is-path-in-cwd');\n\nisPathInCwd('unicorn');\n//=> true\n\nisPathInCwd('../rainbow');\n//=> false\n```\n\n\n## License\n\nMIT © [Sindre Sorhus](http://sindresorhus.com)\n","maintainers":[{"name":"sindresorhus","email":"sindresorhus@gmail.com"}],"time":{"modified":"2017-05-12T21:48:51.202Z","created":"2014-06-19T10:24:31.510Z","0.1.0":"2014-06-19T10:24:31.510Z","0.1.1":"2014-06-20T22:22:47.285Z","1.0.0":"2014-08-14T09:48:13.980Z"},"homepage":"https://github.com/sindresorhus/is-path-in-cwd","keywords":["path","cwd","pwd","check","filepath","file","folder","in","inside"],"repository":{"type":"git","url":"https://github.com/sindresorhus/is-path-in-cwd"},"author":{"name":"Sindre Sorhus","email":"sindresorhus@gmail.com","url":"http://sindresorhus.com"},"bugs":{"url":"https://github.com/sindresorhus/is-path-in-cwd/issues"},"license":"MIT","readmeFilename":"readme.md","users":{"itonyyo":true,"danielbayley":true,"rocket0191":true},"_attachments":{},"_etag":"W/\"59162dc3-1306\"","_lastModified":"Fri, 12 May 2017 21:48:51 GMT","_cached":true}