{"_id":"has-ansi","_rev":"27-130553ddbaa598e4144444a5460c2bae","name":"has-ansi","description":"Check if a string has ANSI escape codes","dist-tags":{"latest":"2.0.0"},"versions":{"0.1.0":{"name":"has-ansi","version":"0.1.0","description":"Check if a string has ANSI escape codes","license":"MIT","repository":{"type":"git","url":"git://github.com/sindresorhus/has-ansi"},"bin":{"has-ansi":"cli.js"},"author":{"name":"Sindre Sorhus","email":"sindresorhus@gmail.com","url":"http://sindresorhus.com"},"engines":{"node":">=0.10.0"},"scripts":{"test":"mocha"},"files":["index.js","cli.js"],"keywords":["cli","bin","ansi","styles","color","colour","colors","terminal","console","string","tty","escape","shell","xterm","command-line","text","regex","regexp","re","match","test","find","pattern","has"],"dependencies":{"ansi-regex":"^0.2.0"},"devDependencies":{"mocha":"*"},"bugs":{"url":"https://github.com/sindresorhus/has-ansi/issues"},"homepage":"https://github.com/sindresorhus/has-ansi","_id":"has-ansi@0.1.0","_shasum":"84f265aae8c0e6a88a12d7022894b7568894c62e","_from":".","_npmVersion":"1.4.9","_npmUser":{"name":"sindresorhus","email":"sindresorhus@gmail.com"},"maintainers":[{"name":"sindresorhus","email":"sindresorhus@gmail.com"}],"dist":{"shasum":"84f265aae8c0e6a88a12d7022894b7568894c62e","tarball":"https://registry.npmjs.org/has-ansi/-/has-ansi-0.1.0.tgz"},"directories":{}},"1.0.0":{"name":"has-ansi","version":"1.0.0","description":"Check if a string has ANSI escape codes","license":"MIT","repository":{"type":"git","url":"https://github.com/sindresorhus/has-ansi"},"author":{"name":"Sindre Sorhus","email":"sindresorhus@gmail.com","url":"http://sindresorhus.com"},"bin":{"has-ansi":"cli.js"},"engines":{"node":">=0.10.0"},"scripts":{"test":"mocha"},"files":["index.js","cli.js"],"keywords":["cli","bin","ansi","styles","color","colour","colors","terminal","console","string","tty","escape","shell","xterm","command-line","text","regex","regexp","re","match","test","find","pattern","has"],"dependencies":{"ansi-regex":"^1.0.0","get-stdin":"^1.0.0"},"devDependencies":{"mocha":"*"},"gitHead":"132e2bed03a264bbf11952d271a76342b7e0c759","bugs":{"url":"https://github.com/sindresorhus/has-ansi/issues"},"homepage":"https://github.com/sindresorhus/has-ansi","_id":"has-ansi@1.0.0","_shasum":"a173e6c8832f3952492821b11b8921fedeffbe55","_from":".","_npmVersion":"1.4.21","_npmUser":{"name":"sindresorhus","email":"sindresorhus@gmail.com"},"maintainers":[{"name":"sindresorhus","email":"sindresorhus@gmail.com"},{"name":"jbnicolai","email":"jappelman@xebia.com"}],"dist":{"shasum":"a173e6c8832f3952492821b11b8921fedeffbe55","tarball":"https://registry.npmjs.org/has-ansi/-/has-ansi-1.0.0.tgz"},"directories":{}},"1.0.1":{"name":"has-ansi","version":"1.0.1","description":"Check if a string has ANSI escape codes","license":"MIT","repository":{"type":"git","url":"https://github.com/sindresorhus/has-ansi"},"author":{"name":"Sindre Sorhus","email":"sindresorhus@gmail.com","url":"http://sindresorhus.com"},"bin":{"has-ansi":"cli.js"},"engines":{"node":">=0.10.0"},"scripts":{"test":"mocha"},"files":["index.js","cli.js"],"keywords":["cli","bin","ansi","styles","color","colour","colors","terminal","console","string","tty","escape","shell","xterm","command-line","text","regex","regexp","re","match","test","find","pattern","has"],"dependencies":{"ansi-regex":"^1.0.0","get-stdin":"^3.0.2"},"devDependencies":{"mocha":"*"},"gitHead":"c9cf8ab6ab05ac0cfbc08285e56f439fa67e60dd","bugs":{"url":"https://github.com/sindresorhus/has-ansi/issues"},"homepage":"https://github.com/sindresorhus/has-ansi","_id":"has-ansi@1.0.1","_shasum":"ffaa06e14721835d653dc77f1eeee1167825941f","_from":".","_npmVersion":"2.1.16","_nodeVersion":"0.10.35","_npmUser":{"name":"jbnicolai","email":"jappelman@xebia.com"},"maintainers":[{"name":"sindresorhus","email":"sindresorhus@gmail.com"},{"name":"jbnicolai","email":"jappelman@xebia.com"}],"dist":{"shasum":"ffaa06e14721835d653dc77f1eeee1167825941f","tarball":"https://registry.npmjs.org/has-ansi/-/has-ansi-1.0.1.tgz"},"directories":{}},"1.0.2":{"name":"has-ansi","version":"1.0.2","description":"Check if a string has ANSI escape codes","license":"MIT","repository":{"type":"git","url":"https://github.com/sindresorhus/has-ansi"},"author":{"name":"Sindre Sorhus","email":"sindresorhus@gmail.com","url":"http://sindresorhus.com"},"bin":{"has-ansi":"cli.js"},"engines":{"node":">=0.10.0"},"scripts":{"test":"mocha"},"files":["index.js","cli.js"],"keywords":["cli","bin","ansi","styles","color","colour","colors","terminal","console","string","tty","escape","shell","xterm","command-line","text","regex","regexp","re","match","test","find","pattern","has"],"dependencies":{"ansi-regex":"^1.0.0","get-stdin":"^4.0.1"},"devDependencies":{"mocha":"*"},"gitHead":"dd528d92b556cbdf442a2dcf72733172a98b8300","bugs":{"url":"https://github.com/sindresorhus/has-ansi/issues"},"homepage":"https://github.com/sindresorhus/has-ansi","_id":"has-ansi@1.0.2","_shasum":"93b944b82255606b110c028a7e6fef237e50d7dc","_from":".","_npmVersion":"2.5.1","_nodeVersion":"0.12.0","_npmUser":{"name":"sindresorhus","email":"sindresorhus@gmail.com"},"maintainers":[{"name":"sindresorhus","email":"sindresorhus@gmail.com"},{"name":"jbnicolai","email":"jappelman@xebia.com"}],"dist":{"shasum":"93b944b82255606b110c028a7e6fef237e50d7dc","tarball":"https://registry.npmjs.org/has-ansi/-/has-ansi-1.0.2.tgz"},"directories":{}},"1.0.3":{"name":"has-ansi","version":"1.0.3","description":"Check if a string has ANSI escape codes","license":"MIT","repository":{"type":"git","url":"https://github.com/sindresorhus/has-ansi"},"author":{"name":"Sindre Sorhus","email":"sindresorhus@gmail.com","url":"http://sindresorhus.com"},"maintainers":[{"name":"sindresorhus","email":"sindresorhus@gmail.com"},{"name":"jbnicolai","email":"jappelman@xebia.com"}],"bin":{"has-ansi":"cli.js"},"engines":{"node":">=0.10.0"},"scripts":{"test":"mocha"},"files":["index.js","cli.js"],"keywords":["cli","bin","ansi","styles","color","colour","colors","terminal","console","string","tty","escape","shell","xterm","command-line","text","regex","regexp","re","match","test","find","pattern","has"],"dependencies":{"ansi-regex":"^1.1.0","get-stdin":"^4.0.1"},"devDependencies":{"mocha":"*"},"gitHead":"416428ed16f8e9718aec54cea083173af6019917","bugs":{"url":"https://github.com/sindresorhus/has-ansi/issues"},"homepage":"https://github.com/sindresorhus/has-ansi","_id":"has-ansi@1.0.3","_shasum":"c0b5b1615d9e382b0ff67169d967b425e48ca538","_from":".","_npmVersion":"2.1.16","_nodeVersion":"0.10.35","_npmUser":{"name":"jbnicolai","email":"jappelman@xebia.com"},"dist":{"shasum":"c0b5b1615d9e382b0ff67169d967b425e48ca538","tarball":"https://registry.npmjs.org/has-ansi/-/has-ansi-1.0.3.tgz"},"directories":{}},"2.0.0":{"name":"has-ansi","version":"2.0.0","description":"Check if a string has ANSI escape codes","license":"MIT","repository":{"type":"git","url":"https://github.com/sindresorhus/has-ansi"},"author":{"name":"Sindre Sorhus","email":"sindresorhus@gmail.com","url":"sindresorhus.com"},"maintainers":[{"name":"sindresorhus","email":"sindresorhus@gmail.com"},{"name":"jbnicolai","email":"jappelman@xebia.com"}],"engines":{"node":">=0.10.0"},"scripts":{"test":"node test.js"},"files":["index.js"],"keywords":["ansi","styles","color","colour","colors","terminal","console","string","tty","escape","shell","xterm","command-line","text","regex","regexp","re","match","test","find","pattern","has"],"dependencies":{"ansi-regex":"^2.0.0"},"devDependencies":{"ava":"0.0.4"},"gitHead":"0722275e1bef139fcd09137da6e5550c3cd368b9","bugs":{"url":"https://github.com/sindresorhus/has-ansi/issues"},"homepage":"https://github.com/sindresorhus/has-ansi","_id":"has-ansi@2.0.0","_shasum":"34f5049ce1ecdf2b0649af3ef24e45ed35416d91","_from":".","_npmVersion":"2.11.2","_nodeVersion":"0.12.5","_npmUser":{"name":"sindresorhus","email":"sindresorhus@gmail.com"},"dist":{"shasum":"34f5049ce1ecdf2b0649af3ef24e45ed35416d91","tarball":"https://registry.npmjs.org/has-ansi/-/has-ansi-2.0.0.tgz"},"directories":{}}},"readme":"# has-ansi [![Build Status](https://travis-ci.org/sindresorhus/has-ansi.svg?branch=master)](https://travis-ci.org/sindresorhus/has-ansi)\n\n> Check if a string has [ANSI escape codes](http://en.wikipedia.org/wiki/ANSI_escape_code)\n\n\n## Install\n\n```\n$ npm install --save has-ansi\n```\n\n\n## Usage\n\n```js\nvar hasAnsi = require('has-ansi');\n\nhasAnsi('\\u001b[4mcake\\u001b[0m');\n//=> true\n\nhasAnsi('cake');\n//=> false\n```\n\n\n## Related\n\n- [has-ansi-cli](https://github.com/sindresorhus/has-ansi-cli) - CLI for this module\n- [strip-ansi](https://github.com/sindresorhus/strip-ansi) - Strip ANSI escape codes\n- [ansi-regex](https://github.com/sindresorhus/ansi-regex) - Regular expression for matching ANSI escape codes\n- [chalk](https://github.com/sindresorhus/chalk) - Terminal string styling done right\n\n\n## License\n\nMIT © [Sindre Sorhus](http://sindresorhus.com)\n","maintainers":[{"name":"dthree","email":"threedeecee@gmail.com"},{"name":"qix","email":"i.am.qix@gmail.com"},{"name":"sindresorhus","email":"sindresorhus@gmail.com"}],"time":{"modified":"2017-04-15T20:55:10.483Z","created":"2014-06-14T19:40:55.321Z","0.1.0":"2014-06-14T19:40:55.321Z","1.0.0":"2014-08-13T19:31:02.679Z","1.0.1":"2014-12-28T11:16:06.415Z","1.0.2":"2015-02-16T17:54:27.012Z","1.0.3":"2015-02-22T09:19:28.925Z","2.0.0":"2015-06-30T16:17:34.067Z"},"homepage":"https://github.com/sindresorhus/has-ansi","keywords":["ansi","styles","color","colour","colors","terminal","console","string","tty","escape","shell","xterm","command-line","text","regex","regexp","re","match","test","find","pattern","has"],"repository":{"type":"git","url":"https://github.com/sindresorhus/has-ansi"},"author":{"name":"Sindre Sorhus","email":"sindresorhus@gmail.com","url":"sindresorhus.com"},"bugs":{"url":"https://github.com/sindresorhus/has-ansi/issues"},"license":"MIT","readmeFilename":"readme.md","users":{"tunnckocore":true,"scottfreecode":true,"mojaray2k":true,"michalskuza":true,"arteffeckt":true,"insomniaqc":true},"_attachments":{},"_etag":"W/\"58f288ae-277a\"","_lastModified":"Sat, 15 Apr 2017 20:55:10 GMT","_cached":true}