{"_id":"chai","_rev":"415-7985925f99f004e04ac6c237465d9f87","name":"chai","description":"BDD/TDD assertion library for node.js and the browser. Test framework agnostic.","dist-tags":{"latest":"4.0.0","canary":"4.0.0-canary.2"},"versions":{"0.0.1":{"author":{"name":"Jake Luer","email":"jake@alogicalparadox.com"},"name":"chai","description":"Assertion framework for node.js and the browser.","version":"0.0.1","repository":{"type":"git","url":"git@github.com:logicalparadox/sherlock.git"},"main":"index","scripts":{"test":"make test"},"engines":{"node":">= 0.4.0"},"dependencies":{},"devDependencies":{},"_npmUser":{"name":"jakeluer","email":"jake.luer@incatern.com"},"_id":"chai@0.0.1","_engineSupported":true,"_npmVersion":"1.1.0-alpha-6","_nodeVersion":"v0.6.5","_defaultsLoaded":true,"dist":{"shasum":"a858cf9ecc09afb1651022371dbe5ae0bdde77db","tarball":"https://registry.npmjs.org/chai/-/chai-0.0.1.tgz"},"maintainers":[{"name":"jakeluer","email":"jake.luer@incatern.com"}],"directories":{}},"0.0.2":{"author":{"name":"Jake Luer","email":"jake@alogicalparadox.com"},"name":"chai","description":"Assertion framework for node.js and the browser.","version":"0.0.2","repository":{"type":"git","url":"git@github.com:logicalparadox/sherlock.git"},"main":"index","scripts":{"test":"make test"},"engines":{"node":">= 0.4.0"},"dependencies":{},"devDependencies":{},"_npmUser":{"name":"jakeluer","email":"jake.luer@incatern.com"},"_id":"chai@0.0.2","_engineSupported":true,"_npmVersion":"1.1.0-alpha-6","_nodeVersion":"v0.6.5","_defaultsLoaded":true,"dist":{"shasum":"368ce03612b088606011f25a479ed8b4e0b1f2c8","tarball":"https://registry.npmjs.org/chai/-/chai-0.0.2.tgz"},"maintainers":[{"name":"jakeluer","email":"jake.luer@incatern.com"}],"directories":{}},"0.1.0":{"author":{"name":"Jake Luer","email":"jake@alogicalparadox.com"},"name":"chai","description":"BDD/TDD assertion framework for node.js and the browser.","keywords":["test","assertion","assert","testing"],"version":"0.1.0","repository":{"type":"git","url":"git://github.com/logicalparadox/chai.git"},"bugs":{"url":"https://github.com/logicalparadox/chai/issues"},"main":"./index","scripts":{"test":"make test"},"engines":{"node":">= 0.4.0"},"dependencies":{},"devDependencies":{"mocha":"*"},"_npmUser":{"name":"jakeluer","email":"jake.luer@incatern.com"},"_id":"chai@0.1.0","_engineSupported":true,"_npmVersion":"1.1.0-alpha-6","_nodeVersion":"v0.6.5","_defaultsLoaded":true,"dist":{"shasum":"1216fa4b0585fb56d0b7a1e6c02f1682f709b306","tarball":"https://registry.npmjs.org/chai/-/chai-0.1.0.tgz"},"maintainers":[{"name":"jakeluer","email":"jake.luer@incatern.com"}],"directories":{}},"0.1.1":{"author":{"name":"Jake Luer","email":"jake@alogicalparadox.com"},"name":"chai","description":"BDD/TDD assertion library for node.js and the browser. Test framework agnostic.","keywords":["test","assertion","assert","testing"],"version":"0.1.1","repository":{"type":"git","url":"git://github.com/logicalparadox/chai.git"},"bugs":{"url":"https://github.com/logicalparadox/chai/issues"},"main":"./index","scripts":{"test":"make test"},"engines":{"node":">= 0.4.0"},"dependencies":{},"devDependencies":{"mocha":"*","codex":"0.0.5"},"_npmUser":{"name":"jakeluer","email":"jake.luer@incatern.com"},"_id":"chai@0.1.1","_engineSupported":true,"_npmVersion":"1.1.0-alpha-6","_nodeVersion":"v0.6.5","_defaultsLoaded":true,"dist":{"shasum":"951366f524d0b4be9d59d9fde5e152dd5a42ee39","tarball":"https://registry.npmjs.org/chai/-/chai-0.1.1.tgz"},"maintainers":[{"name":"jakeluer","email":"jake.luer@incatern.com"}],"directories":{}},"0.1.2":{"author":{"name":"Jake Luer","email":"jake@alogicalparadox.com"},"name":"chai","description":"BDD/TDD assertion library for node.js and the browser. Test framework agnostic.","keywords":["test","assertion","assert","testing"],"version":"0.1.2","repository":{"type":"git","url":"git://github.com/logicalparadox/chai.git"},"bugs":{"url":"https://github.com/logicalparadox/chai/issues"},"main":"./index","scripts":{"test":"make test"},"engines":{"node":">= 0.4.0"},"dependencies":{},"devDependencies":{"mocha":"*","codex":"0.0.5"},"_npmUser":{"name":"jakeluer","email":"jake.luer@incatern.com"},"_id":"chai@0.1.2","_engineSupported":true,"_npmVersion":"1.1.0-beta-4","_nodeVersion":"v0.6.6","_defaultsLoaded":true,"dist":{"shasum":"d7998a8c05bd1f34d8c663ca38a8cd3287d5e3c3","tarball":"https://registry.npmjs.org/chai/-/chai-0.1.2.tgz"},"maintainers":[{"name":"jakeluer","email":"jake.luer@incatern.com"}],"directories":{}},"0.1.3":{"author":{"name":"Jake Luer","email":"jake@alogicalparadox.com"},"name":"chai","description":"BDD/TDD assertion library for node.js and the browser. Test framework agnostic.","keywords":["test","assertion","assert","testing"],"version":"0.1.3","repository":{"type":"git","url":"git://github.com/logicalparadox/chai.git"},"bugs":{"url":"https://github.com/logicalparadox/chai/issues"},"main":"./index","scripts":{"test":"make test"},"engines":{"node":">= 0.4.0"},"dependencies":{},"devDependencies":{"mocha":"*","codex":"0.0.5"},"_npmUser":{"name":"jakeluer","email":"jake.luer@incatern.com"},"_id":"chai@0.1.3","_engineSupported":true,"_npmVersion":"1.1.0-beta-4","_nodeVersion":"v0.6.6","_defaultsLoaded":true,"dist":{"shasum":"1cda1032af49de75aac92bd9e739c4877111ee10","tarball":"https://registry.npmjs.org/chai/-/chai-0.1.3.tgz"},"maintainers":[{"name":"jakeluer","email":"jake.luer@incatern.com"}],"directories":{}},"0.1.4":{"author":{"name":"Jake Luer","email":"jake@alogicalparadox.com"},"name":"chai","description":"BDD/TDD assertion library for node.js and the browser. Test framework agnostic.","keywords":["test","assertion","assert","testing"],"version":"0.1.4","repository":{"type":"git","url":"git://github.com/logicalparadox/chai.git"},"bugs":{"url":"https://github.com/logicalparadox/chai/issues"},"main":"./index","scripts":{"test":"make test"},"engines":{"node":">= 0.4.0"},"dependencies":{},"devDependencies":{"mocha":"*","codex":"0.0.5"},"_npmUser":{"name":"jakeluer","email":"jake.luer@incatern.com"},"_id":"chai@0.1.4","_engineSupported":true,"_npmVersion":"1.1.0-beta-4","_nodeVersion":"v0.6.6","_defaultsLoaded":true,"dist":{"shasum":"e19b494017f139bfdacd1c51c92a5acff2fd844d","tarball":"https://registry.npmjs.org/chai/-/chai-0.1.4.tgz"},"maintainers":[{"name":"jakeluer","email":"jake.luer@incatern.com"}],"directories":{}},"0.1.5":{"author":{"name":"Jake Luer","email":"jake@alogicalparadox.com"},"name":"chai","description":"BDD/TDD assertion library for node.js and the browser. Test framework agnostic.","keywords":["test","assertion","assert","testing"],"version":"0.1.5","repository":{"type":"git","url":"git://github.com/logicalparadox/chai.git"},"bugs":{"url":"https://github.com/logicalparadox/chai/issues"},"main":"./index","scripts":{"test":"make test"},"engines":{"node":">= 0.4.0"},"dependencies":{},"devDependencies":{"mocha":"*","codex":"0.0.5"},"_npmUser":{"name":"jakeluer","email":"jake.luer@incatern.com"},"_id":"chai@0.1.5","_engineSupported":true,"_npmVersion":"1.1.0-beta-4","_nodeVersion":"v0.6.6","_defaultsLoaded":true,"dist":{"shasum":"6906981636e139cf4229a03e558b2a8956276245","tarball":"https://registry.npmjs.org/chai/-/chai-0.1.5.tgz"},"maintainers":[{"name":"jakeluer","email":"jake.luer@incatern.com"}],"directories":{}},"0.1.6":{"author":{"name":"Jake Luer","email":"jake@alogicalparadox.com"},"name":"chai","description":"BDD/TDD assertion library for node.js and the browser. Test framework agnostic.","keywords":["test","assertion","assert","testing"],"version":"0.1.6","repository":{"type":"git","url":"git://github.com/logicalparadox/chai.git"},"bugs":{"url":"https://github.com/logicalparadox/chai/issues"},"main":"./index","scripts":{"test":"make test"},"engines":{"node":">= 0.4.0"},"dependencies":{},"devDependencies":{"mocha":"*","codex":"0.0.6"},"_npmUser":{"name":"jakeluer","email":"jake.luer@incatern.com"},"_id":"chai@0.1.6","_engineSupported":true,"_npmVersion":"1.1.0-beta-4","_nodeVersion":"v0.6.6","_defaultsLoaded":true,"dist":{"shasum":"bd6c9ad77c602d751f81d9febfc796aeb6b822b3","tarball":"https://registry.npmjs.org/chai/-/chai-0.1.6.tgz"},"maintainers":[{"name":"jakeluer","email":"jake.luer@incatern.com"}],"directories":{}},"0.1.7":{"author":{"name":"Jake Luer","email":"jake@alogicalparadox.com"},"name":"chai","description":"BDD/TDD assertion library for node.js and the browser. Test framework agnostic.","keywords":["test","assertion","assert","testing"],"version":"0.1.7","repository":{"type":"git","url":"git://github.com/logicalparadox/chai.git"},"bugs":{"url":"https://github.com/logicalparadox/chai/issues"},"main":"./index","scripts":{"test":"make test"},"engines":{"node":">= 0.4.0"},"dependencies":{},"devDependencies":{"mocha":"*","codex":"0.0.6"},"_npmUser":{"name":"jakeluer","email":"jake.luer@incatern.com"},"_id":"chai@0.1.7","_engineSupported":true,"_npmVersion":"1.1.0-beta-10","_nodeVersion":"v0.6.8","_defaultsLoaded":true,"dist":{"shasum":"d7b79fefef46d8b32f5a3d179e84901e48be5960","tarball":"https://registry.npmjs.org/chai/-/chai-0.1.7.tgz"},"maintainers":[{"name":"jakeluer","email":"jake.luer@incatern.com"}],"directories":{}},"0.2.0":{"author":{"name":"Jake Luer","email":"jake@alogicalparadox.com"},"name":"chai","description":"BDD/TDD assertion library for node.js and the browser. Test framework agnostic.","keywords":["test","assertion","assert","testing"],"version":"0.2.0","repository":{"type":"git","url":"git://github.com/logicalparadox/chai.git"},"bugs":{"url":"https://github.com/logicalparadox/chai/issues"},"main":"./index","scripts":{"test":"make test"},"engines":{"node":">= 0.4.0"},"dependencies":{},"devDependencies":{"mocha":"*","codex":"0.0.6"},"_npmUser":{"name":"jakeluer","email":"jake.luer@incatern.com"},"_id":"chai@0.2.0","_engineSupported":true,"_npmVersion":"1.1.0-beta-10","_nodeVersion":"v0.6.8","_defaultsLoaded":true,"dist":{"shasum":"41840eab17eee298bd6f3a9c0a5249e2dac71e71","tarball":"https://registry.npmjs.org/chai/-/chai-0.2.0.tgz"},"maintainers":[{"name":"jakeluer","email":"jake.luer@incatern.com"}],"directories":{}},"0.2.1":{"author":{"name":"Jake Luer","email":"jake@alogicalparadox.com"},"name":"chai","description":"BDD/TDD assertion library for node.js and the browser. Test framework agnostic.","keywords":["test","assertion","assert","testing"],"version":"0.2.1","repository":{"type":"git","url":"git://github.com/logicalparadox/chai.git"},"bugs":{"url":"https://github.com/logicalparadox/chai/issues"},"main":"./index","scripts":{"test":"make test"},"engines":{"node":">= 0.4.0"},"dependencies":{},"devDependencies":{"mocha":"*","codex":"0.0.6"},"_npmUser":{"name":"jakeluer","email":"jake.luer@incatern.com"},"_id":"chai@0.2.1","optionalDependencies":{},"_engineSupported":true,"_npmVersion":"1.1.0-3","_nodeVersion":"v0.6.9","_defaultsLoaded":true,"dist":{"shasum":"623d768ca2b9d2c4236dac8d374e3244a031ffef","tarball":"https://registry.npmjs.org/chai/-/chai-0.2.1.tgz"},"maintainers":[{"name":"jakeluer","email":"jake.luer@incatern.com"}],"directories":{}},"0.2.2":{"author":{"name":"Jake Luer","email":"jake@alogicalparadox.com"},"name":"chai","description":"BDD/TDD assertion library for node.js and the browser. Test framework agnostic.","keywords":["test","assertion","assert","testing"],"version":"0.2.2","repository":{"type":"git","url":"git://github.com/logicalparadox/chai.git"},"bugs":{"url":"https://github.com/logicalparadox/chai/issues"},"main":"./index","scripts":{"test":"make test"},"engines":{"node":">= 0.4.0"},"dependencies":{},"devDependencies":{"mocha":"*","codex":"0.0.6"},"_npmUser":{"name":"jakeluer","email":"jake.luer@incatern.com"},"_id":"chai@0.2.2","optionalDependencies":{},"_engineSupported":true,"_npmVersion":"1.1.0-3","_nodeVersion":"v0.6.9","_defaultsLoaded":true,"dist":{"shasum":"079271fc5bed65a1fbc9d7e469c62a9c5fb12ce9","tarball":"https://registry.npmjs.org/chai/-/chai-0.2.2.tgz"},"maintainers":[{"name":"jakeluer","email":"jake.luer@incatern.com"}],"directories":{}},"0.2.3":{"author":{"name":"Jake Luer","email":"jake@alogicalparadox.com"},"name":"chai","description":"BDD/TDD assertion library for node.js and the browser. Test framework agnostic.","keywords":["test","assertion","assert","testing"],"version":"0.2.3","repository":{"type":"git","url":"git://github.com/logicalparadox/chai.git"},"bugs":{"url":"https://github.com/logicalparadox/chai/issues"},"main":"./index","scripts":{"test":"make test"},"engines":{"node":">= 0.4.0"},"dependencies":{},"devDependencies":{"mocha":"*","codex":"0.0.6"},"_npmUser":{"name":"jakeluer","email":"jake.luer@incatern.com"},"_id":"chai@0.2.3","optionalDependencies":{},"_engineSupported":true,"_npmVersion":"1.1.0-3","_nodeVersion":"v0.6.9","_defaultsLoaded":true,"dist":{"shasum":"45bae892638b7c4c6089363cee499facb61f101b","tarball":"https://registry.npmjs.org/chai/-/chai-0.2.3.tgz"},"maintainers":[{"name":"jakeluer","email":"jake.luer@incatern.com"}],"directories":{}},"0.2.4":{"author":{"name":"Jake Luer","email":"jake@alogicalparadox.com"},"name":"chai","description":"BDD/TDD assertion library for node.js and the browser. Test framework agnostic.","keywords":["test","assertion","assert","testing"],"version":"0.2.4","repository":{"type":"git","url":"git://github.com/logicalparadox/chai.git"},"bugs":{"url":"https://github.com/logicalparadox/chai/issues"},"main":"./index","scripts":{"test":"make test"},"engines":{"node":">= 0.4.0"},"dependencies":{},"devDependencies":{"mocha":"*","codex":"0.0.6"},"_npmUser":{"name":"jakeluer","email":"jake.luer@incatern.com"},"_id":"chai@0.2.4","optionalDependencies":{},"_engineSupported":true,"_npmVersion":"1.1.0-3","_nodeVersion":"v0.6.9","_defaultsLoaded":true,"dist":{"shasum":"487b27c075b7403d76981d54b3a7ab1c429d2fd1","tarball":"https://registry.npmjs.org/chai/-/chai-0.2.4.tgz"},"maintainers":[{"name":"jakeluer","email":"jake.luer@incatern.com"}],"directories":{}},"0.3.0":{"author":{"name":"Jake Luer","email":"jake@alogicalparadox.com"},"name":"chai","description":"BDD/TDD assertion library for node.js and the browser. Test framework agnostic.","keywords":["test","assertion","assert","testing"],"version":"0.3.0","repository":{"type":"git","url":"git://github.com/logicalparadox/chai.git"},"bugs":{"url":"https://github.com/logicalparadox/chai/issues"},"main":"./index","scripts":{"test":"make test"},"engines":{"node":">= 0.4.0"},"dependencies":{},"devDependencies":{"mocha":"*","codex":"0.0.6"},"_npmUser":{"name":"jakeluer","email":"jake.luer@incatern.com"},"_id":"chai@0.3.0","optionalDependencies":{},"_engineSupported":true,"_npmVersion":"1.1.0-3","_nodeVersion":"v0.6.10","_defaultsLoaded":true,"dist":{"shasum":"9390e411fa5b84cd7944638d12b68aacb0335397","tarball":"https://registry.npmjs.org/chai/-/chai-0.3.0.tgz"},"maintainers":[{"name":"jakeluer","email":"jake.luer@incatern.com"}],"directories":{}},"0.3.1":{"author":{"name":"Jake Luer","email":"jake@alogicalparadox.com"},"name":"chai","description":"BDD/TDD assertion library for node.js and the browser. Test framework agnostic.","keywords":["test","assertion","assert","testing"],"version":"0.3.1","repository":{"type":"git","url":"git://github.com/logicalparadox/chai.git"},"bugs":{"url":"https://github.com/logicalparadox/chai/issues"},"main":"./index","scripts":{"test":"make test"},"engines":{"node":">= 0.4.0"},"dependencies":{},"devDependencies":{"mocha":"*","codex":"0.0.6"},"_npmUser":{"name":"jakeluer","email":"jake.luer@incatern.com"},"_id":"chai@0.3.1","optionalDependencies":{},"_engineSupported":true,"_npmVersion":"1.1.0-3","_nodeVersion":"v0.6.10","_defaultsLoaded":true,"dist":{"shasum":"5a4051934d2db65ce17820e08053d64a508326c4","tarball":"https://registry.npmjs.org/chai/-/chai-0.3.1.tgz"},"maintainers":[{"name":"jakeluer","email":"jake.luer@incatern.com"}],"directories":{}},"0.3.2":{"author":{"name":"Jake Luer","email":"jake@alogicalparadox.com"},"name":"chai","description":"BDD/TDD assertion library for node.js and the browser. Test framework agnostic.","keywords":["test","assertion","assert","testing"],"version":"0.3.2","repository":{"type":"git","url":"git://github.com/logicalparadox/chai.git"},"bugs":{"url":"https://github.com/logicalparadox/chai/issues"},"main":"./index","scripts":{"test":"make test"},"engines":{"node":">= 0.4.0"},"dependencies":{},"devDependencies":{"mocha":"*","codex":"0.2.x"},"_npmUser":{"name":"jakeluer","email":"jake.luer@incatern.com"},"_id":"chai@0.3.2","optionalDependencies":{},"_engineSupported":true,"_npmVersion":"1.1.0-3","_nodeVersion":"v0.6.10","_defaultsLoaded":true,"dist":{"shasum":"d3c1e808cba2cac5099db822c4858c97e7d0edab","tarball":"https://registry.npmjs.org/chai/-/chai-0.3.2.tgz"},"maintainers":[{"name":"jakeluer","email":"jake.luer@incatern.com"}],"directories":{}},"0.3.3":{"author":{"name":"Jake Luer","email":"jake@alogicalparadox.com"},"name":"chai","description":"BDD/TDD assertion library for node.js and the browser. Test framework agnostic.","keywords":["test","assertion","assert","testing"],"version":"0.3.3","repository":{"type":"git","url":"git://github.com/logicalparadox/chai.git"},"bugs":{"url":"https://github.com/logicalparadox/chai/issues"},"main":"./index","scripts":{"test":"make test"},"engines":{"node":">= 0.4.0"},"dependencies":{},"devDependencies":{"mocha":"*","codex":"0.2.x"},"_npmUser":{"name":"jakeluer","email":"jake.luer@incatern.com"},"_id":"chai@0.3.3","optionalDependencies":{},"_engineSupported":true,"_npmVersion":"1.1.0-3","_nodeVersion":"v0.6.10","_defaultsLoaded":true,"dist":{"shasum":"f497ba11bdda91f829d970ae516e5274baafdaf0","tarball":"https://registry.npmjs.org/chai/-/chai-0.3.3.tgz"},"maintainers":[{"name":"jakeluer","email":"jake.luer@incatern.com"}],"directories":{}},"0.3.4":{"author":{"name":"Jake Luer","email":"jake@alogicalparadox.com"},"name":"chai","description":"BDD/TDD assertion library for node.js and the browser. Test framework agnostic.","keywords":["test","assertion","assert","testing"],"version":"0.3.4","repository":{"type":"git","url":"git://github.com/logicalparadox/chai.git"},"bugs":{"url":"https://github.com/logicalparadox/chai/issues"},"main":"./index","scripts":{"test":"make test"},"engines":{"node":">= 0.4.0"},"dependencies":{},"devDependencies":{"mocha":"*","codex":"0.2.x"},"_npmUser":{"name":"jakeluer","email":"jake.luer@incatern.com"},"_id":"chai@0.3.4","optionalDependencies":{},"_engineSupported":true,"_npmVersion":"1.1.0-3","_nodeVersion":"v0.6.11","_defaultsLoaded":true,"dist":{"shasum":"ec653488a753bb4e9fabd016c6034e0c7ac665ba","tarball":"https://registry.npmjs.org/chai/-/chai-0.3.4.tgz"},"maintainers":[{"name":"jakeluer","email":"jake.luer@incatern.com"}],"directories":{}},"0.4.0":{"author":{"name":"Jake Luer","email":"jake@alogicalparadox.com"},"name":"chai","description":"BDD/TDD assertion library for node.js and the browser. Test framework agnostic.","keywords":["test","assertion","assert","testing"],"version":"0.4.0","repository":{"type":"git","url":"git://github.com/logicalparadox/chai.git"},"bugs":{"url":"https://github.com/logicalparadox/chai/issues"},"main":"./index","scripts":{"test":"make test"},"engines":{"node":">= 0.4.0"},"dependencies":{},"devDependencies":{"mocha":"*","codex":"0.2.x"},"_npmUser":{"name":"jakeluer","email":"jake.luer@incatern.com"},"_id":"chai@0.4.0","optionalDependencies":{},"_engineSupported":true,"_npmVersion":"1.1.0-3","_nodeVersion":"v0.6.11","_defaultsLoaded":true,"dist":{"shasum":"87af908246300e03ab4b20ce2746a509267b8694","tarball":"https://registry.npmjs.org/chai/-/chai-0.4.0.tgz"},"maintainers":[{"name":"jakeluer","email":"jake.luer@incatern.com"}],"directories":{}},"0.4.1":{"author":{"name":"Jake Luer","email":"jake@alogicalparadox.com"},"name":"chai","description":"BDD/TDD assertion library for node.js and the browser. Test framework agnostic.","keywords":["test","assertion","assert","testing"],"version":"0.4.1","repository":{"type":"git","url":"git://github.com/logicalparadox/chai.git"},"bugs":{"url":"https://github.com/logicalparadox/chai/issues"},"main":"./index","scripts":{"test":"make test"},"engines":{"node":">= 0.4.0"},"dependencies":{},"devDependencies":{"mocha":"*","codex":"0.2.x"},"_npmUser":{"name":"jakeluer","email":"jake.luer@incatern.com"},"_id":"chai@0.4.1","optionalDependencies":{},"_engineSupported":true,"_npmVersion":"1.1.0-3","_nodeVersion":"v0.6.11","_defaultsLoaded":true,"dist":{"shasum":"56d26f562e3bb26cd97b0b9dae848c0bf383e86c","tarball":"https://registry.npmjs.org/chai/-/chai-0.4.1.tgz"},"maintainers":[{"name":"jakeluer","email":"jake.luer@incatern.com"}],"directories":{}},"0.4.2":{"author":{"name":"Jake Luer","email":"jake@alogicalparadox.com"},"name":"chai","description":"BDD/TDD assertion library for node.js and the browser. Test framework agnostic.","keywords":["test","assertion","assert","testing"],"version":"0.4.2","repository":{"type":"git","url":"git://github.com/logicalparadox/chai.git"},"bugs":{"url":"https://github.com/logicalparadox/chai/issues"},"main":"./index","scripts":{"test":"make test"},"engines":{"node":">= 0.4.0"},"dependencies":{},"devDependencies":{"mocha":"*","codex":"0.2.x"},"_npmUser":{"name":"jakeluer","email":"jake.luer@incatern.com"},"_id":"chai@0.4.2","optionalDependencies":{},"_engineSupported":true,"_npmVersion":"1.1.0-3","_nodeVersion":"v0.6.11","_defaultsLoaded":true,"dist":{"shasum":"d942b3c559ccf93a76e481b1bc44aaafa75cdc17","tarball":"https://registry.npmjs.org/chai/-/chai-0.4.2.tgz"},"maintainers":[{"name":"jakeluer","email":"jake.luer@incatern.com"}],"directories":{}},"0.5.0":{"author":{"name":"Jake Luer","email":"jake@alogicalparadox.com"},"name":"chai","description":"BDD/TDD assertion library for node.js and the browser. Test framework agnostic.","keywords":["test","assertion","assert","testing"],"version":"0.5.0","repository":{"type":"git","url":"git://github.com/logicalparadox/chai.git"},"bugs":{"url":"https://github.com/logicalparadox/chai/issues"},"main":"./index","scripts":{"test":"make test"},"engines":{"node":">= 0.4.0"},"dependencies":{},"devDependencies":{"mocha":"*","codex":"0.2.x"},"_npmUser":{"name":"jakeluer","email":"jake.luer@incatern.com"},"_id":"chai@0.5.0","optionalDependencies":{},"_engineSupported":true,"_npmVersion":"1.1.4","_nodeVersion":"v0.6.12","_defaultsLoaded":true,"dist":{"shasum":"c3693f332d853a17c980a597143d5e6fe41d91c9","tarball":"https://registry.npmjs.org/chai/-/chai-0.5.0.tgz"},"maintainers":[{"name":"jakeluer","email":"jake.luer@incatern.com"}],"directories":{}},"0.5.1":{"author":{"name":"Jake Luer","email":"jake@alogicalparadox.com"},"name":"chai","description":"BDD/TDD assertion library for node.js and the browser. Test framework agnostic.","keywords":["test","assertion","assert","testing"],"version":"0.5.1","repository":{"type":"git","url":"git://github.com/logicalparadox/chai.git"},"bugs":{"url":"https://github.com/logicalparadox/chai/issues"},"main":"./index","scripts":{"test":"make test"},"engines":{"node":">= 0.4.0"},"dependencies":{},"devDependencies":{"mocha":"*","codex":"0.2.x"},"_npmUser":{"name":"jakeluer","email":"jake.luer@incatern.com"},"_id":"chai@0.5.1","optionalDependencies":{},"_engineSupported":true,"_npmVersion":"1.1.4","_nodeVersion":"v0.6.12","_defaultsLoaded":true,"dist":{"shasum":"6072d7188093490afe9d722162494bea76561bd6","tarball":"https://registry.npmjs.org/chai/-/chai-0.5.1.tgz"},"maintainers":[{"name":"jakeluer","email":"jake.luer@incatern.com"}],"directories":{}},"0.5.2":{"author":{"name":"Jake Luer","email":"jake@alogicalparadox.com"},"name":"chai","description":"BDD/TDD assertion library for node.js and the browser. Test framework agnostic.","keywords":["test","assertion","assert","testing"],"version":"0.5.2","repository":{"type":"git","url":"git://github.com/logicalparadox/chai.git"},"bugs":{"url":"https://github.com/logicalparadox/chai/issues"},"main":"./index","scripts":{"test":"make test"},"engines":{"node":">= 0.4.0"},"dependencies":{},"devDependencies":{"mocha":"*","codex":"0.2.x"},"_npmUser":{"name":"jakeluer","email":"jake.luer@incatern.com"},"_id":"chai@0.5.2","optionalDependencies":{},"_engineSupported":true,"_npmVersion":"1.1.9","_nodeVersion":"v0.6.13","_defaultsLoaded":true,"dist":{"shasum":"2e93a86c45043face8cc947a22a05ef93f936202","tarball":"https://registry.npmjs.org/chai/-/chai-0.5.2.tgz"},"maintainers":[{"name":"jakeluer","email":"jake.luer@incatern.com"}],"directories":{}},"0.5.3":{"author":{"name":"Jake Luer","email":"jake@alogicalparadox.com"},"name":"chai","description":"BDD/TDD assertion library for node.js and the browser. Test framework agnostic.","keywords":["test","assertion","assert","testing"],"version":"0.5.3","repository":{"type":"git","url":"git://github.com/logicalparadox/chai.git"},"bugs":{"url":"https://github.com/logicalparadox/chai/issues"},"main":"./index","scripts":{"test":"make test"},"engines":{"node":">= 0.4.0"},"dependencies":{},"devDependencies":{"mocha":"*","codex":"0.2.x"},"_npmUser":{"name":"jakeluer","email":"jake.luer@incatern.com"},"_id":"chai@0.5.3","optionalDependencies":{},"_engineSupported":true,"_npmVersion":"1.1.16","_nodeVersion":"v0.6.15","_defaultsLoaded":true,"dist":{"shasum":"f191893b631e02216c12fc190a2ee56ef1bd360b","tarball":"https://registry.npmjs.org/chai/-/chai-0.5.3.tgz"},"maintainers":[{"name":"jakeluer","email":"jake.luer@incatern.com"}],"directories":{}},"1.0.0":{"author":{"name":"Jake Luer","email":"jake@alogicalparadox.com"},"name":"chai","description":"BDD/TDD assertion library for node.js and the browser. Test framework agnostic.","keywords":["test","assertion","assert","testing","chai"],"homepage":"http://chaijs.com","license":"MIT","contributors":[{"name":"Jake Luer","email":"jake@alogicalparadox.com"},{"name":"Domenic Denicola","email":"domenic@domenicdenicola.com","url":"http://domenicdenicola.com"},{"name":"Veselin Todorov","email":"hi@vesln.com"},{"name":"John Firebaugh","email":"john.firebaugh@gmail.com"}],"version":"1.0.0","repository":{"type":"git","url":"git://github.com/chaijs/chai.git"},"bugs":{"url":"https://github.com/chaijs/chai/issues"},"main":"./index","scripts":{"test":"make test"},"engines":{"node":">= 0.4.0"},"dependencies":{},"devDependencies":{"mocha":"*"},"_npmUser":{"name":"jakeluer","email":"jake.luer@incatern.com"},"_id":"chai@1.0.0","optionalDependencies":{},"_engineSupported":true,"_npmVersion":"1.1.21","_nodeVersion":"v0.6.17","_defaultsLoaded":true,"dist":{"shasum":"81a863ae54469ab7cd009f09405d60b86d9a19b9","tarball":"https://registry.npmjs.org/chai/-/chai-1.0.0.tgz"},"maintainers":[{"name":"jakeluer","email":"jake.luer@incatern.com"}],"directories":{}},"1.0.1":{"author":{"name":"Jake Luer","email":"jake@alogicalparadox.com"},"name":"chai","description":"BDD/TDD assertion library for node.js and the browser. Test framework agnostic.","keywords":["test","assertion","assert","testing","chai"],"homepage":"http://chaijs.com","license":"MIT","contributors":[{"name":"Jake Luer","email":"jake@alogicalparadox.com"},{"name":"Domenic Denicola","email":"domenic@domenicdenicola.com","url":"http://domenicdenicola.com"},{"name":"Veselin Todorov","email":"hi@vesln.com"},{"name":"John Firebaugh","email":"john.firebaugh@gmail.com"}],"version":"1.0.1","repository":{"type":"git","url":"git://github.com/chaijs/chai.git"},"bugs":{"url":"https://github.com/chaijs/chai/issues"},"main":"./index","scripts":{"test":"make test"},"engines":{"node":">= 0.4.0"},"dependencies":{},"devDependencies":{"mocha":"*"},"_npmUser":{"name":"jakeluer","email":"jake.luer@incatern.com"},"_id":"chai@1.0.1","optionalDependencies":{},"_engineSupported":true,"_npmVersion":"1.1.21","_nodeVersion":"v0.6.18","_defaultsLoaded":true,"dist":{"shasum":"348759800d013d84cedab77754a597e9e0c87a5d","tarball":"https://registry.npmjs.org/chai/-/chai-1.0.1.tgz"},"maintainers":[{"name":"jakeluer","email":"jake.luer@incatern.com"}],"directories":{}},"1.0.2":{"author":{"name":"Jake Luer","email":"jake@alogicalparadox.com"},"name":"chai","description":"BDD/TDD assertion library for node.js and the browser. Test framework agnostic.","keywords":["test","assertion","assert","testing","chai"],"homepage":"http://chaijs.com","license":"MIT","contributors":[{"name":"Jake Luer","email":"jake@alogicalparadox.com"},{"name":"Domenic Denicola","email":"domenic@domenicdenicola.com","url":"http://domenicdenicola.com"},{"name":"Veselin Todorov","email":"hi@vesln.com"},{"name":"John Firebaugh","email":"john.firebaugh@gmail.com"}],"version":"1.0.2","repository":{"type":"git","url":"git://github.com/chaijs/chai.git"},"bugs":{"url":"https://github.com/chaijs/chai/issues"},"main":"./index","scripts":{"test":"make test"},"engines":{"node":">= 0.4.0"},"dependencies":{},"devDependencies":{"mocha":"*"},"_npmUser":{"name":"jakeluer","email":"jake.luer@incatern.com"},"_id":"chai@1.0.2","optionalDependencies":{},"_engineSupported":true,"_npmVersion":"1.1.21","_nodeVersion":"v0.6.18","_defaultsLoaded":true,"dist":{"shasum":"70045831a1933cd770c12cf9af619babe0fbbe4b","tarball":"https://registry.npmjs.org/chai/-/chai-1.0.2.tgz"},"maintainers":[{"name":"jakeluer","email":"jake.luer@incatern.com"}],"directories":{}},"1.0.3":{"author":{"name":"Jake Luer","email":"jake@alogicalparadox.com"},"name":"chai","description":"BDD/TDD assertion library for node.js and the browser. Test framework agnostic.","keywords":["test","assertion","assert","testing","chai"],"homepage":"http://chaijs.com","license":"MIT","contributors":[{"name":"Jake Luer","email":"jake@alogicalparadox.com"},{"name":"Domenic Denicola","email":"domenic@domenicdenicola.com","url":"http://domenicdenicola.com"},{"name":"Veselin Todorov","email":"hi@vesln.com"},{"name":"John Firebaugh","email":"john.firebaugh@gmail.com"}],"version":"1.0.3","repository":{"type":"git","url":"git://github.com/chaijs/chai.git"},"bugs":{"url":"https://github.com/chaijs/chai/issues"},"main":"./index","scripts":{"test":"make test"},"engines":{"node":">= 0.4.0"},"dependencies":{},"devDependencies":{"mocha":"*"},"_npmUser":{"name":"jakeluer","email":"jake.luer@incatern.com"},"_id":"chai@1.0.3","optionalDependencies":{},"_engineSupported":true,"_npmVersion":"1.1.21","_nodeVersion":"v0.6.18","_defaultsLoaded":true,"dist":{"shasum":"36662e56af0dd3c9044b4e4ae8a433f95e059c11","tarball":"https://registry.npmjs.org/chai/-/chai-1.0.3.tgz"},"maintainers":[{"name":"jakeluer","email":"jake.luer@incatern.com"}],"directories":{}},"1.0.4":{"author":{"name":"Jake Luer","email":"jake@alogicalparadox.com"},"name":"chai","description":"BDD/TDD assertion library for node.js and the browser. Test framework agnostic.","keywords":["test","assertion","assert","testing","chai"],"homepage":"http://chaijs.com","license":"MIT","contributors":[{"name":"Jake Luer","email":"jake@alogicalparadox.com"},{"name":"Domenic Denicola","email":"domenic@domenicdenicola.com","url":"http://domenicdenicola.com"},{"name":"Veselin Todorov","email":"hi@vesln.com"},{"name":"John Firebaugh","email":"john.firebaugh@gmail.com"}],"version":"1.0.4","repository":{"type":"git","url":"git://github.com/chaijs/chai.git"},"bugs":{"url":"https://github.com/chaijs/chai/issues"},"main":"./index","scripts":{"test":"make test"},"engines":{"node":">= 0.4.0"},"dependencies":{},"devDependencies":{"mocha":"*"},"_npmUser":{"name":"jakeluer","email":"jake.luer@incatern.com"},"_id":"chai@1.0.4","optionalDependencies":{},"_engineSupported":true,"_npmVersion":"1.1.21","_nodeVersion":"v0.6.18","_defaultsLoaded":true,"dist":{"shasum":"1364225605a3ce8204a0818b6b5db7924bf05fa2","tarball":"https://registry.npmjs.org/chai/-/chai-1.0.4.tgz"},"maintainers":[{"name":"jakeluer","email":"jake.luer@incatern.com"}],"directories":{}},"1.1.0":{"author":{"name":"Jake Luer","email":"jake@alogicalparadox.com"},"name":"chai","description":"BDD/TDD assertion library for node.js and the browser. Test framework agnostic.","keywords":["test","assertion","assert","testing","chai"],"homepage":"http://chaijs.com","license":"MIT","contributors":[{"name":"Jake Luer","email":"jake@alogicalparadox.com"},{"name":"Domenic Denicola","email":"domenic@domenicdenicola.com","url":"http://domenicdenicola.com"},{"name":"Veselin Todorov","email":"hi@vesln.com"},{"name":"John Firebaugh","email":"john.firebaugh@gmail.com"}],"version":"1.1.0","repository":{"type":"git","url":"git://github.com/chaijs/chai.git"},"bugs":{"url":"https://github.com/chaijs/chai/issues"},"main":"./index","scripts":{"test":"make test"},"engines":{"node":">= 0.4.0"},"dependencies":{},"devDependencies":{"mocha":"*"},"_npmUser":{"name":"jakeluer","email":"jake.luer@incatern.com"},"_id":"chai@1.1.0","optionalDependencies":{},"_engineSupported":true,"_npmVersion":"1.1.24","_nodeVersion":"v0.8.0","_defaultsLoaded":true,"dist":{"shasum":"d5e2dc5d7dd96b6b401bc66df523dd48cdf5c325","tarball":"https://registry.npmjs.org/chai/-/chai-1.1.0.tgz"},"maintainers":[{"name":"jakeluer","email":"jake.luer@incatern.com"}],"directories":{}},"1.1.1":{"author":{"name":"Jake Luer","email":"jake@alogicalparadox.com"},"name":"chai","description":"BDD/TDD assertion library for node.js and the browser. Test framework agnostic.","keywords":["test","assertion","assert","testing","chai"],"homepage":"http://chaijs.com","license":"MIT","contributors":[{"name":"Jake Luer","email":"jake@alogicalparadox.com"},{"name":"Domenic Denicola","email":"domenic@domenicdenicola.com","url":"http://domenicdenicola.com"},{"name":"Veselin Todorov","email":"hi@vesln.com"},{"name":"John Firebaugh","email":"john.firebaugh@gmail.com"}],"version":"1.1.1","repository":{"type":"git","url":"git://github.com/chaijs/chai.git"},"bugs":{"url":"https://github.com/chaijs/chai/issues"},"main":"./index","scripts":{"test":"make test"},"engines":{"node":">= 0.4.0"},"dependencies":{},"devDependencies":{"folio":"0.3.x","mocha":"*"},"_npmUser":{"name":"jakeluer","email":"jake.luer@incatern.com"},"_id":"chai@1.1.1","optionalDependencies":{},"_engineSupported":true,"_npmVersion":"1.1.24","_nodeVersion":"v0.8.1","_defaultsLoaded":true,"dist":{"shasum":"5f6cb181d64d6df77d8ddabb9f1b4be693946a97","tarball":"https://registry.npmjs.org/chai/-/chai-1.1.1.tgz"},"maintainers":[{"name":"jakeluer","email":"jake.luer@incatern.com"}],"directories":{}},"1.2.0":{"author":{"name":"Jake Luer","email":"jake@alogicalparadox.com"},"name":"chai","description":"BDD/TDD assertion library for node.js and the browser. Test framework agnostic.","keywords":["test","assertion","assert","testing","chai"],"homepage":"http://chaijs.com","license":"MIT","contributors":[{"name":"Jake Luer","email":"jake@alogicalparadox.com"},{"name":"Domenic Denicola","email":"domenic@domenicdenicola.com","url":"http://domenicdenicola.com"},{"name":"Veselin Todorov","email":"hi@vesln.com"},{"name":"John Firebaugh","email":"john.firebaugh@gmail.com"}],"version":"1.2.0","repository":{"type":"git","url":"https://github.com/chaijs/chai"},"bugs":{"url":"https://github.com/chaijs/chai/issues"},"main":"./index","scripts":{"test":"make test"},"engines":{"node":">= 0.4.0"},"dependencies":{},"devDependencies":{"folio":"0.3.x","mocha":"*"},"_id":"chai@1.2.0","dist":{"shasum":"7bf15ae137381b6e6db1e73b3831480e81457589","tarball":"https://registry.npmjs.org/chai/-/chai-1.2.0.tgz"},"maintainers":[{"name":"jakeluer","email":"jake.luer@incatern.com"}],"directories":{}},"1.3.0":{"author":{"name":"Jake Luer","email":"jake@alogicalparadox.com"},"name":"chai","description":"BDD/TDD assertion library for node.js and the browser. Test framework agnostic.","keywords":["test","assertion","assert","testing","chai"],"homepage":"http://chaijs.com","license":"MIT","contributors":[{"name":"Jake Luer","email":"jake@alogicalparadox.com"},{"name":"Domenic Denicola","email":"domenic@domenicdenicola.com","url":"http://domenicdenicola.com"},{"name":"Veselin Todorov","email":"hi@vesln.com"},{"name":"John Firebaugh","email":"john.firebaugh@gmail.com"}],"version":"1.3.0","repository":{"type":"git","url":"https://github.com/chaijs/chai"},"bugs":{"url":"https://github.com/chaijs/chai/issues"},"main":"./index","scripts":{"test":"mocha"},"engines":{"node":">= 0.4.0"},"dependencies":{},"devDependencies":{"folio":"0.3.x","mocha":"*"},"_id":"chai@1.3.0","dist":{"shasum":"6a597c6377c54e9dedc2ddb4641296fc05ff4fcc","tarball":"https://registry.npmjs.org/chai/-/chai-1.3.0.tgz"},"_npmVersion":"1.1.62","_npmUser":{"name":"jakeluer","email":"jake@alogicalparadox.com"},"maintainers":[{"name":"jakeluer","email":"jake.luer@incatern.com"}],"directories":{}},"1.4.0":{"author":{"name":"Jake Luer","email":"jake@alogicalparadox.com"},"name":"chai","description":"BDD/TDD assertion library for node.js and the browser. Test framework agnostic.","keywords":["test","assertion","assert","testing","chai"],"homepage":"http://chaijs.com","license":"MIT","contributors":[{"name":"Jake Luer","email":"jake@alogicalparadox.com"},{"name":"Domenic Denicola","email":"domenic@domenicdenicola.com","url":"http://domenicdenicola.com"},{"name":"Veselin Todorov","email":"hi@vesln.com"},{"name":"John Firebaugh","email":"john.firebaugh@gmail.com"}],"version":"1.4.0","repository":{"type":"git","url":"https://github.com/chaijs/chai"},"bugs":{"url":"https://github.com/chaijs/chai/issues"},"main":"./index","scripts":{"test":"mocha"},"engines":{"node":">= 0.4.0"},"dependencies":{},"devDependencies":{"folio":"0.3.x","mocha":"*"},"_id":"chai@1.4.0","dist":{"shasum":"6884a97b3f9e0ebac83ecc58fc8b1617dd661444","tarball":"https://registry.npmjs.org/chai/-/chai-1.4.0.tgz"},"_npmVersion":"1.1.63","_npmUser":{"name":"jakeluer","email":"jake@alogicalparadox.com"},"maintainers":[{"name":"jakeluer","email":"jake.luer@incatern.com"}],"directories":{}},"1.4.1":{"author":{"name":"Jake Luer","email":"jake@alogicalparadox.com"},"name":"chai","description":"BDD/TDD assertion library for node.js and the browser. Test framework agnostic.","keywords":["test","assertion","assert","testing","chai"],"homepage":"http://chaijs.com","license":"MIT","contributors":[{"name":"Jake Luer","email":"jake@alogicalparadox.com"},{"name":"Domenic Denicola","email":"domenic@domenicdenicola.com","url":"http://domenicdenicola.com"},{"name":"Veselin Todorov","email":"hi@vesln.com"},{"name":"John Firebaugh","email":"john.firebaugh@gmail.com"}],"version":"1.4.1","repository":{"type":"git","url":"https://github.com/chaijs/chai"},"bugs":{"url":"https://github.com/chaijs/chai/issues"},"main":"./index","scripts":{"test":"mocha"},"engines":{"node":">= 0.4.0"},"dependencies":{},"devDependencies":{"folio":"0.3.x","mocha":"*"},"_id":"chai@1.4.1","dist":{"shasum":"7a0b484008d583298f54183a5774bee635e88c9d","tarball":"https://registry.npmjs.org/chai/-/chai-1.4.1.tgz"},"_npmVersion":"1.1.69","_npmUser":{"name":"jakeluer","email":"jake@alogicalparadox.com"},"maintainers":[{"name":"jakeluer","email":"jake.luer@incatern.com"}],"directories":{}},"1.4.2":{"author":{"name":"Jake Luer","email":"jake@alogicalparadox.com"},"name":"chai","description":"BDD/TDD assertion library for node.js and the browser. Test framework agnostic.","keywords":["test","assertion","assert","testing","chai"],"homepage":"http://chaijs.com","license":"MIT","contributors":[{"name":"Jake Luer","email":"jake@alogicalparadox.com"},{"name":"Domenic Denicola","email":"domenic@domenicdenicola.com","url":"http://domenicdenicola.com"},{"name":"Veselin Todorov","email":"hi@vesln.com"},{"name":"John Firebaugh","email":"john.firebaugh@gmail.com"}],"version":"1.4.2","repository":{"type":"git","url":"https://github.com/chaijs/chai"},"bugs":{"url":"https://github.com/chaijs/chai/issues"},"main":"./index","scripts":{"test":"mocha"},"engines":{"node":">= 0.4.0"},"dependencies":{},"devDependencies":{"folio":"0.3.x","mocha":"*"},"_id":"chai@1.4.2","dist":{"shasum":"8bf8e93e3690171cf2632e7a113514bc3b3b076a","tarball":"https://registry.npmjs.org/chai/-/chai-1.4.2.tgz"},"_npmVersion":"1.1.69","_npmUser":{"name":"jakeluer","email":"jake@alogicalparadox.com"},"maintainers":[{"name":"jakeluer","email":"jake.luer@incatern.com"}],"directories":{}},"1.5.0":{"author":{"name":"Jake Luer","email":"jake@alogicalparadox.com"},"name":"chai","description":"BDD/TDD assertion library for node.js and the browser. Test framework agnostic.","keywords":["test","assertion","assert","testing","chai"],"homepage":"http://chaijs.com","license":"MIT","contributors":[{"name":"Jake Luer","email":"jake@alogicalparadox.com"},{"name":"Domenic Denicola","email":"domenic@domenicdenicola.com","url":"http://domenicdenicola.com"},{"name":"Veselin Todorov","email":"hi@vesln.com"},{"name":"John Firebaugh","email":"john.firebaugh@gmail.com"}],"version":"1.5.0","repository":{"type":"git","url":"https://github.com/chaijs/chai"},"bugs":{"url":"https://github.com/chaijs/chai/issues"},"main":"./index","scripts":{"test":"make test"},"engines":{"node":">= 0.4.0"},"dependencies":{},"devDependencies":{"component":"*","folio":"0.3.x","mocha":"*","mocha-cloud":"*","mocha-phantomjs":"*","connect":"2.7.x"},"_id":"chai@1.5.0","dist":{"shasum":"9afa2003cfcb732896f829568ee308a67cbeccf0","tarball":"https://registry.npmjs.org/chai/-/chai-1.5.0.tgz"},"_npmVersion":"1.2.0","_npmUser":{"name":"jakeluer","email":"jake@alogicalparadox.com"},"maintainers":[{"name":"jakeluer","email":"jake.luer@incatern.com"}],"directories":{}},"1.6.0":{"author":{"name":"Jake Luer","email":"jake@alogicalparadox.com"},"name":"chai","description":"BDD/TDD assertion library for node.js and the browser. Test framework agnostic.","keywords":["test","assertion","assert","testing","chai"],"homepage":"http://chaijs.com","license":"MIT","contributors":[{"name":"Jake Luer","email":"jake@alogicalparadox.com"},{"name":"Domenic Denicola","email":"domenic@domenicdenicola.com","url":"http://domenicdenicola.com"},{"name":"Veselin Todorov","email":"hi@vesln.com"},{"name":"John Firebaugh","email":"john.firebaugh@gmail.com"}],"version":"1.6.0","repository":{"type":"git","url":"https://github.com/chaijs/chai"},"bugs":{"url":"https://github.com/chaijs/chai/issues"},"main":"./index","scripts":{"test":"make test"},"engines":{"node":">= 0.4.0"},"dependencies":{},"devDependencies":{"component":"*","mocha":"*","mocha-cloud":"*","mocha-phantomjs":"*","connect":"2.7.x"},"_id":"chai@1.6.0","dist":{"shasum":"dbfca9d88710c436fcc78f9ddf8e795f6b5826ae","tarball":"https://registry.npmjs.org/chai/-/chai-1.6.0.tgz"},"_from":".","_npmVersion":"1.2.18","_npmUser":{"name":"jakeluer","email":"jake@alogicalparadox.com"},"maintainers":[{"name":"jakeluer","email":"jake.luer@incatern.com"}],"directories":{}},"1.6.1":{"author":{"name":"Jake Luer","email":"jake@alogicalparadox.com"},"name":"chai","description":"BDD/TDD assertion library for node.js and the browser. Test framework agnostic.","keywords":["test","assertion","assert","testing","chai"],"homepage":"http://chaijs.com","license":"MIT","contributors":[{"name":"Jake Luer","email":"jake@alogicalparadox.com"},{"name":"Domenic Denicola","email":"domenic@domenicdenicola.com","url":"http://domenicdenicola.com"},{"name":"Veselin Todorov","email":"hi@vesln.com"},{"name":"John Firebaugh","email":"john.firebaugh@gmail.com"}],"version":"1.6.1","repository":{"type":"git","url":"https://github.com/chaijs/chai"},"bugs":{"url":"https://github.com/chaijs/chai/issues"},"main":"./index","scripts":{"test":"make test"},"engines":{"node":">= 0.4.0"},"dependencies":{},"devDependencies":{"component":"*","mocha":"1.8.x","mocha-cloud":"*","mocha-phantomjs":"*","connect":"2.7.x"},"_id":"chai@1.6.1","dist":{"shasum":"ae400359111fba3eb538275b8be0e9145119b321","tarball":"https://registry.npmjs.org/chai/-/chai-1.6.1.tgz"},"_from":".","_npmVersion":"1.2.23","_npmUser":{"name":"jakeluer","email":"jake@alogicalparadox.com"},"maintainers":[{"name":"jakeluer","email":"jake.luer@incatern.com"}],"directories":{}},"1.7.0":{"author":{"name":"Jake Luer","email":"jake@alogicalparadox.com"},"name":"chai","description":"BDD/TDD assertion library for node.js and the browser. Test framework agnostic.","keywords":["test","assertion","assert","testing","chai"],"homepage":"http://chaijs.com","license":"MIT","contributors":[{"name":"Jake Luer","email":"jake@alogicalparadox.com"},{"name":"Domenic Denicola","email":"domenic@domenicdenicola.com","url":"http://domenicdenicola.com"},{"name":"Veselin Todorov","email":"hi@vesln.com"},{"name":"John Firebaugh","email":"john.firebaugh@gmail.com"}],"version":"1.7.0","repository":{"type":"git","url":"https://github.com/chaijs/chai"},"bugs":{"url":"https://github.com/chaijs/chai/issues"},"main":"./index","scripts":{"test":"make test"},"engines":{"node":">= 0.4.0"},"dependencies":{"assertion-error":"1.0.0"},"devDependencies":{"component":"*","mocha":"1.8.2","mocha-cloud":"*","mocha-phantomjs":"2.0.2","connect":"2.7.x"},"_id":"chai@1.7.0","dist":{"shasum":"8fd9104ae4876210ebf25f4ee38f96be6ed6adea","tarball":"https://registry.npmjs.org/chai/-/chai-1.7.0.tgz"},"_from":".","_npmVersion":"1.2.30","_npmUser":{"name":"jakeluer","email":"jake@alogicalparadox.com"},"maintainers":[{"name":"jakeluer","email":"jake.luer@incatern.com"}],"directories":{}},"1.7.1":{"author":{"name":"Jake Luer","email":"jake@alogicalparadox.com"},"name":"chai","description":"BDD/TDD assertion library for node.js and the browser. Test framework agnostic.","keywords":["test","assertion","assert","testing","chai"],"homepage":"http://chaijs.com","license":"MIT","contributors":[{"name":"Jake Luer","email":"jake@alogicalparadox.com"},{"name":"Domenic Denicola","email":"domenic@domenicdenicola.com","url":"http://domenicdenicola.com"},{"name":"Veselin Todorov","email":"hi@vesln.com"},{"name":"John Firebaugh","email":"john.firebaugh@gmail.com"}],"version":"1.7.1","repository":{"type":"git","url":"https://github.com/chaijs/chai"},"bugs":{"url":"https://github.com/chaijs/chai/issues"},"main":"./index","scripts":{"test":"make test"},"engines":{"node":">= 0.4.0"},"dependencies":{"assertion-error":"1.0.0"},"devDependencies":{"component":"*","mocha":"1.8.2","mocha-cloud":"*","mocha-phantomjs":"2.0.2","connect":"2.7.x"},"_id":"chai@1.7.1","dist":{"shasum":"dd581b599233d7de8e7f823711c8579bc74f38cf","tarball":"https://registry.npmjs.org/chai/-/chai-1.7.1.tgz"},"_from":".","_npmVersion":"1.2.30","_npmUser":{"name":"jakeluer","email":"jake@alogicalparadox.com"},"maintainers":[{"name":"jakeluer","email":"jake.luer@incatern.com"}],"directories":{}},"1.7.2":{"author":{"name":"Jake Luer","email":"jake@alogicalparadox.com"},"name":"chai","description":"BDD/TDD assertion library for node.js and the browser. Test framework agnostic.","keywords":["test","assertion","assert","testing","chai"],"homepage":"http://chaijs.com","license":"MIT","contributors":[{"name":"Jake Luer","email":"jake@alogicalparadox.com"},{"name":"Domenic Denicola","email":"domenic@domenicdenicola.com","url":"http://domenicdenicola.com"},{"name":"Veselin Todorov","email":"hi@vesln.com"},{"name":"John Firebaugh","email":"john.firebaugh@gmail.com"}],"version":"1.7.2","repository":{"type":"git","url":"https://github.com/chaijs/chai"},"bugs":{"url":"https://github.com/chaijs/chai/issues"},"main":"./index","scripts":{"test":"make test"},"engines":{"node":">= 0.4.0"},"dependencies":{"assertion-error":"1.0.0"},"devDependencies":{"component":"*","coveralls":"2.0.16","mocha":"1.8.2","mocha-cloud":"*","mocha-lcov-reporter":"0.0.1","mocha-phantomjs":"2.0.2","connect":"2.7.x","jscoverage":"0.3.7"},"_id":"chai@1.7.2","dist":{"shasum":"ba07ebd4e1ac138a296cdf69077ce74b7f4a1317","tarball":"https://registry.npmjs.org/chai/-/chai-1.7.2.tgz"},"_from":".","_npmVersion":"1.2.30","_npmUser":{"name":"jakeluer","email":"jake@alogicalparadox.com"},"maintainers":[{"name":"jakeluer","email":"jake.luer@incatern.com"}],"directories":{}},"1.8.0":{"author":{"name":"Jake Luer","email":"jake@alogicalparadox.com"},"name":"chai","description":"BDD/TDD assertion library for node.js and the browser. Test framework agnostic.","keywords":["test","assertion","assert","testing","chai"],"homepage":"http://chaijs.com","license":"MIT","contributors":[{"name":"Jake Luer","email":"jake@alogicalparadox.com"},{"name":"Domenic Denicola","email":"domenic@domenicdenicola.com","url":"http://domenicdenicola.com"},{"name":"Veselin Todorov","email":"hi@vesln.com"},{"name":"John Firebaugh","email":"john.firebaugh@gmail.com"}],"version":"1.8.0","repository":{"type":"git","url":"https://github.com/chaijs/chai"},"bugs":{"url":"https://github.com/chaijs/chai/issues"},"main":"./index","scripts":{"test":"make test"},"engines":{"node":">= 0.4.0"},"dependencies":{"assertion-error":"1.0.0","deep-eql":"0.1.2"},"devDependencies":{"component":"*","coveralls":"2.0.16","jscoverage":"0.3.7","karma":"canary","karma-mocha":"*","karma-sauce-launcher":"git://github.com/embarkmobile/karma-sauce-launcher.git#feature-passfail","mocha":"1.8.2","mocha-lcov-reporter":"0.0.1"},"_id":"chai@1.8.0","dist":{"shasum":"1f7accbe91e2e71a08d8208b31bbbdc6862699ac","tarball":"https://registry.npmjs.org/chai/-/chai-1.8.0.tgz"},"_from":".","_npmVersion":"1.3.8","_npmUser":{"name":"jakeluer","email":"jake@alogicalparadox.com"},"maintainers":[{"name":"jakeluer","email":"jake.luer@incatern.com"}],"directories":{}},"1.8.1":{"author":{"name":"Jake Luer","email":"jake@alogicalparadox.com"},"name":"chai","description":"BDD/TDD assertion library for node.js and the browser. Test framework agnostic.","keywords":["test","assertion","assert","testing","chai"],"homepage":"http://chaijs.com","license":"MIT","contributors":[{"name":"Jake Luer","email":"jake@alogicalparadox.com"},{"name":"Domenic Denicola","email":"domenic@domenicdenicola.com","url":"http://domenicdenicola.com"},{"name":"Veselin Todorov","email":"hi@vesln.com"},{"name":"John Firebaugh","email":"john.firebaugh@gmail.com"}],"version":"1.8.1","repository":{"type":"git","url":"https://github.com/chaijs/chai"},"bugs":{"url":"https://github.com/chaijs/chai/issues"},"main":"./index","scripts":{"test":"make test"},"engines":{"node":">= 0.4.0"},"dependencies":{"assertion-error":"1.0.0","deep-eql":"0.1.3"},"devDependencies":{"component":"*","coveralls":"2.0.16","jscoverage":"0.3.7","karma":"canary","karma-mocha":"*","karma-sauce-launcher":"git://github.com/embarkmobile/karma-sauce-launcher.git#feature-passfail","mocha":"1.8.2","mocha-lcov-reporter":"0.0.1"},"_id":"chai@1.8.1","dist":{"shasum":"cc77866d5e7ebca2bd75144b1edc370a88785f72","tarball":"https://registry.npmjs.org/chai/-/chai-1.8.1.tgz"},"_from":".","_npmVersion":"1.3.11","_npmUser":{"name":"jakeluer","email":"jake@alogicalparadox.com"},"maintainers":[{"name":"jakeluer","email":"jake.luer@incatern.com"}],"directories":{}},"1.9.0":{"author":{"name":"Jake Luer","email":"jake@alogicalparadox.com"},"name":"chai","description":"BDD/TDD assertion library for node.js and the browser. Test framework agnostic.","keywords":["test","assertion","assert","testing","chai"],"homepage":"http://chaijs.com","license":"MIT","contributors":[{"name":"Jake Luer","email":"jake@alogicalparadox.com"},{"name":"Domenic Denicola","email":"domenic@domenicdenicola.com","url":"http://domenicdenicola.com"},{"name":"Veselin Todorov","email":"hi@vesln.com"},{"name":"John Firebaugh","email":"john.firebaugh@gmail.com"}],"version":"1.9.0","repository":{"type":"git","url":"https://github.com/chaijs/chai"},"bugs":{"url":"https://github.com/chaijs/chai/issues"},"main":"./index","scripts":{"test":"make test"},"engines":{"node":">= 0.4.0"},"dependencies":{"assertion-error":"1.0.0","deep-eql":"0.1.3"},"devDependencies":{"component":"*","karma":"0.11.12","karma-mocha":"*","karma-sauce-launcher":"0.2.0","karma-phantomjs-launcher":"0.1.1","mocha":"1.8.2","istanbul":"~0.1.44"},"_id":"chai@1.9.0","dist":{"shasum":"3ebe99f3bab9241ed3fcd576f8fe96cad9ed7413","tarball":"https://registry.npmjs.org/chai/-/chai-1.9.0.tgz"},"_from":".","_npmVersion":"1.3.22","_npmUser":{"name":"jakeluer","email":"jake@alogicalparadox.com"},"maintainers":[{"name":"jakeluer","email":"jake@alogicalparadox.com"}],"directories":{}},"1.9.1":{"author":{"name":"Jake Luer","email":"jake@alogicalparadox.com"},"name":"chai","description":"BDD/TDD assertion library for node.js and the browser. Test framework agnostic.","keywords":["test","assertion","assert","testing","chai"],"homepage":"http://chaijs.com","license":"MIT","contributors":[{"name":"Jake Luer","email":"jake@alogicalparadox.com"},{"name":"Domenic Denicola","email":"domenic@domenicdenicola.com","url":"http://domenicdenicola.com"},{"name":"Veselin Todorov","email":"hi@vesln.com"},{"name":"John Firebaugh","email":"john.firebaugh@gmail.com"}],"version":"1.9.1","repository":{"type":"git","url":"https://github.com/chaijs/chai"},"bugs":{"url":"https://github.com/chaijs/chai/issues"},"main":"./index","scripts":{"test":"make test"},"engines":{"node":">= 0.4.0"},"dependencies":{"assertion-error":"1.0.0","deep-eql":"0.1.3"},"devDependencies":{"component":"*","karma":"0.12.x","karma-mocha":"*","karma-sauce-launcher":"0.2.x","karma-phantomjs-launcher":"0.1.1","mocha":"1.17.x","istanbul":"0.2.x"},"_id":"chai@1.9.1","dist":{"shasum":"3711bb6706e1568f34c0b36098bf8f19455c81ae","tarball":"https://registry.npmjs.org/chai/-/chai-1.9.1.tgz"},"_from":".","_npmVersion":"1.3.25","_npmUser":{"name":"jakeluer","email":"jake@alogicalparadox.com"},"maintainers":[{"name":"jakeluer","email":"jake.luer@incatern.com"}],"directories":{}},"1.9.2":{"author":{"name":"Jake Luer","email":"jake@alogicalparadox.com"},"name":"chai","description":"BDD/TDD assertion library for node.js and the browser. Test framework agnostic.","keywords":["test","assertion","assert","testing","chai"],"homepage":"http://chaijs.com","license":"MIT","contributors":[{"name":"Jake Luer","email":"jake@alogicalparadox.com"},{"name":"Domenic Denicola","email":"domenic@domenicdenicola.com","url":"http://domenicdenicola.com"},{"name":"Veselin Todorov","email":"hi@vesln.com"},{"name":"John Firebaugh","email":"john.firebaugh@gmail.com"}],"version":"1.9.2","repository":{"type":"git","url":"https://github.com/chaijs/chai"},"bugs":{"url":"https://github.com/chaijs/chai/issues"},"main":"./index","scripts":{"test":"make test"},"engines":{"node":">= 0.4.0"},"dependencies":{"assertion-error":"1.0.0","deep-eql":"0.1.3"},"devDependencies":{"component":"*","karma":"0.12.x","karma-mocha":"*","karma-sauce-launcher":"0.2.x","karma-phantomjs-launcher":"0.1.1","mocha":"1.21.x","istanbul":"0.2.x"},"_id":"chai@1.9.2","_shasum":"3f1a20f82b0b9d7437577d24d6f12b1a69d3b590","_from":".","_npmVersion":"1.4.9","_npmUser":{"name":"jakeluer","email":"jake@alogicalparadox.com"},"maintainers":[{"name":"jakeluer","email":"jake.luer@incatern.com"}],"dist":{"shasum":"3f1a20f82b0b9d7437577d24d6f12b1a69d3b590","tarball":"https://registry.npmjs.org/chai/-/chai-1.9.2.tgz"},"directories":{}},"1.10.0":{"author":{"name":"Jake Luer","email":"jake@alogicalparadox.com"},"name":"chai","description":"BDD/TDD assertion library for node.js and the browser. Test framework agnostic.","keywords":["test","assertion","assert","testing","chai"],"homepage":"http://chaijs.com","license":"MIT","contributors":[{"name":"Jake Luer","email":"jake@alogicalparadox.com"},{"name":"Domenic Denicola","email":"domenic@domenicdenicola.com","url":"http://domenicdenicola.com"},{"name":"Veselin Todorov","email":"hi@vesln.com"},{"name":"John Firebaugh","email":"john.firebaugh@gmail.com"}],"version":"1.10.0","repository":{"type":"git","url":"https://github.com/chaijs/chai"},"bugs":{"url":"https://github.com/chaijs/chai/issues"},"main":"./index","scripts":{"test":"make test"},"engines":{"node":">= 0.4.0"},"dependencies":{"assertion-error":"1.0.0","deep-eql":"0.1.3"},"devDependencies":{"component":"*","karma":"0.12.x","karma-mocha":"*","karma-sauce-launcher":"0.2.x","karma-phantomjs-launcher":"0.1.1","mocha":"1.21.x","istanbul":"0.2.x"},"gitHead":"c8b3208ce4237d4e0b16508174d616f155c984a2","_id":"chai@1.10.0","_shasum":"e4031cc87654461a75943e5a35ab46eaf39c1eb9","_from":".","_npmVersion":"2.0.0","_npmUser":{"name":"jakeluer","email":"jake@alogicalparadox.com"},"maintainers":[{"name":"jakeluer","email":"jake.luer@incatern.com"}],"dist":{"shasum":"e4031cc87654461a75943e5a35ab46eaf39c1eb9","tarball":"https://registry.npmjs.org/chai/-/chai-1.10.0.tgz"},"directories":{}},"2.0.0":{"author":{"name":"Jake Luer","email":"jake@alogicalparadox.com"},"name":"chai","description":"BDD/TDD assertion library for node.js and the browser. Test framework agnostic.","keywords":["test","assertion","assert","testing","chai"],"homepage":"http://chaijs.com","license":"MIT","contributors":[{"name":"Jake Luer","email":"jake@alogicalparadox.com"},{"name":"Domenic Denicola","email":"domenic@domenicdenicola.com","url":"http://domenicdenicola.com"},{"name":"Veselin Todorov","email":"hi@vesln.com"},{"name":"John Firebaugh","email":"john.firebaugh@gmail.com"}],"version":"2.0.0","repository":{"type":"git","url":"https://github.com/chaijs/chai"},"bugs":{"url":"https://github.com/chaijs/chai/issues"},"main":"./index","scripts":{"test":"make test"},"engines":{"node":">= 0.4.0"},"dependencies":{"assertion-error":"1.0.0","deep-eql":"0.1.3"},"devDependencies":{"component":"*","karma":"0.12.x","karma-mocha":"*","karma-sauce-launcher":"0.2.x","karma-phantomjs-launcher":"0.1.1","mocha":"1.21.x","istanbul":"0.2.x"},"gitHead":"2147e1d49eb5caa27e0afb9e18208de2d8741f39","_id":"chai@2.0.0","_shasum":"9cec0eab7d782628f2df51226a41651869a9f894","_from":".","_npmVersion":"2.3.0","_nodeVersion":"0.11.16","_npmUser":{"name":"jakeluer","email":"jake@alogicalparadox.com"},"maintainers":[{"name":"jakeluer","email":"jake.luer@incatern.com"}],"dist":{"shasum":"9cec0eab7d782628f2df51226a41651869a9f894","tarball":"https://registry.npmjs.org/chai/-/chai-2.0.0.tgz"},"directories":{}},"2.1.0":{"author":{"name":"Jake Luer","email":"jake@alogicalparadox.com"},"name":"chai","description":"BDD/TDD assertion library for node.js and the browser. Test framework agnostic.","keywords":["test","assertion","assert","testing","chai"],"homepage":"http://chaijs.com","license":"MIT","contributors":[{"name":"Jake Luer","email":"jake@alogicalparadox.com"},{"name":"Domenic Denicola","email":"domenic@domenicdenicola.com","url":"http://domenicdenicola.com"},{"name":"Veselin Todorov","email":"hi@vesln.com"},{"name":"John Firebaugh","email":"john.firebaugh@gmail.com"}],"version":"2.1.0","repository":{"type":"git","url":"https://github.com/chaijs/chai"},"bugs":{"url":"https://github.com/chaijs/chai/issues"},"main":"./index","scripts":{"test":"make test"},"engines":{"node":">= 0.4.0"},"dependencies":{"assertion-error":"1.0.0","deep-eql":"0.1.3"},"devDependencies":{"component":"*","karma":"0.12.x","karma-mocha":"*","karma-sauce-launcher":"0.2.x","karma-phantomjs-launcher":"0.1.1","mocha":"1.21.x","istanbul":"0.2.x"},"gitHead":"09e17b9e090c02d38cd5ee441881dd2691635124","_id":"chai@2.1.0","_shasum":"7c8753895b03eeef2bf23f0f9e45fefa43ee4fcc","_from":".","_npmVersion":"1.4.28","_npmUser":{"name":"jakeluer","email":"jake@alogicalparadox.com"},"maintainers":[{"name":"jakeluer","email":"jake.luer@incatern.com"}],"dist":{"shasum":"7c8753895b03eeef2bf23f0f9e45fefa43ee4fcc","tarball":"https://registry.npmjs.org/chai/-/chai-2.1.0.tgz"},"directories":{}},"2.1.1":{"author":{"name":"Jake Luer","email":"jake@alogicalparadox.com"},"name":"chai","description":"BDD/TDD assertion library for node.js and the browser. Test framework agnostic.","keywords":["test","assertion","assert","testing","chai"],"homepage":"http://chaijs.com","license":"MIT","contributors":[{"name":"Jake Luer","email":"jake@alogicalparadox.com"},{"name":"Domenic Denicola","email":"domenic@domenicdenicola.com","url":"http://domenicdenicola.com"},{"name":"Veselin Todorov","email":"hi@vesln.com"},{"name":"John Firebaugh","email":"john.firebaugh@gmail.com"}],"version":"2.1.1","repository":{"type":"git","url":"https://github.com/chaijs/chai"},"bugs":{"url":"https://github.com/chaijs/chai/issues"},"main":"./index","scripts":{"test":"make test"},"engines":{"node":">= 0.4.0"},"dependencies":{"assertion-error":"1.0.0","deep-eql":"0.1.3"},"devDependencies":{"component":"*","karma":"0.12.x","karma-mocha":"*","karma-sauce-launcher":"0.2.x","karma-phantomjs-launcher":"0.1.1","mocha":"1.21.x","istanbul":"0.2.x"},"gitHead":"d7cafca0232756f767275bb00e66930a7823b027","_id":"chai@2.1.1","_shasum":"9c75e20d4dc73ee051650733938b46e7a9559058","_from":".","_npmVersion":"1.4.28","_npmUser":{"name":"jakeluer","email":"jake@alogicalparadox.com"},"maintainers":[{"name":"jakeluer","email":"jake.luer@incatern.com"}],"dist":{"shasum":"9c75e20d4dc73ee051650733938b46e7a9559058","tarball":"https://registry.npmjs.org/chai/-/chai-2.1.1.tgz"},"directories":{}},"2.1.2":{"author":{"name":"Jake Luer","email":"jake@alogicalparadox.com"},"name":"chai","description":"BDD/TDD assertion library for node.js and the browser. Test framework agnostic.","keywords":["test","assertion","assert","testing","chai"],"homepage":"http://chaijs.com","license":"MIT","contributors":[{"name":"Jake Luer","email":"jake@alogicalparadox.com"},{"name":"Domenic Denicola","email":"domenic@domenicdenicola.com","url":"http://domenicdenicola.com"},{"name":"Veselin Todorov","email":"hi@vesln.com"},{"name":"John Firebaugh","email":"john.firebaugh@gmail.com"}],"version":"2.1.2","repository":{"type":"git","url":"https://github.com/chaijs/chai"},"bugs":{"url":"https://github.com/chaijs/chai/issues"},"main":"./index","scripts":{"test":"make test"},"engines":{"node":">= 0.4.0"},"dependencies":{"assertion-error":"1.0.0","deep-eql":"0.1.3"},"devDependencies":{"component":"*","karma":"0.12.x","karma-mocha":"*","karma-sauce-launcher":"0.2.x","karma-phantomjs-launcher":"0.1.1","mocha":"1.21.x","istanbul":"0.2.x"},"gitHead":"7ca2a3bee515f721d5ceb771a371170cef6a4874","_id":"chai@2.1.2","_shasum":"01e7cac8950ce356d520afe78132505b1cd5440f","_from":".","_npmVersion":"1.4.28","_npmUser":{"name":"jakeluer","email":"jake@alogicalparadox.com"},"maintainers":[{"name":"jakeluer","email":"jake.luer@incatern.com"}],"dist":{"shasum":"01e7cac8950ce356d520afe78132505b1cd5440f","tarball":"https://registry.npmjs.org/chai/-/chai-2.1.2.tgz"},"directories":{}},"2.2.0":{"author":{"name":"Jake Luer","email":"jake@alogicalparadox.com"},"name":"chai","description":"BDD/TDD assertion library for node.js and the browser. Test framework agnostic.","keywords":["test","assertion","assert","testing","chai"],"homepage":"http://chaijs.com","license":"MIT","contributors":[{"name":"Jake Luer","email":"jake@alogicalparadox.com"},{"name":"Domenic Denicola","email":"domenic@domenicdenicola.com","url":"http://domenicdenicola.com"},{"name":"Veselin Todorov","email":"hi@vesln.com"},{"name":"John Firebaugh","email":"john.firebaugh@gmail.com"}],"version":"2.2.0","repository":{"type":"git","url":"https://github.com/chaijs/chai"},"bugs":{"url":"https://github.com/chaijs/chai/issues"},"main":"./index","scripts":{"test":"make test"},"engines":{"node":">= 0.4.0"},"dependencies":{"assertion-error":"1.0.0","deep-eql":"0.1.3"},"devDependencies":{"component":"*","karma":"0.12.x","karma-mocha":"*","karma-sauce-launcher":"0.2.x","karma-phantomjs-launcher":"0.1.1","mocha":"1.21.x","istanbul":"0.2.x"},"gitHead":"57df3888f66c4b34923ce8576aa93855a0ec2f75","_id":"chai@2.2.0","_shasum":"d21135623bd393ad4702d94536eca482ad78d01d","_from":".","_npmVersion":"1.4.28","_npmUser":{"name":"jakeluer","email":"jake@alogicalparadox.com"},"maintainers":[{"name":"jakeluer","email":"jake.luer@incatern.com"}],"dist":{"shasum":"d21135623bd393ad4702d94536eca482ad78d01d","tarball":"https://registry.npmjs.org/chai/-/chai-2.2.0.tgz"},"directories":{}},"2.3.0":{"author":{"name":"Jake Luer","email":"jake@alogicalparadox.com"},"name":"chai","description":"BDD/TDD assertion library for node.js and the browser. Test framework agnostic.","keywords":["test","assertion","assert","testing","chai"],"homepage":"http://chaijs.com","license":"MIT","contributors":[{"name":"Jake Luer","email":"jake@alogicalparadox.com"},{"name":"Domenic Denicola","email":"domenic@domenicdenicola.com","url":"http://domenicdenicola.com"},{"name":"Veselin Todorov","email":"hi@vesln.com"},{"name":"John Firebaugh","email":"john.firebaugh@gmail.com"}],"version":"2.3.0","repository":{"type":"git","url":"https://github.com/chaijs/chai"},"bugs":{"url":"https://github.com/chaijs/chai/issues"},"main":"./index","scripts":{"test":"make test"},"engines":{"node":">= 0.4.0"},"dependencies":{"assertion-error":"1.0.0","deep-eql":"0.1.3"},"devDependencies":{"component":"*","karma":"0.12.x","karma-mocha":"*","karma-sauce-launcher":"0.2.x","karma-phantomjs-launcher":"0.1.1","karma-firefox-launcher":"^0.1.4","mocha":"1.21.x","istanbul":"0.2.x"},"gitHead":"3de55026458ace296df354757361953ec1949859","_id":"chai@2.3.0","_shasum":"8a2f6a34748da801090fd73287b2aa739a4e909a","_from":".","_npmVersion":"2.7.6","_nodeVersion":"0.10.36","_npmUser":{"name":"chaijs","email":"chaijs@keithcirkel.co.uk"},"dist":{"shasum":"8a2f6a34748da801090fd73287b2aa739a4e909a","tarball":"https://registry.npmjs.org/chai/-/chai-2.3.0.tgz"},"maintainers":[{"name":"jakeluer","email":"jake@alogicalparadox.com"},{"name":"chaijs","email":"chaijs@keithcirkel.co.uk"}],"directories":{}},"3.0.0":{"author":{"name":"Jake Luer","email":"jake@alogicalparadox.com"},"name":"chai","description":"BDD/TDD assertion library for node.js and the browser. Test framework agnostic.","keywords":["test","assertion","assert","testing","chai"],"homepage":"http://chaijs.com","license":"MIT","contributors":[{"name":"Jake Luer","email":"jake@alogicalparadox.com"},{"name":"Domenic Denicola","email":"domenic@domenicdenicola.com","url":"http://domenicdenicola.com"},{"name":"Veselin Todorov","email":"hi@vesln.com"},{"name":"John Firebaugh","email":"john.firebaugh@gmail.com"}],"version":"3.0.0","repository":{"type":"git","url":"https://github.com/chaijs/chai"},"bugs":{"url":"https://github.com/chaijs/chai/issues"},"main":"./index","scripts":{"test":"make test"},"engines":{"node":">= 0.4.0"},"dependencies":{"assertion-error":"^1.0.1","deep-eql":"^0.1.3","type-detect":"^1.0.0"},"devDependencies":{"browserify":"^10.2.1","bump-cli":"^1.1.3","karma":"^0.12.0","karma-mocha":"^0.1.10","karma-sauce-launcher":"^0.2.11","karma-phantomjs-launcher":"^0.2.0","karma-firefox-launcher":"^0.1.6","mocha":"^2.2.5","istanbul":"^0.3.14"},"gitHead":"084a419d81338b4559fb56a53ec48bb552f2be82","_id":"chai@3.0.0","_shasum":"71bfd1034fc8c2d8c5053875bb38f59b2a6f1928","_from":".","_npmVersion":"1.4.28","_npmUser":{"name":"chaijs","email":"chaijs@keithcirkel.co.uk"},"maintainers":[{"name":"jakeluer","email":"jake@alogicalparadox.com"},{"name":"chaijs","email":"chaijs@keithcirkel.co.uk"}],"dist":{"shasum":"71bfd1034fc8c2d8c5053875bb38f59b2a6f1928","tarball":"https://registry.npmjs.org/chai/-/chai-3.0.0.tgz"},"directories":{}},"3.1.0":{"author":{"name":"Jake Luer","email":"jake@alogicalparadox.com"},"name":"chai","description":"BDD/TDD assertion library for node.js and the browser. Test framework agnostic.","keywords":["test","assertion","assert","testing","chai"],"homepage":"http://chaijs.com","license":"MIT","contributors":[{"name":"Jake Luer","email":"jake@alogicalparadox.com"},{"name":"Domenic Denicola","email":"domenic@domenicdenicola.com","url":"http://domenicdenicola.com"},{"name":"Veselin Todorov","email":"hi@vesln.com"},{"name":"John Firebaugh","email":"john.firebaugh@gmail.com"}],"version":"3.1.0","repository":{"type":"git","url":"git+https://github.com/chaijs/chai.git"},"bugs":{"url":"https://github.com/chaijs/chai/issues"},"main":"./index","scripts":{"test":"make test"},"engines":{"node":">= 0.4.0"},"dependencies":{"assertion-error":"^1.0.1","deep-eql":"^0.1.3","type-detect":"^1.0.0"},"devDependencies":{"browserify":"^10.2.1","bump-cli":"^1.1.3","karma":"^0.12.0","karma-mocha":"^0.1.10","karma-sauce-launcher":"^0.2.11","karma-phantomjs-launcher":"^0.2.0","karma-firefox-launcher":"^0.1.6","mocha":"^2.2.5","istanbul":"^0.3.14"},"gitHead":"9633cb19bc1085aa18c346ac36cd6f223ce3eeb3","_id":"chai@3.1.0","_shasum":"ae50e546a4c2315c88034ac9986a4f14bf711721","_from":".","_npmVersion":"2.12.1","_nodeVersion":"2.2.1","_npmUser":{"name":"chaijs","email":"chaijs@keithcirkel.co.uk"},"maintainers":[{"name":"jakeluer","email":"jake@alogicalparadox.com"},{"name":"chaijs","email":"chaijs@keithcirkel.co.uk"}],"dist":{"shasum":"ae50e546a4c2315c88034ac9986a4f14bf711721","tarball":"https://registry.npmjs.org/chai/-/chai-3.1.0.tgz"},"directories":{}},"3.2.0":{"author":{"name":"Jake Luer","email":"jake@alogicalparadox.com"},"name":"chai","description":"BDD/TDD assertion library for node.js and the browser. Test framework agnostic.","keywords":["test","assertion","assert","testing","chai"],"homepage":"http://chaijs.com","license":"MIT","contributors":[{"name":"Jake Luer","email":"jake@alogicalparadox.com"},{"name":"Domenic Denicola","email":"domenic@domenicdenicola.com","url":"http://domenicdenicola.com"},{"name":"Veselin Todorov","email":"hi@vesln.com"},{"name":"John Firebaugh","email":"john.firebaugh@gmail.com"}],"version":"3.2.0","repository":{"type":"git","url":"git+https://github.com/chaijs/chai.git"},"bugs":{"url":"https://github.com/chaijs/chai/issues"},"main":"./index","scripts":{"test":"make test"},"engines":{"node":">= 0.4.0"},"dependencies":{"assertion-error":"^1.0.1","deep-eql":"^0.1.3","type-detect":"^1.0.0"},"devDependencies":{"browserify":"^10.2.1","bump-cli":"^1.1.3","karma":"^0.12.0","karma-mocha":"^0.1.10","karma-sauce-launcher":"^0.2.11","karma-phantomjs-launcher":"^0.2.0","karma-firefox-launcher":"^0.1.6","mocha":"^2.2.5","istanbul":"^0.3.14"},"gitHead":"4e18d2a49394f21f49eaea97f556d6a17ecbcc7e","_id":"chai@3.2.0","_shasum":"a91c06acc01057f4f4b67ed7785bd7ff4466b2fb","_from":".","_npmVersion":"2.12.1","_nodeVersion":"2.2.1","_npmUser":{"name":"chaijs","email":"chaijs@keithcirkel.co.uk"},"dist":{"shasum":"a91c06acc01057f4f4b67ed7785bd7ff4466b2fb","tarball":"https://registry.npmjs.org/chai/-/chai-3.2.0.tgz"},"maintainers":[{"name":"jakeluer","email":"jake@alogicalparadox.com"},{"name":"chaijs","email":"chaijs@keithcirkel.co.uk"}],"directories":{}},"3.3.0":{"author":{"name":"Jake Luer","email":"jake@alogicalparadox.com"},"name":"chai","description":"BDD/TDD assertion library for node.js and the browser. Test framework agnostic.","keywords":["test","assertion","assert","testing","chai"],"homepage":"http://chaijs.com","license":"MIT","contributors":[{"name":"Jake Luer","email":"jake@alogicalparadox.com"},{"name":"Domenic Denicola","email":"domenic@domenicdenicola.com","url":"http://domenicdenicola.com"},{"name":"Veselin Todorov","email":"hi@vesln.com"},{"name":"John Firebaugh","email":"john.firebaugh@gmail.com"}],"version":"3.3.0","repository":{"type":"git","url":"git+https://github.com/chaijs/chai.git"},"bugs":{"url":"https://github.com/chaijs/chai/issues"},"main":"./index","scripts":{"test":"make test"},"engines":{"node":">= 0.4.0"},"dependencies":{"assertion-error":"^1.0.1","deep-eql":"^0.1.3","type-detect":"^1.0.0"},"devDependencies":{"browserify":"^10.2.1","bump-cli":"^1.1.3","karma":"^0.12.0","karma-mocha":"^0.1.10","karma-sauce-launcher":"^0.2.11","karma-phantomjs-launcher":"^0.2.0","karma-firefox-launcher":"^0.1.6","mocha":"^2.2.5","istanbul":"^0.3.14"},"gitHead":"df954ccacf77cc740f45730c04a37bccf7387456","_id":"chai@3.3.0","_shasum":"ffc291674da551e589077d6627384acabca2e02c","_from":".","_npmVersion":"2.14.2","_nodeVersion":"2.2.1","_npmUser":{"name":"chaijs","email":"chaijs@keithcirkel.co.uk"},"dist":{"shasum":"ffc291674da551e589077d6627384acabca2e02c","tarball":"https://registry.npmjs.org/chai/-/chai-3.3.0.tgz"},"maintainers":[{"name":"jakeluer","email":"jake@alogicalparadox.com"},{"name":"chaijs","email":"chaijs@keithcirkel.co.uk"}],"directories":{}},"3.4.0":{"author":{"name":"Jake Luer","email":"jake@alogicalparadox.com"},"name":"chai","description":"BDD/TDD assertion library for node.js and the browser. Test framework agnostic.","keywords":["test","assertion","assert","testing","chai"],"homepage":"http://chaijs.com","license":"MIT","contributors":[{"name":"Jake Luer","email":"jake@alogicalparadox.com"},{"name":"Domenic Denicola","email":"domenic@domenicdenicola.com","url":"http://domenicdenicola.com"},{"name":"Veselin Todorov","email":"hi@vesln.com"},{"name":"John Firebaugh","email":"john.firebaugh@gmail.com"}],"version":"3.4.0","repository":{"type":"git","url":"git+https://github.com/chaijs/chai.git"},"bugs":{"url":"https://github.com/chaijs/chai/issues"},"main":"./index","scripts":{"test":"make test"},"engines":{"node":">= 0.4.0"},"dependencies":{"assertion-error":"^1.0.1","deep-eql":"^0.1.3","type-detect":"^1.0.0"},"devDependencies":{"browserify":"^10.2.1","bump-cli":"^1.1.3","karma":"^0.12.0","karma-mocha":"^0.1.10","karma-sauce-launcher":"^0.2.11","karma-phantomjs-launcher":"^0.2.0","karma-firefox-launcher":"^0.1.6","mocha":"^2.2.5","istanbul":"^0.3.14"},"gitHead":"71b2512a9919a1490cdbb80e6d4c924399a283fe","_id":"chai@3.4.0","_shasum":"fd268ede01c3e081891ab59d30628fb3b9df4786","_from":".","_npmVersion":"3.3.8","_nodeVersion":"4.1.2","_npmUser":{"name":"chaijs","email":"chaijs@keithcirkel.co.uk"},"dist":{"shasum":"fd268ede01c3e081891ab59d30628fb3b9df4786","tarball":"https://registry.npmjs.org/chai/-/chai-3.4.0.tgz"},"maintainers":[{"name":"jakeluer","email":"jake@alogicalparadox.com"},{"name":"chaijs","email":"chaijs@keithcirkel.co.uk"}],"directories":{}},"3.4.1":{"author":{"name":"Jake Luer","email":"jake@alogicalparadox.com"},"name":"chai","description":"BDD/TDD assertion library for node.js and the browser. Test framework agnostic.","keywords":["test","assertion","assert","testing","chai"],"homepage":"http://chaijs.com","license":"MIT","contributors":[{"name":"Jake Luer","email":"jake@alogicalparadox.com"},{"name":"Domenic Denicola","email":"domenic@domenicdenicola.com","url":"http://domenicdenicola.com"},{"name":"Veselin Todorov","email":"hi@vesln.com"},{"name":"John Firebaugh","email":"john.firebaugh@gmail.com"}],"version":"3.4.1","repository":{"type":"git","url":"git+https://github.com/chaijs/chai.git"},"bugs":{"url":"https://github.com/chaijs/chai/issues"},"main":"./index","scripts":{"test":"make test"},"engines":{"node":">= 0.4.0"},"dependencies":{"assertion-error":"^1.0.1","deep-eql":"^0.1.3","type-detect":"^1.0.0"},"devDependencies":{"browserify":"^10.2.1","bump-cli":"^1.1.3","karma":"^0.12.0","karma-mocha":"^0.1.10","karma-sauce-launcher":"^0.2.11","karma-phantomjs-launcher":"^0.2.0","karma-firefox-launcher":"^0.1.6","mocha":"^2.2.5","istanbul":"^0.3.14"},"gitHead":"5def52c217fa4fa90c0507dfe1d0000268908f1c","_id":"chai@3.4.1","_shasum":"330ae2f819124c26182036fa5e43a88ea4e1bd85","_from":".","_npmVersion":"3.3.8","_nodeVersion":"4.1.2","_npmUser":{"name":"chaijs","email":"chaijs@keithcirkel.co.uk"},"dist":{"shasum":"330ae2f819124c26182036fa5e43a88ea4e1bd85","tarball":"https://registry.npmjs.org/chai/-/chai-3.4.1.tgz"},"maintainers":[{"name":"jakeluer","email":"jake@alogicalparadox.com"},{"name":"chaijs","email":"chaijs@keithcirkel.co.uk"}],"directories":{}},"3.5.0":{"author":{"name":"Jake Luer","email":"jake@alogicalparadox.com"},"name":"chai","description":"BDD/TDD assertion library for node.js and the browser. Test framework agnostic.","keywords":["test","assertion","assert","testing","chai"],"homepage":"http://chaijs.com","license":"MIT","contributors":[{"name":"Jake Luer","email":"jake@alogicalparadox.com"},{"name":"Domenic Denicola","email":"domenic@domenicdenicola.com","url":"http://domenicdenicola.com"},{"name":"Veselin Todorov","email":"hi@vesln.com"},{"name":"John Firebaugh","email":"john.firebaugh@gmail.com"}],"version":"3.5.0","repository":{"type":"git","url":"git+https://github.com/chaijs/chai.git"},"bugs":{"url":"https://github.com/chaijs/chai/issues"},"main":"./index","scripts":{"test":"make test"},"engines":{"node":">= 0.4.0"},"dependencies":{"assertion-error":"^1.0.1","deep-eql":"^0.1.3","type-detect":"^1.0.0"},"devDependencies":{"browserify":"^10.2.1","bump-cli":"^1.1.3","karma":"^0.13.16","karma-mocha":"^0.1.10","karma-sauce-launcher":"^0.2.11","karma-phantomjs-launcher":"^0.2.0","karma-firefox-launcher":"^0.1.6","mocha":"^2.2.5","istanbul":"^0.3.14"},"gitHead":"4ca0218391cf947c6cfac2d1a7424a63a4b4c232","_id":"chai@3.5.0","_shasum":"4d02637b067fe958bdbfdd3a40ec56fef7373247","_from":".","_npmVersion":"3.3.12","_nodeVersion":"5.5.0","_npmUser":{"name":"chaijs","email":"chaijs@keithcirkel.co.uk"},"dist":{"shasum":"4d02637b067fe958bdbfdd3a40ec56fef7373247","tarball":"https://registry.npmjs.org/chai/-/chai-3.5.0.tgz"},"maintainers":[{"name":"jakeluer","email":"jake@alogicalparadox.com"},{"name":"chaijs","email":"chaijs@keithcirkel.co.uk"}],"directories":{}},"4.0.0-canary.1":{"author":{"name":"Jake Luer","email":"jake@alogicalparadox.com"},"name":"chai","description":"BDD/TDD assertion library for node.js and the browser. Test framework agnostic.","keywords":["test","assertion","assert","testing","chai"],"homepage":"http://chaijs.com","license":"MIT","contributors":[{"name":"Jake Luer","email":"jake@alogicalparadox.com"},{"name":"Domenic Denicola","email":"domenic@domenicdenicola.com","url":"http://domenicdenicola.com"},{"name":"Veselin Todorov","email":"hi@vesln.com"},{"name":"John Firebaugh","email":"john.firebaugh@gmail.com"}],"version":"4.0.0-canary.1","repository":{"type":"git","url":"git+https://github.com/chaijs/chai.git"},"bugs":{"url":"https://github.com/chaijs/chai/issues"},"main":"./index","scripts":{"test":"make test"},"engines":{"node":">=0.10"},"dependencies":{"assertion-error":"^1.0.1","check-error":"^1.0.1","deep-eql":"^1.0.3","get-func-name":"^1.0.0","pathval":"^1.0.0","type-detect":"^4.0.0"},"devDependencies":{"browserify":"^13.0.1","bump-cli":"^1.1.3","istanbul":"^0.4.3","karma":"^1.0.0","karma-firefox-launcher":"^1.0.0","karma-mocha":"^1.0.1","karma-phantomjs-launcher":"^1.0.0","karma-sauce-launcher":"^1.0.0","mocha":"^3.0.0"},"gitHead":"43752b05df6fdcda89b8d6a42c05f0736bec8ec8","_id":"chai@4.0.0-canary.1","_shasum":"f4b5f24a4064795c4efac271bc85ce9f69c9f467","_from":".","_npmVersion":"2.15.1","_nodeVersion":"0.12.17","_npmUser":{"name":"chaijs","email":"chaijs@keithcirkel.co.uk"},"dist":{"shasum":"f4b5f24a4064795c4efac271bc85ce9f69c9f467","tarball":"https://registry.npmjs.org/chai/-/chai-4.0.0-canary.1.tgz"},"maintainers":[{"name":"chaijs","email":"chaijs@keithcirkel.co.uk"}],"_npmOperationalInternal":{"host":"packages-18-east.internal.npmjs.com","tmp":"tmp/chai-4.0.0-canary.1.tgz_1477347063850_0.18597974558360875"},"directories":{}},"4.0.0-canary.2":{"author":{"name":"Jake Luer","email":"jake@alogicalparadox.com"},"name":"chai","description":"BDD/TDD assertion library for node.js and the browser. Test framework agnostic.","keywords":["test","assertion","assert","testing","chai"],"homepage":"http://chaijs.com","license":"MIT","contributors":[{"name":"Jake Luer","email":"jake@alogicalparadox.com"},{"name":"Domenic Denicola","email":"domenic@domenicdenicola.com","url":"http://domenicdenicola.com"},{"name":"Veselin Todorov","email":"hi@vesln.com"},{"name":"John Firebaugh","email":"john.firebaugh@gmail.com"}],"version":"4.0.0-canary.2","repository":{"type":"git","url":"git+https://github.com/chaijs/chai.git"},"bugs":{"url":"https://github.com/chaijs/chai/issues"},"main":"./index","browser":"./chai.js","scripts":{"test":"make test"},"engines":{"node":">=4"},"dependencies":{"assertion-error":"^1.0.1","check-error":"^1.0.1","deep-eql":"^2.0.1","get-func-name":"^2.0.0","pathval":"^1.0.0","type-detect":"^4.0.0"},"devDependencies":{"browserify":"^13.0.1","bump-cli":"^1.1.3","istanbul":"^0.4.3","karma":"^1.0.0","karma-firefox-launcher":"^1.0.0","karma-mocha":"^1.0.1","karma-phantomjs-launcher":"^1.0.0","karma-sauce-launcher":"^1.0.0","mocha":"^3.0.0"},"gitHead":"850bd7e016606ce52292c0477320279a8b9cf294","_id":"chai@4.0.0-canary.2","_shasum":"a017f59d3ed2d64795c91a51b5034e41b873da87","_from":".","_npmVersion":"4.2.0","_nodeVersion":"7.8.0","_npmUser":{"name":"chaijs","email":"chaijs@keithcirkel.co.uk"},"dist":{"shasum":"a017f59d3ed2d64795c91a51b5034e41b873da87","tarball":"https://registry.npmjs.org/chai/-/chai-4.0.0-canary.2.tgz"},"maintainers":[{"name":"chaijs","email":"chaijs@keithcirkel.co.uk"}],"_npmOperationalInternal":{"host":"packages-18-east.internal.npmjs.com","tmp":"tmp/chai-4.0.0-canary.2.tgz_1492450394517_0.7511835743207484"},"directories":{}},"4.0.0":{"author":{"name":"Jake Luer","email":"jake@alogicalparadox.com"},"name":"chai","description":"BDD/TDD assertion library for node.js and the browser. Test framework agnostic.","keywords":["test","assertion","assert","testing","chai"],"homepage":"http://chaijs.com","license":"MIT","contributors":[{"name":"Jake Luer","email":"jake@alogicalparadox.com"},{"name":"Domenic Denicola","email":"domenic@domenicdenicola.com","url":"http://domenicdenicola.com"},{"name":"Veselin Todorov","email":"hi@vesln.com"},{"name":"John Firebaugh","email":"john.firebaugh@gmail.com"}],"version":"4.0.0","repository":{"type":"git","url":"git+https://github.com/chaijs/chai.git"},"bugs":{"url":"https://github.com/chaijs/chai/issues"},"main":"./index","browser":"./chai.js","scripts":{"test":"make test"},"engines":{"node":">=4"},"dependencies":{"assertion-error":"^1.0.1","check-error":"^1.0.1","deep-eql":"^2.0.1","get-func-name":"^2.0.0","pathval":"^1.0.0","type-detect":"^4.0.0"},"devDependencies":{"browserify":"^13.0.1","bump-cli":"^1.1.3","istanbul":"^0.4.3","karma":"^1.0.0","karma-firefox-launcher":"^1.0.0","karma-mocha":"^1.0.1","karma-phantomjs-launcher":"^1.0.0","karma-sauce-launcher":"^1.0.0","mocha":"^3.0.0"},"gitHead":"ab1fbadcfe4339072976e468382b3d875fdafe5d","_id":"chai@4.0.0","_shasum":"f6c989e45a5707d40c54d97ddd7ca89b30a6a06a","_from":".","_npmVersion":"4.2.0","_nodeVersion":"7.10.0","_npmUser":{"name":"chaijs","email":"chaijs@keithcirkel.co.uk"},"dist":{"shasum":"f6c989e45a5707d40c54d97ddd7ca89b30a6a06a","tarball":"https://registry.npmjs.org/chai/-/chai-4.0.0.tgz"},"maintainers":[{"name":"chaijs","email":"chaijs@keithcirkel.co.uk"}],"_npmOperationalInternal":{"host":"s3://npm-registry-packages","tmp":"tmp/chai-4.0.0.tgz_1495794695702_0.8961308586876839"},"directories":{}}},"readme":"<h1 align=center>\n  <a href=\"http://chaijs.com\" title=\"Chai Documentation\">\n    <img alt=\"ChaiJS\" src=\"http://chaijs.com/img/chai-logo.png\">\n  </a>\n  <br>\n  chai\n</h1>\n\n<p align=center>\n  Chai is a BDD / TDD assertion library for <a href=\"http://nodejs.org\">node</a> and the browser that can be delightfully paired with any javascript testing framework.\n</p>\n\n<p align=center>\n  <a href=\"./LICENSE\">\n    <img\n      alt=\"license:mit\"\n      src=\"https://img.shields.io/badge/license-mit-green.svg?style=flat-square\"\n    />\n  </a>\n  <a href=\"https://github.com/chaijs/chai/releases\">\n    <img\n      alt=\"tag:?\"\n      src=\"https://img.shields.io/github/tag/chaijs/chai.svg?style=flat-square\"\n    />\n  </a>\n  <a href=\"https://www.npmjs.com/packages/chai\">\n    <img\n      alt=\"node:?\"\n      src=\"https://img.shields.io/badge/node-%3E=0.10-blue.svg?style=flat-square\"\n    />\n  </a>\n  <br/>\n  <a href=\"https://saucelabs.com/u/chaijs\">\n    <img\n      alt=\"Selenium Test Status\"\n      src=\"https://saucelabs.com/browser-matrix/chaijs.svg\"\n    />\n  </a>\n  <br/>\n  <a href=\"https://www.npmjs.com/packages/chai\">\n    <img\n      alt=\"downloads:?\"\n      src=\"https://img.shields.io/npm/dm/chai.svg?style=flat-square\"\n    />\n  </a>\n  <a href=\"https://travis-ci.org/chaijs/chai\">\n    <img\n      alt=\"build:?\"\n      src=\"https://img.shields.io/travis/chaijs/chai/master.svg?style=flat-square\"\n    />\n  </a>\n  <a href=\"https://coveralls.io/r/chaijs/chai\">\n    <img\n      alt=\"coverage:?\"\n      src=\"https://img.shields.io/coveralls/chaijs/chai/master.svg?style=flat-square\"\n    />\n  </a>\n  <a href=\"\">\n    <img\n      alt=\"devDependencies:?\"\n      src=\"https://img.shields.io/david/chaijs/chai.svg?style=flat-square\"\n    />\n  </a>\n  <br/>\n  <a href=\"https://chai-slack.herokuapp.com/\">\n    <img\n      alt=\"Join the Slack chat\"\n      src=\"https://img.shields.io/badge/slack-join%20chat-E2206F.svg?style=flat-square\"\n    />\n  </a>\n  <a href=\"https://gitter.im/chaijs/chai\">\n    <img\n      alt=\"Join the Gitter chat\"\n      src=\"https://img.shields.io/badge/gitter-join%20chat-D0104D.svg?style=flat-square\"\n    />\n  </a>\n  <a href=\"https://opencollective.com/chaijs\">\n    <img\n      alt=\"OpenCollective Backers\"\n      src=\"https://opencollective.com/chaijs/backers/badge.svg?style=flat-square\"\n    />\n  </a>\n</p>\n\nFor more information or to download plugins, view the [documentation](http://chaijs.com).\n\n## What is Chai?\n\nChai is an _assertion library_, similar to Node's build in `assert`. It makes testing much easier by giving you lots of assertions you can run against your code.\n\n## Installation\n\n### Node.js\n\n`chai` is available on [npm](http://npmjs.org). To install it, type:\n\n    $ npm install chai\n\n### Browsers\n\nYou can also use it within the browser; install via npm and use the `chai.js` file found within the download. For example:\n\n```html\n<script src=\"./node_modules/chai/chai.js\"></script>\n```\n\n## Usage\n\nImport the library in your code, and then pick one of the styles you'd like to use - either `assert`, `expect` or `should`:\n\n```js\nvar chai = require('chai');  \nvar assert = chai.assert;    // Using Assert style\nvar expect = chai.expect;    // Using Expect style\nvar should = chai.should();  // Using Should style\n```\n\n### Pre-Native Modules Usage (_registers the chai testing style globally_)\n\n```js\nrequire('chai/register-assert');  // Using Assert style\nrequire('chai/register-expect');  // Using Expect style\nrequire('chai/register-should');  // Using Should style\n```\n\n### Pre-Native Modules Usage (_as local variables_)\n\n```js\nconst { assert } = require('chai');  // Using Assert style\nconst { expect } = require('chai');  // Using Expect style\nconst { should } = require('chai');  // Using Should style\nshould();  // Modifies `Object.prototype`\n\nconst { expect, use } = require('chai');  // Creates local variables `expect` and `use`; useful for plugin use\n```\n\n### Native Modules Usage (_registers the chai testing style globally_)\n\n```js\nimport 'chai/register-assert';  // Using Assert style\nimport 'chai/register-expect';  // Using Expect style\nimport 'chai/register-should';  // Using Should style\n```\n\n### Native Modules Usage (_local import only_)\n\n```js\nimport { assert } from 'chai';  // Using Assert style\nimport { expect } from 'chai';  // Using Expect style\nimport { should } from 'chai';  // Using Should style\nshould();  // Modifies `Object.prototype`\n```\n\n### Usage with Mocha\n\n```bash\nmocha spec.js -r chai/register-assert  # Using Assert style\nmocha spec.js -r chai/register-expect  # Using Expect style\nmocha spec.js -r chai/register-should  # Using Should style\n```\n\n[Read more about these styles in our docs](http://chaijs.com/guide/styles/).\n\n## Plugins\n\nChai offers a robust Plugin architecture for extending Chai's assertions and interfaces.\n\n- Need a plugin? View the [official plugin list](http://chaijs.com/plugins).\n- Want to build a plugin? Read the [plugin api documentation](http://chaijs.com/guide/plugins/).\n- Have a plugin and want it listed? Simply add the following keywords to your package.json:\n  -  `chai-plugin`\n  -  `browser` if your plugin works in the browser as well as Node.js\n  -  `browser-only` if your plugin does not work with Node.js\n\n### Related Projects\n\n- [chaijs / chai-docs](https://github.com/chaijs/chai-docs): The chaijs.com website source code.\n- [chaijs / assertion-error](https://github.com/chaijs/assertion-error): Custom `Error` constructor thrown upon an assertion failing.\n- [chaijs / deep-eql](https://github.com/chaijs/deep-eql): Improved deep equality testing for Node.js and the browser.\n- [chaijs / type-detect](https://github.com/chaijs/type-detect): Improved typeof detection for Node.js and the browser.\n- [chaijs / check-error](https://github.com/chaijs/check-error): Error comparison and information related utility for Node.js and the browser.\n- [chaijs / loupe](https://github.com/chaijs/loupe): Inspect utility for Node.js and browsers.\n- [chaijs / pathval](https://github.com/chaijs/pathval): Object value retrieval given a string path.\n- [chaijs / get-func-name](https://github.com/chaijs/get-func-name): Utility for getting a function's name for node and the browser.\n\n### Contributing\n\nThank you very much for considering to contribute!\n\nPlease make sure you follow our [Code Of Conduct](https://github.com/chaijs/chai/blob/master/CODE_OF_CONDUCT.md) and we also strongly recommend reading our [Contributing Guide](https://github.com/chaijs/chai/blob/master/CONTRIBUTING.md).\n\nHere are a few issues other contributors frequently ran into when opening pull requests:\n\n- Please do not commit changes to the `chai.js` build. We do it once per release.\n- Before pushing your commits, please make sure you [rebase](https://github.com/chaijs/chai/blob/master/CONTRIBUTING.md#pull-requests) them.\n\n### Contributors\n\nPlease see the full\n[Contributors Graph](https://github.com/chaijs/chai/graphs/contributors) for our\nlist of contributors.\n\n### Core Contributors\n\nFeel free to reach out to any of the core contributors with your questions or\nconcerns. We will do our best to respond in a timely manner.\n\n[![Jake Luer](https://avatars3.githubusercontent.com/u/58988?v=3&s=50)](https://github.com/logicalparadox)\n[![Veselin Todorov](https://avatars3.githubusercontent.com/u/330048?v=3&s=50)](https://github.com/vesln)\n[![Keith Cirkel](https://avatars3.githubusercontent.com/u/118266?v=3&s=50)](https://github.com/keithamus)\n[![Lucas Fernandes da Costa](https://avatars3.githubusercontent.com/u/6868147?v=3&s=50)](https://github.com/lucasfcosta)\n[![Grant Snodgrass](https://avatars3.githubusercontent.com/u/17260989?v=3&s=50)](https://github.com/meeber)\n","maintainers":[{"name":"chaijs","email":"chaijs@keithcirkel.co.uk"}],"time":{"modified":"2017-05-26T10:31:36.905Z","created":"2011-12-07T06:53:41.352Z","0.0.1":"2011-12-07T06:53:41.900Z","0.0.2":"2011-12-07T17:00:00.424Z","0.1.0":"2011-12-15T13:08:30.039Z","0.1.1":"2011-12-16T11:59:55.093Z","0.1.2":"2011-12-18T12:39:07.896Z","0.1.3":"2011-12-18T14:07:58.584Z","0.1.4":"2011-12-26T18:19:32.070Z","0.1.5":"2012-01-02T05:52:02.087Z","0.1.6":"2012-01-02T06:14:32.954Z","0.1.7":"2012-01-25T21:38:50.993Z","0.2.0":"2012-01-27T00:18:10.762Z","0.2.1":"2012-01-30T01:27:23.446Z","0.2.2":"2012-02-02T02:58:10.166Z","0.2.3":"2012-02-02T03:04:58.003Z","0.2.4":"2012-02-02T05:56:12.690Z","0.3.0":"2012-02-07T22:00:09.627Z","0.3.1":"2012-02-07T22:35:07.180Z","0.3.2":"2012-02-10T16:39:01.206Z","0.3.3":"2012-02-12T23:07:21.594Z","0.3.4":"2012-02-23T05:09:36.234Z","0.4.0":"2012-02-25T17:19:57.585Z","0.4.1":"2012-02-26T18:09:19.479Z","0.4.2":"2012-02-28T18:00:19.749Z","0.5.0":"2012-03-07T18:05:54.280Z","0.5.1":"2012-03-14T21:02:11.159Z","0.5.2":"2012-03-21T11:16:47.421Z","0.5.3":"2012-04-21T23:05:07.666Z","1.0.0":"2012-05-15T18:36:40.803Z","1.0.1":"2012-05-18T18:26:57.249Z","1.0.2":"2012-05-27T03:39:38.781Z","1.0.3":"2012-05-27T22:19:56.587Z","1.0.4":"2012-06-03T23:29:47.478Z","1.1.0":"2012-06-26T18:32:58.510Z","1.1.1":"2012-07-09T16:49:29.326Z","1.2.0":"2012-08-07T05:08:26.130Z","1.3.0":"2012-10-01T21:32:46.812Z","1.4.0":"2012-11-29T08:26:31.063Z","1.4.1":"2012-12-21T17:55:54.552Z","1.4.2":"2012-12-21T20:15:17.977Z","1.5.0":"2013-02-04T01:47:40.289Z","1.6.0":"2013-04-30T00:16:06.350Z","1.6.1":"2013-06-05T20:48:19.927Z","1.7.0":"2013-06-17T20:07:08.283Z","1.7.1":"2013-06-24T18:52:23.112Z","1.7.2":"2013-06-27T18:16:00.676Z","1.8.0":"2013-09-18T19:05:09.714Z","1.8.1":"2013-10-10T10:47:56.478Z","1.9.0":"2014-01-29T23:39:50.699Z","1.9.1":"2014-03-19T16:22:17.031Z","1.9.2":"2014-09-29T23:25:14.568Z","1.10.0":"2014-11-10T14:06:22.387Z","2.0.0":"2015-02-11T17:37:17.897Z","2.1.0":"2015-02-23T21:46:00.053Z","2.1.1":"2015-03-04T20:29:32.671Z","2.1.2":"2015-03-15T21:45:04.461Z","2.2.0":"2015-03-27T11:19:56.615Z","2.3.0":"2015-04-26T16:25:25.613Z","3.0.0":"2015-06-03T23:30:35.867Z","3.1.0":"2015-07-16T21:42:30.681Z","3.2.0":"2015-07-19T17:05:37.829Z","3.3.0":"2015-09-21T08:59:50.508Z","3.4.0":"2015-10-21T11:28:04.494Z","3.4.1":"2015-11-07T23:24:54.150Z","3.5.0":"2016-01-28T12:05:41.615Z","4.0.0-canary.1":"2016-10-24T22:11:05.481Z","4.0.0-canary.2":"2017-04-17T17:33:16.519Z","4.0.0":"2017-05-26T10:31:36.905Z"},"author":{"name":"Jake Luer","email":"jake@alogicalparadox.com"},"repository":{"type":"git","url":"git+https://github.com/chaijs/chai.git"},"users":{"pwnall":true,"fgribreau":true,"jakeluer":true,"graemef":true,"m42am":true,"vesln":true,"zaphod1984":true,"blalor":true,"netroy":true,"codylindley":true,"tmaximini":true,"kubakubula":true,"aniketpant":true,"mpinteractiv":true,"poeticninja":true,"hypergeometric":true,"fiveisprime":true,"blakeembrey":true,"greelgorke":true,"darryl.west":true,"evkline":true,"runningtalus":true,"gdbtek":true,"juriwiens":true,"jbdoumenjou":true,"dizlexik":true,"maschs":true,"henrytseng":true,"yvesm":true,"maratyszcza":true,"johnsonjii":true,"bausmeier":true,"t1st3":true,"jits":true,"bkimminich":true,"rsalesc":true,"krisbarrett":true,"sergiodxa":true,"oncletom":true,"byossarian":true,"sasquatch":true,"dgarlitt":true,"mihaiv":true,"heckj":true,"citguy":true,"dimitriwalters":true,"italoacasas":true,"nickl":true,"mahoutsuk.ai":true,"kenlimmj":true,"wangnan0610":true,"stevenvachon":true,"tsm91":true,"mastayoda":true,"evan2x":true,"pnevares":true,"sahilsk":true,"pensierinmusica":true,"dnunez24":true,"ctd1500":true,"kevbaker":true,"koulmomo":true,"simplyianm":true,"paeblits":true,"lifecube":true,"tfentonz":true,"rsp":true,"mr_eaze":true,"jonatasnona":true,"tomrw":true,"subchen":true,"tzsiga":true,"irnnr":true,"jmelanson-balihoo":true,"gerst20051":true,"clholzin":true,"brentlintner":true,"samhwang1990":true,"jack546":true,"jason0518":true,"isik":true,"dbck":true,"battlemidget":true,"markthethomas":true,"tunght13488":true,"ericmash":true,"sixertoy":true,"feedm3":true,"ash0080":true,"lgvo":true,"jalcine":true,"starver":true,"demoive":true,"sopepos":true,"ridermansb":true,"mjurincic":true,"lherediawoodward":true,"bpatel":true,"chrisyipw":true,"abhisekp":true,"jerkovicl":true,"joelwallis":true,"markstos":true,"zhoutk":true,"kparkov":true,"panlw":true,"phajej":true,"mkoc":true,"liushoukai":true,"alectic":true,"xeoneux":true,"brad-christie":true,"ftornik":true,"vwal":true,"nalindak":true,"cascadejs":true,"antanst":true,"jclo":true,"monkeymonk":true,"bedican":true,"0x4c3p":true,"saravntbe":true,"corintho":true,"rainbow494":true,"arttse":true,"oka-hide":true,"makay":true,"demiurgosoft":true,"jrnail23":true,"cfleschhut":true,"rbartoli":true,"pdedkov":true,"adrien.d":true,"xunnamius":true,"jokja":true,"leodutra":true,"timdp":true,"ismaelvsqz":true,"hyteer":true,"yrocq":true,"shanemileham":true,"highlanderkev":true,"joris-van-der-wel":true,"anaumidis":true,"shipengyan":true,"nexume":true,"apehead":true,"floriannagel":true,"mikemimik":true,"djamseed":true,"ristostevcev":true,"sebastiendaniel":true,"figroc":true,"reamd":true,"erikvold":true,"taodong_wu":true,"loselovegirl":true,"roman-io":true,"superpaintman":true,"koskokos":true,"guidoschmidt":true,"nomemires":true,"spanser":true,"dac2205":true,"456wyc":true,"shanewholloway":true,"runjinz":true,"emarcs":true,"qmmr":true,"menoncello":true,"clarenceho":true,"pwn":true,"barwin":true,"freebird":true,"princetoad":true,"leejefon":true,"mrbgit":true,"eliaslfox":true,"asm2hex":true,"ajduke":true,"arielfr":true,"octetstream":true,"slavqa":true,"phgyorgygulyas":true,"drewigg":true,"monjer":true,"luismoramedina":true,"mark24code":true,"schwartzman":true,"james3299":true,"angrykoala":true,"fsgdez":true,"backnight":true,"mluberry":true,"evegreen":true,"razr9":true,"kwhitley":true,"ramzesucr":true,"abuelwafa":true,"pris54":true,"jtrh":true,"mhaidarh":true,"yuguo":true,"aaronforce1":true,"knoja4":true,"quafoo":true,"gilson004":true,"nohomey":true,"rickyrattlesnake":true,"fenrir":true,"jhal81":true,"ivan.marquez":true,"arnemahl":true,"langri-sha":true,"klimnikita":true,"hitalos":true,"largepuma":true,"vmleon":true,"lonjoy":true,"miroklarin":true,"seangenabe":true,"jamesbedont":true,"boopathisakthivel.in":true,"13lank.null":true,"bebeskin":true,"charlietango592":true,"sgvinci":true,"suemcnab":true,"mskjp":true,"drdanryan":true,"rocket0191":true,"junos":true,"goatandsheep":true,"blackrocky":true,"asaupup":true,"augiethornton":true,"1two3code":true,"gpuente":true,"dankle":true,"tsxuehu":true,"modood":true,"heartnett":true,"poslinskinet":true,"damonoverboe":true,"rubiadias":true,"landy2014":true,"ricardogobbosouza":true,"pddivine":true,"danyadsmith":true,"bertof":true},"readmeFilename":"README.md","homepage":"http://chaijs.com","keywords":["test","assertion","assert","testing","chai"],"contributors":[{"name":"Jake Luer","email":"jake@alogicalparadox.com"},{"name":"Domenic Denicola","email":"domenic@domenicdenicola.com","url":"http://domenicdenicola.com"},{"name":"Veselin Todorov","email":"hi@vesln.com"},{"name":"John Firebaugh","email":"john.firebaugh@gmail.com"}],"bugs":{"url":"https://github.com/chaijs/chai/issues"},"license":"MIT","_attachments":{},"_etag":"W/\"59280408-17b25\"","_lastModified":"Fri, 26 May 2017 10:31:36 GMT"}