{"_id":"protractor-cucumber","_rev":"17-534b2b815bb6fc79dc437eb0a2e90812","name":"protractor-cucumber","time":{"modified":"2015-12-17T22:24:54.336Z","created":"2014-03-22T03:20:18.354Z","0.1.0":"2014-03-22T03:20:18.354Z","0.1.1":"2014-03-22T04:11:09.651Z","0.1.2":"2014-10-03T11:14:45.756Z","0.1.4":"2015-01-10T09:13:08.320Z","0.1.5":"2015-06-27T20:16:00.227Z","0.1.6":"2015-09-13T17:41:31.100Z","0.1.7":"2015-11-02T09:58:22.120Z","0.1.8":"2015-12-17T22:24:54.336Z"},"maintainers":[{"name":"airasoul","email":"andrew.keig@gmail.com"}],"dist-tags":{"latest":"0.1.8"},"description":"Cucumber support for protractor","readme":"protractor-cucumber\n==============\n\nprotractor-cucumber allows one to drive protractor tests using cucumber\n\n## Installation\n\nInstall npm package to dev dependencies\n\n```\nnpm install protractor-cucumber --save-dev\n```\n\n## Usage\n\n\n#### Install Cucumber\n\n``` npm install -g cucumber ```\n\n#### Install protractor\n\n``` npm install -g protractor ```\n\n#### Update webdriver\n\n``` webdriver-manager update ```\n\n\n#### Start Selenium\n\n``` webdriver-manager start ```\n\n#### Create a feature file\n\n\nBelow demonstrates how to use `protractor-cucumber`\n\n`seleniumAddress` is the address of a running selenium standalone server\n\n`protractor-cucumber` returns a `world` object; which you can configure; with options described below.\n\n\nLets create a steps file in `features/step_definitions/steps.js`\n\n```javascript\nvar pc = require('protractor-cucumber');\n\nvar steps = function() {\n  var seleniumAddress = 'http://localhost:4444/wd/hub';\n  var options = { browser : 'chrome', timeout : 100000 };\n  this.World = pc.world(seleniumAddress, options);\n\n  this.After(function(scenario, callback) {\n    this.quit(callback);\n  });\n};\n\nmodule.exports = steps;\n```\n\nNow create a feature file, `features/homepage.feature`\n\n```\n\nFeature: Homepage \n  As a user\n  I want to visit the homepage\n  So that I can access the various features on offer\n\n  Scenario: Visit Homepage\n    Given I am on the homepage\n    Then I should see a \"navbar\"\n    And I should see a \"login\" link\n    And I should see a \"register\" link\n\n```\n\nNow create some steps for the above feature, `features/step_definitions/homepage/steps.js`\n\n```javascript\n\nvar support = require('../support');\n\nvar steps = function() {\n\n  this.Given(/^I am on the homepage$/, function(callback) {\n    support.get(this, 'http://localhost:5000', function(result){\n      setTimeout(callback, 1000);\n    });\n  });\n\n  this.Then(/^I should see a \"([^\"]*)\" link$/, function(link, callback) {\n    support.findByBinding(this, link, function(result){\n      result.getText().then (function(text){\n        text.trim().toLowerCase().should.equal(link.trim().toLowerCase());             \n        setTimeout(callback, 1000);\n      });     \n    });\n  });\n\n  this.Then(/^I should not see a \"([^\"]*)\" link$/, function(link, callback) {\n    support.isElementPresent(this, link, function(result){\n      result.should.equal(false);\n      setTimeout(callback, 1000);\n    });\n  });\n\n  this.Then(/^I should see a \"([^\"]*)\"$/, function(link, callback) {\n    support.isElementPresentByClass(this, link, function(result){\n      result.should.equal(true);\n      setTimeout(callback, 1000);\n    });\n  });\n\n};\n\nmodule.exports = steps;\n\n```\n\nAdd some support, `features/step_definitions/support.js`\n\n```javascript\n\nvar Support = function(){\n};\n\nSupport.prototype.get = function(sut, url, callback){\n  sut.browser.get(url).then(function(result) {\n    callback(result)\n  });\n};\n\nSupport.prototype.findByBinding = function(sut, item, callback){\n  sut.browser.findElement(sut.by.binding(item)).then(function(result) {\n    callback(result);\n  });\n};\n\nSupport.prototype.isElementPresent = function(sut, find, callback){\n  sut.browser.isElementPresent(sut.by.linkText(find)).then(function(result) {\n     callback(result)\n  });\n};\n\nSupport.prototype.isElementPresentByClass = function(sut, find, callback){\n  sut.browser.isElementPresent(sut.by.css('.'+find)).then(function(result) {\n     callback(result)\n  });\n};\n\nmodule.exports = new Support();\n\n```\n\n\nNow run cucumber: \n\n```\ncucumber.js\n```\n\n\n## World\n\nBelow is a list of properties/methods exposed on the world object\n\n### browser \na wrapper around an instance of webdriver. Used for navigation and page-wide information.\n### protractor\nthe protractor lib\n### by\na collection of element locator strategies. \n### assert\nour chosen assertion library, not required is using `should`\n### baseUrl\nallows you to set a baseurl to use in your tests\n### properties\nan object of anything you like to use in your tests\n### quit\nquits the browser used in your tests\n\n\n## Options\n\n### browser\nSpecifies a browser; `chrome`, `phantomjs`, defaults to `chrome`\n### timeout\nSpecifies a timeout for setScriptTimeout, defaults to 100000\n### assert\nSpecifies an assert module; to use within your tests\n### baseUrl\nSpecifies a baseurl to be used within your tests\n### properties\nSpecifies a properties object; stick whatever you like in there\n### desiredCapabilities\nDesired Capabilities passed to Selenium; Arbitrary object whose keys are capability names.  Is merged with capabilites created for `browser` or can be used instead of `browser`.\n","versions":{"0.1.1":{"name":"protractor-cucumber","description":"Cucumber support for protractor","version":"0.1.1","homepage":"https://github.com/andrewkeig/protractor-cucumber","author":{"name":"Andrew Keig","email":"andrew.keig@gmail.com"},"repository":{"type":"git","url":"git://github.com/andrewkeig/protractor-cucumber.git"},"bugs":{"url":"https://github.com/andrewkeig/protractor-cucumber/issues"},"licenses":[{"type":"MIT","url":"https://github.com/andrewkeig/protractor-cucumber/blob/master/LICENSE"}],"main":"lib/index.js","engines":{"node":">= 0.8.0"},"dependencies":{"async":">=0.2.10","protractor":">=0.20.1","selenium-webdriver":">=2.40.0"},"keywords":["protractor","cucumber","angular","angularjs","testing","behaviour driven development","bdd","selenium"],"_id":"protractor-cucumber@0.1.1","dist":{"shasum":"e52f0c8eee1002c2ac22eca2388b5e04fc6d1a38","tarball":"https://registry.npmjs.org/protractor-cucumber/-/protractor-cucumber-0.1.1.tgz"},"_from":".","_npmVersion":"1.3.21","_npmUser":{"name":"airasoul","email":"andrew.keig@gmail.com"},"maintainers":[{"name":"airasoul","email":"andrew.keig@gmail.com"}],"directories":{}},"0.1.2":{"name":"protractor-cucumber","description":"Cucumber support for protractor","version":"0.1.2","homepage":"https://github.com/andrewkeig/protractor-cucumber","author":{"name":"Andrew Keig","email":"andrew.keig@gmail.com"},"repository":{"type":"git","url":"git://github.com/andrewkeig/protractor-cucumber.git"},"bugs":{"url":"https://github.com/andrewkeig/protractor-cucumber/issues"},"licenses":[{"type":"MIT","url":"https://github.com/andrewkeig/protractor-cucumber/blob/master/LICENSE"}],"main":"lib/index.js","engines":{"node":">= 0.8.0"},"dependencies":{"async":">=0.2.10","protractor":">=0.20.1","selenium-webdriver":">=2.40.0"},"keywords":["protractor","cucumber","angular","angularjs","testing","behaviour driven development","bdd","selenium"],"gitHead":"aedc24ce8149ecad284f39f860d6020a09d73d30","_id":"protractor-cucumber@0.1.2","scripts":{},"_shasum":"57f47491d1676e4e8863b3a43803d3176f173d46","_from":".","_npmVersion":"2.0.0-alpha-5","_npmUser":{"name":"airasoul","email":"andrew.keig@gmail.com"},"maintainers":[{"name":"airasoul","email":"andrew.keig@gmail.com"}],"dist":{"shasum":"57f47491d1676e4e8863b3a43803d3176f173d46","tarball":"https://registry.npmjs.org/protractor-cucumber/-/protractor-cucumber-0.1.2.tgz"},"directories":{}},"0.1.4":{"name":"protractor-cucumber","description":"Cucumber support for protractor","version":"0.1.4","homepage":"https://github.com/andrewkeig/protractor-cucumber","author":{"name":"Andrew Keig","email":"andrew.keig@gmail.com"},"repository":{"type":"git","url":"git://github.com/andrewkeig/protractor-cucumber.git"},"bugs":{"url":"https://github.com/andrewkeig/protractor-cucumber/issues"},"licenses":[{"type":"MIT","url":"https://github.com/andrewkeig/protractor-cucumber/blob/master/LICENSE"}],"main":"lib/index.js","engines":{"node":">= 0.8.0"},"dependencies":{"async":">=0.2.10","protractor":">=1.6.0","selenium-webdriver":">=2.44.0"},"keywords":["protractor","cucumber","angular","angularjs","testing","behaviour driven development","bdd","selenium"],"gitHead":"652cfa0781699bba1d1ed44a1612cb725322003e","_id":"protractor-cucumber@0.1.4","scripts":{},"_shasum":"9507be6dc3ed64cc5fa0a4cce68731f82df46320","_from":".","_npmVersion":"2.0.0-alpha-5","_npmUser":{"name":"airasoul","email":"andrew.keig@gmail.com"},"maintainers":[{"name":"airasoul","email":"andrew.keig@gmail.com"}],"dist":{"shasum":"9507be6dc3ed64cc5fa0a4cce68731f82df46320","tarball":"https://registry.npmjs.org/protractor-cucumber/-/protractor-cucumber-0.1.4.tgz"},"directories":{}},"0.1.5":{"name":"protractor-cucumber","description":"Cucumber support for protractor","version":"0.1.5","homepage":"https://github.com/andrewkeig/protractor-cucumber","author":{"name":"Andrew Keig","email":"andrew.keig@gmail.com"},"repository":{"type":"git","url":"git://github.com/andrewkeig/protractor-cucumber.git"},"bugs":{"url":"https://github.com/andrewkeig/protractor-cucumber/issues"},"licenses":[{"type":"MIT","url":"https://github.com/andrewkeig/protractor-cucumber/blob/master/LICENSE"}],"main":"lib/index.js","engines":{"node":">= 0.8.0"},"dependencies":{"async":">=0.2.10","protractor":">=1.6.0","selenium-webdriver":">=2.44.0"},"keywords":["protractor","cucumber","angular","angularjs","testing","behaviour driven development","bdd","selenium"],"gitHead":"aae47d9dd484eb1bf8fcf12e0c23e5ca71dd749c","_id":"protractor-cucumber@0.1.5","scripts":{},"_shasum":"f053284d9a6554e013bdfdbdfe38fc76b7193871","_from":".","_npmVersion":"1.4.28","_npmUser":{"name":"airasoul","email":"andrew.keig@gmail.com"},"maintainers":[{"name":"airasoul","email":"andrew.keig@gmail.com"}],"dist":{"shasum":"f053284d9a6554e013bdfdbdfe38fc76b7193871","tarball":"https://registry.npmjs.org/protractor-cucumber/-/protractor-cucumber-0.1.5.tgz"},"directories":{}},"0.1.6":{"name":"protractor-cucumber","description":"Cucumber support for protractor","version":"0.1.6","homepage":"https://github.com/andrewkeig/protractor-cucumber","author":{"name":"Andrew Keig","email":"andrew.keig@gmail.com"},"repository":{"type":"git","url":"git://github.com/andrewkeig/protractor-cucumber.git"},"bugs":{"url":"https://github.com/andrewkeig/protractor-cucumber/issues"},"licenses":[{"type":"MIT","url":"https://github.com/andrewkeig/protractor-cucumber/blob/master/LICENSE"}],"main":"lib/index.js","engines":{"node":">= 0.8.0"},"dependencies":{"async":">=0.2.10","protractor":">=1.6.0","selenium-webdriver":">=2.44.0"},"keywords":["protractor","cucumber","angular","angularjs","testing","behaviour driven development","bdd","selenium"],"gitHead":"afecbfddaf1fab1f4ab83f839e8ab57e9bb1b2b4","_id":"protractor-cucumber@0.1.6","scripts":{},"_shasum":"15f93ab002d4fa08a5f26dca10a831099f69590a","_from":".","_npmVersion":"2.11.2","_nodeVersion":"0.12.5","_npmUser":{"name":"airasoul","email":"andrew.keig@gmail.com"},"maintainers":[{"name":"airasoul","email":"andrew.keig@gmail.com"}],"dist":{"shasum":"15f93ab002d4fa08a5f26dca10a831099f69590a","tarball":"https://registry.npmjs.org/protractor-cucumber/-/protractor-cucumber-0.1.6.tgz"},"directories":{}},"0.1.7":{"name":"protractor-cucumber","description":"Cucumber support for protractor","version":"0.1.7","homepage":"https://github.com/andrewkeig/protractor-cucumber","author":{"name":"Andrew Keig","email":"andrew.keig@gmail.com"},"repository":{"type":"git","url":"git://github.com/andrewkeig/protractor-cucumber.git"},"bugs":{"url":"https://github.com/andrewkeig/protractor-cucumber/issues"},"licenses":[{"type":"MIT","url":"https://github.com/andrewkeig/protractor-cucumber/blob/master/LICENSE"}],"main":"lib/index.js","engines":{"node":">= 0.8.0"},"dependencies":{"async":">=0.2.10","protractor":">=1.6.0","cucumber":">=0.8.0","selenium-webdriver":">=2.44.0"},"keywords":["protractor","cucumber","angular","angularjs","testing","behaviour driven development","bdd","selenium"],"gitHead":"5c5308f105d7873f281344609a237e8cd574c229","_id":"protractor-cucumber@0.1.7","scripts":{},"_shasum":"6d721db95a9afa7709547a718c49ddfdab99bc6d","_from":".","_npmVersion":"2.11.2","_nodeVersion":"0.12.5","_npmUser":{"name":"airasoul","email":"andrew.keig@gmail.com"},"dist":{"shasum":"6d721db95a9afa7709547a718c49ddfdab99bc6d","tarball":"https://registry.npmjs.org/protractor-cucumber/-/protractor-cucumber-0.1.7.tgz"},"maintainers":[{"name":"airasoul","email":"andrew.keig@gmail.com"}],"directories":{}},"0.1.8":{"name":"protractor-cucumber","description":"Cucumber support for protractor","version":"0.1.8","homepage":"https://github.com/andrewkeig/protractor-cucumber","author":{"name":"Andrew Keig","email":"andrew.keig@gmail.com"},"repository":{"type":"git","url":"git://github.com/andrewkeig/protractor-cucumber.git"},"bugs":{"url":"https://github.com/andrewkeig/protractor-cucumber/issues"},"licenses":[{"type":"MIT","url":"https://github.com/andrewkeig/protractor-cucumber/blob/master/LICENSE"}],"main":"lib/index.js","engines":{"node":">= 0.8.0"},"dependencies":{"async":">=0.2.10","protractor":">=1.6.0","cucumber":">=0.8.0","selenium-webdriver":">=2.44.0"},"keywords":["protractor","cucumber","angular","angularjs","testing","behaviour driven development","bdd","selenium"],"gitHead":"e316cff78011bc27a25ba5d051b9cab41835345e","_id":"protractor-cucumber@0.1.8","scripts":{},"_shasum":"3929d4c4f0b6e05ae104666f8ba54949db7ecdae","_from":".","_npmVersion":"2.14.12","_nodeVersion":"5.0.0","_npmUser":{"name":"airasoul","email":"andrew.keig@gmail.com"},"dist":{"shasum":"3929d4c4f0b6e05ae104666f8ba54949db7ecdae","tarball":"https://registry.npmjs.org/protractor-cucumber/-/protractor-cucumber-0.1.8.tgz"},"maintainers":[{"name":"airasoul","email":"andrew.keig@gmail.com"}],"directories":{}}},"homepage":"https://github.com/andrewkeig/protractor-cucumber","keywords":["protractor","cucumber","angular","angularjs","testing","behaviour driven development","bdd","selenium"],"repository":{"type":"git","url":"git://github.com/andrewkeig/protractor-cucumber.git"},"author":{"name":"Andrew Keig","email":"andrew.keig@gmail.com"},"bugs":{"url":"https://github.com/andrewkeig/protractor-cucumber/issues"},"readmeFilename":"README.md","users":{"nicolassiandro":true,"olle":true,"mhfrantz":true,"jonabasque":true},"_attachments":{},"_etag":"W/\"56733636-3965\"","_lastModified":"Thu, 17 Dec 2015 22:24:54 GMT"}