{"_id":"open","_rev":"95-cd2af914951c8354b88b6343d44e2e00","name":"open","dist-tags":{"latest":"0.0.5"},"versions":{"0.0.0":{"author":{"name":"J. Jordan","email":"jordan@styosis.com"},"name":"open","version":"0.0.0","repository":{"type":"git","url":"git://github.com/fixedset/open.js.git"},"dependencies":{},"devDependencies":{},"optionalDependencies":{},"engines":{"node":"*"},"_npmUser":{"name":"jjordan","email":"jordan@styosis.com"},"_id":"open@0.0.0","_engineSupported":true,"_npmVersion":"1.1.12","_nodeVersion":"v0.6.14","_defaultsLoaded":true,"dist":{"shasum":"7b5f1e7bc4f68effd4d6ba17de7ac852723b5186","tarball":"https://registry.npmjs.org/open/-/open-0.0.0.tgz"},"maintainers":[{"name":"jjordan","email":"jordan@styosis.com"}],"directories":{}},"0.0.2":{"author":{"name":"J Jordan","email":"jjrdn@styosis.com"},"name":"open","description":"open a file or uri with the users preferred application","version":"0.0.2","repository":{"type":"git","url":"git://github.com/jjrdn/node-open.git"},"main":"lib/open.js","keywords":["start","open","browser","editor","default"],"scripts":{"test":"mocha"},"dependencies":{},"devDependencies":{"mocha":"*"},"optionalDependencies":{},"engines":{"node":">= 0.6.0"},"_npmUser":{"name":"jjrdn","email":"jjrdn@styosis.com"},"_id":"open@0.0.2","_engineSupported":true,"_npmVersion":"1.1.24","_nodeVersion":"v0.6.19","_defaultsLoaded":true,"dist":{"shasum":"0a620ba2574464742f51e69f8ba8eccfd97b5dfc","tarball":"https://registry.npmjs.org/open/-/open-0.0.2.tgz"},"maintainers":[{"name":"jjrdn","email":"jjrdn@styosis.com"}],"directories":{}},"0.0.3":{"name":"open","version":"0.0.3","description":"open a file or url in the user's preferred application","keywords":["start","open","browser","editor","default"],"homepage":"https://github.com/jjrdn/node-open","author":{"name":"J Jordan","email":"jjrdn@styosis.com"},"license":"MIT","contributors":[{"name":"Victor Costan","email":"victor@costan.us","url":"http://www.costan.us"}],"repository":{"type":"git","url":"https://github.com/jjrdn/node-open.git"},"bugs":{"url":"https://github.com/jjrdn/node-open/issues"},"engines":{"node":">= 0.6.0"},"dependencies":{},"devDependencies":{"mocha":"*"},"optionalDependencies":{},"main":"lib/open.js","scripts":{"test":"node_modules/mocha/bin/mocha"},"_id":"open@0.0.3","dist":{"shasum":"fa377f4ff308212d92a9b8e6395240854646a713","tarball":"https://registry.npmjs.org/open/-/open-0.0.3.tgz"},"_from":".","_npmVersion":"1.2.2","_npmUser":{"name":"pwnall","email":"costan@gmail.com"},"maintainers":[{"name":"jjrdn","email":"jjrdn@styosis.com"},{"name":"pwnall","email":"costan@gmail.com"}],"directories":{}},"0.0.4":{"name":"open","version":"0.0.4","description":"open a file or url in the user's preferred application","keywords":["start","open","browser","editor","default"],"homepage":"https://github.com/jjrdn/node-open","author":{"name":"J Jordan","email":"jjrdn@styosis.com"},"license":"MIT","contributors":[{"name":"Victor Costan","email":"victor@costan.us","url":"http://www.costan.us"}],"repository":{"type":"git","url":"https://github.com/pwnall/node-open.git"},"bugs":{"url":"https://github.com/pwnall/node-open/issues"},"engines":{"node":">= 0.6.0"},"dependencies":{},"devDependencies":{"mocha":"*"},"optionalDependencies":{},"main":"lib/open.js","scripts":{"test":"node_modules/mocha/bin/mocha"},"_id":"open@0.0.4","dist":{"shasum":"5de46a0858b9f49f9f211aa8f26628550657f262","tarball":"https://registry.npmjs.org/open/-/open-0.0.4.tgz"},"_from":".","_npmVersion":"1.3.2","_npmUser":{"name":"pwnall","email":"costan@gmail.com"},"maintainers":[{"name":"jjrdn","email":"jjrdn@styosis.com"},{"name":"pwnall","email":"costan@gmail.com"}],"directories":{}},"0.0.5":{"name":"open","version":"0.0.5","description":"open a file or url in the user's preferred application","keywords":["start","open","browser","editor","default"],"homepage":"https://github.com/jjrdn/node-open","author":{"name":"J Jordan","email":"jjrdn@styosis.com"},"license":"MIT","contributors":[{"name":"Victor Costan","email":"victor@costan.us","url":"http://www.costan.us"}],"repository":{"type":"git","url":"https://github.com/pwnall/node-open.git"},"bugs":{"url":"https://github.com/pwnall/node-open/issues"},"engines":{"node":">= 0.6.0"},"dependencies":{},"devDependencies":{"mocha":"*"},"optionalDependencies":{},"main":"lib/open.js","scripts":{"test":"node_modules/mocha/bin/mocha"},"_id":"open@0.0.5","dist":{"shasum":"42c3e18ec95466b6bf0dc42f3a2945c3f0cad8fc","tarball":"https://registry.npmjs.org/open/-/open-0.0.5.tgz"},"_from":".","_npmVersion":"1.4.3","_npmUser":{"name":"pwnall","email":"costan@gmail.com"},"maintainers":[{"name":"jjrdn","email":"jjrdn@styosis.com"},{"name":"pwnall","email":"costan@gmail.com"}],"directories":{}}},"readme":"# open\n\nOpen a file or url in the user's preferred application.\n\n# Usage\n\n```javascript\nvar open = require(\"open\");\nopen(\"http://www.google.com\");\n```\n\n`open` taks an optional argument specifying the program to be used to open the\nfile or URL.\n\n```javascript\nopen(\"http://www.google.com\", \"firefox\");\n```\n\n# Installation\n\n    npm install open\n\n# How it works\n\n- on `win32` uses `start`\n- on `darwin` uses `open`\n- otherwise uses the `xdg-open` script from [freedesktop.org](http://portland.freedesktop.org/xdg-utils-1.0/xdg-open.html)\n\n# Warning\n\nThe same care should be taken when calling open as if you were calling\n[child_process.exec](http://nodejs.org/api/child_process.html#child_process_child_process_exec_command_options_callback)\ndirectly. If it is an executable it will run in a new shell.\n","maintainers":[{"name":"jjrdn","email":"jjrdn@styosis.com"},{"name":"pwnall","email":"costan@gmail.com"}],"time":{"modified":"2017-05-17T21:15:10.062Z","created":"2012-04-14T16:52:46.254Z","0.0.0":"2012-04-14T16:52:47.921Z","0.0.2":"2012-06-19T18:04:28.431Z","0.0.3":"2013-01-26T17:59:49.412Z","0.0.4":"2013-07-25T01:14:22.671Z","0.0.5":"2014-04-10T11:46:19.980Z"},"author":{"name":"J Jordan","email":"jjrdn@styosis.com"},"repository":{"type":"git","url":"https://github.com/pwnall/node-open.git"},"description":"open a file or url in the user's preferred application","users":{"pwnall":true,"bencevans":true,"timur.shemsedinov":true,"themiddleman":true,"fourq":true,"kahboom":true,"alexyan":true,"lezuse":true,"yoksel":true,"sapjax":true,"rmlewisuk":true,"erikvold":true,"bluejeansandrain":true,"ralucas":true,"dvk":true,"h4des":true,"haeck":true,"zeke":true,"logeshpaul":true,"phoenix-xsy":true,"amirmehmood":true,"lichangwei":true,"alexkval":true,"yashprit":true,"itonyyo":true,"monolithed":true,"ergunozyurt":true,"jyounce":true,"mastayoda":true,"uniquevn":true,"gochomugo":true,"rbecheras":true,"cuth":true,"zacbarton":true,"buzz-dee":true,"yumeng03":true,"papiro":true,"dbsweets":true,"pandao":true,"wangnan0610":true,"jclo":true,"fibo":true,"semencov":true,"djadmin":true,"matiasmarani":true,"xieranmaya":true,"vutran":true,"preco21":true,"zapo":true,"fusijie":true,"kserks":true,"ayoungh":true,"lgh06":true,"zhouanbo":true,"iori20091101":true,"lgomez":true,"jacks":true,"troygizzi":true,"xueboren":true,"shakakira":true,"axelrindle":true,"fattypanda":true,"rsaa":true,"nichenqin":true,"laomu":true,"wangzongxu":true,"zoxon":true,"miadzadfallah":true,"pddivine":true,"pagoru":true},"homepage":"https://github.com/jjrdn/node-open","keywords":["start","open","browser","editor","default"],"contributors":[{"name":"Victor Costan","email":"victor@costan.us","url":"http://www.costan.us"}],"bugs":{"url":"https://github.com/pwnall/node-open/issues"},"license":"MIT","readmeFilename":"README.md","_attachments":{},"_etag":"W/\"591cbd5e-1dbf\"","_lastModified":"Wed, 17 May 2017 21:15:10 GMT"}