{"_id":"array-union","_rev":"10-a691cfb00dce60269d8a7e4c0afd10be","name":"array-union","description":"Create an array of unique values, in order, from the input arrays","dist-tags":{"latest":"1.0.2"},"versions":{"0.1.0":{"name":"array-union","version":"0.1.0","description":"Creates an array of unique values, in order, from the input arrays","license":"MIT","repository":{"type":"git","url":"git://github.com/sindresorhus/array-union"},"author":{"name":"Sindre Sorhus","email":"sindresorhus@gmail.com","url":"http://sindresorhus.com"},"engines":{"node":">=0.10.0"},"scripts":{"test":"mocha"},"files":["index.js"],"keywords":["array","arr","set","uniq","unique","duplicate","remove","union","combine","merge"],"dependencies":{"array-uniq":"^0.1.0"},"devDependencies":{"mocha":"*"},"bugs":{"url":"https://github.com/sindresorhus/array-union/issues"},"homepage":"https://github.com/sindresorhus/array-union","_id":"array-union@0.1.0","_shasum":"ede98088330665e699e1ebf0227cbc6034e627db","_from":".","_npmVersion":"1.4.9","_npmUser":{"name":"sindresorhus","email":"sindresorhus@gmail.com"},"maintainers":[{"name":"sindresorhus","email":"sindresorhus@gmail.com"}],"dist":{"shasum":"ede98088330665e699e1ebf0227cbc6034e627db","tarball":"https://registry.npmjs.org/array-union/-/array-union-0.1.0.tgz"},"directories":{}},"1.0.0":{"name":"array-union","version":"1.0.0","description":"Create an array of unique values, in order, from the input arrays","license":"MIT","repository":{"type":"git","url":"git://github.com/sindresorhus/array-union"},"author":{"name":"Sindre Sorhus","email":"sindresorhus@gmail.com","url":"http://sindresorhus.com"},"engines":{"node":">=0.10.0"},"scripts":{"test":"mocha"},"files":["index.js"],"keywords":["array","arr","set","uniq","unique","duplicate","remove","union","combine","merge"],"dependencies":{"array-uniq":"^1.0.0"},"devDependencies":{"mocha":"*"},"gitHead":"220d00ed0c3c4908e756699a8ef5720a29a37159","bugs":{"url":"https://github.com/sindresorhus/array-union/issues"},"homepage":"https://github.com/sindresorhus/array-union","_id":"array-union@1.0.0","_shasum":"5c4754bb8cc9a6bd7113b20a218ba0ce7dc2f1d2","_from":".","_npmVersion":"1.4.14","_npmUser":{"name":"sindresorhus","email":"sindresorhus@gmail.com"},"maintainers":[{"name":"sindresorhus","email":"sindresorhus@gmail.com"}],"dist":{"shasum":"5c4754bb8cc9a6bd7113b20a218ba0ce7dc2f1d2","tarball":"https://registry.npmjs.org/array-union/-/array-union-1.0.0.tgz"},"directories":{}},"1.0.1":{"name":"array-union","version":"1.0.1","description":"Create an array of unique values, in order, from the input arrays","license":"MIT","repository":{"type":"git","url":"https://github.com/sindresorhus/array-union"},"author":{"name":"Sindre Sorhus","email":"sindresorhus@gmail.com","url":"http://sindresorhus.com"},"engines":{"node":">=0.10.0"},"scripts":{"test":"mocha"},"files":["index.js"],"keywords":["array","arr","set","uniq","unique","duplicate","remove","union","combine","merge"],"dependencies":{"array-uniq":"^1.0.1"},"devDependencies":{"mocha":"*"},"gitHead":"d0e72cc6fbff57273032e45050c51ff44c8e137c","bugs":{"url":"https://github.com/sindresorhus/array-union/issues"},"homepage":"https://github.com/sindresorhus/array-union","_id":"array-union@1.0.1","_shasum":"4d410fc8395cb247637124bade9e3f547d5d55f2","_from":".","_npmVersion":"2.1.5","_nodeVersion":"0.10.32","_npmUser":{"name":"sindresorhus","email":"sindresorhus@gmail.com"},"maintainers":[{"name":"sindresorhus","email":"sindresorhus@gmail.com"}],"dist":{"shasum":"4d410fc8395cb247637124bade9e3f547d5d55f2","tarball":"https://registry.npmjs.org/array-union/-/array-union-1.0.1.tgz"},"directories":{}},"1.0.2":{"name":"array-union","version":"1.0.2","description":"Create an array of unique values, in order, from the input arrays","license":"MIT","repository":{"type":"git","url":"git+https://github.com/sindresorhus/array-union.git"},"author":{"name":"Sindre Sorhus","email":"sindresorhus@gmail.com","url":"sindresorhus.com"},"engines":{"node":">=0.10.0"},"scripts":{"test":"xo && ava"},"files":["index.js"],"keywords":["array","arr","set","uniq","unique","duplicate","remove","union","combine","merge"],"dependencies":{"array-uniq":"^1.0.1"},"devDependencies":{"ava":"*","xo":"*"},"gitHead":"34e1d6a80baa4eac9723795a0674c14119ace1bd","bugs":{"url":"https://github.com/sindresorhus/array-union/issues"},"homepage":"https://github.com/sindresorhus/array-union#readme","_id":"array-union@1.0.2","_shasum":"9a34410e4f4e3da23dea375be5be70f24778ec39","_from":".","_npmVersion":"2.15.0","_nodeVersion":"4.4.2","_npmUser":{"name":"sindresorhus","email":"sindresorhus@gmail.com"},"dist":{"shasum":"9a34410e4f4e3da23dea375be5be70f24778ec39","tarball":"https://registry.npmjs.org/array-union/-/array-union-1.0.2.tgz"},"maintainers":[{"name":"sindresorhus","email":"sindresorhus@gmail.com"}],"_npmOperationalInternal":{"host":"packages-16-east.internal.npmjs.com","tmp":"tmp/array-union-1.0.2.tgz_1466079411551_0.23353995219804347"},"directories":{}}},"readme":"# array-union [![Build Status](https://travis-ci.org/sindresorhus/array-union.svg?branch=master)](https://travis-ci.org/sindresorhus/array-union)\n\n> Create an array of unique values, in order, from the input arrays\n\n\n## Install\n\n```\n$ npm install --save array-union\n```\n\n\n## Usage\n\n```js\nconst arrayUnion = require('array-union');\n\narrayUnion([1, 1, 2, 3], [2, 3]);\n//=> [1, 2, 3]\n\narrayUnion(['foo', 'foo', 'bar'], ['foo']);\n//=> ['foo', 'bar']\n```\n\n\n## License\n\nMIT © [Sindre Sorhus](https://sindresorhus.com)\n","maintainers":[{"name":"sindresorhus","email":"sindresorhus@gmail.com"}],"time":{"modified":"2017-04-16T10:09:50.340Z","created":"2014-06-19T15:37:29.885Z","0.1.0":"2014-06-19T15:37:29.885Z","1.0.0":"2014-08-13T16:39:20.519Z","1.0.1":"2014-11-18T08:36:27.083Z","1.0.2":"2016-06-16T12:16:52.561Z"},"homepage":"https://github.com/sindresorhus/array-union#readme","keywords":["array","arr","set","uniq","unique","duplicate","remove","union","combine","merge"],"repository":{"type":"git","url":"git+https://github.com/sindresorhus/array-union.git"},"author":{"name":"Sindre Sorhus","email":"sindresorhus@gmail.com","url":"sindresorhus.com"},"bugs":{"url":"https://github.com/sindresorhus/array-union/issues"},"license":"MIT","readmeFilename":"readme.md","users":{"rocket0191":true,"d0ughtyj":true,"ninozhang":true},"_attachments":{},"_etag":"W/\"58f342ee-18e5\"","_lastModified":"Sun, 16 Apr 2017 10:09:50 GMT","_cached":true}