{"_id":"type-detect","_rev":"20-04b8a996e5d90eb520bc08f4cd9c3f78","name":"type-detect","description":"Improved typeof detection for node.js and the browser.","dist-tags":{"latest":"4.0.3"},"versions":{"0.1.0":{"name":"type-detect","version":"0.1.0","description":"Improved typeof detection for node.js and the browser.","author":{"name":"Jake Luer","email":"jake@alogicalparadox.com","url":"http://alogicalparadox.com"},"license":"MIT","keywords":[],"repository":{"type":"git","url":"git@github.com:chaijs/type-detect.git"},"engines":{"node":"*"},"main":"./index","scripts":{"test":"make test"},"dependencies":{},"devDependencies":{"component":"*","coveralls":"2.0.16","jscoverage":"0.3.7","mocha":"*","mocha-lcov-reporter":"0.0.1","mocha-phantomjs":"*","simple-assert":"*"},"bugs":{"url":"https://github.com/chaijs/type-detect/issues"},"_id":"type-detect@0.1.0","dist":{"shasum":"81ed3ab764cd5139388b67d052eb01610edc1a57","tarball":"https://registry.npmjs.org/type-detect/-/type-detect-0.1.0.tgz"},"_from":".","_npmVersion":"1.3.5","_npmUser":{"name":"jakeluer","email":"jake@alogicalparadox.com"},"maintainers":[{"name":"jakeluer","email":"jake@alogicalparadox.com"}],"directories":{}},"0.1.1":{"name":"type-detect","version":"0.1.1","description":"Improved typeof detection for node.js and the browser.","author":{"name":"Jake Luer","email":"jake@alogicalparadox.com","url":"http://alogicalparadox.com"},"license":"MIT","keywords":[],"repository":{"type":"git","url":"git@github.com:chaijs/type-detect.git"},"engines":{"node":"*"},"main":"./index","scripts":{"test":"make test"},"dependencies":{},"devDependencies":{"component":"*","coveralls":"2.0.16","jscoverage":"0.3.7","mocha":"*","mocha-lcov-reporter":"0.0.1","mocha-phantomjs":"*","simple-assert":"*"},"bugs":{"url":"https://github.com/chaijs/type-detect/issues"},"_id":"type-detect@0.1.1","dist":{"shasum":"0ba5ec2a885640e470ea4e8505971900dac58822","tarball":"https://registry.npmjs.org/type-detect/-/type-detect-0.1.1.tgz"},"_from":".","_npmVersion":"1.3.11","_npmUser":{"name":"jakeluer","email":"jake@alogicalparadox.com"},"maintainers":[{"name":"jakeluer","email":"jake@alogicalparadox.com"}],"directories":{}},"0.1.2":{"name":"type-detect","version":"0.1.2","description":"Improved typeof detection for node.js and the browser.","author":{"name":"Jake Luer","email":"jake@alogicalparadox.com","url":"http://alogicalparadox.com"},"license":"MIT","keywords":[],"repository":{"type":"git","url":"git@github.com:chaijs/type-detect.git"},"engines":{"node":"*"},"main":"./index","scripts":{"test":"make test"},"dependencies":{},"devDependencies":{"component":"*","coveralls":"2.0.16","jscoverage":"0.3.7","mocha":"*","mocha-lcov-reporter":"0.0.1","mocha-phantomjs":"*","simple-assert":"*"},"bugs":{"url":"https://github.com/chaijs/type-detect/issues"},"homepage":"https://github.com/chaijs/type-detect","_id":"type-detect@0.1.2","dist":{"shasum":"c88e853e54e5abd88f1bf3194b477c853c94f854","tarball":"https://registry.npmjs.org/type-detect/-/type-detect-0.1.2.tgz"},"_from":".","_npmVersion":"1.3.14","_npmUser":{"name":"jakeluer","email":"jake@alogicalparadox.com"},"maintainers":[{"name":"jakeluer","email":"jake@alogicalparadox.com"}],"directories":{}},"1.0.0":{"name":"type-detect","version":"1.0.0","description":"Improved typeof detection for node.js and the browser.","author":{"name":"Jake Luer","email":"jake@alogicalparadox.com","url":"http://alogicalparadox.com"},"license":"MIT","keywords":[],"repository":{"type":"git","url":"git@github.com:chaijs/type-detect.git"},"engines":{"node":"*"},"main":"./index","scripts":{"test":"make test"},"dependencies":{},"devDependencies":{"component":"*","coveralls":"2.0.16","jscoverage":"0.3.7","mocha":"*","mocha-lcov-reporter":"0.0.1","mocha-phantomjs":"*","simple-assert":"*"},"gitHead":"3617862cbaa220d3700cfc9e96c6d3feb49e9587","bugs":{"url":"https://github.com/chaijs/type-detect/issues"},"homepage":"https://github.com/chaijs/type-detect","_id":"type-detect@1.0.0","_shasum":"762217cc06db258ec48908a1298e8b95121e8ea2","_from":".","_npmVersion":"2.3.0","_nodeVersion":"0.11.16","_npmUser":{"name":"jakeluer","email":"jake@alogicalparadox.com"},"maintainers":[{"name":"jakeluer","email":"jake@alogicalparadox.com"}],"dist":{"shasum":"762217cc06db258ec48908a1298e8b95121e8ea2","tarball":"https://registry.npmjs.org/type-detect/-/type-detect-1.0.0.tgz"},"directories":{}},"2.0.0":{"name":"type-detect","description":"Improved typeof detection for node.js and the browser.","keywords":["type","typeof","types"],"license":"MIT","author":{"name":"Jake Luer","email":"jake@alogicalparadox.com","url":"http://alogicalparadox.com"},"contributors":[{"name":"David Losert","url":"https://github.com/davelosert"},{"name":"Keith Cirkel","url":"https://github.com/keithamus"},{"name":"Miroslav Bajtoš","url":"https://github.com/bajtos"}],"files":["index.js","type-detect.js"],"main":"./index.js","repository":{"type":"git","url":"git+ssh://git@github.com/chaijs/type-detect.git"},"scripts":{"bench":"node bench","build":"browserify --bare $npm_pakcage_main --standalone typeDetect -o type-detect.js","lint":"eslint --ignore-path .gitignore .","prepublish":"npm run build","semantic-release":"semantic-release pre && npm publish && semantic-release post","pretest":"npm run lint","test":"npm run test:node && npm run test:browser && npm run upload-coverage","test:browser":"karma start --singleRun=true","test:node":"istanbul cover _mocha","upload-coverage":"lcov-result-merger 'coverage/**/lcov.info' | coveralls; exit 0"},"config":{"ghooks":{"commit-msg":"validate-commit-msg"}},"eslintConfig":{"extends":["strict/es5"],"env":{"es6":true},"globals":{"HTMLElement":false},"rules":{"complexity":0,"max-statements":0}},"dependencies":{},"devDependencies":{"benchmark":"^2.1.0","browserify":"^13.0.0","browserify-istanbul":"^1.0.0","coveralls":"2.11.8","eslint":"^2.4.0","eslint-config-strict":"^8.5.0","eslint-plugin-filenames":"^0.2.0","ghooks":"^1.0.1","istanbul":"^0.4.2","karma":"^0.13.22","karma-browserify":"^5.0.2","karma-coverage":"^0.5.5","karma-mocha":"^0.2.2","karma-phantomjs-launcher":"^1.0.0","karma-sauce-launcher":"^0.3.1","lcov-result-merger":"^1.0.2","mocha":"^2.4.5","phantomjs-prebuilt":"^2.1.5","semantic-release":"^4.3.5","simple-assert":"^1.0.0","travis-after-all":"^1.4.4","validate-commit-msg":"^2.3.1"},"engines":{"node":"*"},"version":"2.0.0","gitHead":"695961ee444301af6a8fe1468a8d56d467fd6c1d","bugs":{"url":"https://github.com/chaijs/type-detect/issues"},"homepage":"https://github.com/chaijs/type-detect#readme","_id":"type-detect@2.0.0","_shasum":"b5a567196997808f0b94d7a9e089d4585266e3b8","_from":".","_npmVersion":"3.8.1","_nodeVersion":"0.10.43","_npmUser":{"name":"chaijs","email":"chaijs@keithcirkel.co.uk"},"dist":{"shasum":"b5a567196997808f0b94d7a9e089d4585266e3b8","tarball":"https://registry.npmjs.org/type-detect/-/type-detect-2.0.0.tgz"},"maintainers":[{"name":"jakeluer","email":"jake@alogicalparadox.com"},{"name":"chaijs","email":"chaijs@keithcirkel.co.uk"}],"_npmOperationalInternal":{"host":"packages-13-west.internal.npmjs.com","tmp":"tmp/type-detect-2.0.0.tgz_1457897453208_0.4966612495481968"},"directories":{}},"2.0.1":{"name":"type-detect","description":"Improved typeof detection for node.js and the browser.","keywords":["type","typeof","types"],"license":"MIT","author":{"name":"Jake Luer","email":"jake@alogicalparadox.com","url":"http://alogicalparadox.com"},"contributors":[{"name":"David Losert","url":"https://github.com/davelosert"},{"name":"Keith Cirkel","url":"https://github.com/keithamus"},{"name":"Miroslav Bajtoš","url":"https://github.com/bajtos"}],"files":["index.js","type-detect.js"],"main":"./index.js","repository":{"type":"git","url":"git+ssh://git@github.com/chaijs/type-detect.git"},"scripts":{"bench":"node bench","build":"browserify --bare $npm_pakcage_main --standalone typeDetect -o type-detect.js","lint":"eslint --ignore-path .gitignore .","prepublish":"npm run build","semantic-release":"semantic-release pre && npm publish && semantic-release post","pretest":"npm run lint","test":"npm run test:node && npm run test:browser && npm run upload-coverage","test:browser":"karma start --singleRun=true","test:node":"istanbul cover _mocha","upload-coverage":"lcov-result-merger 'coverage/**/lcov.info' | coveralls; exit 0"},"config":{"ghooks":{"commit-msg":"validate-commit-msg"}},"eslintConfig":{"extends":["strict/es5"],"env":{"es6":true},"globals":{"HTMLElement":false},"rules":{"complexity":0,"max-statements":0}},"dependencies":{},"devDependencies":{"benchmark":"^2.1.0","browserify":"^13.0.0","browserify-istanbul":"^1.0.0","coveralls":"2.11.9","eslint":"^2.9.0","eslint-config-strict":"^8.5.0","eslint-plugin-filenames":"^0.2.0","ghooks":"^1.0.1","istanbul":"^0.4.2","karma":"^0.13.22","karma-browserify":"^5.0.2","karma-coverage":"^1.0.0","karma-mocha":"^1.0.1","karma-phantomjs-launcher":"^1.0.0","karma-sauce-launcher":"^1.0.0","lcov-result-merger":"^1.2.0","mocha":"^2.4.5","phantomjs-prebuilt":"^2.1.5","semantic-release":"^4.3.5","simple-assert":"^1.0.0","travis-after-all":"^1.4.4","validate-commit-msg":"^2.3.1"},"engines":{"node":"*"},"version":"2.0.1","gitHead":"0da5088dd181ec2e3293ab8bd681f6d6aec79351","bugs":{"url":"https://github.com/chaijs/type-detect/issues"},"homepage":"https://github.com/chaijs/type-detect#readme","_id":"type-detect@2.0.1","_shasum":"42d3ff2358743068a26ca3715e941c4e65236507","_from":".","_npmVersion":"3.9.0","_nodeVersion":"0.10.45","_npmUser":{"name":"chaijs","email":"chaijs@keithcirkel.co.uk"},"dist":{"shasum":"42d3ff2358743068a26ca3715e941c4e65236507","tarball":"https://registry.npmjs.org/type-detect/-/type-detect-2.0.1.tgz"},"maintainers":[{"name":"chaijs","email":"chaijs@keithcirkel.co.uk"}],"_npmOperationalInternal":{"host":"packages-12-west.internal.npmjs.com","tmp":"tmp/type-detect-2.0.1.tgz_1463402182708_0.3107253033667803"},"directories":{}},"2.0.2":{"name":"type-detect","description":"Improved typeof detection for node.js and the browser.","keywords":["type","typeof","types"],"license":"MIT","author":{"name":"Jake Luer","email":"jake@alogicalparadox.com","url":"http://alogicalparadox.com"},"contributors":[{"name":"David Losert","url":"https://github.com/davelosert"},{"name":"Keith Cirkel","url":"https://github.com/keithamus"},{"name":"Miroslav Bajtoš","url":"https://github.com/bajtos"}],"files":["index.js","type-detect.js"],"main":"./index.js","repository":{"type":"git","url":"git+ssh://git@github.com/chaijs/type-detect.git"},"scripts":{"bench":"node bench","build":"browserify --bare $npm_pakcage_main --standalone typeDetect -o type-detect.js","lint":"eslint --ignore-path .gitignore .","prepublish":"npm run build","semantic-release":"semantic-release pre && npm publish && semantic-release post","pretest":"npm run lint","test":"npm run test:node && npm run test:browser && npm run upload-coverage","test:browser":"karma start --singleRun=true","test:node":"istanbul cover _mocha","upload-coverage":"lcov-result-merger 'coverage/**/lcov.info' | coveralls; exit 0"},"config":{"ghooks":{"commit-msg":"validate-commit-msg"}},"eslintConfig":{"extends":["strict/es5"],"env":{"es6":true},"globals":{"HTMLElement":false},"rules":{"complexity":0,"max-statements":0}},"dependencies":{},"devDependencies":{"benchmark":"^2.1.0","browserify":"^13.0.0","browserify-istanbul":"^1.0.0","coveralls":"2.11.9","eslint":"^2.9.0","eslint-config-strict":"^8.5.0","eslint-plugin-filenames":"^0.2.0","ghooks":"^1.0.1","istanbul":"^0.4.2","karma":"^1.1.2","karma-browserify":"^5.0.2","karma-coverage":"^1.0.0","karma-mocha":"^1.0.1","karma-phantomjs-launcher":"^1.0.0","karma-sauce-launcher":"^1.0.0","lcov-result-merger":"^1.2.0","mocha":"^2.4.5","phantomjs-prebuilt":"^2.1.5","semantic-release":"^4.3.5","simple-assert":"^1.0.0","travis-after-all":"^1.4.4","validate-commit-msg":"^2.3.1"},"engines":{"node":"*"},"version":"2.0.2","gitHead":"70ef308d2b5c10a8837666eee7a021cca37136b8","bugs":{"url":"https://github.com/chaijs/type-detect/issues"},"homepage":"https://github.com/chaijs/type-detect#readme","_id":"type-detect@2.0.2","_shasum":"356ef98aa8fed1bba5f732ab55bf1bf3641b9228","_from":".","_npmVersion":"3.10.5","_nodeVersion":"0.10.46","_npmUser":{"name":"chaijs","email":"chaijs@keithcirkel.co.uk"},"dist":{"shasum":"356ef98aa8fed1bba5f732ab55bf1bf3641b9228","tarball":"https://registry.npmjs.org/type-detect/-/type-detect-2.0.2.tgz"},"maintainers":[{"name":"chaijs","email":"chaijs@keithcirkel.co.uk"}],"_npmOperationalInternal":{"host":"packages-16-east.internal.npmjs.com","tmp":"tmp/type-detect-2.0.2.tgz_1469648010851_0.2907430832274258"},"directories":{}},"3.0.0":{"name":"type-detect","description":"Improved typeof detection for node.js and the browser.","keywords":["type","typeof","types"],"license":"MIT","author":{"name":"Jake Luer","email":"jake@alogicalparadox.com","url":"http://alogicalparadox.com"},"contributors":[{"name":"David Losert","url":"https://github.com/davelosert"},{"name":"Keith Cirkel","url":"https://github.com/keithamus"},{"name":"Miroslav Bajtoš","url":"https://github.com/bajtos"}],"files":["index.js","type-detect.js"],"main":"./index.js","repository":{"type":"git","url":"git+ssh://git@github.com/chaijs/type-detect.git"},"scripts":{"bench":"node bench","build":"browserify --bare $npm_pakcage_main --standalone typeDetect -o type-detect.js","lint":"eslint --ignore-path .gitignore .","prepublish":"npm run build","semantic-release":"semantic-release pre && npm publish && semantic-release post","pretest":"npm run lint","test":"npm run test:node && npm run test:browser && npm run upload-coverage","test:browser":"karma start --singleRun=true","test:node":"istanbul cover _mocha","upload-coverage":"lcov-result-merger 'coverage/**/lcov.info' | coveralls; exit 0"},"config":{"ghooks":{"commit-msg":"validate-commit-msg"}},"eslintConfig":{"extends":["strict/es5"],"env":{"es6":true},"globals":{"HTMLElement":false},"rules":{"complexity":0,"max-statements":0}},"dependencies":{},"devDependencies":{"benchmark":"^2.1.0","browserify":"^13.0.0","browserify-istanbul":"^1.0.0","coveralls":"2.11.9","eslint":"^2.9.0","eslint-config-strict":"^8.5.0","eslint-plugin-filenames":"^0.2.0","ghooks":"^1.0.1","istanbul":"^0.4.2","karma":"^1.1.2","karma-browserify":"^5.0.2","karma-coverage":"^1.0.0","karma-mocha":"^1.0.1","karma-phantomjs-launcher":"^1.0.0","karma-sauce-launcher":"^1.0.0","lcov-result-merger":"^1.2.0","mocha":"^3.0.0","phantomjs-prebuilt":"^2.1.5","semantic-release":"^4.3.5","simple-assert":"^1.0.0","travis-after-all":"^1.4.4","validate-commit-msg":"^2.3.1"},"engines":{"node":"*"},"version":"3.0.0","gitHead":"638c09a846963343f4c070438a691300f3979824","bugs":{"url":"https://github.com/chaijs/type-detect/issues"},"homepage":"https://github.com/chaijs/type-detect#readme","_id":"type-detect@3.0.0","_shasum":"46d0cc8553abb7b13a352b0d6dea2fd58f2d9b55","_from":".","_npmVersion":"3.10.8","_nodeVersion":"0.10.47","_npmUser":{"name":"chaijs","email":"chaijs@keithcirkel.co.uk"},"dist":{"shasum":"46d0cc8553abb7b13a352b0d6dea2fd58f2d9b55","tarball":"https://registry.npmjs.org/type-detect/-/type-detect-3.0.0.tgz"},"maintainers":[{"name":"chaijs","email":"chaijs@keithcirkel.co.uk"}],"_npmOperationalInternal":{"host":"packages-12-west.internal.npmjs.com","tmp":"tmp/type-detect-3.0.0.tgz_1475970610718_0.026009620632976294"},"directories":{}},"4.0.0":{"name":"type-detect","description":"Improved typeof detection for node.js and the browser.","keywords":["type","typeof","types"],"license":"MIT","author":{"name":"Jake Luer","email":"jake@alogicalparadox.com","url":"http://alogicalparadox.com"},"contributors":[{"name":"David Losert","url":"https://github.com/davelosert"},{"name":"Keith Cirkel","url":"https://github.com/keithamus"},{"name":"Miroslav Bajtoš","url":"https://github.com/bajtos"}],"files":["index.js","type-detect.js"],"main":"./index.js","repository":{"type":"git","url":"git+ssh://git@github.com/chaijs/type-detect.git"},"scripts":{"bench":"node bench","build":"browserify --bare $npm_pakcage_main --standalone typeDetect -o type-detect.js","lint":"eslint --ignore-path .gitignore .","prepublish":"npm run build","semantic-release":"semantic-release pre && npm publish && semantic-release post","pretest":"npm run lint","test":"npm run test:node && npm run test:browser && npm run upload-coverage","test:browser":"karma start --singleRun=true","test:node":"istanbul cover _mocha","upload-coverage":"lcov-result-merger 'coverage/**/lcov.info' | coveralls; exit 0"},"config":{"ghooks":{"commit-msg":"validate-commit-msg"}},"eslintConfig":{"extends":["strict/es5"],"env":{"es6":true},"globals":{"HTMLElement":false},"rules":{"complexity":0,"max-statements":0}},"dependencies":{},"devDependencies":{"benchmark":"^2.1.0","browserify":"^13.0.0","browserify-istanbul":"^1.0.0","coveralls":"2.11.9","eslint":"^2.9.0","eslint-config-strict":"^8.5.0","eslint-plugin-filenames":"^0.2.0","ghooks":"^1.0.1","istanbul":"^0.4.2","karma":"^1.1.2","karma-browserify":"^5.0.2","karma-coverage":"^1.0.0","karma-mocha":"^1.0.1","karma-phantomjs-launcher":"^1.0.0","karma-sauce-launcher":"^1.0.0","lcov-result-merger":"^1.2.0","mocha":"^3.0.0","phantomjs-prebuilt":"^2.1.5","semantic-release":"^4.3.5","simple-assert":"^1.0.0","travis-after-all":"^1.4.4","validate-commit-msg":"^2.3.1"},"engines":{"node":"*"},"version":"4.0.0","gitHead":"ec1ad393dd67605067bbe11044d27684f3afdd48","bugs":{"url":"https://github.com/chaijs/type-detect/issues"},"homepage":"https://github.com/chaijs/type-detect#readme","_id":"type-detect@4.0.0","_shasum":"62053883542a321f2f7b25746dc696478b18ff6b","_from":".","_npmVersion":"3.10.8","_nodeVersion":"0.10.47","_npmUser":{"name":"chaijs","email":"chaijs@keithcirkel.co.uk"},"dist":{"shasum":"62053883542a321f2f7b25746dc696478b18ff6b","tarball":"https://registry.npmjs.org/type-detect/-/type-detect-4.0.0.tgz"},"maintainers":[{"name":"chaijs","email":"chaijs@keithcirkel.co.uk"}],"_npmOperationalInternal":{"host":"packages-12-west.internal.npmjs.com","tmp":"tmp/type-detect-4.0.0.tgz_1476108922431_0.6963035347871482"},"directories":{}},"4.0.1":{"name":"type-detect","description":"Improved typeof detection for node.js and the browser.","keywords":["type","typeof","types"],"license":"MIT","author":{"name":"Jake Luer","email":"jake@alogicalparadox.com","url":"http://alogicalparadox.com"},"contributors":[{"name":"David Losert","url":"https://github.com/davelosert"},{"name":"Keith Cirkel","url":"https://github.com/keithamus"},{"name":"Miroslav Bajtoš","url":"https://github.com/bajtos"}],"files":["index.js","type-detect.js"],"main":"./index.js","repository":{"type":"git","url":"git+ssh://git@github.com/chaijs/type-detect.git"},"scripts":{"bench":"node bench","build":"browserify --bare $npm_pakcage_main --standalone typeDetect -o type-detect.js","lint":"eslint --ignore-path .gitignore .","prepublish":"npm run build","semantic-release":"semantic-release pre && npm publish && semantic-release post","pretest":"npm run lint","test":"npm run test:node && npm run test:browser && npm run upload-coverage","test:browser":"karma start --singleRun=true","test:node":"istanbul cover _mocha","upload-coverage":"lcov-result-merger 'coverage/**/lcov.info' | coveralls; exit 0"},"config":{"ghooks":{"commit-msg":"validate-commit-msg"}},"eslintConfig":{"extends":["strict/es5"],"env":{"es6":true},"globals":{"HTMLElement":false},"rules":{"complexity":0,"max-statements":0}},"dependencies":{},"devDependencies":{"benchmark":"^2.1.0","browserify":"^13.0.0","browserify-istanbul":"^1.0.0","coveralls":"2.11.9","eslint":"^2.9.0","eslint-config-strict":"^8.5.0","eslint-plugin-filenames":"^0.2.0","ghooks":"^1.0.1","istanbul":"^0.4.2","karma":"^1.1.2","karma-browserify":"^5.0.2","karma-coverage":"^1.0.0","karma-mocha":"^1.0.1","karma-phantomjs-launcher":"^1.0.0","karma-sauce-launcher":"^1.0.0","lcov-result-merger":"^1.2.0","mocha":"^3.0.0","phantomjs-prebuilt":"^2.1.5","semantic-release":"^4.3.5","simple-assert":"^1.0.0","travis-after-all":"^1.4.4","validate-commit-msg":"^2.3.1"},"engines":{"node":"*"},"version":"4.0.1","gitHead":"a90cf2a7d590294c1a0075547d49860d06972e20","bugs":{"url":"https://github.com/chaijs/type-detect/issues"},"homepage":"https://github.com/chaijs/type-detect#readme","_id":"type-detect@4.0.1","_shasum":"c2473c08dc6f975232ca7e3317570f187bf7f3e2","_from":".","_npmVersion":"4.5.0","_nodeVersion":"0.10.48","_npmUser":{"name":"chaijs","email":"chaijs@keithcirkel.co.uk"},"dist":{"shasum":"c2473c08dc6f975232ca7e3317570f187bf7f3e2","tarball":"https://registry.npmjs.org/type-detect/-/type-detect-4.0.1.tgz"},"maintainers":[{"name":"chaijs","email":"chaijs@keithcirkel.co.uk"}],"_npmOperationalInternal":{"host":"packages-18-east.internal.npmjs.com","tmp":"tmp/type-detect-4.0.1.tgz_1492493084610_0.5174380470998585"},"directories":{}},"4.0.2":{"name":"type-detect","description":"Improved typeof detection for node.js and the browser.","keywords":["type","typeof","types"],"license":"MIT","author":{"name":"Jake Luer","email":"jake@alogicalparadox.com","url":"http://alogicalparadox.com"},"contributors":[{"name":"David Losert","url":"https://github.com/davelosert"},{"name":"Keith Cirkel","url":"https://github.com/keithamus"},{"name":"Miroslav Bajtoš","url":"https://github.com/bajtos"}],"files":["index.js","type-detect.js"],"main":"./index.js","repository":{"type":"git","url":"git+ssh://git@github.com/chaijs/type-detect.git"},"scripts":{"bench":"node bench","build":"browserify --bare $npm_pakcage_main --standalone typeDetect -o type-detect.js","commit-msg":"validate-commit-msg","lint":"eslint --ignore-path .gitignore .","prepublish":"npm run build","semantic-release":"semantic-release pre && npm publish && semantic-release post","pretest":"npm run lint","test":"npm run test:node && npm run test:browser && npm run upload-coverage","test:browser":"karma start --singleRun=true","test:node":"istanbul cover _mocha","upload-coverage":"lcov-result-merger 'coverage/**/lcov.info' | coveralls; exit 0"},"eslintConfig":{"env":{"es6":true},"extends":["strict/es5"],"globals":{"HTMLElement":false},"rules":{"complexity":0,"max-statements":0}},"dependencies":{},"devDependencies":{"benchmark":"^2.1.0","browserify":"^14.3.0","browserify-istanbul":"^2.0.0","coveralls":"2.13.0","eslint":"^3.19.0","eslint-config-strict":"^13.0.0","eslint-plugin-filenames":"^1.1.0","husky":"^0.13.3","istanbul":"^0.4.2","karma":"^1.1.2","karma-browserify":"^5.0.2","karma-coverage":"^1.0.0","karma-mocha":"^1.0.1","karma-phantomjs-launcher":"^1.0.0","karma-sauce-launcher":"^1.0.0","lcov-result-merger":"^1.2.0","mocha":"^3.0.0","phantomjs-prebuilt":"^2.1.5","semantic-release":"^6.3.2","simple-assert":"^1.0.0","travis-after-all":"^1.4.4","validate-commit-msg":"^2.3.1"},"engines":{"node":"*"},"version":"4.0.2","gitHead":"f63b62b2dc7d255c1fee3a67d271387c32567d0a","bugs":{"url":"https://github.com/chaijs/type-detect/issues"},"homepage":"https://github.com/chaijs/type-detect#readme","_id":"type-detect@4.0.2","_shasum":"60e134a1b49bde16c08ce265e596059351d74852","_from":".","_npmVersion":"4.5.0","_nodeVersion":"4.8.2","_npmUser":{"name":"chaijs","email":"chaijs@keithcirkel.co.uk"},"dist":{"shasum":"60e134a1b49bde16c08ce265e596059351d74852","tarball":"https://registry.npmjs.org/type-detect/-/type-detect-4.0.2.tgz"},"maintainers":[{"name":"chaijs","email":"chaijs@keithcirkel.co.uk"}],"_npmOperationalInternal":{"host":"packages-18-east.internal.npmjs.com","tmp":"tmp/type-detect-4.0.2.tgz_1492648487664_0.48155939276330173"},"directories":{}},"4.0.3":{"name":"type-detect","description":"Improved typeof detection for node.js and the browser.","keywords":["type","typeof","types"],"license":"MIT","author":{"name":"Jake Luer","email":"jake@alogicalparadox.com","url":"http://alogicalparadox.com"},"contributors":[{"name":"David Losert","url":"https://github.com/davelosert"},{"name":"Keith Cirkel","url":"https://github.com/keithamus"},{"name":"Miroslav Bajtoš","url":"https://github.com/bajtos"}],"files":["index.js","type-detect.js"],"main":"./index.js","repository":{"type":"git","url":"git+ssh://git@github.com/chaijs/type-detect.git"},"scripts":{"bench":"node bench","build":"browserify --bare $npm_pakcage_main --standalone typeDetect -o type-detect.js","commit-msg":"validate-commit-msg","lint":"eslint --ignore-path .gitignore .","prepublish":"npm run build","semantic-release":"semantic-release pre && npm publish && semantic-release post","pretest":"npm run lint","test":"npm run test:node && npm run test:browser && npm run upload-coverage","test:browser":"karma start --singleRun=true","test:node":"istanbul cover _mocha","upload-coverage":"lcov-result-merger 'coverage/**/lcov.info' | coveralls; exit 0"},"eslintConfig":{"env":{"es6":true},"extends":["strict/es5"],"globals":{"HTMLElement":false},"rules":{"complexity":0,"max-statements":0}},"dependencies":{},"devDependencies":{"benchmark":"^2.1.0","browserify":"^14.3.0","browserify-istanbul":"^2.0.0","coveralls":"2.13.0","eslint":"^3.19.0","eslint-config-strict":"^13.0.0","eslint-plugin-filenames":"^1.1.0","husky":"^0.13.3","istanbul":"^0.4.2","karma":"^1.1.2","karma-browserify":"^5.0.2","karma-coverage":"^1.0.0","karma-mocha":"^1.0.1","karma-phantomjs-launcher":"^1.0.0","karma-sauce-launcher":"^1.0.0","lcov-result-merger":"^1.2.0","mocha":"^3.0.0","phantomjs-prebuilt":"^2.1.5","semantic-release":"^6.3.2","simple-assert":"^1.0.0","travis-after-all":"^1.4.4","validate-commit-msg":"^2.3.1"},"engines":{"node":"*"},"version":"4.0.3","gitHead":"c7895e499ecc0a93c567adef9fa2b33eec13d2ab","bugs":{"url":"https://github.com/chaijs/type-detect/issues"},"homepage":"https://github.com/chaijs/type-detect#readme","_id":"type-detect@4.0.3","_shasum":"0e3f2670b44099b0b46c284d136a7ef49c74c2ea","_from":".","_npmVersion":"4.5.0","_nodeVersion":"4.8.2","_npmUser":{"name":"chaijs","email":"chaijs@keithcirkel.co.uk"},"dist":{"shasum":"0e3f2670b44099b0b46c284d136a7ef49c74c2ea","tarball":"https://registry.npmjs.org/type-detect/-/type-detect-4.0.3.tgz"},"maintainers":[{"name":"chaijs","email":"chaijs@keithcirkel.co.uk"}],"_npmOperationalInternal":{"host":"packages-12-west.internal.npmjs.com","tmp":"tmp/type-detect-4.0.3.tgz_1492659793798_0.8881021328270435"},"directories":{}}},"readme":"<h1 align=center>\n  <a href=\"http://chaijs.com\" title=\"Chai Documentation\">\n    <img alt=\"ChaiJS\" src=\"http://chaijs.com/img/chai-logo.png\"/> type-detect\n  </a>\n</h1>\n\n<p align=center>\n  Improved typeof detection for <a href=\"http://nodejs.org\">node</a> and the browser.\n</p>\n\n<p align=center>\n  <a href=\"./LICENSE\">\n    <img\n      alt=\"license:mit\"\n      src=\"https://img.shields.io/badge/license-mit-green.svg?style=flat-square\"\n    />\n  </a>\n  <a href=\"https://github.com/chaijs/type-detect/releases\">\n    <img\n      alt=\"tag:?\"\n      src=\"https://img.shields.io/github/tag/chaijs/type-detect.svg?style=flat-square\"\n    />\n  </a>\n  <a href=\"https://travis-ci.org/chaijs/type-detect\">\n    <img\n      alt=\"build:?\"\n      src=\"https://img.shields.io/travis/chaijs/type-detect/master.svg?style=flat-square\"\n    />\n  </a>\n  <a href=\"https://coveralls.io/r/chaijs/type-detect\">\n    <img\n      alt=\"coverage:?\"\n      src=\"https://img.shields.io/coveralls/chaijs/type-detect/master.svg?style=flat-square\"\n    />\n  </a>\n  <a href=\"https://www.npmjs.com/packages/type-detect\">\n    <img\n      alt=\"npm:?\"\n      src=\"https://img.shields.io/npm/v/type-detect.svg?style=flat-square\"\n    />\n  </a>\n  <a href=\"https://www.npmjs.com/packages/type-detect\">\n    <img\n      alt=\"dependencies:?\"\n      src=\"https://img.shields.io/npm/dm/type-detect.svg?style=flat-square\"\n    />\n  </a>\n  <a href=\"\">\n    <img\n      alt=\"devDependencies:?\"\n      src=\"https://img.shields.io/david/chaijs/type-detect.svg?style=flat-square\"\n    />\n  </a>\n  <br/>\n  <a href=\"https://saucelabs.com/u/chaijs-type-detect\">\n    <img\n      alt=\"Selenium Test Status\"\n      src=\"https://saucelabs.com/browser-matrix/chaijs-type-detect.svg\"\n    />\n  </a>\n  <br>\n  <a href=\"https://chai-slack.herokuapp.com/\">\n    <img\n      alt=\"Join the Slack chat\"\n      src=\"https://img.shields.io/badge/slack-join%20chat-E2206F.svg?style=flat-square\"\n    />\n  </a>\n  <a href=\"https://gitter.im/chaijs/chai\">\n    <img\n      alt=\"Join the Gitter chat\"\n      src=\"https://img.shields.io/badge/gitter-join%20chat-D0104D.svg?style=flat-square\"\n    />\n  </a>\n</p>\n\n## What is Type-Detect?\n\nType Detect is a module which you can use to detect the type of a given object. It returns a string representation of the object's type, either using [`typeof`](http://www.ecma-international.org/ecma-262/6.0/index.html#sec-typeof-operator) or [`@@toStringTag`](http://www.ecma-international.org/ecma-262/6.0/index.html#sec-symbol.tostringtag). It also normalizes some object names for consistency among browsers.\n\n## Why?\n\nThe `typeof` operator will only specify primitive values; everthing else is `\"object\"` (including `null`, arrays, regexps, etc). Many developers use `Object.prototype.toString()` - which is a fine alternative and returns many more types (null returns `[object Null]`, Arrays as `[object Array]`, regexps as `[object RegExp]` etc). \n\nSadly, `Object.prototype.toString` is slow, and buggy. By slow - we mean it is slower than `typeof`. By buggy - we mean that some values (like Promises, the global object, iterators, dataviews, a bunch of HTML elements) all report different things in different browsers.\n\n`type-detect` fixes all of the shortcomings with `Object.prototype.toString`. We have extra code to speed up checks of JS and DOM objects, as much as 20-30x faster for some values. `type-detect` also fixes any consistencies with these objects.\n\n## Installation\n\n### Node.js\n\n`type-detect` is available on [npm](http://npmjs.org). To install it, type:\n\n    $ npm install type-detect\n\n### Browsers\n\nYou can also use it within the browser; install via npm and use the `type-detect.js` file found within the download. For example:\n\n```html\n<script src=\"./node_modules/type-detect/type-detect.js\"></script>\n```\n\n## Usage\n\nThe primary export of `type-detect` is function that can serve as a replacement for `typeof`. The results of this function will be more specific than that of native `typeof`.\n\n```js\nvar type = require('type-detect');\n```\n\n#### array\n\n```js\nassert(type([]) === 'Array');\nassert(type(new Array()) === 'Array');\n```\n\n#### regexp\n\n```js\nassert(type(/a-z/gi) === 'RegExp');\nassert(type(new RegExp('a-z')) === 'RegExp');\n```\n\n#### function\n\n```js\nassert(type(function () {}) === 'function');\n```\n\n#### arguments\n\n```js\n(function () {\n  assert(type(arguments) === 'Arguments');\n})();\n```\n\n#### date\n\n```js\nassert(type(new Date) === 'Date');\n```\n\n#### number\n\n```js\nassert(type(1) === 'number');\nassert(type(1.234) === 'number');\nassert(type(-1) === 'number');\nassert(type(-1.234) === 'number');\nassert(type(Infinity) === 'number');\nassert(type(NaN) === 'number');\nassert(type(new Number(1)) === 'Number'); // note - the object version has a capital N\n```\n\n#### string\n\n```js\nassert(type('hello world') === 'string');\nassert(type(new String('hello')) === 'String'); // note - the object version has a capital S\n```\n\n#### null\n\n```js\nassert(type(null) === 'null');\nassert(type(undefined) !== 'null');\n```\n\n#### undefined\n\n```js\nassert(type(undefined) === 'undefined');\nassert(type(null) !== 'undefined');\n```\n\n#### object\n\n```js\nvar Noop = function () {};\nassert(type({}) === 'Object');\nassert(type(Noop) !== 'Object');\nassert(type(new Noop) === 'Object');\nassert(type(new Object) === 'Object');\n```\n\n#### ECMA6 Types\n\nAll new ECMAScript 2015 objects are also supported, such as Promises and Symbols:\n\n```js\nassert(type(new Map() === 'Map');\nassert(type(new WeakMap()) === 'WeakMap');\nassert(type(new Set()) === 'Set');\nassert(type(new WeakSet()) === 'WeakSet');\nassert(type(Symbol()) === 'Symbol');\nassert(type(new Promise(callback) === 'Promise');\nassert(type(new Int8Array()) === 'Int8Array');\nassert(type(new Uint8Array()) === 'Uint8Array');\nassert(type(new UInt8ClampedArray()) === 'Uint8ClampedArray');\nassert(type(new Int16Array()) === 'Int16Array');\nassert(type(new Uint16Array()) === 'Uint16Array');\nassert(type(new Int32Array()) === 'Int32Array');\nassert(type(new UInt32Array()) === 'Uint32Array');\nassert(type(new Float32Array()) === 'Float32Array');\nassert(type(new Float64Array()) === 'Float64Array');\nassert(type(new ArrayBuffer()) === 'ArrayBuffer');\nassert(type(new DataView(arrayBuffer)) === 'DataView');\n```\n\nAlso, if you use `Symbol.toStringTag` to change an Objects return value of the `toString()` Method, `type()` will return this value, e.g:\n\n```js\nvar myObject = {};\nmyObject[Symbol.toStringTag] = 'myCustomType';\nassert(type(myObject) === 'myCustomType');\n```\n","maintainers":[{"name":"chaijs","email":"chaijs@keithcirkel.co.uk"}],"time":{"modified":"2017-05-17T09:06:59.665Z","created":"2013-08-14T12:07:53.439Z","0.1.0":"2013-08-14T12:07:57.430Z","0.1.1":"2013-10-10T10:35:00.743Z","0.1.2":"2013-11-30T20:38:25.139Z","1.0.0":"2015-04-05T18:22:47.718Z","2.0.0":"2016-03-13T19:30:55.502Z","2.0.1":"2016-05-16T12:36:25.380Z","2.0.2":"2016-07-27T19:33:33.459Z","3.0.0":"2016-10-08T23:50:12.335Z","4.0.0":"2016-10-10T14:15:24.553Z","4.0.1":"2017-04-18T05:24:45.306Z","4.0.2":"2017-04-20T00:34:48.415Z","4.0.3":"2017-04-20T03:43:15.845Z"},"author":{"name":"Jake Luer","email":"jake@alogicalparadox.com","url":"http://alogicalparadox.com"},"repository":{"type":"git","url":"git+ssh://git@github.com/chaijs/type-detect.git"},"homepage":"https://github.com/chaijs/type-detect#readme","keywords":["type","typeof","types"],"bugs":{"url":"https://github.com/chaijs/type-detect/issues"},"license":"MIT","readmeFilename":"README.md","contributors":[{"name":"David Losert","url":"https://github.com/davelosert"},{"name":"Keith Cirkel","url":"https://github.com/keithamus"},{"name":"Miroslav Bajtoš","url":"https://github.com/bajtos"}],"users":{"chocolateboy":true,"imfangli":true},"_attachments":{},"_etag":"W/\"591c12b3-856e\"","_lastModified":"Wed, 17 May 2017 09:06:59 GMT"}