{"_id":"@types/selenium-webdriver","_rev":"64-afa5c72caa5e29625a02014e79c032ac","name":"@types/selenium-webdriver","description":"TypeScript definitions for Selenium WebDriverJS","dist-tags":{"latest":"3.0.4","ts2.0":"2.53.40","ts2.1":"3.0.4","ts2.2":"3.0.4","ts2.3":"3.0.4","ts2.4":"3.0.3"},"versions":{"2.44.13-alpha":{"name":"@types/selenium-webdriver","version":"2.44.13-alpha","description":"Type definitions for Selenium WebDriverJS 2.44.0 from https://www.github.com/DefinitelyTyped/DefinitelyTyped","main":"","scripts":{},"author":{"name":"Bill Armstrong","email":"https://github.com/BillArmstrong"},"license":"MIT","typings":"index.d.ts","dependencies":{},"_id":"@types/selenium-webdriver@2.44.13-alpha","_shasum":"7a73a0a1d823e390cf982a9fb7052168e96d3f59","_from":"output\\selenium-webdriver","_resolved":"file:output\\selenium-webdriver","_npmVersion":"3.8.2","_nodeVersion":"5.5.0","_npmUser":{"name":"types","email":"ryan.cavanaugh@microsoft.com"},"dist":{"shasum":"7a73a0a1d823e390cf982a9fb7052168e96d3f59","tarball":"https://registry.npmjs.org/@types/selenium-webdriver/-/selenium-webdriver-2.44.13-alpha.tgz"},"maintainers":[{"name":"types","email":"ryan.cavanaugh@microsoft.com"}],"_npmOperationalInternal":{"host":"packages-12-west.internal.npmjs.com","tmp":"tmp/selenium-webdriver-2.44.13-alpha.tgz_1463511237742_0.3162666626740247"},"directories":{}},"2.44.14-alpha":{"name":"@types/selenium-webdriver","version":"2.44.14-alpha","description":"Type definitions for Selenium WebDriverJS 2.44.0 from https://www.github.com/DefinitelyTyped/DefinitelyTyped","main":"","scripts":{},"author":{"name":"Bill Armstrong","email":"https://github.com/BillArmstrong"},"license":"MIT","typings":"index.d.ts","dependencies":{},"_id":"@types/selenium-webdriver@2.44.14-alpha","_shasum":"90d15e4586d06b2fc9a9486a4f622ca9fe125cce","_from":"output\\selenium-webdriver","_resolved":"file:output\\selenium-webdriver","_npmVersion":"3.8.2","_nodeVersion":"5.5.0","_npmUser":{"name":"types","email":"ryan.cavanaugh@microsoft.com"},"dist":{"shasum":"90d15e4586d06b2fc9a9486a4f622ca9fe125cce","tarball":"https://registry.npmjs.org/@types/selenium-webdriver/-/selenium-webdriver-2.44.14-alpha.tgz"},"maintainers":[{"name":"types","email":"ryan.cavanaugh@microsoft.com"}],"_npmOperationalInternal":{"host":"packages-16-east.internal.npmjs.com","tmp":"tmp/selenium-webdriver-2.44.14-alpha.tgz_1463696453897_0.15756253921426833"},"directories":{}},"2.44.19-alpha":{"name":"@types/selenium-webdriver","version":"2.44.19-alpha","description":"TypeScript definitions for Selenium WebDriverJS 2.44.0","main":"","scripts":{},"author":{"name":"Bill Armstrong","email":"https://github.com/BillArmstrong"},"license":"MIT","typings":"index.d.ts","dependencies":{},"_id":"@types/selenium-webdriver@2.44.19-alpha","_shasum":"bea38c25463276f4e8669f3c992d81748e0a9848","_from":"output\\selenium-webdriver","_resolved":"file:output\\selenium-webdriver","_npmVersion":"3.8.2","_nodeVersion":"5.5.0","_npmUser":{"name":"types","email":"ryan.cavanaugh@microsoft.com"},"dist":{"shasum":"bea38c25463276f4e8669f3c992d81748e0a9848","tarball":"https://registry.npmjs.org/@types/selenium-webdriver/-/selenium-webdriver-2.44.19-alpha.tgz"},"maintainers":[{"name":"types","email":"ryan.cavanaugh@microsoft.com"}],"_npmOperationalInternal":{"host":"packages-16-east.internal.npmjs.com","tmp":"tmp/selenium-webdriver-2.44.19-alpha.tgz_1463776757294_0.2778122073505074"},"directories":{}},"2.44.20-alpha":{"name":"@types/selenium-webdriver","version":"2.44.20-alpha","description":"TypeScript definitions for Selenium WebDriverJS 2.44.0","main":"","scripts":{},"author":{"name":"Bill Armstrong","email":"https://github.com/BillArmstrong"},"license":"MIT","typings":"index.d.ts","dependencies":{},"_id":"@types/selenium-webdriver@2.44.20-alpha","_shasum":"74ff7ad7514957190fb9f3da444077fd83ed9d0a","_from":"output\\selenium-webdriver","_resolved":"file:output\\selenium-webdriver","_npmVersion":"3.8.2","_nodeVersion":"5.5.0","_npmUser":{"name":"types","email":"ryan.cavanaugh@microsoft.com"},"dist":{"shasum":"74ff7ad7514957190fb9f3da444077fd83ed9d0a","tarball":"https://registry.npmjs.org/@types/selenium-webdriver/-/selenium-webdriver-2.44.20-alpha.tgz"},"maintainers":[{"name":"types","email":"ryan.cavanaugh@microsoft.com"}],"_npmOperationalInternal":{"host":"packages-12-west.internal.npmjs.com","tmp":"tmp/selenium-webdriver-2.44.20-alpha.tgz_1464155700435_0.686945617897436"},"directories":{}},"2.44.21-alpha":{"name":"@types/selenium-webdriver","version":"2.44.21-alpha","description":"TypeScript definitions for Selenium WebDriverJS 2.44.0","main":"","scripts":{},"author":{"name":"Bill Armstrong","email":"https://github.com/BillArmstrong"},"repository":{"type":"git","url":"https://www.github.com/DefinitelyTyped/DefinitelyTyped.git"},"license":"MIT","typings":"index.d.ts","dependencies":{},"_id":"@types/selenium-webdriver@2.44.21-alpha","_shasum":"86c711d6fa70ca54e06bd8994cb6f644e84493ad","_from":"output\\selenium-webdriver","_resolved":"file:output\\selenium-webdriver","_npmVersion":"3.9.5","_nodeVersion":"6.2.2","_npmUser":{"name":"types","email":"ryan.cavanaugh@microsoft.com"},"dist":{"shasum":"86c711d6fa70ca54e06bd8994cb6f644e84493ad","tarball":"https://registry.npmjs.org/@types/selenium-webdriver/-/selenium-webdriver-2.44.21-alpha.tgz"},"maintainers":[{"name":"types","email":"ryan.cavanaugh@microsoft.com"}],"_npmOperationalInternal":{"host":"packages-16-east.internal.npmjs.com","tmp":"tmp/selenium-webdriver-2.44.21-alpha.tgz_1467405132749_0.10927349212579429"},"directories":{}},"2.44.22-alpha":{"name":"@types/selenium-webdriver","version":"2.44.22-alpha","description":"TypeScript definitions for Selenium WebDriverJS 2.44.0","main":"","scripts":{},"author":{"name":"Bill Armstrong","email":"https://github.com/BillArmstrong"},"repository":{"type":"git","url":"https://www.github.com/DefinitelyTyped/DefinitelyTyped.git"},"license":"MIT","typings":"index.d.ts","dependencies":{},"_id":"@types/selenium-webdriver@2.44.22-alpha","_shasum":"7aad3d940e601950194172d0855db4377f6da4fc","_from":"output\\selenium-webdriver","_resolved":"file:output\\selenium-webdriver","_npmVersion":"3.7.2","_nodeVersion":"6.2.1","_npmUser":{"name":"types","email":"ryan.cavanaugh@microsoft.com"},"dist":{"shasum":"7aad3d940e601950194172d0855db4377f6da4fc","tarball":"https://registry.npmjs.org/@types/selenium-webdriver/-/selenium-webdriver-2.44.22-alpha.tgz"},"maintainers":[{"name":"types","email":"ryan.cavanaugh@microsoft.com"}],"_npmOperationalInternal":{"host":"packages-12-west.internal.npmjs.com","tmp":"tmp/selenium-webdriver-2.44.22-alpha.tgz_1467417649316_0.6200517604593188"},"directories":{}},"2.44.23-alpha":{"name":"@types/selenium-webdriver","version":"2.44.23-alpha","description":"TypeScript definitions for Selenium WebDriverJS 2.44.0","main":"","scripts":{},"author":{"name":"Bill Armstrong","email":"https://github.com/BillArmstrong"},"repository":{"type":"git","url":"https://www.github.com/DefinitelyTyped/DefinitelyTyped.git"},"license":"MIT","typings":"index.d.ts","dependencies":{},"_id":"@types/selenium-webdriver@2.44.23-alpha","_shasum":"f83bcb80b020c9a1ff78644cbb75f016ac48399e","_from":"output\\selenium-webdriver","_resolved":"file:output\\selenium-webdriver","_npmVersion":"3.7.2","_nodeVersion":"6.2.1","_npmUser":{"name":"types","email":"ryan.cavanaugh@microsoft.com"},"dist":{"shasum":"f83bcb80b020c9a1ff78644cbb75f016ac48399e","tarball":"https://registry.npmjs.org/@types/selenium-webdriver/-/selenium-webdriver-2.44.23-alpha.tgz"},"maintainers":[{"name":"types","email":"ryan.cavanaugh@microsoft.com"}],"_npmOperationalInternal":{"host":"packages-16-east.internal.npmjs.com","tmp":"tmp/selenium-webdriver-2.44.23-alpha.tgz_1467429958683_0.5117088095284998"},"directories":{}},"2.44.24-alpha":{"name":"@types/selenium-webdriver","version":"2.44.24-alpha","description":"TypeScript definitions for Selenium WebDriverJS 2.44.0","main":"","scripts":{},"author":{"name":"Bill Armstrong","email":"https://github.com/BillArmstrong"},"repository":{"type":"git","url":"https://www.github.com/DefinitelyTyped/DefinitelyTyped.git"},"license":"MIT","typings":"index.d.ts","dependencies":{},"_id":"@types/selenium-webdriver@2.44.24-alpha","_shasum":"abc7076742c81ca3a289bd06d0a2228778f0754a","_from":"output\\selenium-webdriver","_resolved":"file:output\\selenium-webdriver","_npmVersion":"3.7.2","_nodeVersion":"6.2.1","_npmUser":{"name":"types","email":"ryan.cavanaugh@microsoft.com"},"dist":{"shasum":"abc7076742c81ca3a289bd06d0a2228778f0754a","tarball":"https://registry.npmjs.org/@types/selenium-webdriver/-/selenium-webdriver-2.44.24-alpha.tgz"},"maintainers":[{"name":"types","email":"ryan.cavanaugh@microsoft.com"}],"_npmOperationalInternal":{"host":"packages-12-west.internal.npmjs.com","tmp":"tmp/selenium-webdriver-2.44.24-alpha.tgz_1467594943313_0.4785064272582531"},"directories":{}},"2.44.25-alpha":{"name":"@types/selenium-webdriver","version":"2.44.25-alpha","description":"TypeScript definitions for Selenium WebDriverJS 2.44.0","main":"","scripts":{},"author":{"name":"Bill Armstrong","email":"https://github.com/BillArmstrong"},"repository":{"type":"git","url":"https://www.github.com/DefinitelyTyped/DefinitelyTyped.git"},"license":"MIT","typings":"index.d.ts","dependencies":{},"_id":"@types/selenium-webdriver@2.44.25-alpha","_shasum":"588d4c74d2abb561e7b7a1d940453767f3c39c7c","_from":"output\\selenium-webdriver","_resolved":"file:output\\selenium-webdriver","_npmVersion":"3.10.3","_nodeVersion":"6.3.0","_npmUser":{"name":"types","email":"ryan.cavanaugh@microsoft.com"},"dist":{"shasum":"588d4c74d2abb561e7b7a1d940453767f3c39c7c","tarball":"https://registry.npmjs.org/@types/selenium-webdriver/-/selenium-webdriver-2.44.25-alpha.tgz"},"maintainers":[{"name":"types","email":"ryan.cavanaugh@microsoft.com"}],"_npmOperationalInternal":{"host":"packages-16-east.internal.npmjs.com","tmp":"tmp/selenium-webdriver-2.44.25-alpha.tgz_1468012990651_0.3450177477207035"},"directories":{}},"2.44.26":{"name":"@types/selenium-webdriver","version":"2.44.26","description":"TypeScript definitions for Selenium WebDriverJS 2.44.0","main":"","scripts":{},"author":{"name":"Bill Armstrong","email":"https://github.com/BillArmstrong"},"repository":{"type":"git","url":"https://www.github.com/DefinitelyTyped/DefinitelyTyped.git"},"license":"MIT","typings":"index.d.ts","dependencies":{},"_id":"@types/selenium-webdriver@2.44.26","_shasum":"a397da7cc04c955e4ac1031563a5c55c23f61489","_from":"output\\selenium-webdriver","_resolved":"file:output\\selenium-webdriver","_npmVersion":"3.10.3","_nodeVersion":"6.3.0","_npmUser":{"name":"types","email":"ts-npm-types@microsoft.com"},"dist":{"shasum":"a397da7cc04c955e4ac1031563a5c55c23f61489","tarball":"https://registry.npmjs.org/@types/selenium-webdriver/-/selenium-webdriver-2.44.26.tgz"},"maintainers":[{"name":"types","email":"ryan.cavanaugh@microsoft.com"}],"_npmOperationalInternal":{"host":"packages-16-east.internal.npmjs.com","tmp":"tmp/selenium-webdriver-2.44.26.tgz_1468512055726_0.42517032544128597"},"directories":{}},"2.44.27":{"name":"@types/selenium-webdriver","version":"2.44.27","description":"TypeScript definitions for Selenium WebDriverJS 2.44.0","license":"MIT","author":"Bill Armstrong <https://github.com/BillArmstrong>, Yuki Kokubun <https://github.com/Kuniwak>","main":"","repository":{"type":"git","url":"https://www.github.com/DefinitelyTyped/DefinitelyTyped.git"},"scripts":{},"dependencies":{},"typings":"index.d.ts","_id":"@types/selenium-webdriver@2.44.27","dist":{"shasum":"6e384c8c0c0602ce37bd572a0df7c5e6e9780a1d","tarball":"https://registry.npmjs.org/@types/selenium-webdriver/-/selenium-webdriver-2.44.27.tgz"},"maintainers":[{"name":"types","email":"ryan.cavanaugh@microsoft.com"}],"_npmUser":{"name":"types","email":"ts-npm-types@microsoft.com"},"_npmOperationalInternal":{"host":"packages-16-east.internal.npmjs.com","tmp":"tmp/selenium-webdriver-2.44.27.tgz_1471621311248_0.8161313124001026"},"directories":{}},"2.44.28":{"name":"@types/selenium-webdriver","version":"2.44.28","description":"TypeScript definitions for Selenium WebDriverJS 2.44.0","license":"MIT","author":"Bill Armstrong <https://github.com/BillArmstrong>, Yuki Kokubun <https://github.com/Kuniwak>","main":"","repository":{"type":"git","url":"https://www.github.com/DefinitelyTyped/DefinitelyTyped.git"},"scripts":{},"dependencies":{},"typings":"index.d.ts","_id":"@types/selenium-webdriver@2.44.28","dist":{"shasum":"d9c12068bf06d1de95fa31a65a0abcba1aa9fcbc","tarball":"https://registry.npmjs.org/@types/selenium-webdriver/-/selenium-webdriver-2.44.28.tgz"},"maintainers":[{"name":"types","email":"ryan.cavanaugh@microsoft.com"}],"_npmUser":{"name":"types","email":"ts-npm-types@microsoft.com"},"_npmOperationalInternal":{"host":"packages-16-east.internal.npmjs.com","tmp":"tmp/selenium-webdriver-2.44.28.tgz_1472151546823_0.4529266110621393"},"directories":{}},"2.44.29":{"name":"@types/selenium-webdriver","version":"2.44.29","description":"TypeScript definitions for Selenium WebDriverJS 2.44.0","license":"MIT","author":"Bill Armstrong <https://github.com/BillArmstrong>, Yuki Kokubun <https://github.com/Kuniwak>","main":"","repository":{"type":"git","url":"https://www.github.com/DefinitelyTyped/DefinitelyTyped.git"},"scripts":{},"dependencies":{},"typings":"index.d.ts","typesPublisherContentHash":"aa63bea88a34141c1185d8d25796781fe03f57d2f654fc88bfed9936bb7276dd","_id":"@types/selenium-webdriver@2.44.29","dist":{"shasum":"5be245a74e9aa3336429ab853e93ddbdce86a717","tarball":"https://registry.npmjs.org/@types/selenium-webdriver/-/selenium-webdriver-2.44.29.tgz"},"maintainers":[{"name":"types","email":"ryan.cavanaugh@microsoft.com"}],"_npmUser":{"name":"types","email":"ts-npm-types@microsoft.com"},"_npmOperationalInternal":{"host":"packages-16-east.internal.npmjs.com","tmp":"tmp/selenium-webdriver-2.44.29.tgz_1474308660692_0.5107136575970799"},"directories":{}},"2.53.30":{"name":"@types/selenium-webdriver","version":"2.53.30","description":"TypeScript definitions for Selenium WebDriverJS 2.53.1","license":"MIT","author":"Bill Armstrong <https://github.com/BillArmstrong>, Yuki Kokubun <https://github.com/Kuniwak>, Craig Nishina <https://github.com/cnishina>","main":"","repository":{"type":"git","url":"https://www.github.com/DefinitelyTyped/DefinitelyTyped.git"},"scripts":{},"dependencies":{},"typings":"index.d.ts","typesPublisherContentHash":"3f9098e3385e053a81b47b523c0b487aa119c1da4d90da91641e16ba72d77ae2","_id":"@types/selenium-webdriver@2.53.30","dist":{"shasum":"0c814ae15f17e7fbd3ca2c2c4c2db3985fdcdae5","tarball":"https://registry.npmjs.org/@types/selenium-webdriver/-/selenium-webdriver-2.53.30.tgz"},"maintainers":[{"name":"types","email":"ryan.cavanaugh@microsoft.com"}],"_npmUser":{"name":"types","email":"ts-npm-types@microsoft.com"},"_npmOperationalInternal":{"host":"packages-16-east.internal.npmjs.com","tmp":"tmp/selenium-webdriver-2.53.30.tgz_1474406172371_0.2622859035618603"},"directories":{}},"2.53.31":{"name":"@types/selenium-webdriver","version":"2.53.31","description":"TypeScript definitions for Selenium WebDriverJS 2.53.1","license":"MIT","author":"Bill Armstrong <https://github.com/BillArmstrong>, Yuki Kokubun <https://github.com/Kuniwak>, Craig Nishina <https://github.com/cnishina>","main":"","repository":{"type":"git","url":"https://www.github.com/DefinitelyTyped/DefinitelyTyped.git"},"scripts":{},"dependencies":{},"peerDependencies":{},"typings":"index.d.ts","typesPublisherContentHash":"357bebb3dd6f2c46575cf7fa897003ab452a16e55cb24e7b0a94c6d9813c7ef6","_id":"@types/selenium-webdriver@2.53.31","dist":{"shasum":"5e456de8f32950338e8c4d1985a2479adca333fd","tarball":"https://registry.npmjs.org/@types/selenium-webdriver/-/selenium-webdriver-2.53.31.tgz"},"maintainers":[{"name":"types","email":"ryan.cavanaugh@microsoft.com"}],"_npmUser":{"name":"types","email":"ts-npm-types@microsoft.com"},"_npmOperationalInternal":{"host":"packages-16-east.internal.npmjs.com","tmp":"tmp/selenium-webdriver-2.53.31.tgz_1475701379896_0.4107896687928587"},"directories":{}},"2.53.32":{"name":"@types/selenium-webdriver","version":"2.53.32","description":"TypeScript definitions for Selenium WebDriverJS 2.53.1","license":"MIT","author":"Bill Armstrong <https://github.com/BillArmstrong>, Yuki Kokubun <https://github.com/Kuniwak>, Craig Nishina <https://github.com/cnishina>","main":"","repository":{"type":"git","url":"https://www.github.com/DefinitelyTyped/DefinitelyTyped.git"},"scripts":{},"dependencies":{},"peerDependencies":{},"typings":"index.d.ts","typesPublisherContentHash":"514008aad028e45ea0b0a81527e48ec3f1064bfa9113173a8254b1d612a36263","_id":"@types/selenium-webdriver@2.53.32","dist":{"shasum":"bf3b40fa3d7da83ffdfbecd11d5f9ab59146145a","tarball":"https://registry.npmjs.org/@types/selenium-webdriver/-/selenium-webdriver-2.53.32.tgz"},"maintainers":[{"name":"types","email":"ryan.cavanaugh@microsoft.com"}],"_npmUser":{"name":"types","email":"ts-npm-types@microsoft.com"},"_npmOperationalInternal":{"host":"packages-12-west.internal.npmjs.com","tmp":"tmp/selenium-webdriver-2.53.32.tgz_1475731284097_0.034328092355281115"},"directories":{}},"2.53.33":{"name":"@types/selenium-webdriver","version":"2.53.33","description":"TypeScript definitions for Selenium WebDriverJS 2.53.1","license":"MIT","author":"Bill Armstrong <https://github.com/BillArmstrong>, Yuki Kokubun <https://github.com/Kuniwak>, Craig Nishina <https://github.com/cnishina>","main":"","repository":{"type":"git","url":"https://www.github.com/DefinitelyTyped/DefinitelyTyped.git"},"scripts":{},"dependencies":{},"peerDependencies":{},"typings":"index.d.ts","typesPublisherContentHash":"d2c500e3b8dc0ba2a222c0b753cbf14427cdc338c6156fd0ca8541e7de7b8b0d","_id":"@types/selenium-webdriver@2.53.33","dist":{"shasum":"64672bae3acedf9d9e6bcfa8bdb7c37497751c3d","tarball":"https://registry.npmjs.org/@types/selenium-webdriver/-/selenium-webdriver-2.53.33.tgz"},"maintainers":[{"name":"types","email":"ryan.cavanaugh@microsoft.com"}],"_npmUser":{"name":"types","email":"ts-npm-types@microsoft.com"},"_npmOperationalInternal":{"host":"packages-12-west.internal.npmjs.com","tmp":"tmp/selenium-webdriver-2.53.33.tgz_1475861781338_0.04925332870334387"},"directories":{}},"2.53.34":{"name":"@types/selenium-webdriver","version":"2.53.34","description":"TypeScript definitions for Selenium WebDriverJS 2.53.1","license":"MIT","author":"Bill Armstrong <https://github.com/BillArmstrong>, Yuki Kokubun <https://github.com/Kuniwak>, Craig Nishina <https://github.com/cnishina>","main":"","repository":{"type":"git","url":"https://www.github.com/DefinitelyTyped/DefinitelyTyped.git"},"scripts":{},"dependencies":{},"peerDependencies":{},"typings":"index.d.ts","typesPublisherContentHash":"56a677f52149906b680daf47264d946c33754e29f6c93bec20643146f2b856ea","_id":"@types/selenium-webdriver@2.53.34","dist":{"shasum":"bf8afebf24b640c2cb1aff0a6390b1cb0da1c476","tarball":"https://registry.npmjs.org/@types/selenium-webdriver/-/selenium-webdriver-2.53.34.tgz"},"maintainers":[{"name":"types","email":"ryan.cavanaugh@microsoft.com"}],"_npmUser":{"name":"types","email":"ts-npm-types@microsoft.com"},"_npmOperationalInternal":{"host":"packages-18-east.internal.npmjs.com","tmp":"tmp/selenium-webdriver-2.53.34.tgz_1478276383444_0.6230588289909065"},"directories":{}},"2.53.35":{"name":"@types/selenium-webdriver","version":"2.53.35","description":"TypeScript definitions for Selenium WebDriverJS 2.53.1","license":"MIT","author":"Bill Armstrong <https://github.com/BillArmstrong>, Yuki Kokubun <https://github.com/Kuniwak>, Craig Nishina <https://github.com/cnishina>","main":"","repository":{"type":"git","url":"https://www.github.com/DefinitelyTyped/DefinitelyTyped.git"},"scripts":{},"dependencies":{},"peerDependencies":{},"typings":"index.d.ts","typesPublisherContentHash":"52267bb4ce3bffd537cfa1d408323ea2cfa65d439b413b5644ee3ea523cbabe1","_id":"@types/selenium-webdriver@2.53.35","dist":{"shasum":"a0c4b5f090bde48ba9ed16e4d43a5b99112c72fb","tarball":"https://registry.npmjs.org/@types/selenium-webdriver/-/selenium-webdriver-2.53.35.tgz"},"maintainers":[{"name":"types","email":"ryan.cavanaugh@microsoft.com"}],"_npmUser":{"name":"types","email":"ts-npm-types@microsoft.com"},"_npmOperationalInternal":{"host":"packages-12-west.internal.npmjs.com","tmp":"tmp/selenium-webdriver-2.53.35.tgz_1478544394466_0.7562958779744804"},"directories":{}},"2.53.36":{"name":"@types/selenium-webdriver","version":"2.53.36","description":"TypeScript definitions for Selenium WebDriverJS","license":"MIT","author":"Bill Armstrong <https://github.com/BillArmstrong>, Yuki Kokubun <https://github.com/Kuniwak>, Craig Nishina <https://github.com/cnishina>","main":"","repository":{"type":"git","url":"https://www.github.com/DefinitelyTyped/DefinitelyTyped.git"},"scripts":{},"dependencies":{},"peerDependencies":{},"typesPublisherContentHash":"ccbc684db3ad491d9918dbe4436c211af05714c51f00ffad3bdce1eb708723ab","_id":"@types/selenium-webdriver@2.53.36","dist":{"shasum":"a2d27d0709b368ae0894fc30c0e40af827d6e851","tarball":"https://registry.npmjs.org/@types/selenium-webdriver/-/selenium-webdriver-2.53.36.tgz"},"maintainers":[{"name":"types","email":"ryan.cavanaugh@microsoft.com"}],"_npmUser":{"name":"types","email":"ts-npm-types@microsoft.com"},"_npmOperationalInternal":{"host":"packages-18-east.internal.npmjs.com","tmp":"tmp/selenium-webdriver-2.53.36.tgz_1480550235957_0.9064021320082247"},"directories":{}},"2.53.37":{"name":"@types/selenium-webdriver","version":"2.53.37","description":"TypeScript definitions for Selenium WebDriverJS","license":"MIT","author":"Bill Armstrong <https://github.com/BillArmstrong>, Yuki Kokubun <https://github.com/Kuniwak>, Craig Nishina <https://github.com/cnishina>","main":"","repository":{"type":"git","url":"https://www.github.com/DefinitelyTyped/DefinitelyTyped.git"},"scripts":{},"dependencies":{},"peerDependencies":{},"typesPublisherContentHash":"bd4760bfc61f70ccb4cbbdcade1de0433a4d4d4e60667229840cda16fe9fafc1","_id":"@types/selenium-webdriver@2.53.37","dist":{"shasum":"34f743c20e53ae7100ede90870fde554df2447f8","tarball":"https://registry.npmjs.org/@types/selenium-webdriver/-/selenium-webdriver-2.53.37.tgz"},"maintainers":[{"name":"types","email":"ryan.cavanaugh@microsoft.com"}],"_npmUser":{"name":"types","email":"ts-npm-types@microsoft.com"},"_npmOperationalInternal":{"host":"packages-12-west.internal.npmjs.com","tmp":"tmp/selenium-webdriver-2.53.37.tgz_1482184490763_0.7292482019402087"},"directories":{}},"2.53.38":{"name":"@types/selenium-webdriver","version":"2.53.38","description":"TypeScript definitions for Selenium WebDriverJS","license":"MIT","author":"Bill Armstrong <https://github.com/BillArmstrong>, Yuki Kokubun <https://github.com/Kuniwak>, Craig Nishina <https://github.com/cnishina>","main":"","repository":{"type":"git","url":"https://www.github.com/DefinitelyTyped/DefinitelyTyped.git"},"scripts":{},"dependencies":{},"peerDependencies":{},"typesPublisherContentHash":"ae7a4056f52645f8a1c40e06afa35b2dbfe8a481ad013491cd88916a4b01a45d","typeScriptVersion":"2.0","_id":"@types/selenium-webdriver@2.53.38","dist":{"shasum":"3f06050584e8017f48ef411387852179df096408","tarball":"https://registry.npmjs.org/@types/selenium-webdriver/-/selenium-webdriver-2.53.38.tgz"},"maintainers":[{"name":"types","email":"ryan.cavanaugh@microsoft.com"}],"_npmUser":{"name":"types","email":"ts-npm-types@microsoft.com"},"_npmOperationalInternal":{"host":"packages-12-west.internal.npmjs.com","tmp":"tmp/selenium-webdriver-2.53.38.tgz_1482502591909_0.33610998187214136"},"directories":{}},"2.53.39":{"name":"@types/selenium-webdriver","version":"2.53.39","description":"TypeScript definitions for Selenium WebDriverJS","license":"MIT","author":"Bill Armstrong <https://github.com/BillArmstrong>, Yuki Kokubun <https://github.com/Kuniwak>, Craig Nishina <https://github.com/cnishina>","main":"","repository":{"type":"git","url":"https://www.github.com/DefinitelyTyped/DefinitelyTyped.git"},"scripts":{},"dependencies":{},"peerDependencies":{},"typesPublisherContentHash":"44e78a4db055fdfee7e79b7a44c86a3ba13742f3dd1a97dc7d41f3c14bd83e23","typeScriptVersion":"2.0","_id":"@types/selenium-webdriver@2.53.39","dist":{"shasum":"15ff93392c339abd39d6d3a04e715faa9a263cf3","tarball":"https://registry.npmjs.org/@types/selenium-webdriver/-/selenium-webdriver-2.53.39.tgz"},"maintainers":[{"name":"types","email":"ryan.cavanaugh@microsoft.com"}],"_npmUser":{"name":"types","email":"ts-npm-types@microsoft.com"},"_npmOperationalInternal":{"host":"packages-18-east.internal.npmjs.com","tmp":"tmp/selenium-webdriver-2.53.39.tgz_1483646448432_0.8664033019449562"},"directories":{}},"2.53.40":{"name":"@types/selenium-webdriver","version":"2.53.40","description":"TypeScript definitions for Selenium WebDriverJS","license":"MIT","contributors":[{"name":"Bill Armstrong","url":"https://github.com/BillArmstrong"},{"name":"Yuki Kokubun","url":"https://github.com/Kuniwak"},{"name":"Craig Nishina","url":"https://github.com/cnishina"}],"main":"","repository":{"type":"git","url":"https://www.github.com/DefinitelyTyped/DefinitelyTyped.git"},"scripts":{},"dependencies":{},"peerDependencies":{},"typesPublisherContentHash":"553659b7d8d0abe52f0606a0ba703153a043a3d282acc732d38e863c485034d5","typeScriptVersion":"2.0","_id":"@types/selenium-webdriver@2.53.40","dist":{"shasum":"fdbb796fb77fdf8ebaf6f5d4bd0bfd9ff7215b02","tarball":"https://registry.npmjs.org/@types/selenium-webdriver/-/selenium-webdriver-2.53.40.tgz"},"maintainers":[{"name":"types","email":"ryan.cavanaugh@microsoft.com"}],"_npmUser":{"name":"types","email":"ts-npm-types@microsoft.com"},"_npmOperationalInternal":{"host":"packages-18-east.internal.npmjs.com","tmp":"tmp/selenium-webdriver-2.53.40.tgz_1487875225908_0.28634722088463604"},"directories":{}},"2.53.41":{"name":"@types/selenium-webdriver","version":"2.53.41","description":"TypeScript definitions for Selenium WebDriverJS","license":"MIT","contributors":[{"name":"Bill Armstrong","url":"https://github.com/BillArmstrong"},{"name":"Yuki Kokubun","url":"https://github.com/Kuniwak"},{"name":"Craig Nishina","url":"https://github.com/cnishina"}],"main":"","repository":{"type":"git","url":"https://www.github.com/DefinitelyTyped/DefinitelyTyped.git"},"scripts":{},"dependencies":{},"peerDependencies":{},"typesPublisherContentHash":"6e5e6beeb017a9f6a1f1424e3c4358db4ead6bf8b7b2f64e223616b8dd968ee0","typeScriptVersion":"2.1","_id":"@types/selenium-webdriver@2.53.41","dist":{"shasum":"3b88eaa19b3c2db6ede7f57d7c8aeaf81a630e64","tarball":"https://registry.npmjs.org/@types/selenium-webdriver/-/selenium-webdriver-2.53.41.tgz"},"maintainers":[{"name":"types","email":"ryan.cavanaugh@microsoft.com"}],"_npmUser":{"name":"types","email":"ts-npm-types@microsoft.com"},"_npmOperationalInternal":{"host":"packages-18-east.internal.npmjs.com","tmp":"tmp/selenium-webdriver-2.53.41.tgz_1488917692721_0.008234712295234203"},"directories":{}},"2.53.42":{"name":"@types/selenium-webdriver","version":"2.53.42","description":"TypeScript definitions for Selenium WebDriverJS","license":"MIT","contributors":[{"name":"Bill Armstrong","url":"https://github.com/BillArmstrong"},{"name":"Yuki Kokubun","url":"https://github.com/Kuniwak"},{"name":"Craig Nishina","url":"https://github.com/cnishina"}],"main":"","repository":{"type":"git","url":"https://www.github.com/DefinitelyTyped/DefinitelyTyped.git"},"scripts":{},"dependencies":{},"peerDependencies":{},"typesPublisherContentHash":"90291f2d0499e824d20917259b981a283efa8d5b7cf100c2d7d9a2b9a1f5c07c","typeScriptVersion":"2.1","_id":"@types/selenium-webdriver@2.53.42","dist":{"shasum":"74cb77fb6052edaff2a8984ddafd88d419f25cac","tarball":"https://registry.npmjs.org/@types/selenium-webdriver/-/selenium-webdriver-2.53.42.tgz"},"maintainers":[{"name":"types","email":"ryan.cavanaugh@microsoft.com"}],"_npmUser":{"name":"types","email":"ts-npm-types@microsoft.com"},"_npmOperationalInternal":{"host":"packages-12-west.internal.npmjs.com","tmp":"tmp/selenium-webdriver-2.53.42.tgz_1488949199364_0.44359005708247423"},"directories":{}},"3.0.0":{"name":"@types/selenium-webdriver","version":"3.0.0","description":"TypeScript definitions for Selenium WebDriverJS","license":"MIT","contributors":[{"name":"Bill Armstrong","url":"https://github.com/BillArmstrong"},{"name":"Yuki Kokubun","url":"https://github.com/Kuniwak"},{"name":"Craig Nishina","url":"https://github.com/cnishina"},{"name":"Simon Gellis","url":"https://github.com/SupernaviX"}],"main":"","repository":{"type":"git","url":"https://www.github.com/DefinitelyTyped/DefinitelyTyped.git"},"scripts":{},"dependencies":{},"peerDependencies":{},"typesPublisherContentHash":"b17277342236c38f18b6e0acc8af9f15f8f4ffb1283ec57bb7c3a252227b3ebf","typeScriptVersion":"2.1","_id":"@types/selenium-webdriver@3.0.0","dist":{"shasum":"d403bad45512bc6b8acdcb6c3305d23cfc5a2c36","tarball":"https://registry.npmjs.org/@types/selenium-webdriver/-/selenium-webdriver-3.0.0.tgz"},"maintainers":[{"name":"types","email":"ryan.cavanaugh@microsoft.com"}],"_npmUser":{"name":"types","email":"ts-npm-types@microsoft.com"},"_npmOperationalInternal":{"host":"packages-12-west.internal.npmjs.com","tmp":"tmp/selenium-webdriver-3.0.0.tgz_1488961828439_0.38809989392757416"},"directories":{}},"3.0.1":{"name":"@types/selenium-webdriver","version":"3.0.1","description":"TypeScript definitions for Selenium WebDriverJS","license":"MIT","contributors":[{"name":"Bill Armstrong","url":"https://github.com/BillArmstrong"},{"name":"Yuki Kokubun","url":"https://github.com/Kuniwak"},{"name":"Craig Nishina","url":"https://github.com/cnishina"},{"name":"Simon Gellis","url":"https://github.com/SupernaviX"}],"main":"","repository":{"type":"git","url":"https://www.github.com/DefinitelyTyped/DefinitelyTyped.git"},"scripts":{},"dependencies":{},"peerDependencies":{},"typesPublisherContentHash":"2764e8ff81d494fa40847b8ec9fa1fac507ceab233496e30c5ec17745b7deeba","typeScriptVersion":"2.1","_id":"@types/selenium-webdriver@3.0.1","dist":{"shasum":"dfaf9f881aade430c036e89f53181dad5c0989c2","tarball":"https://registry.npmjs.org/@types/selenium-webdriver/-/selenium-webdriver-3.0.1.tgz"},"maintainers":[{"name":"types","email":"ryan.cavanaugh@microsoft.com"}],"_npmUser":{"name":"types","email":"ts-npm-types@microsoft.com"},"_npmOperationalInternal":{"host":"packages-18-east.internal.npmjs.com","tmp":"tmp/selenium-webdriver-3.0.1.tgz_1490830023422_0.27577107050456107"},"directories":{}},"3.0.2":{"name":"@types/selenium-webdriver","version":"3.0.2","description":"TypeScript definitions for Selenium WebDriverJS","license":"MIT","contributors":[{"name":"Bill Armstrong","url":"https://github.com/BillArmstrong"},{"name":"Yuki Kokubun","url":"https://github.com/Kuniwak"},{"name":"Craig Nishina","url":"https://github.com/cnishina"},{"name":"Simon Gellis","url":"https://github.com/SupernaviX"}],"main":"","repository":{"type":"git","url":"https://www.github.com/DefinitelyTyped/DefinitelyTyped.git"},"scripts":{},"dependencies":{},"peerDependencies":{},"typesPublisherContentHash":"04eee8e400f981e3269978e72046c130ca729aa558cebc92dfafc330e960346a","typeScriptVersion":"2.1","_id":"@types/selenium-webdriver@3.0.2","dist":{"shasum":"12a13a1271b9257cb5f6d65735c778941f3adfa3","tarball":"https://registry.npmjs.org/@types/selenium-webdriver/-/selenium-webdriver-3.0.2.tgz"},"maintainers":[{"name":"types","email":"ryan.cavanaugh@microsoft.com"}],"_npmUser":{"name":"types","email":"ts-npm-types@microsoft.com"},"_npmOperationalInternal":{"host":"packages-12-west.internal.npmjs.com","tmp":"tmp/selenium-webdriver-3.0.2.tgz_1492451888007_0.3049899828620255"},"directories":{}},"3.0.3":{"name":"@types/selenium-webdriver","version":"3.0.3","description":"TypeScript definitions for Selenium WebDriverJS","license":"MIT","contributors":[{"name":"Bill Armstrong","url":"https://github.com/BillArmstrong"},{"name":"Yuki Kokubun","url":"https://github.com/Kuniwak"},{"name":"Craig Nishina","url":"https://github.com/cnishina"},{"name":"Simon Gellis","url":"https://github.com/SupernaviX"},{"name":"Ben Dixon","url":"https://github.com/bendxn"}],"main":"","repository":{"type":"git","url":"https://www.github.com/DefinitelyTyped/DefinitelyTyped.git"},"scripts":{},"dependencies":{},"peerDependencies":{},"typesPublisherContentHash":"badfb99b447ee5a514a87164c812c4028d7e2a8baa94483028bb9857b333eefb","typeScriptVersion":"2.1","_id":"@types/selenium-webdriver@3.0.3","dist":{"shasum":"1d762bd57b529347f6323e33b6b52cfe8fd8623a","tarball":"https://registry.npmjs.org/@types/selenium-webdriver/-/selenium-webdriver-3.0.3.tgz"},"maintainers":[{"name":"types","email":"ryan.cavanaugh@microsoft.com"}],"_npmUser":{"name":"types","email":"ts-npm-types@microsoft.com"},"_npmOperationalInternal":{"host":"packages-18-east.internal.npmjs.com","tmp":"tmp/selenium-webdriver-3.0.3.tgz_1492790478446_0.8545695175416768"},"directories":{}},"3.0.4":{"name":"@types/selenium-webdriver","version":"3.0.4","description":"TypeScript definitions for Selenium WebDriverJS","license":"MIT","contributors":[{"name":"Bill Armstrong","url":"https://github.com/BillArmstrong"},{"name":"Yuki Kokubun","url":"https://github.com/Kuniwak"},{"name":"Craig Nishina","url":"https://github.com/cnishina"},{"name":"Simon Gellis","url":"https://github.com/SupernaviX"},{"name":"Ben Dixon","url":"https://github.com/bendxn"}],"main":"","repository":{"type":"git","url":"https://www.github.com/DefinitelyTyped/DefinitelyTyped.git"},"scripts":{},"dependencies":{},"peerDependencies":{},"typesPublisherContentHash":"445e6900141d9f4ce43aa96d4b5153bf2eb81bb393ba05399179e4fa30ab6964","typeScriptVersion":"2.1","_id":"@types/selenium-webdriver@3.0.4","dist":{"shasum":"8a6c33c7216f8a8b0962028bf9b868540fdcba47","tarball":"https://registry.npmjs.org/@types/selenium-webdriver/-/selenium-webdriver-3.0.4.tgz"},"maintainers":[{"name":"types","email":"ts-npm-types@microsoft.com"}],"_npmUser":{"name":"types","email":"ts-npm-types@microsoft.com"},"_npmOperationalInternal":{"host":"packages-12-west.internal.npmjs.com","tmp":"tmp/selenium-webdriver-3.0.4.tgz_1494967556083_0.1968449440319091"},"directories":{}}},"readme":"# Installation\r\n> `npm install --save @types/selenium-webdriver`\r\n\r\n# Summary\r\nThis package contains type definitions for Selenium WebDriverJS (https://github.com/SeleniumHQ/selenium/tree/master/javascript/node/selenium-webdriver).\r\n\r\n# Details\r\nFiles were exported from https://www.github.com/DefinitelyTyped/DefinitelyTyped/tree/master/types/selenium-webdriver\r\n\r\nAdditional Details\r\n * Last updated: Tue, 16 May 2017 20:45:05 GMT\r\n * Dependencies: none\r\n * Global values: none\r\n\r\n# Credits\r\nThese definitions were written by Bill Armstrong <https://github.com/BillArmstrong>, Yuki Kokubun <https://github.com/Kuniwak>, Craig Nishina <https://github.com/cnishina>, Simon Gellis <https://github.com/SupernaviX>, Ben Dixon <https://github.com/bendxn>.\r\n","maintainers":[{"name":"types","email":"ts-npm-types@microsoft.com"}],"time":{"modified":"2017-05-16T20:45:56.997Z","created":"2016-05-17T18:53:58.338Z","2.44.13-alpha":"2016-05-17T18:53:58.338Z","2.44.14-alpha":"2016-05-19T22:20:58.618Z","2.44.19-alpha":"2016-05-20T20:39:19.467Z","2.44.20-alpha":"2016-05-25T05:55:00.906Z","2.44.21-alpha":"2016-07-01T20:32:14.880Z","2.44.22-alpha":"2016-07-02T00:00:49.846Z","2.44.23-alpha":"2016-07-02T03:26:02.279Z","2.44.24-alpha":"2016-07-04T01:15:43.880Z","2.44.25-alpha":"2016-07-08T21:23:12.083Z","2.44.26":"2016-07-14T16:00:57.902Z","2.44.27":"2016-08-19T15:41:52.477Z","2.44.28":"2016-08-25T18:59:08.881Z","2.44.29":"2016-09-19T18:11:04.054Z","2.53.30":"2016-09-20T21:16:15.928Z","2.53.31":"2016-10-05T21:03:03.346Z","2.53.32":"2016-10-06T05:21:24.354Z","2.53.33":"2016-10-07T17:36:21.586Z","2.53.34":"2016-11-04T16:19:45.125Z","2.53.35":"2016-11-07T18:46:34.709Z","2.53.36":"2016-11-30T23:57:17.846Z","2.53.37":"2016-12-19T21:54:51.007Z","2.53.38":"2016-12-23T14:16:32.132Z","2.53.39":"2017-01-05T20:00:50.535Z","2.53.40":"2017-02-23T18:40:27.900Z","2.53.41":"2017-03-07T20:14:54.664Z","2.53.42":"2017-03-08T04:59:59.633Z","3.0.0":"2017-03-08T08:30:28.704Z","3.0.1":"2017-03-29T23:27:05.326Z","3.0.2":"2017-04-17T17:58:08.250Z","3.0.3":"2017-04-21T16:01:20.706Z","3.0.4":"2017-05-16T20:45:56.337Z"},"license":"MIT","readmeFilename":"","repository":{"type":"git","url":"https://www.github.com/DefinitelyTyped/DefinitelyTyped.git"},"contributors":[{"name":"Bill Armstrong","url":"https://github.com/BillArmstrong"},{"name":"Yuki Kokubun","url":"https://github.com/Kuniwak"},{"name":"Craig Nishina","url":"https://github.com/cnishina"},{"name":"Simon Gellis","url":"https://github.com/SupernaviX"},{"name":"Ben Dixon","url":"https://github.com/bendxn"}],"_attachments":{},"_etag":"W/\"591b6504-8f89\"","_lastModified":"Tue, 16 May 2017 20:45:56 GMT","_cached":true}