{"_id":"regenerator-runtime","_rev":"21-adc2cae3ad6d0946936c7bbfb035d187","name":"regenerator-runtime","time":{"modified":"2017-05-24T02:37:54.859Z","created":"2014-07-04T06:36:41.889Z","0.0.1":"2014-07-04T06:36:41.889Z","0.9.0":"2016-05-02T02:32:32.344Z","0.9.1":"2016-05-02T02:41:22.237Z","0.9.2":"2016-05-02T03:07:26.802Z","0.9.3":"2016-05-02T03:41:25.693Z","0.9.4":"2016-05-02T03:50:43.910Z","0.9.5":"2016-05-02T14:34:50.845Z","0.9.6":"2016-11-04T14:40:04.326Z","0.10.0":"2016-11-21T00:10:39.115Z","0.10.1":"2016-12-08T15:12:48.955Z","0.10.2":"2017-02-17T16:12:45.310Z","0.10.3":"2017-02-17T21:52:25.245Z","0.10.4":"2017-04-26T13:56:35.098Z","0.10.5":"2017-04-28T14:47:13.861Z"},"maintainers":[{"name":"benjamn","email":"bn@cs.stanford.edu"}],"dist-tags":{"latest":"0.10.5"},"description":"Runtime for Regenerator-compiled generator and async functions.","readme":"# regenerator-runtime\n\nStandalone runtime for\n[Regenerator](https://github.com/facebook/regenerator)-compiled generator\nand `async` functions.\n\nTo import the runtime as a module (recommended), either of the following\nimport styles will work:\n```js\n// CommonJS\nconst regeneratorRuntime = require(\"regenerator-runtime\");\n\n// ECMAScript 2015\nimport regeneratorRuntime from \"regenerator-runtime\";\n```\n\nTo ensure that `regeneratorRuntime` is defined globally, either of the\nfollowing styles will work:\n```js\n// CommonJS\nrequire(\"regenerator-runtime/runtime\");\n\n// ECMAScript 2015\nimport \"regenerator-runtime/runtime\";\n```\n\nTo get the absolute file system path of `runtime.js`, evaluate the\nfollowing expression:\n```js\nrequire(\"regenerator-runtime/path\").path\n```\n","versions":{"0.9.0":{"name":"regenerator-runtime","author":{"name":"Ben Newman","email":"bn@cs.stanford.edu"},"description":"Runtime for Regenerator-compiled generator and async functions.","version":"0.9.0","main":"runtime.js","keywords":["regenerator","runtime","generator","async"],"repository":{"type":"git","url":"https://github.com/facebook/regenerator/tree/master/packages/regenerator-runtime"},"license":"MIT","_id":"regenerator-runtime@0.9.0","scripts":{},"_shasum":"5ddf497001cdbfdeed0b23c8da345d5d7fe7e65b","_from":".","_npmVersion":"3.3.9","_nodeVersion":"6.0.0","_npmUser":{"name":"benjamn","email":"bn@cs.stanford.edu"},"maintainers":[{"name":"benjamn","email":"bn@cs.stanford.edu"}],"dist":{"shasum":"5ddf497001cdbfdeed0b23c8da345d5d7fe7e65b","tarball":"https://registry.npmjs.org/regenerator-runtime/-/regenerator-runtime-0.9.0.tgz"},"_npmOperationalInternal":{"host":"packages-16-east.internal.npmjs.com","tmp":"tmp/regenerator-runtime-0.9.0.tgz_1462156351288_0.37193154939450324"},"directories":{}},"0.9.1":{"name":"regenerator-runtime","author":{"name":"Ben Newman","email":"bn@cs.stanford.edu"},"description":"Runtime for Regenerator-compiled generator and async functions.","version":"0.9.1","main":"runtime-module.js","keywords":["regenerator","runtime","generator","async"],"repository":{"type":"git","url":"https://github.com/facebook/regenerator/tree/master/packages/regenerator-runtime"},"license":"MIT","_id":"regenerator-runtime@0.9.1","scripts":{},"_shasum":"e761fcb913158f52f23e114c5c9bd6a246dd295d","_from":".","_npmVersion":"3.3.9","_nodeVersion":"6.0.0","_npmUser":{"name":"benjamn","email":"bn@cs.stanford.edu"},"maintainers":[{"name":"benjamn","email":"bn@cs.stanford.edu"}],"dist":{"shasum":"e761fcb913158f52f23e114c5c9bd6a246dd295d","tarball":"https://registry.npmjs.org/regenerator-runtime/-/regenerator-runtime-0.9.1.tgz"},"_npmOperationalInternal":{"host":"packages-16-east.internal.npmjs.com","tmp":"tmp/regenerator-runtime-0.9.1.tgz_1462156881175_0.18197224894538522"},"directories":{}},"0.9.2":{"name":"regenerator-runtime","author":{"name":"Ben Newman","email":"bn@cs.stanford.edu"},"description":"Runtime for Regenerator-compiled generator and async functions.","version":"0.9.2","main":"runtime-module.js","keywords":["regenerator","runtime","generator","async"],"repository":{"type":"git","url":"https://github.com/facebook/regenerator/tree/master/packages/regenerator-runtime"},"license":"MIT","_id":"regenerator-runtime@0.9.2","scripts":{},"_shasum":"66742ebb5656ad517fe7feef5cb236d839e1975c","_from":".","_npmVersion":"3.3.9","_nodeVersion":"6.0.0","_npmUser":{"name":"benjamn","email":"bn@cs.stanford.edu"},"maintainers":[{"name":"benjamn","email":"bn@cs.stanford.edu"}],"dist":{"shasum":"66742ebb5656ad517fe7feef5cb236d839e1975c","tarball":"https://registry.npmjs.org/regenerator-runtime/-/regenerator-runtime-0.9.2.tgz"},"_npmOperationalInternal":{"host":"packages-16-east.internal.npmjs.com","tmp":"tmp/regenerator-runtime-0.9.2.tgz_1462158445810_0.24356031534262002"},"directories":{}},"0.9.3":{"name":"regenerator-runtime","author":{"name":"Ben Newman","email":"bn@cs.stanford.edu"},"description":"Runtime for Regenerator-compiled generator and async functions.","version":"0.9.3","main":"runtime-module.js","keywords":["regenerator","runtime","generator","async"],"repository":{"type":"git","url":"https://github.com/facebook/regenerator/tree/master/packages/regenerator-runtime"},"license":"MIT","_id":"regenerator-runtime@0.9.3","scripts":{},"_shasum":"348a25f0e42c2fa73fe4df97b30bc8a5690b6aab","_from":".","_npmVersion":"3.3.9","_nodeVersion":"6.0.0","_npmUser":{"name":"benjamn","email":"bn@cs.stanford.edu"},"maintainers":[{"name":"benjamn","email":"bn@cs.stanford.edu"}],"dist":{"shasum":"348a25f0e42c2fa73fe4df97b30bc8a5690b6aab","tarball":"https://registry.npmjs.org/regenerator-runtime/-/regenerator-runtime-0.9.3.tgz"},"_npmOperationalInternal":{"host":"packages-12-west.internal.npmjs.com","tmp":"tmp/regenerator-runtime-0.9.3.tgz_1462160483561_0.8289865111000836"},"directories":{}},"0.9.4":{"name":"regenerator-runtime","author":{"name":"Ben Newman","email":"bn@cs.stanford.edu"},"description":"Runtime for Regenerator-compiled generator and async functions.","version":"0.9.4","main":"runtime-module.js","keywords":["regenerator","runtime","generator","async"],"repository":{"type":"git","url":"https://github.com/facebook/regenerator/tree/master/packages/regenerator-runtime"},"license":"MIT","_id":"regenerator-runtime@0.9.4","scripts":{},"_shasum":"2c3dde92a86059bc946e1295047b648cdd37a1ad","_from":".","_npmVersion":"3.3.9","_nodeVersion":"6.0.0","_npmUser":{"name":"benjamn","email":"bn@cs.stanford.edu"},"maintainers":[{"name":"benjamn","email":"bn@cs.stanford.edu"}],"dist":{"shasum":"2c3dde92a86059bc946e1295047b648cdd37a1ad","tarball":"https://registry.npmjs.org/regenerator-runtime/-/regenerator-runtime-0.9.4.tgz"},"_npmOperationalInternal":{"host":"packages-12-west.internal.npmjs.com","tmp":"tmp/regenerator-runtime-0.9.4.tgz_1462161041787_0.4779401086270809"},"directories":{}},"0.9.5":{"name":"regenerator-runtime","author":{"name":"Ben Newman","email":"bn@cs.stanford.edu"},"description":"Runtime for Regenerator-compiled generator and async functions.","version":"0.9.5","main":"runtime-module.js","keywords":["regenerator","runtime","generator","async"],"repository":{"type":"git","url":"https://github.com/facebook/regenerator/tree/master/packages/regenerator-runtime"},"license":"MIT","_id":"regenerator-runtime@0.9.5","scripts":{},"_shasum":"403d6d40a4bdff9c330dd9392dcbb2d9a8bba1fc","_from":".","_npmVersion":"3.3.9","_nodeVersion":"7.0.0-pre","_npmUser":{"name":"benjamn","email":"bn@cs.stanford.edu"},"maintainers":[{"name":"benjamn","email":"bn@cs.stanford.edu"}],"dist":{"shasum":"403d6d40a4bdff9c330dd9392dcbb2d9a8bba1fc","tarball":"https://registry.npmjs.org/regenerator-runtime/-/regenerator-runtime-0.9.5.tgz"},"_npmOperationalInternal":{"host":"packages-16-east.internal.npmjs.com","tmp":"tmp/regenerator-runtime-0.9.5.tgz_1462199689741_0.4502820009365678"},"directories":{}},"0.9.6":{"name":"regenerator-runtime","author":{"name":"Ben Newman","email":"bn@cs.stanford.edu"},"description":"Runtime for Regenerator-compiled generator and async functions.","version":"0.9.6","main":"runtime-module.js","keywords":["regenerator","runtime","generator","async"],"repository":{"type":"git","url":"https://github.com/facebook/regenerator/tree/master/packages/regenerator-runtime"},"license":"MIT","_id":"regenerator-runtime@0.9.6","scripts":{},"_shasum":"d33eb95d0d2001a4be39659707c51b0cb71ce029","_from":".","_npmVersion":"3.10.9","_nodeVersion":"4.6.1","_npmUser":{"name":"benjamn","email":"ben@benjamn.com"},"maintainers":[{"name":"benjamn","email":"bn@cs.stanford.edu"}],"dist":{"shasum":"d33eb95d0d2001a4be39659707c51b0cb71ce029","tarball":"https://registry.npmjs.org/regenerator-runtime/-/regenerator-runtime-0.9.6.tgz"},"_npmOperationalInternal":{"host":"packages-12-west.internal.npmjs.com","tmp":"tmp/regenerator-runtime-0.9.6.tgz_1478270402434_0.11256932467222214"},"directories":{}},"0.10.0":{"name":"regenerator-runtime","author":{"name":"Ben Newman","email":"bn@cs.stanford.edu"},"description":"Runtime for Regenerator-compiled generator and async functions.","version":"0.10.0","main":"runtime-module.js","keywords":["regenerator","runtime","generator","async"],"repository":{"type":"git","url":"https://github.com/facebook/regenerator/tree/master/packages/regenerator-runtime"},"license":"MIT","_id":"regenerator-runtime@0.10.0","scripts":{},"_shasum":"86208e34e24f14b1d5d6f093f003ef2d9af8b4a4","_from":".","_npmVersion":"3.10.9","_nodeVersion":"4.6.2","_npmUser":{"name":"benjamn","email":"bn@cs.stanford.edu"},"maintainers":[{"name":"benjamn","email":"bn@cs.stanford.edu"}],"dist":{"shasum":"86208e34e24f14b1d5d6f093f003ef2d9af8b4a4","tarball":"https://registry.npmjs.org/regenerator-runtime/-/regenerator-runtime-0.10.0.tgz"},"_npmOperationalInternal":{"host":"packages-18-east.internal.npmjs.com","tmp":"tmp/regenerator-runtime-0.10.0.tgz_1479687038582_0.13848980842158198"},"directories":{}},"0.10.1":{"name":"regenerator-runtime","author":{"name":"Ben Newman","email":"bn@cs.stanford.edu"},"description":"Runtime for Regenerator-compiled generator and async functions.","version":"0.10.1","main":"runtime-module.js","keywords":["regenerator","runtime","generator","async"],"repository":{"type":"git","url":"https://github.com/facebook/regenerator/tree/master/packages/regenerator-runtime"},"license":"MIT","_id":"regenerator-runtime@0.10.1","scripts":{},"_shasum":"257f41961ce44558b18f7814af48c17559f9faeb","_from":".","_npmVersion":"3.10.8","_nodeVersion":"6.9.1","_npmUser":{"name":"benjamn","email":"bn@cs.stanford.edu"},"maintainers":[{"name":"benjamn","email":"bn@cs.stanford.edu"}],"dist":{"shasum":"257f41961ce44558b18f7814af48c17559f9faeb","tarball":"https://registry.npmjs.org/regenerator-runtime/-/regenerator-runtime-0.10.1.tgz"},"_npmOperationalInternal":{"host":"packages-18-east.internal.npmjs.com","tmp":"tmp/regenerator-runtime-0.10.1.tgz_1481209968425_0.14842746453359723"},"directories":{}},"0.10.2":{"name":"regenerator-runtime","author":{"name":"Ben Newman","email":"bn@cs.stanford.edu"},"description":"Runtime for Regenerator-compiled generator and async functions.","version":"0.10.2","main":"runtime-module.js","keywords":["regenerator","runtime","generator","async"],"repository":{"type":"git","url":"https://github.com/facebook/regenerator/tree/master/packages/regenerator-runtime"},"license":"MIT","_id":"regenerator-runtime@0.10.2","scripts":{},"_shasum":"d8180f73493b2f216f6b7282ce1d943372c2c56f","_from":".","_npmVersion":"4.1.2","_nodeVersion":"4.7.3","_npmUser":{"name":"benjamn","email":"bn@cs.stanford.edu"},"maintainers":[{"name":"benjamn","email":"bn@cs.stanford.edu"}],"dist":{"shasum":"d8180f73493b2f216f6b7282ce1d943372c2c56f","tarball":"https://registry.npmjs.org/regenerator-runtime/-/regenerator-runtime-0.10.2.tgz"},"_npmOperationalInternal":{"host":"packages-18-east.internal.npmjs.com","tmp":"tmp/regenerator-runtime-0.10.2.tgz_1487347963894_0.9866049448028207"},"directories":{}},"0.10.3":{"name":"regenerator-runtime","author":{"name":"Ben Newman","email":"bn@cs.stanford.edu"},"description":"Runtime for Regenerator-compiled generator and async functions.","version":"0.10.3","main":"runtime-module.js","keywords":["regenerator","runtime","generator","async"],"repository":{"type":"git","url":"https://github.com/facebook/regenerator/tree/master/packages/regenerator-runtime"},"license":"MIT","_id":"regenerator-runtime@0.10.3","scripts":{},"_shasum":"8c4367a904b51ea62a908ac310bf99ff90a82a3e","_from":".","_npmVersion":"4.1.2","_nodeVersion":"4.7.3","_npmUser":{"name":"benjamn","email":"bn@cs.stanford.edu"},"maintainers":[{"name":"benjamn","email":"bn@cs.stanford.edu"}],"dist":{"shasum":"8c4367a904b51ea62a908ac310bf99ff90a82a3e","tarball":"https://registry.npmjs.org/regenerator-runtime/-/regenerator-runtime-0.10.3.tgz"},"_npmOperationalInternal":{"host":"packages-12-west.internal.npmjs.com","tmp":"tmp/regenerator-runtime-0.10.3.tgz_1487368343412_0.9572089267894626"},"directories":{}},"0.10.4":{"name":"regenerator-runtime","author":{"name":"Ben Newman","email":"bn@cs.stanford.edu"},"description":"Runtime for Regenerator-compiled generator and async functions.","version":"0.10.4","main":"runtime-module.js","keywords":["regenerator","runtime","generator","async"],"repository":{"type":"git","url":"https://github.com/facebook/regenerator/tree/master/packages/regenerator-runtime"},"license":"MIT","_id":"regenerator-runtime@0.10.4","scripts":{},"_shasum":"74cb6598d3ba2eb18694e968a40e2b3b4df9cf93","_from":".","_npmVersion":"4.1.2","_nodeVersion":"7.7.4","_npmUser":{"name":"benjamn","email":"bn@cs.stanford.edu"},"maintainers":[{"name":"benjamn","email":"bn@cs.stanford.edu"}],"dist":{"shasum":"74cb6598d3ba2eb18694e968a40e2b3b4df9cf93","tarball":"https://registry.npmjs.org/regenerator-runtime/-/regenerator-runtime-0.10.4.tgz"},"_npmOperationalInternal":{"host":"packages-18-east.internal.npmjs.com","tmp":"tmp/regenerator-runtime-0.10.4.tgz_1493214993829_0.654222869547084"},"directories":{}},"0.10.5":{"name":"regenerator-runtime","author":{"name":"Ben Newman","email":"bn@cs.stanford.edu"},"description":"Runtime for Regenerator-compiled generator and async functions.","version":"0.10.5","main":"runtime-module.js","keywords":["regenerator","runtime","generator","async"],"repository":{"type":"git","url":"https://github.com/facebook/regenerator/tree/master/packages/regenerator-runtime"},"license":"MIT","_id":"regenerator-runtime@0.10.5","scripts":{},"_shasum":"336c3efc1220adcedda2c9fab67b5a7955a33658","_from":".","_npmVersion":"4.1.2","_nodeVersion":"7.7.4","_npmUser":{"name":"benjamn","email":"bn@cs.stanford.edu"},"maintainers":[{"name":"benjamn","email":"bn@cs.stanford.edu"}],"dist":{"shasum":"336c3efc1220adcedda2c9fab67b5a7955a33658","tarball":"https://registry.npmjs.org/regenerator-runtime/-/regenerator-runtime-0.10.5.tgz"},"_npmOperationalInternal":{"host":"packages-18-east.internal.npmjs.com","tmp":"tmp/regenerator-runtime-0.10.5.tgz_1493390833247_0.5373470620252192"},"directories":{}}},"keywords":["regenerator","runtime","generator","async"],"repository":{"type":"git","url":"https://github.com/facebook/regenerator/tree/master/packages/regenerator-runtime"},"author":{"name":"Ben Newman","email":"bn@cs.stanford.edu"},"license":"MIT","readmeFilename":"README.md","users":{"leapm":true,"ungurys":true,"alexxnica":true},"_attachments":{},"_etag":"W/\"5924f202-3b6a\"","_lastModified":"Wed, 24 May 2017 02:37:54 GMT","_cached":true}