{"_id":"protractor-cucumber-framework","_rev":"30-e12e944ca2784cb4dfb03394ea17be47","name":"protractor-cucumber-framework","description":"Protractor framework for Cucumber.js","dist-tags":{"latest":"3.1.0"},"versions":{"0.1.0":{"name":"protractor-cucumber-framework","version":"0.1.0","description":"Protractor framework for Cucumber.js","main":"index.js","scripts":{"start":"httpster -d testapp/ -p `node -p 'process.env.HTTP_PORT || require(\"./spec/environment\").webServerDefaultPort'`","test":"node test.js"},"repository":{"type":"git","url":"git+https://github.com/mattfritz/protractor-cucumber-framework.git"},"keywords":["angular","test","testing","webdriver","webdriverjs","selenium","protractor","protractor-framework","cucumber","cucumber-js","gherkin","bdd"],"author":{"name":"Matt Fritz","email":"mfritzer@gmail.com"},"license":"MIT","bugs":{"url":"https://github.com/mattfritz/protractor-cucumber-framework/issues"},"homepage":"https://github.com/mattfritz/protractor-cucumber-framework","dependencies":{"q":"^1.4.1"},"devDependencies":{"chai":"^3.4.1","chai-as-promised":"^5.1.0","cucumber":"^0.5.0","httpster":"^1.0.1","protractor":"^2.5.1"},"gitHead":"33081d623846b61880db50ba4e76792beb498278","_id":"protractor-cucumber-framework@0.1.0","_shasum":"4312a763a93f38ecce529d1d88c8091b5e7895dc","_from":".","_npmVersion":"2.11.3","_nodeVersion":"0.12.7","_npmUser":{"name":"mattfritz","email":"mfritzer@gmail.com"},"dist":{"shasum":"4312a763a93f38ecce529d1d88c8091b5e7895dc","tarball":"https://registry.npmjs.org/protractor-cucumber-framework/-/protractor-cucumber-framework-0.1.0.tgz"},"maintainers":[{"name":"mattfritz","email":"mfritzer@gmail.com"}],"directories":{}},"0.1.1":{"name":"protractor-cucumber-framework","version":"0.1.1","description":"Protractor framework for Cucumber.js","main":"index.js","scripts":{"start":"httpster -d testapp/ -p `node -p 'process.env.HTTP_PORT || require(\"./spec/environment\").webServerDefaultPort'`","test":"node test.js"},"repository":{"type":"git","url":"git+https://github.com/mattfritz/protractor-cucumber-framework.git"},"keywords":["angular","test","testing","webdriver","webdriverjs","selenium","protractor","protractor-framework","cucumber","cucumber-js","gherkin","bdd"],"author":{"name":"Matt Fritz","email":"mfritzer@gmail.com"},"license":"MIT","bugs":{"url":"https://github.com/mattfritz/protractor-cucumber-framework/issues"},"homepage":"https://github.com/mattfritz/protractor-cucumber-framework","dependencies":{"q":"^1.4.1"},"devDependencies":{"chai":"^3.4.1","chai-as-promised":"^5.1.0","cucumber":"^0.5.0","httpster":"^1.0.1","protractor":"^2.5.1"},"gitHead":"89b44a6b2b00dcf6a8bdfe982ee47581f181e2c2","_id":"protractor-cucumber-framework@0.1.1","_shasum":"5728bf9c5f8fa807f8553a1c2677b30c7a62b607","_from":".","_npmVersion":"2.11.3","_nodeVersion":"0.12.7","_npmUser":{"name":"mattfritz","email":"mfritzer@gmail.com"},"dist":{"shasum":"5728bf9c5f8fa807f8553a1c2677b30c7a62b607","tarball":"https://registry.npmjs.org/protractor-cucumber-framework/-/protractor-cucumber-framework-0.1.1.tgz"},"maintainers":[{"name":"mattfritz","email":"mfritzer@gmail.com"}],"directories":{}},"0.1.2":{"name":"protractor-cucumber-framework","version":"0.1.2","description":"Protractor framework for Cucumber.js","main":"index.js","scripts":{"start":"httpster -d testapp/ -p `node -p 'process.env.HTTP_PORT || require(\"./spec/environment\").webServerDefaultPort'`","test":"node test.js"},"repository":{"type":"git","url":"git+https://github.com/mattfritz/protractor-cucumber-framework.git"},"keywords":["angular","test","testing","webdriver","webdriverjs","selenium","protractor","protractor-framework","cucumber","cucumber-js","gherkin","bdd"],"author":{"name":"Matt Fritz","email":"mfritzer@gmail.com"},"license":"MIT","bugs":{"url":"https://github.com/mattfritz/protractor-cucumber-framework/issues"},"homepage":"https://github.com/mattfritz/protractor-cucumber-framework","dependencies":{"glob":"^6.0.1","q":"^1.4.1"},"devDependencies":{"chai":"^3.4.1","chai-as-promised":"^5.1.0","cucumber":"^0.8.1","httpster":"^1.0.1","protractor":"^2.5.1"},"gitHead":"1dfa48a9019dc398b12bbe749ee710ff0716b1f5","_id":"protractor-cucumber-framework@0.1.2","_shasum":"4f99b469611814d3c9f5d308b47e59dbb5eff41f","_from":".","_npmVersion":"2.11.3","_nodeVersion":"0.12.7","_npmUser":{"name":"mattfritz","email":"mfritzer@gmail.com"},"dist":{"shasum":"4f99b469611814d3c9f5d308b47e59dbb5eff41f","tarball":"https://registry.npmjs.org/protractor-cucumber-framework/-/protractor-cucumber-framework-0.1.2.tgz"},"maintainers":[{"name":"mattfritz","email":"mfritzer@gmail.com"}],"directories":{}},"0.1.3":{"name":"protractor-cucumber-framework","version":"0.1.3","description":"Protractor framework for Cucumber.js","main":"index.js","scripts":{"start":"httpster -d testapp/ -p `node -p 'process.env.HTTP_PORT || require(\"./spec/environment\").webServerDefaultPort'`","test":"node test.js"},"repository":{"type":"git","url":"git+https://github.com/mattfritz/protractor-cucumber-framework.git"},"keywords":["angular","test","testing","webdriver","webdriverjs","selenium","protractor","protractor-framework","cucumber","cucumber-js","gherkin","bdd"],"author":{"name":"Matt Fritz","email":"mfritzer@gmail.com"},"license":"MIT","bugs":{"url":"https://github.com/mattfritz/protractor-cucumber-framework/issues"},"homepage":"https://github.com/mattfritz/protractor-cucumber-framework","dependencies":{"glob":"^6.0.1","q":"^1.4.1"},"peerDependencies":{"cucumber":">= 0.5 <= 0.8.1"},"devDependencies":{"chai":"^3.4.1","chai-as-promised":"^5.1.0","cucumber":"^0.8.1","httpster":"^1.0.1","protractor":"^2.5.1"},"gitHead":"181f72a79442826267576f9ddb9e1ea4393483ee","_id":"protractor-cucumber-framework@0.1.3","_shasum":"f6aa9c0a4f86236aaea07153d3237cf239488770","_from":".","_npmVersion":"2.11.3","_nodeVersion":"0.12.7","_npmUser":{"name":"mattfritz","email":"mfritzer@gmail.com"},"dist":{"shasum":"f6aa9c0a4f86236aaea07153d3237cf239488770","tarball":"https://registry.npmjs.org/protractor-cucumber-framework/-/protractor-cucumber-framework-0.1.3.tgz"},"maintainers":[{"name":"mattfritz","email":"mfritzer@gmail.com"}],"directories":{}},"0.2.0":{"name":"protractor-cucumber-framework","version":"0.2.0","description":"Protractor framework for Cucumber.js","main":"index.js","scripts":{"start":"httpster -d testapp/ -p `node -p 'process.env.HTTP_PORT || require(\"./spec/environment\").webServerDefaultPort'`","test":"node test.js"},"repository":{"type":"git","url":"git+https://github.com/mattfritz/protractor-cucumber-framework.git"},"keywords":["angular","test","testing","webdriver","webdriverjs","selenium","protractor","protractor-framework","cucumber","cucumber-js","gherkin","bdd"],"author":{"name":"Matt Fritz","email":"mfritzer@gmail.com"},"license":"MIT","bugs":{"url":"https://github.com/mattfritz/protractor-cucumber-framework/issues"},"homepage":"https://github.com/mattfritz/protractor-cucumber-framework","dependencies":{"object-assign":"^4.0.1","q":"^1.4.1"},"peerDependencies":{"cucumber":"^0.9.1"},"devDependencies":{"chai":"^3.4.1","chai-as-promised":"^5.1.0","cucumber":"^0.9.1","httpster":"^1.0.1","protractor":"^2.5.1"},"gitHead":"60771684043c5f4051c4ad9493d06c742447058a","_id":"protractor-cucumber-framework@0.2.0","_shasum":"eec65105ffa7b7183a2361509c273de9c664380f","_from":".","_npmVersion":"2.11.3","_nodeVersion":"0.12.7","_npmUser":{"name":"mattfritz","email":"mfritzer@gmail.com"},"dist":{"shasum":"eec65105ffa7b7183a2361509c273de9c664380f","tarball":"https://registry.npmjs.org/protractor-cucumber-framework/-/protractor-cucumber-framework-0.2.0.tgz"},"maintainers":[{"name":"angularcore","email":"angular-core+npm@google.com"},{"name":"mattfritz","email":"mfritzer@gmail.com"}],"directories":{}},"0.2.1":{"name":"protractor-cucumber-framework","version":"0.2.1","description":"Protractor framework for Cucumber.js","main":"index.js","scripts":{"start":"httpster -d testapp/ -p `node -p 'process.env.HTTP_PORT || require(\"./spec/environment\").webServerDefaultPort'`","test":"node test.js"},"repository":{"type":"git","url":"git+https://github.com/mattfritz/protractor-cucumber-framework.git"},"keywords":["angular","test","testing","webdriver","webdriverjs","selenium","protractor","protractor-framework","cucumber","cucumber-js","gherkin","bdd"],"author":{"name":"Matt Fritz","email":"mfritzer@gmail.com"},"license":"MIT","bugs":{"url":"https://github.com/mattfritz/protractor-cucumber-framework/issues"},"homepage":"https://github.com/mattfritz/protractor-cucumber-framework","dependencies":{"glob":"^6.0.1","object-assign":"^4.0.1","q":"^1.4.1"},"peerDependencies":{"cucumber":"^0.9.1"},"devDependencies":{"chai":"^3.4.1","chai-as-promised":"^5.1.0","cucumber":"^0.9.1","httpster":"^1.0.1","protractor":"^2.5.1"},"gitHead":"d96592b98826d02ecc73a7d7813611d55285505e","_id":"protractor-cucumber-framework@0.2.1","_shasum":"dc189493ac6757dfa9cf5d50ed6dd06fc43cd540","_from":".","_npmVersion":"3.3.6","_nodeVersion":"5.0.0","_npmUser":{"name":"mattfritz","email":"mfritzer@gmail.com"},"dist":{"shasum":"dc189493ac6757dfa9cf5d50ed6dd06fc43cd540","tarball":"https://registry.npmjs.org/protractor-cucumber-framework/-/protractor-cucumber-framework-0.2.1.tgz"},"maintainers":[{"name":"angularcore","email":"angular-core+npm@google.com"},{"name":"mattfritz","email":"mfritzer@gmail.com"}],"directories":{}},"0.2.2":{"name":"protractor-cucumber-framework","version":"0.2.2","description":"Protractor framework for Cucumber.js","main":"index.js","scripts":{"start":"httpster -d testapp/ -p `node -p 'process.env.HTTP_PORT || require(\"./spec/environment\").webServerDefaultPort'`","test":"node test.js"},"repository":{"type":"git","url":"git+https://github.com/mattfritz/protractor-cucumber-framework.git"},"keywords":["angular","test","testing","webdriver","webdriverjs","selenium","protractor","protractor-framework","cucumber","cucumber-js","gherkin","bdd"],"author":{"name":"Matt Fritz","email":"mfritzer@gmail.com"},"license":"MIT","bugs":{"url":"https://github.com/mattfritz/protractor-cucumber-framework/issues"},"homepage":"https://github.com/mattfritz/protractor-cucumber-framework","dependencies":{"glob":"^6.0.1","object-assign":"^4.0.1","q":"^1.4.1"},"peerDependencies":{"cucumber":"^0.9.1"},"devDependencies":{"chai":"^3.4.1","chai-as-promised":"^5.1.0","cucumber":"^0.9.1","httpster":"^1.0.1","protractor":"^2.5.1"},"gitHead":"f2c6f544e10c7f22472c5a98f5078d9f66cd8909","_id":"protractor-cucumber-framework@0.2.2","_shasum":"09adab50603c976409c0036f008d49239c004caf","_from":".","_npmVersion":"3.3.6","_nodeVersion":"5.0.0","_npmUser":{"name":"mattfritz","email":"mfritzer@gmail.com"},"dist":{"shasum":"09adab50603c976409c0036f008d49239c004caf","tarball":"https://registry.npmjs.org/protractor-cucumber-framework/-/protractor-cucumber-framework-0.2.2.tgz"},"maintainers":[{"name":"angularcore","email":"angular-core+npm@google.com"},{"name":"mattfritz","email":"mfritzer@gmail.com"}],"directories":{}},"0.2.3":{"name":"protractor-cucumber-framework","version":"0.2.3","description":"Protractor framework for Cucumber.js","main":"index.js","scripts":{"start":"httpster -d testapp/ -p `node -p 'process.env.HTTP_PORT || require(\"./spec/environment\").webServerDefaultPort'`","test":"node test.js"},"repository":{"type":"git","url":"git+https://github.com/mattfritz/protractor-cucumber-framework.git"},"keywords":["angular","test","testing","webdriver","webdriverjs","selenium","protractor","protractor-framework","cucumber","cucumber-js","gherkin","bdd"],"author":{"name":"Matt Fritz","email":"mfritzer@gmail.com"},"license":"MIT","bugs":{"url":"https://github.com/mattfritz/protractor-cucumber-framework/issues"},"homepage":"https://github.com/mattfritz/protractor-cucumber-framework","dependencies":{"glob":"^6.0.1","object-assign":"^4.0.1","q":"^1.4.1"},"peerDependencies":{"cucumber":"^0.9.1"},"devDependencies":{"chai":"^3.4.1","chai-as-promised":"^5.1.0","cucumber":"^0.9.1","httpster":"^1.0.1","protractor":"^2.5.1"},"gitHead":"d50fb54d708e304ef00ca247c306409ad2234193","_id":"protractor-cucumber-framework@0.2.3","_shasum":"d98d8867c7572634e0bd4a3f09be7254b9ecc657","_from":".","_npmVersion":"3.3.6","_nodeVersion":"5.0.0","_npmUser":{"name":"mattfritz","email":"mfritzer@gmail.com"},"dist":{"shasum":"d98d8867c7572634e0bd4a3f09be7254b9ecc657","tarball":"https://registry.npmjs.org/protractor-cucumber-framework/-/protractor-cucumber-framework-0.2.3.tgz"},"maintainers":[{"name":"angularcore","email":"angular-core+npm@google.com"},{"name":"mattfritz","email":"mfritzer@gmail.com"}],"directories":{}},"0.2.4":{"name":"protractor-cucumber-framework","version":"0.2.4","description":"Protractor framework for Cucumber.js","main":"index.js","scripts":{"start":"httpster -d testapp/ -p `node -p 'process.env.HTTP_PORT || require(\"./spec/environment\").webServerDefaultPort'`","test":"node test.js"},"repository":{"type":"git","url":"git+https://github.com/mattfritz/protractor-cucumber-framework.git"},"keywords":["angular","test","testing","webdriver","webdriverjs","selenium","protractor","protractor-framework","cucumber","cucumber-js","gherkin","bdd"],"author":{"name":"Matt Fritz","email":"mfritzer@gmail.com"},"license":"MIT","bugs":{"url":"https://github.com/mattfritz/protractor-cucumber-framework/issues"},"homepage":"https://github.com/mattfritz/protractor-cucumber-framework","dependencies":{"glob":"^6.0.1","object-assign":"^4.0.1","q":"^1.4.1"},"peerDependencies":{"cucumber":"^0.9.1"},"devDependencies":{"chai":"^3.4.1","chai-as-promised":"^5.1.0","cucumber":"^0.9.1","httpster":"^1.0.1","protractor":"^2.5.1"},"gitHead":"477ed38d65c2d56876cdf25ba98a28cc960455b9","_id":"protractor-cucumber-framework@0.2.4","_shasum":"fe7242bfd315fc1617b080bad625aecbbc7657bc","_from":".","_npmVersion":"3.3.6","_nodeVersion":"5.0.0","_npmUser":{"name":"mattfritz","email":"mfritzer@gmail.com"},"dist":{"shasum":"fe7242bfd315fc1617b080bad625aecbbc7657bc","tarball":"https://registry.npmjs.org/protractor-cucumber-framework/-/protractor-cucumber-framework-0.2.4.tgz"},"maintainers":[{"name":"angularcore","email":"angular-core+npm@google.com"},{"name":"mattfritz","email":"mfritzer@gmail.com"}],"directories":{}},"0.2.5":{"name":"protractor-cucumber-framework","version":"0.2.5","description":"Protractor framework for Cucumber.js","main":"index.js","scripts":{"start":"httpster -d testapp/ -p `node -p 'process.env.HTTP_PORT || require(\"./spec/environment\").webServerDefaultPort'`","test":"node test.js"},"repository":{"type":"git","url":"git+https://github.com/mattfritz/protractor-cucumber-framework.git"},"keywords":["angular","test","testing","webdriver","webdriverjs","selenium","protractor","protractor-framework","cucumber","cucumber-js","gherkin","bdd"],"author":{"name":"Matt Fritz","email":"mfritzer@gmail.com"},"license":"MIT","bugs":{"url":"https://github.com/mattfritz/protractor-cucumber-framework/issues"},"homepage":"https://github.com/mattfritz/protractor-cucumber-framework","dependencies":{"glob":"^6.0.1","object-assign":"^4.0.1","q":"^1.4.1"},"peerDependencies":{"cucumber":"^0.9.1"},"devDependencies":{"chai":"^3.4.1","chai-as-promised":"^5.1.0","cucumber":"^0.9.1","httpster":"^1.0.1","protractor":"^2.5.1"},"gitHead":"17ea503cf7aaae8bca4a37610b62d8a17f01ccc8","_id":"protractor-cucumber-framework@0.2.5","_shasum":"f09d90784519dbe23e81430e37f90b41af321a73","_from":".","_npmVersion":"2.14.7","_nodeVersion":"4.2.2","_npmUser":{"name":"mattfritz","email":"mfritzer@gmail.com"},"dist":{"shasum":"f09d90784519dbe23e81430e37f90b41af321a73","tarball":"https://registry.npmjs.org/protractor-cucumber-framework/-/protractor-cucumber-framework-0.2.5.tgz"},"maintainers":[{"name":"angularcore","email":"angular-core+npm@google.com"},{"name":"mattfritz","email":"mfritzer@gmail.com"}],"directories":{}},"0.3.0":{"name":"protractor-cucumber-framework","version":"0.3.0","description":"Protractor framework for Cucumber.js","main":"index.js","scripts":{"start":"httpster -d testapp/ -p `node -p 'process.env.HTTP_PORT || require(\"./spec/environment\").webServerDefaultPort'`","test":"node test.js"},"repository":{"type":"git","url":"git+https://github.com/mattfritz/protractor-cucumber-framework.git"},"keywords":["angular","test","testing","webdriver","webdriverjs","selenium","protractor","protractor-framework","cucumber","cucumber-js","gherkin","bdd"],"author":{"name":"Matt Fritz","email":"mfritzer@gmail.com"},"license":"MIT","bugs":{"url":"https://github.com/mattfritz/protractor-cucumber-framework/issues"},"homepage":"https://github.com/mattfritz/protractor-cucumber-framework","dependencies":{"glob":"^6.0.1","object-assign":"^4.0.1","q":"^1.4.1"},"peerDependencies":{"cucumber":"^0.9.1"},"devDependencies":{"chai":"^3.4.1","chai-as-promised":"^5.1.0","cucumber":"^0.9.1","httpster":"^1.0.1","protractor":"^2.5.1"},"gitHead":"3c64cb7d4b8a4db06e8f30a3d9e5a487280c25c1","_id":"protractor-cucumber-framework@0.3.0","_shasum":"f3626ef0af4d9afe73de75dc0bf920a7d75fda01","_from":".","_npmVersion":"2.14.7","_nodeVersion":"4.2.2","_npmUser":{"name":"mattfritz","email":"mfritzer@gmail.com"},"dist":{"shasum":"f3626ef0af4d9afe73de75dc0bf920a7d75fda01","tarball":"https://registry.npmjs.org/protractor-cucumber-framework/-/protractor-cucumber-framework-0.3.0.tgz"},"maintainers":[{"name":"angularcore","email":"angular-core+npm@google.com"},{"name":"mattfritz","email":"mfritzer@gmail.com"}],"directories":{}},"0.3.1":{"name":"protractor-cucumber-framework","version":"0.3.1","description":"Protractor framework for Cucumber.js","main":"index.js","scripts":{"start":"httpster -d testapp/ -p `node -p 'process.env.HTTP_PORT || require(\"./spec/environment\").webServerDefaultPort'`","test":"node test.js"},"repository":{"type":"git","url":"git+https://github.com/mattfritz/protractor-cucumber-framework.git"},"keywords":["angular","test","testing","webdriver","webdriverjs","selenium","protractor","protractor-framework","cucumber","cucumber-js","gherkin","bdd"],"author":{"name":"Matt Fritz","email":"mfritzer@gmail.com"},"license":"MIT","bugs":{"url":"https://github.com/mattfritz/protractor-cucumber-framework/issues"},"homepage":"https://github.com/mattfritz/protractor-cucumber-framework","dependencies":{"glob":"^6.0.1","object-assign":"^4.0.1","q":"^1.4.1"},"peerDependencies":{"cucumber":"^0.9.1"},"devDependencies":{"chai":"^3.4.1","chai-as-promised":"^5.1.0","cucumber":"^0.9.1","httpster":"^1.0.1","protractor":"^2.5.1"},"gitHead":"538a450026531d569a138c11a8022c0d13a037ce","_id":"protractor-cucumber-framework@0.3.1","_shasum":"b8f2fce566df38b51837c58ac1b492ff440976e9","_from":".","_npmVersion":"2.14.7","_nodeVersion":"4.2.2","_npmUser":{"name":"mattfritz","email":"mfritzer@gmail.com"},"dist":{"shasum":"b8f2fce566df38b51837c58ac1b492ff440976e9","tarball":"https://registry.npmjs.org/protractor-cucumber-framework/-/protractor-cucumber-framework-0.3.1.tgz"},"maintainers":[{"name":"angularcore","email":"angular-core+npm@google.com"},{"name":"mattfritz","email":"mfritzer@gmail.com"}],"directories":{}},"0.3.2":{"name":"protractor-cucumber-framework","version":"0.3.2","description":"Protractor framework for Cucumber.js","main":"index.js","scripts":{"start":"httpster -d testapp/ -p `node -p 'process.env.HTTP_PORT || require(\"./spec/environment\").webServerDefaultPort'`","test":"node test.js"},"repository":{"type":"git","url":"git+https://github.com/mattfritz/protractor-cucumber-framework.git"},"keywords":["angular","test","testing","webdriver","webdriverjs","selenium","protractor","protractor-framework","cucumber","cucumber-js","gherkin","bdd"],"author":{"name":"Matt Fritz","email":"mfritzer@gmail.com"},"license":"MIT","bugs":{"url":"https://github.com/mattfritz/protractor-cucumber-framework/issues"},"homepage":"https://github.com/mattfritz/protractor-cucumber-framework","dependencies":{"debug":"^2.2.0","glob":"^6.0.1","object-assign":"^4.0.1","q":"^1.4.1"},"peerDependencies":{"cucumber":"^0.9.1"},"devDependencies":{"chai":"^3.4.1","chai-as-promised":"^5.1.0","cucumber":"^0.9.1","httpster":"^1.0.1","protractor":"^2.5.1"},"gitHead":"d5d9dc446a3151c6ebaa0a8010a5120283feeca0","_id":"protractor-cucumber-framework@0.3.2","_shasum":"a525be2deed7c9b05b507b2d6a071067093ce390","_from":".","_npmVersion":"2.14.7","_nodeVersion":"4.2.2","_npmUser":{"name":"mattfritz","email":"mfritzer@gmail.com"},"dist":{"shasum":"a525be2deed7c9b05b507b2d6a071067093ce390","tarball":"https://registry.npmjs.org/protractor-cucumber-framework/-/protractor-cucumber-framework-0.3.2.tgz"},"maintainers":[{"name":"angularcore","email":"angular-core+npm@google.com"},{"name":"mattfritz","email":"mfritzer@gmail.com"}],"directories":{}},"0.3.3":{"name":"protractor-cucumber-framework","version":"0.3.3","description":"Protractor framework for Cucumber.js","main":"index.js","scripts":{"start":"httpster -d testapp/ -p `node -p 'process.env.HTTP_PORT || require(\"./spec/environment\").webServerDefaultPort'`","test":"node test.js"},"repository":{"type":"git","url":"git+https://github.com/mattfritz/protractor-cucumber-framework.git"},"keywords":["angular","test","testing","webdriver","webdriverjs","selenium","protractor","protractor-framework","cucumber","cucumber-js","gherkin","bdd"],"author":{"name":"Matt Fritz","email":"mfritzer@gmail.com"},"license":"MIT","bugs":{"url":"https://github.com/mattfritz/protractor-cucumber-framework/issues"},"homepage":"https://github.com/mattfritz/protractor-cucumber-framework","dependencies":{"debug":"^2.2.0","glob":"^6.0.4","object-assign":"^4.0.1","q":"^1.4.1"},"peerDependencies":{"cucumber":"^0.9.1"},"devDependencies":{"chai":"^3.4.1","chai-as-promised":"^5.2.0","cucumber":"^0.9.1","httpster":"^1.0.1","protractor":"^3.0.0"},"gitHead":"014130f43b39ccf24eec1339bf75089b45f0b66d","_id":"protractor-cucumber-framework@0.3.3","_shasum":"feaa255c0e2150712c856357d73cf8e05d27bb25","_from":".","_npmVersion":"2.14.7","_nodeVersion":"4.2.2","_npmUser":{"name":"mattfritz","email":"mfritzer@gmail.com"},"dist":{"shasum":"feaa255c0e2150712c856357d73cf8e05d27bb25","tarball":"https://registry.npmjs.org/protractor-cucumber-framework/-/protractor-cucumber-framework-0.3.3.tgz"},"maintainers":[{"name":"angularcore","email":"angular-core+npm@google.com"},{"name":"mattfritz","email":"mfritzer@gmail.com"}],"directories":{}},"0.3.4":{"name":"protractor-cucumber-framework","version":"0.3.4","description":"Protractor framework for Cucumber.js","main":"index.js","scripts":{"start":"httpster -d testapp/ -p `node -p 'process.env.HTTP_PORT || require(\"./spec/environment\").webServerDefaultPort'`","test":"node test.js"},"repository":{"type":"git","url":"git+https://github.com/mattfritz/protractor-cucumber-framework.git"},"keywords":["angular","test","testing","webdriver","webdriverjs","selenium","protractor","protractor-framework","cucumber","cucumber-js","gherkin","bdd"],"author":{"name":"Matt Fritz","email":"mfritzer@gmail.com"},"license":"MIT","bugs":{"url":"https://github.com/mattfritz/protractor-cucumber-framework/issues"},"homepage":"https://github.com/mattfritz/protractor-cucumber-framework","dependencies":{"debug":"^2.2.0","glob":"^6.0.4","object-assign":"^4.0.1","q":"^1.4.1"},"peerDependencies":{"cucumber":"^0.9.1"},"devDependencies":{"chai":"^3.4.1","chai-as-promised":"^5.2.0","cucumber":"^0.9.1","httpster":"^1.0.1","protractor":"^3.0.0"},"gitHead":"5204cd6b4c0a1ccca08410fc3b05193124afc481","_id":"protractor-cucumber-framework@0.3.4","_shasum":"c187341fc775f0ea2eeabfbf08992d185566bc7b","_from":".","_npmVersion":"2.14.7","_nodeVersion":"4.2.2","_npmUser":{"name":"mattfritz","email":"mfritzer@gmail.com"},"dist":{"shasum":"c187341fc775f0ea2eeabfbf08992d185566bc7b","tarball":"https://registry.npmjs.org/protractor-cucumber-framework/-/protractor-cucumber-framework-0.3.4.tgz"},"maintainers":[{"name":"angularcore","email":"angular-core+npm@google.com"},{"name":"mattfritz","email":"mfritzer@gmail.com"}],"_npmOperationalInternal":{"host":"packages-9-west.internal.npmjs.com","tmp":"tmp/protractor-cucumber-framework-0.3.4.tgz_1454519156236_0.08647645032033324"},"directories":{}},"0.4.0":{"name":"protractor-cucumber-framework","version":"0.4.0","description":"Protractor framework for Cucumber.js","main":"index.js","scripts":{"start":"httpster -d testapp/ -p `node -p 'process.env.HTTP_PORT || require(\"./spec/environment\").webServerDefaultPort'`","test":"node test.js"},"repository":{"type":"git","url":"git+https://github.com/mattfritz/protractor-cucumber-framework.git"},"keywords":["angular","test","testing","webdriver","webdriverjs","selenium","protractor","protractor-framework","cucumber","cucumber-js","gherkin","bdd"],"author":{"name":"Matt Fritz","email":"mfritzer@gmail.com"},"license":"MIT","bugs":{"url":"https://github.com/mattfritz/protractor-cucumber-framework/issues"},"homepage":"https://github.com/mattfritz/protractor-cucumber-framework","dependencies":{"debug":"^2.2.0","glob":"^6.0.4","object-assign":"^4.0.1","q":"^1.4.1"},"peerDependencies":{"cucumber":"^0.9.1"},"devDependencies":{"chai":"^3.4.1","chai-as-promised":"^5.2.0","cucumber":"^0.9.1","httpster":"^1.0.1","protractor":"^3.2.0"},"gitHead":"a3b71d0fb5e4b6fca0c45bc10d4771ba57d8adc8","_id":"protractor-cucumber-framework@0.4.0","_shasum":"ed34c2e814687eb79017fdd2796c9c242fee3bf9","_from":".","_npmVersion":"2.14.7","_nodeVersion":"4.2.2","_npmUser":{"name":"mattfritz","email":"mfritzer@gmail.com"},"dist":{"shasum":"ed34c2e814687eb79017fdd2796c9c242fee3bf9","tarball":"https://registry.npmjs.org/protractor-cucumber-framework/-/protractor-cucumber-framework-0.4.0.tgz"},"maintainers":[{"name":"angularcore","email":"angular-core+npm@google.com"},{"name":"mattfritz","email":"mfritzer@gmail.com"}],"_npmOperationalInternal":{"host":"packages-12-west.internal.npmjs.com","tmp":"tmp/protractor-cucumber-framework-0.4.0.tgz_1459298579689_0.4335433468222618"},"directories":{}},"0.5.0":{"name":"protractor-cucumber-framework","version":"0.5.0","description":"Protractor framework for Cucumber.js","main":"index.js","scripts":{"start":"httpster -d testapp/ -p `node -p 'process.env.HTTP_PORT || require(\"./spec/environment\").webServerDefaultPort'`","test":"node test.js"},"repository":{"type":"git","url":"https://github.com/mattfritz/protractor-cucumber-framework"},"keywords":["angular","test","testing","webdriver","webdriverjs","selenium","protractor","protractor-framework","cucumber","cucumber-js","gherkin","bdd"],"author":{"name":"Matt Fritz","email":"mfritzer@gmail.com"},"license":"MIT","bugs":{"url":"https://github.com/mattfritz/protractor-cucumber-framework/issues"},"homepage":"https://github.com/mattfritz/protractor-cucumber-framework","dependencies":{"debug":"^2.2.0","glob":"^7.0.3","object-assign":"^4.0.1","q":"^1.4.1"},"peerDependencies":{"cucumber":">= 0.9.1 < 1"},"devDependencies":{"chai":"^3.4.1","chai-as-promised":"^5.2.0","cucumber":"^0.10.1","httpster":"^1.0.1","protractor":"^3.2.0"},"gitHead":"da34d93143607a19ae21bd34c8aa08045294b4f3","_id":"protractor-cucumber-framework@0.5.0","_shasum":"df4db6ef222aef49eb72f8c26f78b6cee06530ad","_from":".","_npmVersion":"2.7.5","_nodeVersion":"5.7.1","_npmUser":{"name":"mattfritz","email":"mfritzer@gmail.com"},"dist":{"shasum":"df4db6ef222aef49eb72f8c26f78b6cee06530ad","tarball":"https://registry.npmjs.org/protractor-cucumber-framework/-/protractor-cucumber-framework-0.5.0.tgz"},"maintainers":[{"name":"angularcore","email":"angular-core+npm@google.com"},{"name":"mattfritz","email":"mfritzer@gmail.com"}],"_npmOperationalInternal":{"host":"packages-12-west.internal.npmjs.com","tmp":"tmp/protractor-cucumber-framework-0.5.0.tgz_1460043696202_0.13177325436845422"},"directories":{}},"0.6.0":{"name":"protractor-cucumber-framework","version":"0.6.0","description":"Protractor framework for Cucumber.js","main":"index.js","scripts":{"start":"httpster -d testapp/ -p `node -p 'process.env.HTTP_PORT || require(\"./spec/environment\").webServerDefaultPort'`","test":"node test.js"},"repository":{"type":"git","url":"git+https://github.com/mattfritz/protractor-cucumber-framework.git"},"keywords":["angular","test","testing","webdriver","webdriverjs","selenium","protractor","protractor-framework","cucumber","cucumber-js","gherkin","bdd"],"author":{"name":"Matt Fritz","email":"mfritzer@gmail.com"},"license":"MIT","bugs":{"url":"https://github.com/mattfritz/protractor-cucumber-framework/issues"},"homepage":"https://github.com/mattfritz/protractor-cucumber-framework","dependencies":{"debug":"^2.2.0","glob":"^7.0.3","object-assign":"^4.0.1","q":"^1.4.1"},"peerDependencies":{"cucumber":">= 0.9.1"},"devDependencies":{"chai":"^3.4.1","chai-as-promised":"^5.2.0","cucumber":"^1.0.0","httpster":"^1.0.1","protractor":"^3.2.0"},"gitHead":"2940ad4576a5685b652b650536d3ba52040b36fd","_id":"protractor-cucumber-framework@0.6.0","_shasum":"d1259c7836f5ead010df341c0f6de48b640b7c47","_from":".","_npmVersion":"3.8.3","_nodeVersion":"5.10.1","_npmUser":{"name":"mattfritz","email":"mfritzer@gmail.com"},"dist":{"shasum":"d1259c7836f5ead010df341c0f6de48b640b7c47","tarball":"https://registry.npmjs.org/protractor-cucumber-framework/-/protractor-cucumber-framework-0.6.0.tgz"},"maintainers":[{"name":"angularcore","email":"angular-core+npm@google.com"},{"name":"mattfritz","email":"mfritzer@gmail.com"}],"_npmOperationalInternal":{"host":"packages-16-east.internal.npmjs.com","tmp":"tmp/protractor-cucumber-framework-0.6.0.tgz_1464802588130_0.12791582057252526"},"directories":{}},"1.0.0":{"name":"protractor-cucumber-framework","version":"1.0.0","description":"Protractor framework for Cucumber.js","main":"index.js","engines":{"node":">=6.9.x"},"scripts":{"webdriver":"webdriver-manager update --standalone && webdriver-manager start","start":"httpster -d testapp/ -p `node -p 'process.env.HTTP_PORT || require(\"./spec/environment\").webServerDefaultPort'`","pretest":"multidep spec/multidep.js","test":"node scripts/test.js"},"repository":{"type":"git","url":"git+https://github.com/protractor-cucumber-framework/protractor-cucumber-framework.git"},"keywords":["angular","test","testing","webdriver","webdriverjs","selenium","protractor","protractor-framework","cucumber","cucumber-js","gherkin","bdd"],"author":{"name":"Matt Fritz","email":"mfritzer@gmail.com"},"contributors":[{"name":"Matt Fritz","email":"mfritzer@gmail.com"},{"name":"Darrin Holst","email":"darrinholst@gmail.com"}],"license":"MIT","bugs":{"url":"https://github.com/protractor-cucumber-framework/protractor-cucumber-framework/issues"},"homepage":"https://github.com/protractor-cucumber-framework/protractor-cucumber-framework","dependencies":{"debug":"^2.2.0","glob":"^7.0.3","object-assign":"^4.0.1","q":"^1.4.1"},"peerDependencies":{"cucumber":">= 1.3.0","protractor":">= 3.0.0"},"devDependencies":{"chai":"3.5.0","chai-as-promised":"6.0.0","httpster":"1.0.3","multidep":"2.0.2","protractor":"4.0.14"},"cucumberConf":{"version1":"1.3.1","version2":"2.0.0-rc.7"},"gitHead":"6fe831faf5e2f8ad6105a764ff772bf1559213cf","_id":"protractor-cucumber-framework@1.0.0","_shasum":"d30377e9783e23423eda6ea3b28a1afa233f04cd","_from":".","_npmVersion":"4.1.2","_nodeVersion":"7.6.0","_npmUser":{"name":"darrinholst","email":"darrinholst@gmail.com"},"dist":{"shasum":"d30377e9783e23423eda6ea3b28a1afa233f04cd","tarball":"https://registry.npmjs.org/protractor-cucumber-framework/-/protractor-cucumber-framework-1.0.0.tgz"},"maintainers":[{"name":"angularcore","email":"angular-core+npm@google.com"},{"name":"darrinholst","email":"darrinholst@gmail.com"},{"name":"mattfritz","email":"mfritzer@gmail.com"}],"_npmOperationalInternal":{"host":"packages-18-east.internal.npmjs.com","tmp":"tmp/protractor-cucumber-framework-1.0.0.tgz_1488374498465_0.007131259189918637"},"directories":{}},"1.0.1":{"name":"protractor-cucumber-framework","version":"1.0.1","description":"Protractor framework for Cucumber.js","main":"index.js","engines":{"node":">=6.9.x"},"scripts":{"webdriver":"webdriver-manager update --standalone && webdriver-manager start","start":"node test/testapp/server","lint":"eslint .","pretest":"npm run lint && multidep test/multidep.js","test":"node test/test.js"},"repository":{"type":"git","url":"git+https://github.com/protractor-cucumber-framework/protractor-cucumber-framework.git"},"keywords":["angular","test","testing","webdriver","webdriverjs","selenium","protractor","protractor-framework","cucumber","cucumber-js","gherkin","bdd"],"author":{"name":"Matt Fritz","email":"mfritzer@gmail.com"},"contributors":[{"name":"Matt Fritz","email":"mfritzer@gmail.com"},{"name":"Darrin Holst","email":"darrinholst@gmail.com"}],"license":"MIT","bugs":{"url":"https://github.com/protractor-cucumber-framework/protractor-cucumber-framework/issues"},"homepage":"https://github.com/protractor-cucumber-framework/protractor-cucumber-framework","dependencies":{"debug":"^2.2.0","glob":"^7.0.3","object-assign":"^4.0.1","q":"^1.4.1"},"peerDependencies":{"cucumber":">= 1.3.0","protractor":">= 3.0.0"},"devDependencies":{"chai":"3.5.0","chai-as-promised":"6.0.0","eslint":"3.16.1","express":"4.14.1","httpster":"1.0.3","multidep":"2.0.2","protractor":"4.0.14"},"cucumberConf":{"version1":"1.3.1","version2":"2.0.0-rc.7"},"gitHead":"1e78ce2e2c0cec4ceaa5102a3d71d3d907e7bf54","_id":"protractor-cucumber-framework@1.0.1","_shasum":"2f82edacd1856879981f8255322a18b78d90cbf3","_from":".","_npmVersion":"4.1.2","_nodeVersion":"7.6.0","_npmUser":{"name":"darrinholst","email":"darrinholst@gmail.com"},"dist":{"shasum":"2f82edacd1856879981f8255322a18b78d90cbf3","tarball":"https://registry.npmjs.org/protractor-cucumber-framework/-/protractor-cucumber-framework-1.0.1.tgz"},"maintainers":[{"name":"angularcore","email":"angular-core+npm@google.com"},{"name":"darrinholst","email":"darrinholst@gmail.com"},{"name":"mattfritz","email":"mfritzer@gmail.com"}],"_npmOperationalInternal":{"host":"packages-18-east.internal.npmjs.com","tmp":"tmp/protractor-cucumber-framework-1.0.1.tgz_1488473312026_0.9990721507929265"},"directories":{}},"1.0.2":{"name":"protractor-cucumber-framework","version":"1.0.2","description":"Protractor framework for Cucumber.js","main":"index.js","engines":{"node":">=6.9.x"},"scripts":{"webdriver":"webdriver-manager update --standalone --versions.standalone=2.53.1 && webdriver-manager start --versions.standalone=2.53.1","start":"node test/testapp/server","lint":"eslint .","pretest":"npm run lint && multidep test/multidep.js","test":"node test/test.js"},"repository":{"type":"git","url":"git+https://github.com/protractor-cucumber-framework/protractor-cucumber-framework.git"},"keywords":["angular","test","testing","webdriver","webdriverjs","selenium","protractor","protractor-framework","cucumber","cucumber-js","gherkin","bdd"],"author":{"name":"Matt Fritz","email":"mfritzer@gmail.com"},"contributors":[{"name":"Matt Fritz","email":"mfritzer@gmail.com"},{"name":"Darrin Holst","email":"darrinholst@gmail.com"}],"license":"MIT","bugs":{"url":"https://github.com/protractor-cucumber-framework/protractor-cucumber-framework/issues"},"homepage":"https://github.com/protractor-cucumber-framework/protractor-cucumber-framework","dependencies":{"debug":"^2.2.0","glob":"^7.0.3","object-assign":"^4.0.1","q":"^1.4.1"},"peerDependencies":{"cucumber":">= 1.3.0 || >= 2.0.0-rc.0","protractor":">= 3.0.0"},"devDependencies":{"chai":"3.5.0","chai-as-promised":"6.0.0","eslint":"3.17.1","express":"4.15.2","httpster":"1.0.3","multidep":"2.0.2","protractor":"5.1.1"},"cucumberConf":{"version1":"1.3.1","version2":"2.0.0-rc.8"},"gitHead":"3bd922369d014fc52567022f5ac586884fa68529","_id":"protractor-cucumber-framework@1.0.2","_shasum":"b55afaea507b6cca5a1a1bc8720c8dfa6eab55f6","_from":".","_npmVersion":"4.1.2","_nodeVersion":"7.7.3","_npmUser":{"name":"darrinholst","email":"darrinholst@gmail.com"},"dist":{"shasum":"b55afaea507b6cca5a1a1bc8720c8dfa6eab55f6","tarball":"https://registry.npmjs.org/protractor-cucumber-framework/-/protractor-cucumber-framework-1.0.2.tgz"},"maintainers":[{"name":"angularcore","email":"angular-core+npm@google.com"},{"name":"darrinholst","email":"darrinholst@gmail.com"},{"name":"mattfritz","email":"mfritzer@gmail.com"}],"_npmOperationalInternal":{"host":"packages-18-east.internal.npmjs.com","tmp":"tmp/protractor-cucumber-framework-1.0.2.tgz_1490019587912_0.3799188518896699"},"directories":{}},"2.0.0":{"name":"protractor-cucumber-framework","version":"2.0.0","description":"Protractor framework for Cucumber.js","main":"index.js","engines":{"node":">=6.9.x"},"scripts":{"webdriver":"webdriver-manager update --standalone --versions.standalone=2.53.1 && webdriver-manager start --versions.standalone=2.53.1","start":"node test/testapp/server","lint":"eslint .","pretest":"npm run lint && multidep test/multidep.js","test":"node test/test.js"},"repository":{"type":"git","url":"git+https://github.com/protractor-cucumber-framework/protractor-cucumber-framework.git"},"keywords":["angular","test","testing","webdriver","webdriverjs","selenium","protractor","protractor-framework","cucumber","cucumber-js","gherkin","bdd"],"author":{"name":"Matt Fritz","email":"mfritzer@gmail.com"},"contributors":[{"name":"Matt Fritz","email":"mfritzer@gmail.com"},{"name":"Darrin Holst","email":"darrinholst@gmail.com"}],"license":"MIT","bugs":{"url":"https://github.com/protractor-cucumber-framework/protractor-cucumber-framework/issues"},"homepage":"https://github.com/protractor-cucumber-framework/protractor-cucumber-framework","dependencies":{"debug":"^2.2.0","glob":"^7.0.3","q":"^1.4.1"},"peerDependencies":{"cucumber":">= 1.3.0 || >= 2.0.0-rc.0","protractor":">= 3.0.0"},"devDependencies":{"chai":"^3.5.0","chai-as-promised":"6.0.0","eslint":"3.19.0","express":"4.15.2","httpster":"1.0.3","multidep":"2.0.2","protractor":"5.1.1"},"cucumberConf":{"version1":"1.3.1","version2":"2.0.0-rc.8"},"gitHead":"5b0ba9a9dc548220917cbcca44cfd991f4a53091","_id":"protractor-cucumber-framework@2.0.0","_shasum":"ccb6cb0a0f40a53afbd7f0d4f3430d0da5c079e7","_from":".","_npmVersion":"4.2.0","_nodeVersion":"7.8.0","_npmUser":{"name":"darrinholst","email":"darrinholst@gmail.com"},"dist":{"shasum":"ccb6cb0a0f40a53afbd7f0d4f3430d0da5c079e7","tarball":"https://registry.npmjs.org/protractor-cucumber-framework/-/protractor-cucumber-framework-2.0.0.tgz"},"maintainers":[{"name":"angularcore","email":"angular-core+npm@google.com"},{"name":"darrinholst","email":"darrinholst@gmail.com"},{"name":"mattfritz","email":"mfritzer@gmail.com"}],"_npmOperationalInternal":{"host":"packages-18-east.internal.npmjs.com","tmp":"tmp/protractor-cucumber-framework-2.0.0.tgz_1491492008482_0.0337351611815393"},"directories":{}},"2.1.0":{"name":"protractor-cucumber-framework","version":"2.1.0","description":"Protractor framework for Cucumber.js","main":"index.js","engines":{"node":">=6.9.x"},"scripts":{"webdriver":"webdriver-manager update --standalone --versions.standalone=2.53.1 && webdriver-manager start --versions.standalone=2.53.1","start":"node test/testapp/server","lint":"eslint .","pretest":"npm run lint && multidep test/multidep.js","test":"node test/test.js"},"repository":{"type":"git","url":"git+https://github.com/protractor-cucumber-framework/protractor-cucumber-framework.git"},"keywords":["angular","test","testing","webdriver","webdriverjs","selenium","protractor","protractor-framework","cucumber","cucumber-js","gherkin","bdd"],"author":{"name":"Matt Fritz","email":"mfritzer@gmail.com"},"contributors":[{"name":"Matt Fritz","email":"mfritzer@gmail.com"},{"name":"Darrin Holst","email":"darrinholst@gmail.com"}],"license":"MIT","bugs":{"url":"https://github.com/protractor-cucumber-framework/protractor-cucumber-framework/issues"},"homepage":"https://github.com/protractor-cucumber-framework/protractor-cucumber-framework","dependencies":{"debug":"^2.2.0","glob":"^7.0.3","q":"^1.4.1"},"peerDependencies":{"cucumber":">= 1.3.0 || >= 2.0.0-rc.0","protractor":">= 3.0.0"},"devDependencies":{"chai":"^3.5.0","chai-as-promised":"6.0.0","eslint":"3.19.0","express":"4.15.2","httpster":"1.0.3","multidep":"2.0.2","protractor":"5.1.1"},"cucumberConf":{"version1":"1.3.1","version2":"2.0.0-rc.8"},"gitHead":"3e2d316e4322e47bd044c26c0ccc76d693146e67","_id":"protractor-cucumber-framework@2.1.0","_shasum":"4b157350b5f7149ed694f33e3c88fa05b8a5c666","_from":".","_npmVersion":"4.2.0","_nodeVersion":"7.8.0","_npmUser":{"name":"darrinholst","email":"darrinholst@gmail.com"},"dist":{"shasum":"4b157350b5f7149ed694f33e3c88fa05b8a5c666","tarball":"https://registry.npmjs.org/protractor-cucumber-framework/-/protractor-cucumber-framework-2.1.0.tgz"},"maintainers":[{"name":"angularcore","email":"angular-core+npm@google.com"},{"name":"darrinholst","email":"darrinholst@gmail.com"},{"name":"mattfritz","email":"mfritzer@gmail.com"}],"_npmOperationalInternal":{"host":"packages-12-west.internal.npmjs.com","tmp":"tmp/protractor-cucumber-framework-2.1.0.tgz_1491495768952_0.8459025549236685"},"directories":{}},"2.2.0":{"name":"protractor-cucumber-framework","version":"2.2.0","description":"Protractor framework for Cucumber.js","main":"index.js","engines":{"node":">=6.9.x"},"scripts":{"webdriver":"webdriver-manager update --standalone --versions.standalone=2.53.1 && webdriver-manager start --versions.standalone=2.53.1","start":"node test/testapp/server","lint":"eslint .","pretest":"npm run lint && multidep test/multidep.js","test":"node test/test.js"},"repository":{"type":"git","url":"git+https://github.com/protractor-cucumber-framework/protractor-cucumber-framework.git"},"keywords":["angular","test","testing","webdriver","webdriverjs","selenium","protractor","protractor-framework","cucumber","cucumber-js","gherkin","bdd"],"author":{"name":"Matt Fritz","email":"mfritzer@gmail.com"},"contributors":[{"name":"Matt Fritz","email":"mfritzer@gmail.com"},{"name":"Darrin Holst","email":"darrinholst@gmail.com"}],"license":"MIT","bugs":{"url":"https://github.com/protractor-cucumber-framework/protractor-cucumber-framework/issues"},"homepage":"https://github.com/protractor-cucumber-framework/protractor-cucumber-framework","dependencies":{"debug":"^2.2.0","glob":"^7.0.3","q":"^1.4.1"},"peerDependencies":{"cucumber":">= 1.3.0 || >= 2.0.0-rc.0","protractor":">= 3.0.0"},"devDependencies":{"chai":"^3.5.0","chai-as-promised":"6.0.0","eslint":"3.19.0","express":"4.15.2","httpster":"1.0.3","multidep":"2.0.2","protractor":"5.1.1"},"cucumberConf":{"version1":"1.3.2","version2":"2.0.0-rc.8"},"gitHead":"a14cf7671d250627a1812c197c7cac3616b47b7c","_id":"protractor-cucumber-framework@2.2.0","_shasum":"e9b26c340832503d2a2c7db7df48a4171010267d","_from":".","_npmVersion":"4.2.0","_nodeVersion":"7.8.0","_npmUser":{"name":"darrinholst","email":"darrinholst@gmail.com"},"dist":{"shasum":"e9b26c340832503d2a2c7db7df48a4171010267d","tarball":"https://registry.npmjs.org/protractor-cucumber-framework/-/protractor-cucumber-framework-2.2.0.tgz"},"maintainers":[{"name":"angularcore","email":"angular-core+npm@google.com"},{"name":"darrinholst","email":"darrinholst@gmail.com"},{"name":"mattfritz","email":"mfritzer@gmail.com"}],"_npmOperationalInternal":{"host":"packages-18-east.internal.npmjs.com","tmp":"tmp/protractor-cucumber-framework-2.2.0.tgz_1491579934016_0.16394581412896514"},"directories":{}},"2.3.0":{"name":"protractor-cucumber-framework","version":"2.3.0","description":"Protractor framework for Cucumber.js","main":"index.js","engines":{"node":">=6.9.x"},"scripts":{"webdriver":"webdriver-manager update --standalone --versions.standalone=2.53.1 && webdriver-manager start --versions.standalone=2.53.1","start":"node test/testapp/server","lint":"eslint .","pretest":"npm run lint && multidep test/multidep.js","test":"node test/test.js"},"repository":{"type":"git","url":"git+https://github.com/protractor-cucumber-framework/protractor-cucumber-framework.git"},"keywords":["angular","test","testing","webdriver","webdriverjs","selenium","protractor","protractor-framework","cucumber","cucumber-js","gherkin","bdd"],"author":{"name":"Matt Fritz","email":"mfritzer@gmail.com"},"contributors":[{"name":"Matt Fritz","email":"mfritzer@gmail.com"},{"name":"Darrin Holst","email":"darrinholst@gmail.com"}],"license":"MIT","bugs":{"url":"https://github.com/protractor-cucumber-framework/protractor-cucumber-framework/issues"},"homepage":"https://github.com/protractor-cucumber-framework/protractor-cucumber-framework","dependencies":{"debug":"^2.2.0","glob":"^7.0.3","q":"^1.4.1"},"peerDependencies":{"cucumber":">= 1.3.0 || >= 2.0.0-rc.0","protractor":">= 3.0.0"},"devDependencies":{"chai":"^3.5.0","chai-as-promised":"6.0.0","eslint":"3.19.0","express":"4.15.2","httpster":"1.0.3","multidep":"2.0.2","protractor":"5.1.1"},"cucumberConf":{"version1":"1.3.2","version2":"2.0.0-rc.8"},"gitHead":"719e55585983094e147ac2d4528726103aa12c92","_id":"protractor-cucumber-framework@2.3.0","_shasum":"6339cfcf19d0b8d91c6782ff0cd403a661865e8a","_from":".","_npmVersion":"4.2.0","_nodeVersion":"7.8.0","_npmUser":{"name":"darrinholst","email":"darrinholst@gmail.com"},"dist":{"shasum":"6339cfcf19d0b8d91c6782ff0cd403a661865e8a","tarball":"https://registry.npmjs.org/protractor-cucumber-framework/-/protractor-cucumber-framework-2.3.0.tgz"},"maintainers":[{"name":"angularcore","email":"angular-core+npm@google.com"},{"name":"darrinholst","email":"darrinholst@gmail.com"},{"name":"mattfritz","email":"mfritzer@gmail.com"}],"_npmOperationalInternal":{"host":"packages-18-east.internal.npmjs.com","tmp":"tmp/protractor-cucumber-framework-2.3.0.tgz_1491838664243_0.8251240400131792"},"directories":{}},"3.0.0":{"name":"protractor-cucumber-framework","version":"3.0.0","description":"Protractor framework for Cucumber.js","main":"index.js","engines":{"node":">=6.9.x"},"scripts":{"webdriver":"webdriver-manager update --standalone --versions.standalone=2.53.1 && webdriver-manager start --versions.standalone=2.53.1","start":"node test/testapp/server","lint":"eslint .","pretest":"npm run lint && multidep test/multidep.js","test":"node test/test.js"},"repository":{"type":"git","url":"git+https://github.com/protractor-cucumber-framework/protractor-cucumber-framework.git"},"keywords":["angular","test","testing","webdriver","webdriverjs","selenium","protractor","protractor-framework","cucumber","cucumber-js","gherkin","bdd"],"author":{"name":"Matt Fritz","email":"mfritzer@gmail.com"},"contributors":[{"name":"Matt Fritz","email":"mfritzer@gmail.com"},{"name":"Darrin Holst","email":"darrinholst@gmail.com"}],"license":"MIT","bugs":{"url":"https://github.com/protractor-cucumber-framework/protractor-cucumber-framework/issues"},"homepage":"https://github.com/protractor-cucumber-framework/protractor-cucumber-framework","dependencies":{"debug":"^2.2.0","glob":"^7.0.3","q":"^1.4.1"},"peerDependencies":{"cucumber":">= 1.3.0 || >= 2.0.0-rc.0","protractor":">= 3.0.0"},"devDependencies":{"chai":"^3.5.0","chai-as-promised":"6.0.0","eslint":"3.19.0","express":"4.15.2","httpster":"1.0.3","multidep":"2.0.2","protractor":"5.1.1"},"cucumberConf":{"version1":"1.3.2","version2":"2.0.0-rc.8"},"gitHead":"7b19f1cd26372f484004139d8b121c2b28d43735","_id":"protractor-cucumber-framework@3.0.0","_shasum":"2a50572c93e554585e7df7d2d1a09c3bfbaddf1b","_from":".","_npmVersion":"4.2.0","_nodeVersion":"7.8.0","_npmUser":{"name":"darrinholst","email":"darrinholst@gmail.com"},"dist":{"shasum":"2a50572c93e554585e7df7d2d1a09c3bfbaddf1b","tarball":"https://registry.npmjs.org/protractor-cucumber-framework/-/protractor-cucumber-framework-3.0.0.tgz"},"maintainers":[{"name":"angularcore","email":"angular-core+npm@google.com"},{"name":"darrinholst","email":"darrinholst@gmail.com"},{"name":"mattfritz","email":"mfritzer@gmail.com"}],"_npmOperationalInternal":{"host":"packages-12-west.internal.npmjs.com","tmp":"tmp/protractor-cucumber-framework-3.0.0.tgz_1491844753837_0.8944555870257318"},"directories":{}},"3.1.0":{"name":"protractor-cucumber-framework","version":"3.1.0","description":"Protractor framework for Cucumber.js","main":"index.js","engines":{"node":">=6.9.x"},"scripts":{"webdriver":"webdriver-manager update --standalone --versions.standalone=2.53.1 && webdriver-manager start --versions.standalone=2.53.1","start":"node test/testapp/server","lint":"eslint .","pretest":"npm run lint && multidep test/multidep.js","test":"mocha -c -s 10000 -t 20000 test/**/*.spec.js"},"repository":{"type":"git","url":"git+https://github.com/protractor-cucumber-framework/protractor-cucumber-framework.git"},"keywords":["angular","test","testing","webdriver","webdriverjs","selenium","protractor","protractor-framework","cucumber","cucumber-js","gherkin","bdd"],"author":{"name":"Matt Fritz","email":"mfritzer@gmail.com"},"contributors":[{"name":"Matt Fritz","email":"mfritzer@gmail.com"},{"name":"Darrin Holst","email":"darrinholst@gmail.com"}],"license":"MIT","bugs":{"url":"https://github.com/protractor-cucumber-framework/protractor-cucumber-framework/issues"},"homepage":"https://github.com/protractor-cucumber-framework/protractor-cucumber-framework","dependencies":{"debug":"^2.2.0","glob":"^7.0.3","q":"^1.4.1"},"peerDependencies":{"cucumber":">= 1.3.0 || >= 2.0.0-rc.0","protractor":">= 3.0.0"},"devDependencies":{"chai":"3.5.0","chai-as-promised":"6.0.0","chai-like":"0.2.10","eslint":"3.19.0","express":"4.15.2","httpster":"1.0.3","mocha":"3.2.0","multidep":"2.0.2","protractor":"5.1.1"},"cucumberConf":{"version1":"1.3.2","version2":"2.0.0-rc.8"},"gitHead":"ff08371cf0fb62b1723a4ded597eba1624f01bb4","_id":"protractor-cucumber-framework@3.1.0","_shasum":"c4215011d5c0a1d451ff21772c7048217f3c1afa","_from":".","_npmVersion":"4.2.0","_nodeVersion":"7.9.0","_npmUser":{"name":"darrinholst","email":"darrinholst@gmail.com"},"dist":{"shasum":"c4215011d5c0a1d451ff21772c7048217f3c1afa","tarball":"https://registry.npmjs.org/protractor-cucumber-framework/-/protractor-cucumber-framework-3.1.0.tgz"},"maintainers":[{"name":"angularcore","email":"angular-core+npm@google.com"},{"name":"darrinholst","email":"darrinholst@gmail.com"},{"name":"mattfritz","email":"mfritzer@gmail.com"}],"_npmOperationalInternal":{"host":"packages-12-west.internal.npmjs.com","tmp":"tmp/protractor-cucumber-framework-3.1.0.tgz_1492182759656_0.07852762099355459"},"directories":{}}},"readme":"Protractor Cucumber Framework\n=============================\n\n[![Build Status](https://travis-ci.org/protractor-cucumber-framework/protractor-cucumber-framework.svg?branch=master)](https://travis-ci.org/protractor-cucumber-framework/protractor-cucumber-framework)\n\nThis framework was originally part of [angular/protractor](https://github.com/angular/protractor) and\nis now a separate module to decouple [cucumber.js](https://github.com/cucumber/cucumber-js).\n\nInstall\n-------\n\n`npm install --save-dev protractor-cucumber-framework`\n\nImplementation\n--------------\n\nTo implement this framework, utilize the `protractor` custom framework config option:\n\n```js\nexports.config = {\n  // set to \"custom\" instead of cucumber.\n  framework: 'custom',\n\n  // path relative to the current config file\n  frameworkPath: require.resolve('protractor-cucumber-framework'),\n\n  // require feature files\n  specs: [\n    'path/to/feature/files/**/*.feature' // accepts a glob\n  ],\n\n  cucumberOpts: {\n    // require step definitions\n    require: [\n      'path/to/step/definitions/**/*.steps.js' // accepts a glob\n    ]\n  }\n};\n```\n\n#### Passing Options to cucumberjs\n\nAll of the `cucumberOpts` will be passed to `cucumberjs` as arguments.\n\nFor example, to call cucumberjs with the `--strict`, `--no-colors`, and to specify custom formatters:\n\n```js\ncucumberOpts: {\n  strict: true,\n  'no-colors': true,\n  format: ['progress', 'pretty:output.txt'],\n  // ...\n}\n```\n\nThe following parameters have special behavior:\n\n * `require` - globs will be expanded to multiple `--require` arguments\n * `rerun` - value is passed as an argument; for use with the [rerun feature](https://github.com/cucumber/cucumber-js/blob/master/features/rerun_formatter.feature)\n\n#### Formatters when tests are sharded or with multi capabilities\n\nIf you have a formatter that outputs to a path and your tests are sharded or you have multi\ncapabilities then this library will add the PID to the path to make them unique. The reason for\nthis is multiple processes can write to the same path which ends up clobbering each other.\nYou'll end up with 1 file per process that protractor spawns.\n\n```js\nexports.config = {\n  capabilities: {\n    shardTestFiles: true,\n    // ...\n  },\n\n  cucumberOpts: {\n    format: 'json:results.json',\n    // ...\n  }\n};\n```\n\nIf there were 2 feature files then you can expect the following output files...\n```\n  results.11111.json\n  results.22222.json\n```\n...where the numbers will be the actual PIDs.\n\n\n#### Uncaught Exceptions\n\nIf your process abruptly stops with an exit code `199` then your steps most likely threw an uncaught\nexception. Protractor is capturing these and exiting the process in this situation. The solution is\nto upgrade to at least protractor version 4.0.10 and add the following to your protractor conf...\n\n```\n  ignoreUncaughtExceptions: true\n```\n\nThis allows cucumber to handle the exception and record it appropriately.\n\nContributing\n------------\n\nPull requests are welcome. Commits should have an appropriate message and be squashed.\n\nFor Contributors\n----------------\nEnsure that the following dependencies are installed:\n\n * Java SDK and JRE\n * node.js\n * Google Chrome\n\nClone the github repository:\n\n    git clone https://github.com/protractor-cucumber-framework/protractor-cucumber-framework\n    cd protractor-cucumber-framework\n    npm install\n\n#### Testing\n\nStart a selenium server:\n\n    npm run webdriver\n\nStart the test app that tests will be run against in a separate shell:\n\n    npm start\n\nRun the tests in a separate shell:\n\n    npm test\n\nFor Maintainers\n---------------\n\n#### Releasing\n\n1. bump version\n1. `npm publish`\n1. tag release (`git tag v1.0.2 && git push origin master --tags`)\n1. build github release (`npm i -g release && release`)\n\n","maintainers":[{"name":"angularcore","email":"angular-core+npm@google.com"},{"name":"darrinholst","email":"darrinholst@gmail.com"},{"name":"mattfritz","email":"mfritzer@gmail.com"}],"time":{"modified":"2017-04-23T18:33:38.231Z","created":"2015-11-12T20:29:09.198Z","0.1.0":"2015-11-12T20:29:09.198Z","0.1.1":"2015-11-12T20:39:35.308Z","0.1.2":"2015-11-13T02:19:44.345Z","0.1.3":"2015-11-13T03:06:16.045Z","0.2.0":"2015-11-17T22:48:09.379Z","0.2.1":"2015-11-18T16:36:18.357Z","0.2.2":"2015-11-18T22:21:28.614Z","0.2.3":"2015-11-19T20:43:11.470Z","0.2.4":"2015-11-23T20:18:38.291Z","0.2.5":"2015-11-24T20:30:48.506Z","0.3.0":"2015-11-30T16:39:14.978Z","0.3.1":"2015-12-10T17:05:12.520Z","0.3.2":"2015-12-14T22:11:26.764Z","0.3.3":"2016-01-22T21:33:53.038Z","0.3.4":"2016-02-03T17:05:59.455Z","0.4.0":"2016-03-30T00:43:01.948Z","0.5.0":"2016-04-07T15:41:38.657Z","0.6.0":"2016-06-01T17:36:29.342Z","1.0.0":"2017-03-01T13:21:39.132Z","1.0.1":"2017-03-02T16:48:32.793Z","1.0.2":"2017-03-20T14:19:48.484Z","2.0.0":"2017-04-06T15:20:09.196Z","2.1.0":"2017-04-06T16:22:50.817Z","2.2.0":"2017-04-07T15:45:34.452Z","2.3.0":"2017-04-10T15:37:45.032Z","3.0.0":"2017-04-10T17:19:15.615Z","3.1.0":"2017-04-14T15:12:41.530Z"},"homepage":"https://github.com/protractor-cucumber-framework/protractor-cucumber-framework","keywords":["angular","test","testing","webdriver","webdriverjs","selenium","protractor","protractor-framework","cucumber","cucumber-js","gherkin","bdd"],"repository":{"type":"git","url":"git+https://github.com/protractor-cucumber-framework/protractor-cucumber-framework.git"},"author":{"name":"Matt Fritz","email":"mfritzer@gmail.com"},"bugs":{"url":"https://github.com/protractor-cucumber-framework/protractor-cucumber-framework/issues"},"license":"MIT","readmeFilename":"README.md","contributors":[{"name":"Matt Fritz","email":"mfritzer@gmail.com"},{"name":"Darrin Holst","email":"darrinholst@gmail.com"}],"users":{"j3rrywan9":true},"_attachments":{},"_etag":"W/\"58fcf382-da38\"","_lastModified":"Sun, 23 Apr 2017 18:33:38 GMT","_cached":true}