{"_id":"options","_rev":"21-cdc3641adc0ba47d06ea4caca6765f63","name":"options","description":"A very light-weight in-code option parsers for node.js.","dist-tags":{"latest":"0.0.6"},"versions":{"0.0.1":{"author":{"name":"Einar Otto Stangvik","email":"einaros@gmail.com","url":"http://2x.io"},"name":"options","description":"A very light-weight in-code option parsers for node.js.","version":"0.0.1","repository":{"type":"git","url":"git://github.com/einaros/options.js.git"},"main":"lib/options","scripts":{"test":"make test"},"engines":{"node":">=0.4.0"},"dependencies":{},"devDependencies":{"mocha":"0.3.x","should":"latest"},"_npmUser":{"name":"einaros","email":"einaros@gmail.com"},"_id":"options@0.0.1","_engineSupported":true,"_npmVersion":"1.1.0-alpha-6","_nodeVersion":"v0.6.5","_defaultsLoaded":true,"dist":{"shasum":"9853cf084de1f258255626b5b0817a23cf003c69","tarball":"https://registry.npmjs.org/options/-/options-0.0.1.tgz"},"maintainers":[{"name":"einaros","email":"einaros@gmail.com"}],"directories":{}},"0.0.2":{"author":{"name":"Einar Otto Stangvik","email":"einaros@gmail.com","url":"http://2x.io"},"name":"options","description":"A very light-weight in-code option parsers for node.js.","version":"0.0.2","repository":{"type":"git","url":"git://github.com/einaros/options.js.git"},"main":"lib/options","scripts":{"test":"make test"},"engines":{"node":">=0.4.0"},"dependencies":{},"devDependencies":{"mocha":"0.3.x","should":"latest"},"_npmUser":{"name":"einaros","email":"einaros@gmail.com"},"_id":"options@0.0.2","_engineSupported":true,"_npmVersion":"1.1.0-alpha-6","_nodeVersion":"v0.6.5","_defaultsLoaded":true,"dist":{"shasum":"52948ae47c600b4f3bf02428a8a3e43c9fcbe656","tarball":"https://registry.npmjs.org/options/-/options-0.0.2.tgz"},"maintainers":[{"name":"einaros","email":"einaros@gmail.com"}],"directories":{}},"0.0.3":{"author":{"name":"Einar Otto Stangvik","email":"einaros@gmail.com","url":"http://2x.io"},"name":"options","description":"A very light-weight in-code option parsers for node.js.","version":"0.0.3","repository":{"type":"git","url":"git://github.com/einaros/options.js.git"},"main":"lib/options","scripts":{"test":"make test"},"engines":{"node":">=0.4.0"},"dependencies":{},"devDependencies":{"mocha":"latest","expect.js":"latest"},"_npmUser":{"name":"einaros","email":"einaros@gmail.com"},"_id":"options@0.0.3","optionalDependencies":{},"_engineSupported":true,"_npmVersion":"1.1.1","_nodeVersion":"v0.6.11","_defaultsLoaded":true,"dist":{"shasum":"de6a803319c8343269e07e2ba9ed4eab0e2bb35d","tarball":"https://registry.npmjs.org/options/-/options-0.0.3.tgz"},"maintainers":[{"name":"einaros","email":"einaros@gmail.com"}],"directories":{}},"0.0.4":{"author":{"name":"Einar Otto Stangvik","email":"einaros@gmail.com","url":"http://2x.io"},"name":"options","description":"A very light-weight in-code option parsers for node.js.","version":"0.0.4","repository":{"type":"git","url":"git://github.com/einaros/options.js.git"},"main":"lib/options","scripts":{"test":"make test"},"engines":{"node":">=0.4.0"},"dependencies":{},"devDependencies":{"mocha":"latest"},"_id":"options@0.0.4","dist":{"shasum":"03ef67394df3e47ca8f2dd47b0bea49b822e594a","tarball":"https://registry.npmjs.org/options/-/options-0.0.4.tgz"},"_from":".","_npmVersion":"1.2.15","_npmUser":{"name":"einaros","email":"einaros@gmail.com"},"maintainers":[{"name":"einaros","email":"einaros@gmail.com"}],"directories":{}},"0.0.5":{"author":{"name":"Einar Otto Stangvik","email":"einaros@gmail.com","url":"http://2x.io"},"name":"options","description":"A very light-weight in-code option parsers for node.js.","version":"0.0.5","repository":{"type":"git","url":"git://github.com/einaros/options.js.git"},"main":"lib/options","scripts":{"test":"make test"},"engines":{"node":">=0.4.0"},"dependencies":{},"devDependencies":{"mocha":"latest"},"_id":"options@0.0.5","dist":{"shasum":"9a3806378f316536d79038038ba90ccb724816c3","tarball":"https://registry.npmjs.org/options/-/options-0.0.5.tgz"},"_from":".","_npmVersion":"1.2.15","_npmUser":{"name":"einaros","email":"einaros@gmail.com"},"maintainers":[{"name":"einaros","email":"einaros@gmail.com"}],"directories":{}},"0.0.6":{"author":{"name":"Einar Otto Stangvik","email":"einaros@gmail.com","url":"http://2x.io"},"name":"options","description":"A very light-weight in-code option parsers for node.js.","version":"0.0.6","repository":{"type":"git","url":"git://github.com/einaros/options.js.git"},"main":"lib/options","scripts":{"test":"make test"},"engines":{"node":">=0.4.0"},"dependencies":{},"devDependencies":{"mocha":"latest"},"gitHead":"ff53d0a092c897cb95964232a96fe17da65c11af","bugs":{"url":"https://github.com/einaros/options.js/issues"},"homepage":"https://github.com/einaros/options.js","_id":"options@0.0.6","_shasum":"ec22d312806bb53e731773e7cdaefcf1c643128f","_from":".","_npmVersion":"1.4.21","_npmUser":{"name":"einaros","email":"einaros@gmail.com"},"maintainers":[{"name":"einaros","email":"einaros@gmail.com"}],"dist":{"shasum":"ec22d312806bb53e731773e7cdaefcf1c643128f","tarball":"https://registry.npmjs.org/options/-/options-0.0.6.tgz"},"directories":{}}},"readme":"# options.js #\n\nA very light-weight in-code option parsers for node.js.\n\n## Usage ##\n\n``` js\nvar Options = require(\"options\");\n\n// Create an Options object\nfunction foo(options) {\n        var default_options = {\n                foo : \"bar\"\n        };\n        \n        // Create an option object with default value\n        var opts = new Options(default_options);\n        \n        // Merge options\n        opts = opts.merge(options);\n        \n        // Reset to default value\n        opts.reset();\n        \n        // Copy selected attributes out\n        var seled_att = opts.copy(\"foo\");\n        \n        // Read json options from a file. \n        opts.read(\"options.file\"); // Sync\n        opts.read(\"options.file\", function(err){ // Async\n                if(err){ // If error occurs\n                        console.log(\"File error.\");\n                }else{\n                        // No error\n                }\n        });\n        \n        // Attributes defined or not\n        opts.isDefinedAndNonNull(\"foobar\");\n        opts.isDefined(\"foobar\");\n}\n\n```\n\n\n## License ##\n\n(The MIT License)\n\nCopyright (c) 2012 Einar Otto Stangvik &lt;einaros@gmail.com&gt;\n\nPermission is hereby granted, free of charge, to any person obtaining\na copy of this software and associated documentation files (the\n'Software'), to deal in the Software without restriction, including\nwithout limitation the rights to use, copy, modify, merge, publish,\ndistribute, sublicense, and/or sell copies of the Software, and to\npermit persons to whom the Software is furnished to do so, subject to\nthe following conditions:\n\nThe above copyright notice and this permission notice shall be\nincluded in all copies or substantial portions of the Software.\n\nTHE SOFTWARE IS PROVIDED 'AS IS', WITHOUT WARRANTY OF ANY KIND,\nEXPRESS OR IMPLIED, INCLUDING BUT NOT LIMITED TO THE WARRANTIES OF\nMERCHANTABILITY, FITNESS FOR A PARTICULAR PURPOSE AND NONINFRINGEMENT.\nIN NO EVENT SHALL THE AUTHORS OR COPYRIGHT HOLDERS BE LIABLE FOR ANY\nCLAIM, DAMAGES OR OTHER LIABILITY, WHETHER IN AN ACTION OF CONTRACT,\nTORT OR OTHERWISE, ARISING FROM, OUT OF OR IN CONNECTION WITH THE\nSOFTWARE OR THE USE OR OTHER DEALINGS IN THE SOFTWARE.\n","maintainers":[{"name":"einaros","email":"einaros@gmail.com"}],"time":{"modified":"2017-04-04T07:31:06.327Z","created":"2011-12-15T11:52:20.883Z","0.0.1":"2011-12-15T11:52:22.779Z","0.0.2":"2011-12-15T19:35:54.337Z","0.0.3":"2012-03-09T09:26:56.856Z","0.0.4":"2013-04-25T07:54:27.263Z","0.0.5":"2013-04-25T07:59:02.909Z","0.0.6":"2014-10-06T09:43:58.395Z"},"author":{"name":"Einar Otto Stangvik","email":"einaros@gmail.com","url":"http://2x.io"},"repository":{"type":"git","url":"git://github.com/einaros/options.js.git"},"homepage":"https://github.com/einaros/options.js","bugs":{"url":"https://github.com/einaros/options.js/issues"},"readmeFilename":"README.md","users":{"sloanb":true,"mojaray2k":true,"psychollama":true,"brend":true},"_attachments":{},"_etag":"W/\"58e34bba-1fe7\"","_lastModified":"Tue, 04 Apr 2017 07:31:06 GMT","_cached":true}