{"_id":"node-fs","_rev":"21-4bf392da3966b14ff53d10c91095e469","name":"node-fs","description":"node-fs is an extension to the original nodejs fs library, offering new functionalities.","dist-tags":{"latest":"0.1.7"},"versions":{"0.0.1":{"name":"node-fs","description":"node-fs is an extension to the original nodejs fs library, offering new functionalities.","version":"0.0.1","author":{"name":"Bruno Pedro","email":"bpedro@tarpipe.com"},"repository":{"type":"git","url":"https://bpedro@github.com/bpedro/node-fs.git"},"os":["linux","darwin","freebsd"],"directories":{"lib":"./lib/"},"main":"./lib/fs","engines":{"node":">=0.1.97"},"licenses":[{"type":"MIT","url":"https://github.com/bpedro/node-fs/raw/master/LICENSE"}],"_id":"node-fs@0.0.1","_engineSupported":true,"_npmVersion":"0.2.13-3","_nodeVersion":"v0.5.0-pre","dist":{"shasum":"a207f316b15c7d759044eb39ebfdc9f102809630","tarball":"https://registry.npmjs.org/node-fs/-/node-fs-0.0.1.tgz"}},"0.1.0":{"name":"node-fs","description":"node-fs is an extension to the original nodejs fs library, offering new functionalities.","version":"0.1.0","author":{"name":"Bruno Pedro","email":"bpedro@tarpipe.com"},"repository":{"type":"git","url":"git://github.com/bpedro/node-fs.git"},"os":["linux","darwin","freebsd"],"directories":{"lib":"./lib/"},"main":"./lib/fs","engines":{"node":">=0.1.97"},"licenses":[{"type":"MIT","url":"https://github.com/bpedro/node-fs/raw/master/LICENSE"}],"_npmJsonOpts":{"file":"/Users/brunop/.npm/node-fs/0.1.0/package/package.json","wscript":false,"contributors":false,"serverjs":false},"_id":"node-fs@0.1.0","dependencies":{},"devDependencies":{},"_engineSupported":true,"_npmVersion":"1.0.23","_nodeVersion":"v0.4.10","_defaultsLoaded":true,"dist":{"shasum":"44d1ef344caea6f4aa9e367b3ca21fcf942b663c","tarball":"https://registry.npmjs.org/node-fs/-/node-fs-0.1.0.tgz"},"scripts":{},"maintainers":[{"name":"bpedro","email":"bpedro@tarpipe.com"}]},"0.1.2":{"name":"node-fs","description":"node-fs is an extension to the original nodejs fs library, offering new functionalities.","version":"0.1.2","author":{"name":"Bruno Pedro","email":"bpedro@tarpipe.com"},"repository":{"type":"git","url":"git://github.com/bpedro/node-fs.git"},"os":["linux","darwin","freebsd"],"directories":{"lib":"./lib/"},"main":"./lib/fs","engines":{"node":">=0.1.97"},"licenses":[{"type":"MIT","url":"https://github.com/bpedro/node-fs/raw/master/LICENSE"}],"_npmUser":{"name":"bpedro","email":"bpedro@tarpipe.com"},"_id":"node-fs@0.1.2","dependencies":{},"devDependencies":{},"_engineSupported":true,"_npmVersion":"1.0.101","_nodeVersion":"v0.4.12","_defaultsLoaded":true,"dist":{"shasum":"64afcf28cf5625d63c07f28bc93a3c66a63d840a","tarball":"https://registry.npmjs.org/node-fs/-/node-fs-0.1.2.tgz"},"maintainers":[{"name":"bpedro","email":"bpedro@tarpipe.com"}]},"0.1.3":{"name":"node-fs","description":"node-fs is an extension to the original nodejs fs library, offering new functionalities.","version":"0.1.3","author":{"name":"Bruno Pedro","email":"bpedro@tarpipe.com"},"repository":{"type":"git","url":"git://github.com/bpedro/node-fs.git"},"os":["linux","darwin","freebsd"],"devDependencies":{"expresso":"*"},"scripts":{"test":"expresso -q"},"directories":{"lib":"./lib/"},"main":"./lib/fs","engines":{"node":">=0.1.97"},"licenses":[{"type":"MIT","url":"https://github.com/bpedro/node-fs/raw/master/LICENSE"}],"_npmUser":{"name":"bpedro","email":"bpedro@tarpipe.com"},"_id":"node-fs@0.1.3","dependencies":{},"_engineSupported":true,"_npmVersion":"1.0.101","_nodeVersion":"v0.4.12","_defaultsLoaded":true,"dist":{"shasum":"1451a684de6d79819973565ad6778b705723f771","tarball":"https://registry.npmjs.org/node-fs/-/node-fs-0.1.3.tgz"},"maintainers":[{"name":"bpedro","email":"bpedro@tarpipe.com"}]},"0.1.4":{"name":"node-fs","description":"node-fs is an extension to the original nodejs fs library, offering new functionalities.","version":"0.1.4","author":{"name":"Bruno Pedro","email":"bpedro@tarpipe.com"},"repository":{"type":"git","url":"git://github.com/bpedro/node-fs.git"},"os":["linux","darwin","freebsd","win32"],"devDependencies":{"expresso":"*"},"scripts":{"test":"expresso -q"},"directories":{"lib":"./lib/"},"main":"./lib/fs","engines":{"node":">=0.1.97"},"licenses":[{"type":"MIT","url":"https://github.com/bpedro/node-fs/raw/master/LICENSE"}],"_npmUser":{"name":"bpedro","email":"bpedro@tarpipe.com"},"_id":"node-fs@0.1.4","dependencies":{},"optionalDependencies":{},"_engineSupported":true,"_npmVersion":"1.1.16","_nodeVersion":"v0.6.15","_defaultsLoaded":true,"dist":{"shasum":"2bd9f9c981a697c1a71de4f5553477c193d32cc7","tarball":"https://registry.npmjs.org/node-fs/-/node-fs-0.1.4.tgz"},"readme":"node-fs is an extension to the original [nodejs](http://nodejs.org) [fs library](http://nodejs.org/docs/v0.3.1/api/fs.html), offering new functionalities. See example.js for an example of how to use it.\n\nRight now, the following new operations are supported:\n\n* mkdir(path, mode, [recursive], [callback]): if the 'recursive' parameter is true, creates a directory recursively;\n* mkdirSync(path, mode, [recursive]): if the 'recursive' parameter is true, synchronously creates a directory recursively.","maintainers":[{"name":"bpedro","email":"bpedro@tarpipe.com"}]},"0.1.5":{"name":"node-fs","description":"node-fs is an extension to the original nodejs fs library, offering new functionalities.","version":"0.1.5","author":{"name":"Bruno Pedro","email":"bpedro@tarpipe.com"},"repository":{"type":"git","url":"git://github.com/bpedro/node-fs.git"},"os":["linux","darwin","freebsd","win32"],"devDependencies":{"expresso":"*"},"scripts":{"test":"expresso -q"},"directories":{"lib":"./lib/"},"main":"./lib/fs","engines":{"node":">=0.1.97"},"licenses":[{"type":"MIT","url":"https://github.com/bpedro/node-fs/raw/master/LICENSE"}],"_npmUser":{"name":"bpedro","email":"bpedro@tarpipe.com"},"_id":"node-fs@0.1.5","dependencies":{},"optionalDependencies":{},"_engineSupported":true,"_npmVersion":"1.1.4","_nodeVersion":"v0.6.12","_defaultsLoaded":true,"dist":{"shasum":"0a80f66407ea55f286157b3f55772825367ee757","tarball":"https://registry.npmjs.org/node-fs/-/node-fs-0.1.5.tgz"},"readme":"node-fs is an extension to the original [nodejs](http://nodejs.org) [fs library](http://nodejs.org/docs/v0.3.1/api/fs.html), offering new functionalities. See example.js for an example of how to use it.\n\nRight now, the following new operations are supported:\n\n* mkdir(path, mode, [recursive], [callback]): if the 'recursive' parameter is true, creates a directory recursively;\n* mkdirSync(path, mode, [recursive]): if the 'recursive' parameter is true, synchronously creates a directory recursively.\n\n[![Build Status](https://secure.travis-ci.org/bpedro/node-fs.png?branch=master)](http://travis-ci.org/bpedro/node-fs)\n","maintainers":[{"name":"bpedro","email":"bpedro@tarpipe.com"}]},"0.1.6":{"name":"node-fs","description":"node-fs is an extension to the original nodejs fs library, offering new functionalities.","version":"0.1.6","author":{"name":"Bruno Pedro","email":"bpedro@tarpipe.com"},"repository":{"type":"git","url":"git://github.com/bpedro/node-fs.git"},"os":["linux","darwin","freebsd","win32","smartos"],"devDependencies":{"expresso":"*"},"scripts":{"test":"expresso -q"},"directories":{"lib":"./lib/"},"main":"./lib/fs","engines":{"node":">=0.1.97"},"licenses":[{"type":"MIT","url":"https://github.com/bpedro/node-fs/raw/master/LICENSE"}],"readme":"node-fs is an extension to the original [nodejs](http://nodejs.org) [fs library](http://nodejs.org/docs/v0.3.1/api/fs.html), offering new functionalities. See example.js for an example of how to use it.\n\nRight now, the following new operations are supported:\n\n* mkdir(path, mode, [recursive], [callback]): if the 'recursive' parameter is true, creates a directory recursively;\n* mkdirSync(path, mode, [recursive]): if the 'recursive' parameter is true, synchronously creates a directory recursively.\n\n[![Build Status](https://secure.travis-ci.org/bpedro/node-fs.png?branch=master)](http://travis-ci.org/bpedro/node-fs)\n","readmeFilename":"README.md","_id":"node-fs@0.1.6","dist":{"shasum":"78c0777b03810ba4dd85a877dd8e31b0b439d404","tarball":"https://registry.npmjs.org/node-fs/-/node-fs-0.1.6.tgz"},"_from":".","_npmVersion":"1.2.18","_npmUser":{"name":"bpedro","email":"bpedro@tarpipe.com"},"maintainers":[{"name":"bpedro","email":"bpedro@tarpipe.com"}]},"0.1.7":{"name":"node-fs","description":"node-fs is an extension to the original nodejs fs library, offering new functionalities.","version":"0.1.7","author":{"name":"Bruno Pedro","email":"bpedro@tarpipe.com"},"repository":{"type":"git","url":"git://github.com/bpedro/node-fs.git"},"os":["linux","darwin","freebsd","win32","smartos","sunos"],"devDependencies":{"expresso":"*"},"scripts":{"test":"expresso -q"},"directories":{"lib":"./lib/"},"main":"./lib/fs","engines":{"node":">=0.1.97"},"licenses":[{"type":"MIT","url":"https://github.com/bpedro/node-fs/raw/master/LICENSE"}],"readme":"node-fs is an extension to the original [nodejs](http://nodejs.org) [fs library](http://nodejs.org/docs/v0.3.1/api/fs.html), offering new functionalities. See example.js for an example of how to use it.\n\nRight now, the following new operations are supported:\n\n* mkdir(path, mode, [recursive], [callback]): if the 'recursive' parameter is true, creates a directory recursively;\n* mkdirSync(path, mode, [recursive]): if the 'recursive' parameter is true, synchronously creates a directory recursively.\n\n[![Build Status](https://secure.travis-ci.org/bpedro/node-fs.png?branch=master)](http://travis-ci.org/bpedro/node-fs)\n","readmeFilename":"README.md","_id":"node-fs@0.1.7","dist":{"shasum":"32323cccb46c9fbf0fc11812d45021cc31d325bb","tarball":"https://registry.npmjs.org/node-fs/-/node-fs-0.1.7.tgz"},"_from":".","_npmVersion":"1.2.18","_npmUser":{"name":"bpedro","email":"bpedro@tarpipe.com"},"maintainers":[{"name":"bpedro","email":"bpedro@tarpipe.com"}]}},"maintainers":[{"name":"bpedro","email":"bpedro@tarpipe.com"}],"time":{"modified":"2017-05-24T23:36:17.037Z","created":"2011-04-14T00:58:37.928Z","0.0.1":"2011-04-14T00:58:38.455Z","0.1.0":"2011-08-30T11:14:51.775Z","0.1.2":"2012-04-20T10:14:48.662Z","0.1.3":"2012-04-26T09:44:24.621Z","0.1.4":"2012-05-23T09:34:24.643Z","0.1.5":"2012-11-26T17:47:58.381Z","0.1.6":"2013-05-30T08:32:37.153Z","0.1.7":"2013-07-15T09:25:47.922Z"},"author":{"name":"Bruno Pedro","email":"bpedro@tarpipe.com"},"repository":{"type":"git","url":"git://github.com/bpedro/node-fs.git"},"users":{"fgribreau":true,"xgqfrms":true,"tmurngon":true,"morogasper":true},"_attachments":{},"_etag":"W/\"592618f1-296d\"","_lastModified":"Wed, 24 May 2017 23:36:17 GMT"}