{"_id":"find","_rev":"40-43eb3ce96bae54eba6f264dda53f82ad","name":"find","description":"Find files or directories by name","dist-tags":{"latest":"0.2.7"},"versions":{"0.1.0":{"name":"find","version":"0.1.0","description":"Find files or sub-directories inside a directory in a clear way","url":"https://github.com/yuanchuan/find","author":{"name":"yuanchuan","email":"yuanchuan23@gmail.com","url":"http://yuanchuan.name"},"main":"./index.js","keywords":["find","findfile","grep","search","files","directores"],"repository":{"type":"git","url":"git://github.com/yuanchuan/find.git"},"_id":"find@0.1.0","dist":{"shasum":"fd711c5d5046477d852a659554096a4a49ce9743","tarball":"https://registry.npmjs.org/find/-/find-0.1.0.tgz"},"_npmVersion":"1.1.62","_npmUser":{"name":"yuanchuan","email":"yuanchuan23@gmail.com"},"maintainers":[{"name":"yuanchuan","email":"yuanchuan23@gmail.com"}],"directories":{}},"0.1.1":{"name":"find","version":"0.1.1","description":"Find files or sub-directories in a clear way","url":"https://github.com/yuanchuan/find","author":{"name":"yuanchuan","email":"yuanchuan23@gmail.com","url":"http://yuanchuan.name"},"main":"./index.js","keywords":["find","findfile","search","files","directores"],"repository":{"type":"git","url":"git://github.com/yuanchuan/find.git"},"_id":"find@0.1.1","dist":{"shasum":"ce71afbc5d1426680ca38f68f74ff82c6b83001e","tarball":"https://registry.npmjs.org/find/-/find-0.1.1.tgz"},"_npmVersion":"1.1.62","_npmUser":{"name":"yuanchuan","email":"yuanchuan23@gmail.com"},"maintainers":[{"name":"yuanchuan","email":"yuanchuan23@gmail.com"}],"directories":{}},"0.1.2":{"name":"find","version":"0.1.2","description":"Find files or sub-directories in a clear way","url":"https://github.com/yuanchuan/find","author":{"name":"yuanchuan","email":"yuanchuan23@gmail.com","url":"http://yuanchuan.name"},"main":"./index.js","keywords":["find","findfile","search","files","directores"],"repository":{"type":"git","url":"git://github.com/yuanchuan/find.git"},"_id":"find@0.1.2","dist":{"shasum":"3212a1fdf6d78792448c8f522f6256a3ab89d926","tarball":"https://registry.npmjs.org/find/-/find-0.1.2.tgz"},"_npmVersion":"1.1.62","_npmUser":{"name":"yuanchuan","email":"yuanchuan23@gmail.com"},"maintainers":[{"name":"yuanchuan","email":"yuanchuan23@gmail.com"}],"directories":{}},"0.1.3":{"name":"find","version":"0.1.3","description":"Find files or directories by name","url":"https://github.com/yuanchuan/find","author":{"name":"yuanchuan","email":"yuanchuan23@gmail.com","url":"http://yuanchuan.name"},"main":"./index.js","dependencies":{"traverse-chain":"latest"},"keywords":["find","findfile","search","files"],"repository":{"type":"git","url":"git://github.com/yuanchuan/find.git"},"_id":"find@0.1.3","dist":{"shasum":"b52d78314808b21121c111a076c70cde8f162bf6","tarball":"https://registry.npmjs.org/find/-/find-0.1.3.tgz"},"_from":".","_npmVersion":"1.2.18","_npmUser":{"name":"yuanchuan","email":"yuanchuan23@gmail.com"},"maintainers":[{"name":"yuanchuan","email":"yuanchuan23@gmail.com"}],"directories":{}},"0.1.4":{"name":"find","version":"0.1.4","description":"Find files or directories by name","url":"https://github.com/yuanchuan/find","author":{"name":"yuanchuan","email":"yuanchuan23@gmail.com","url":"http://yuanchuan.name"},"main":"./index.js","dependencies":{"traverse-chain":"~0.1.0"},"keywords":["find","findfile","search","files"],"repository":{"type":"git","url":"git://github.com/yuanchuan/find.git"},"bugs":{"url":"https://github.com/yuanchuan/find/issues"},"_id":"find@0.1.4","dist":{"shasum":"bc67f27b14663833df4295171b87b9c56e20131b","tarball":"https://registry.npmjs.org/find/-/find-0.1.4.tgz"},"_from":".","_npmVersion":"1.2.21","_npmUser":{"name":"yuanchuan","email":"yuanchuan23@gmail.com"},"maintainers":[{"name":"yuanchuan","email":"yuanchuan23@gmail.com"}],"directories":{}},"0.1.5":{"name":"find","version":"0.1.5","description":"Find files or directories by name","url":"https://github.com/yuanchuan/find","author":{"name":"yuanchuan","email":"yuanchuan23@gmail.com","url":"http://yuanchuan.name"},"main":"./index.js","dependencies":{"traverse-chain":"~0.1.0"},"keywords":["find","findfile","search","files"],"repository":{"type":"git","url":"git://github.com/yuanchuan/find.git"},"bugs":{"url":"https://github.com/yuanchuan/find/issues"},"_id":"find@0.1.5","dist":{"shasum":"07764998bf9e70a451d08235d3274616457ad87f","tarball":"https://registry.npmjs.org/find/-/find-0.1.5.tgz"},"_from":".","_npmVersion":"1.2.21","_npmUser":{"name":"yuanchuan","email":"yuanchuan23@gmail.com"},"maintainers":[{"name":"yuanchuan","email":"yuanchuan23@gmail.com"}],"directories":{}},"0.1.6":{"name":"find","version":"0.1.6","description":"Find files or directories by name","url":"https://github.com/yuanchuan/find","author":{"name":"yuanchuan","email":"yuanchuan23@gmail.com","url":"http://yuanchuan.name"},"main":"./index.js","dependencies":{"traverse-chain":"~0.1.0"},"keywords":["find","findfile","search","files"],"repository":{"type":"git","url":"git://github.com/yuanchuan/find.git"},"bugs":{"url":"https://github.com/yuanchuan/find/issues"},"homepage":"https://github.com/yuanchuan/find","_id":"find@0.1.6","dist":{"shasum":"e3487030ef48bc3a7b078c7cfad627bde52da300","tarball":"https://registry.npmjs.org/find/-/find-0.1.6.tgz"},"_from":".","_npmVersion":"1.4.3","_npmUser":{"name":"yuanchuan","email":"yuanchuan23@gmail.com"},"maintainers":[{"name":"yuanchuan","email":"yuanchuan23@gmail.com"}],"directories":{}},"0.1.7":{"name":"find","version":"0.1.7","description":"Find files or directories by name","url":"https://github.com/yuanchuan/find","author":{"name":"yuanchuan","email":"yuanchuan23@gmail.com","url":"http://yuanchuan.name"},"main":"./index.js","dependencies":{"traverse-chain":"~0.1.0"},"keywords":["find","findfile","search","files"],"repository":{"type":"git","url":"git://github.com/yuanchuan/find.git"},"bugs":{"url":"https://github.com/yuanchuan/find/issues"},"homepage":"https://github.com/yuanchuan/find","_id":"find@0.1.7","dist":{"shasum":"c86c87af1ab18f222bbe38dec86cbc760d16a6fb","tarball":"https://registry.npmjs.org/find/-/find-0.1.7.tgz"},"_from":".","_npmVersion":"1.4.3","_npmUser":{"name":"yuanchuan","email":"yuanchuan23@gmail.com"},"maintainers":[{"name":"yuanchuan","email":"yuanchuan23@gmail.com"}],"directories":{}},"0.2.0":{"name":"find","version":"0.2.0","description":"Find files or directories by name","url":"https://github.com/yuanchuan/find","author":{"name":"yuanchuan","email":"yuanchuan23@gmail.com","url":"http://yuanchuan.name"},"main":"./index.js","dependencies":{"traverse-chain":"~0.1.0"},"devDependencies":{"mkdirp":"^0.5.0","mocha":"^2.2.4","tmp":"^0.0.25"},"keywords":["find","findfile","search","files"],"repository":{"type":"git","url":"git://github.com/yuanchuan/find.git"},"gitHead":"75d65c152859306f708aca87e677a1e1a103500b","bugs":{"url":"https://github.com/yuanchuan/find/issues"},"homepage":"https://github.com/yuanchuan/find","_id":"find@0.2.0","scripts":{},"_shasum":"0531c9fa8dcd648694db75330c1c73f33d89dbeb","_from":".","_npmVersion":"2.7.6","_nodeVersion":"0.12.2","_npmUser":{"name":"yuanchuan","email":"yuanchuan23@gmail.com"},"maintainers":[{"name":"yuanchuan","email":"yuanchuan23@gmail.com"}],"dist":{"shasum":"0531c9fa8dcd648694db75330c1c73f33d89dbeb","tarball":"https://registry.npmjs.org/find/-/find-0.2.0.tgz"},"directories":{}},"0.2.1":{"name":"find","version":"0.2.1","description":"Find files or directories by name","url":"https://github.com/yuanchuan/find","author":{"name":"yuanchuan","email":"yuanchuan23@gmail.com","url":"http://yuanchuan.name"},"main":"./index.js","dependencies":{"traverse-chain":"~0.1.0"},"devDependencies":{"mocha":"^2.2.4","tmp":"^0.0.25"},"keywords":["find","findfile","search","files"],"repository":{"type":"git","url":"git://github.com/yuanchuan/find.git"},"gitHead":"f638885d644b9c2053ffbf866977dcbcdcea43fa","bugs":{"url":"https://github.com/yuanchuan/find/issues"},"homepage":"https://github.com/yuanchuan/find","_id":"find@0.2.1","scripts":{},"_shasum":"8a922bdde7845e9756cc619431ba8e50eaeaafce","_from":".","_npmVersion":"2.7.6","_nodeVersion":"0.12.2","_npmUser":{"name":"yuanchuan","email":"yuanchuan23@gmail.com"},"maintainers":[{"name":"yuanchuan","email":"yuanchuan23@gmail.com"}],"dist":{"shasum":"8a922bdde7845e9756cc619431ba8e50eaeaafce","tarball":"https://registry.npmjs.org/find/-/find-0.2.1.tgz"},"directories":{}},"0.2.2":{"name":"find","version":"0.2.2","description":"Find files or directories by name","url":"https://github.com/yuanchuan/find","author":{"name":"yuanchuan","email":"yuanchuan23@gmail.com","url":"http://yuanchuan.name"},"main":"./index.js","dependencies":{"traverse-chain":"~0.1.0"},"devDependencies":{"mocha":"^2.2.4","tmp":"^0.0.25"},"keywords":["find","findfile","search","files"],"repository":{"type":"git","url":"git://github.com/yuanchuan/find.git"},"gitHead":"d367f6bab5384bbba84decaf79637cbb0ff2de71","bugs":{"url":"https://github.com/yuanchuan/find/issues"},"homepage":"https://github.com/yuanchuan/find","_id":"find@0.2.2","scripts":{},"_shasum":"f981eb4be1da29aa4d501b2decfd971b67411821","_from":".","_npmVersion":"2.7.6","_nodeVersion":"0.12.2","_npmUser":{"name":"yuanchuan","email":"yuanchuan23@gmail.com"},"maintainers":[{"name":"yuanchuan","email":"yuanchuan23@gmail.com"}],"dist":{"shasum":"f981eb4be1da29aa4d501b2decfd971b67411821","tarball":"https://registry.npmjs.org/find/-/find-0.2.2.tgz"},"directories":{}},"0.2.3":{"name":"find","version":"0.2.3","description":"Find files or directories by name","url":"https://github.com/yuanchuan/find","author":{"name":"yuanchuan","email":"yuanchuan23@gmail.com","url":"http://yuanchuan.name"},"main":"./index.js","dependencies":{"traverse-chain":"~0.1.0"},"devDependencies":{"mocha":"^2.2.4","tmp":"^0.0.25"},"keywords":["find","findfile","search","files"],"license":"MIT","repository":{"type":"git","url":"git://github.com/yuanchuan/find.git"},"gitHead":"261f8f1683cb3fdde450b75de30e2657c867e1db","bugs":{"url":"https://github.com/yuanchuan/find/issues"},"homepage":"https://github.com/yuanchuan/find","_id":"find@0.2.3","scripts":{},"_shasum":"bc33c4037a6c7c037016bfd5405dbd549a645466","_from":".","_npmVersion":"2.7.6","_nodeVersion":"0.12.2","_npmUser":{"name":"yuanchuan","email":"yuanchuan23@gmail.com"},"maintainers":[{"name":"yuanchuan","email":"yuanchuan23@gmail.com"}],"dist":{"shasum":"bc33c4037a6c7c037016bfd5405dbd549a645466","tarball":"https://registry.npmjs.org/find/-/find-0.2.3.tgz"},"directories":{}},"0.2.4":{"name":"find","version":"0.2.4","description":"Find files or directories by name","url":"https://github.com/yuanchuan/find","author":{"name":"yuanchuan","email":"yuanchuan23@gmail.com","url":"http://yuanchuan.name"},"main":"./index.js","dependencies":{"traverse-chain":"~0.1.0"},"devDependencies":{"mocha":"^2.2.4","tmp":"^0.0.25"},"keywords":["find","findfile","search","files"],"license":"MIT","repository":{"type":"git","url":"git://github.com/yuanchuan/find.git"},"bugs":{"url":"https://github.com/yuanchuan/find/issues"},"homepage":"https://github.com/yuanchuan/find#readme","directories":{"test":"test"},"scripts":{"test":"mocha"},"gitHead":"9b7d195d91fdca6bc04d5f1f111d66f9aaf696cb","_id":"find@0.2.4","_shasum":"a84d3c1a8af99f25fe5f63a5782815e51f3a95e0","_from":".","_npmVersion":"3.3.9","_nodeVersion":"5.0.0","_npmUser":{"name":"yuanchuan","email":"yuanchuan23@gmail.com"},"maintainers":[{"name":"yuanchuan","email":"yuanchuan23@gmail.com"}],"dist":{"shasum":"a84d3c1a8af99f25fe5f63a5782815e51f3a95e0","tarball":"https://registry.npmjs.org/find/-/find-0.2.4.tgz"}},"0.2.5":{"name":"find","version":"0.2.5","description":"Find files or directories by name","url":"https://github.com/yuanchuan/find","author":{"name":"yuanchuan","email":"yuanchuan23@gmail.com","url":"http://yuanchuan.name"},"main":"./index.js","dependencies":{"traverse-chain":"~0.1.0"},"devDependencies":{"mocha":"^2.2.4","tmp":"^0.0.25"},"keywords":["find","findfile","search","files"],"license":"MIT","repository":{"type":"git","url":"git://github.com/yuanchuan/find.git"},"bugs":{"url":"https://github.com/yuanchuan/find/issues"},"homepage":"https://github.com/yuanchuan/find#readme","directories":{"test":"test"},"scripts":{"test":"mocha"},"gitHead":"7a6c5f885dea32297040f642fe51885724ec8c47","_id":"find@0.2.5","_shasum":"57543a7e47caece33e2d6929cdc21f2d7e9db636","_from":".","_npmVersion":"3.3.12","_nodeVersion":"5.3.0","_npmUser":{"name":"yuanchuan","email":"yuanchuan23@gmail.com"},"dist":{"shasum":"57543a7e47caece33e2d6929cdc21f2d7e9db636","tarball":"https://registry.npmjs.org/find/-/find-0.2.5.tgz"},"maintainers":[{"name":"yuanchuan","email":"yuanchuan23@gmail.com"}],"_npmOperationalInternal":{"host":"packages-12-west.internal.npmjs.com","tmp":"tmp/find-0.2.5.tgz_1464802794378_0.7317975440528244"}},"0.2.6":{"name":"find","version":"0.2.6","description":"Find files or directories by name","url":"https://github.com/yuanchuan/find","author":{"name":"yuanchuan","email":"yuanchuan23@gmail.com","url":"http://yuanchuan.name"},"main":"./index.js","dependencies":{"traverse-chain":"~0.1.0"},"devDependencies":{"mocha":"^2.2.4","tmp":"^0.0.25"},"keywords":["find","findfile","search","files"],"license":"MIT","repository":{"type":"git","url":"git://github.com/yuanchuan/find.git"},"bugs":{"url":"https://github.com/yuanchuan/find/issues"},"homepage":"https://github.com/yuanchuan/find#readme","directories":{"test":"test"},"scripts":{"test":"mocha"},"gitHead":"2bda1dbc5a277ffb65d2f90c9f9452b9a54ca599","_id":"find@0.2.6","_shasum":"0d218b5d48c3424193f64cea59d389f8daa71d01","_from":".","_npmVersion":"3.3.12","_nodeVersion":"5.3.0","_npmUser":{"name":"yuanchuan","email":"yuanchuan23@gmail.com"},"dist":{"shasum":"0d218b5d48c3424193f64cea59d389f8daa71d01","tarball":"https://registry.npmjs.org/find/-/find-0.2.6.tgz"},"maintainers":[{"name":"yuanchuan","email":"yuanchuan23@gmail.com"}],"_npmOperationalInternal":{"host":"packages-12-west.internal.npmjs.com","tmp":"tmp/find-0.2.6.tgz_1464839528595_0.3875790985766798"}},"0.2.7":{"name":"find","version":"0.2.7","description":"Find files or directories by name","url":"https://github.com/yuanchuan/find","author":{"name":"yuanchuan","email":"yuanchuan23@gmail.com","url":"http://yuanchuan.name"},"main":"./index.js","dependencies":{"traverse-chain":"~0.1.0"},"devDependencies":{"mocha":"^2.2.4","tmp":"^0.0.25"},"keywords":["find","findfile","search","files"],"license":"MIT","repository":{"type":"git","url":"git://github.com/yuanchuan/find.git"},"bugs":{"url":"https://github.com/yuanchuan/find/issues"},"homepage":"https://github.com/yuanchuan/find#readme","directories":{"test":"test"},"scripts":{"test":"mocha"},"gitHead":"2f3e0b73d1ac01127e7d5ba2ebda240f68847cd5","_id":"find@0.2.7","_shasum":"7afbd00f8f08c5b622f97cda6f714173d547bb3f","_from":".","_npmVersion":"3.8.6","_nodeVersion":"6.1.0","_npmUser":{"name":"yuanchuan","email":"yuanchuan23@gmail.com"},"dist":{"shasum":"7afbd00f8f08c5b622f97cda6f714173d547bb3f","tarball":"https://registry.npmjs.org/find/-/find-0.2.7.tgz"},"maintainers":[{"name":"yuanchuan","email":"yuanchuan23@gmail.com"}],"_npmOperationalInternal":{"host":"packages-16-east.internal.npmjs.com","tmp":"tmp/find-0.2.7.tgz_1468464624004_0.2802063503768295"}}},"readme":"#find\n\nFind files or directories by name.\n\n\n## Installation\n\n```bash\n$ npm install --save find\n```\n\n## Examples\n\nFind all files in current directory.\n\n```javascript\nvar find = require('find');\n\nfind.file(__dirname, function(files) {\n  console.log(files.length);\n})\n```\n\nFilter by regular expression.\n\n```javascript\nfind.file(/\\.js$/, __dirname, function(files) {\n  console.log(files.length);\n})\n```\n\n## Features\n  * Recursively search each sub-directories\n  * Asynchronously or synchronously \n  * Filtering by regular expression or string comparing\n\n## Changelog\n#### 0.2.0\n* the first `pattern` option is now optional\n* will follow symbolic links\n\n\n## API\n\n#### .file([pattern,] root, callback)\n\n```javascript\nfind.file(__dirname, function(files) {\n  //\n})\n```\n\n#### .dir([pattern,] root, callback)\n```javascript\nfind.dir(__dirname, function(dirs) {\n  //\n})\n``` \n\n\n#### .eachfile([pattern,] root, action)\n\n```javascript\nfind.eachfile(__dirname, function(file) {\n  //\n})\n```\n\n#### .eachdir([pattern,] root, action)\n\n```javascript\nfind.eachdir(__dirname, function(dir) {\n  //\n})\n```  \n\n#### .fileSync([pattern,] root)\n```javascript\nvar files = find.fileSync(__dirname);\n```\n\n#### .dirSync([pattern,] root)\n```javascript\nvar dirs = find.dirSync(__dirname);\n```\n\n#### .error([callback]) \n\nHandling errors in asynchronous interfaces\n\n```javascript\nfind\n  .file(__dirname, function(file) {\n    //  \n  })\n  .error(function(err) {\n    if (err) {\n      //\n    }\n  })\n```\n\n#### .end([callback])\n\nDetect `end` in `find.eachfile` and `find.eachdir`\n\n```javascript\nfind\n  .eachfile(__dirname, function(file) {\n    //\n  })\n  .end(function() {\n    console.log('find end'); \n  }) \n```\n \n\n### LICENSE\n\n(MIT Licensed)\n","maintainers":[{"name":"yuanchuan","email":"yuanchuan23@gmail.com"}],"time":{"modified":"2016-07-14T02:50:25.923Z","created":"2013-01-03T06:43:47.531Z","0.1.0":"2013-01-03T06:46:34.440Z","0.1.1":"2013-01-03T09:07:47.614Z","0.1.2":"2013-01-03T09:20:03.680Z","0.1.3":"2013-05-18T16:08:49.855Z","0.1.4":"2013-05-22T03:06:31.166Z","0.1.5":"2013-12-14T08:58:57.237Z","0.1.6":"2014-08-21T12:43:13.699Z","0.1.7":"2014-08-21T14:32:29.858Z","0.2.0":"2015-05-01T16:53:23.467Z","0.2.1":"2015-05-01T17:06:58.714Z","0.2.2":"2015-05-05T05:12:14.228Z","0.2.3":"2015-07-16T08:33:49.787Z","0.2.4":"2016-01-03T10:15:29.846Z","0.2.5":"2016-06-01T17:39:54.835Z","0.2.6":"2016-06-02T03:52:10.945Z","0.2.7":"2016-07-14T02:50:25.923Z"},"author":{"name":"yuanchuan","email":"yuanchuan23@gmail.com","url":"http://yuanchuan.name"},"repository":{"type":"git","url":"git://github.com/yuanchuan/find.git"},"users":{"stdarg":true,"seldo":true,"jian263994241":true,"zizaco":true,"sahilsk":true,"itonyyo":true,"fedor":true,"arleytriana":true,"erikvold":true,"mattmcfarland":true},"homepage":"https://github.com/yuanchuan/find#readme","keywords":["find","findfile","search","files"],"bugs":{"url":"https://github.com/yuanchuan/find/issues"},"readmeFilename":"README.md","license":"MIT","_attachments":{},"_etag":"W/\"5786fdf1-4790\"","_lastModified":"Thu, 14 Jul 2016 02:50:25 GMT"}