{"_id":"stack-generator","_rev":"26-fe6432e351312d15dcf448318d41eccf","name":"stack-generator","description":"Generate artificial backtrace by walking arguments.callee.caller chain","dist-tags":{"latest":"2.0.1","next":"1.1.0"},"versions":{"0.1.0":{"name":"stack-generator","description":"Generate artificial backtrace by walking arguments.callee.caller chain","author":{"name":"Eric Wendelin","email":"me@eriwen.com","url":"http://eriwen.com"},"version":"0.1.0","keywords":["stacktrace","error"],"homepage":"http://www.stacktracejs.com","repository":{"type":"git","url":"git://github.com/stacktracejs/stack-generator.git"},"dependencies":{"stackframe":"~0.1.0"},"bugs":{"url":"https://github.com/stacktracejs/stack-generator/issues"},"licenses":[{"type":"Public Domain","url":"https://github.com/stacktracejs/stack-generator/blob/master/LICENSE"}],"main":"./stack-generator.js","scripts":{"test":"make jstd"},"_id":"stack-generator@0.1.0","_shasum":"9d475e15de6d3878dc479779887ce51518da1a61","_from":".","_npmVersion":"1.4.9","_npmUser":{"name":"eriwen","email":"me@eriwen.com"},"maintainers":[{"name":"eriwen","email":"me@eriwen.com"}],"dist":{"shasum":"b481aef8a83f7a217284bbe9c7dd6dfef134d0ed","tarball":"https://registry.npmjs.org/stack-generator/-/stack-generator-0.1.0.tgz"},"directories":{}},"1.0.0":{"name":"stack-generator","description":"Generate artificial backtrace by walking arguments.callee.caller chain","maintainers":[{"name":"eriwen","email":"me@eriwen.com"}],"version":"1.0.0","keywords":["stacktrace","error"],"homepage":"http://www.stacktracejs.com","repository":{"type":"git","url":"git://github.com/stacktracejs/stack-generator.git"},"dependencies":{"stackframe":"~0"},"devDependencies":{"colors":"~1.0.3","coveralls":"^2.11.2","jasmine-node":"~1.14","jshint":"^2.5.6","karma":"~0.12","karma-chrome-launcher":"^0.1.5","karma-coverage":"^0.2.6","karma-firefox-launcher":"^0.1.3","karma-ie-launcher":"^0.1.5","karma-jasmine":"^0.1.5","karma-opera-launcher":"^0.1.0","karma-phantomjs-launcher":"^0.1.4","karma-safari-launcher":"^0.1.1","karma-sauce-launcher":"^0.2.10"},"bugs":{"url":"https://github.com/stacktracejs/stack-generator/issues"},"licenses":[{"type":"Public Domain","url":"https://github.com/stacktracejs/stack-generator/blob/master/LICENSE"}],"main":"./stack-generator.js","scripts":{"test":"make test"},"gitHead":"dd16e3959f965f33413b3c610463ba0534cd8c84","_id":"stack-generator@1.0.0","_shasum":"6a9b81b31da9a09dd963c62c1964d7dd67914521","_from":".","_npmVersion":"1.4.28","_npmUser":{"name":"eriwen","email":"me@eriwen.com"},"dist":{"shasum":"6a9b81b31da9a09dd963c62c1964d7dd67914521","tarball":"https://registry.npmjs.org/stack-generator/-/stack-generator-1.0.0.tgz"},"directories":{}},"1.0.1":{"name":"stack-generator","description":"Generate artificial backtrace by walking arguments.callee.caller chain","maintainers":[{"name":"eriwen","email":"me@eriwen.com"}],"version":"1.0.1","keywords":["stacktrace","error"],"homepage":"http://www.stacktracejs.com","repository":{"type":"git","url":"git://github.com/stacktracejs/stack-generator.git"},"dependencies":{"stackframe":"~0"},"devDependencies":{"colors":"~1.0.3","coveralls":"^2.11.2","jasmine-node":"~1.14","jshint":"^2.5.6","karma":"~0.12","karma-chrome-launcher":"^0.1.5","karma-coverage":"^0.2.6","karma-firefox-launcher":"^0.1.3","karma-ie-launcher":"^0.1.5","karma-jasmine":"^0.1.5","karma-opera-launcher":"^0.1.0","karma-phantomjs-launcher":"^0.1.4","karma-safari-launcher":"^0.1.1","karma-sauce-launcher":"^0.2.10","uglify-js2":"^2.1.11"},"bugs":{"url":"https://github.com/stacktracejs/stack-generator/issues"},"licenses":[{"type":"Public Domain","url":"https://github.com/stacktracejs/stack-generator/blob/master/LICENSE"}],"main":"./stack-generator.js","scripts":{"test":"make test"},"gitHead":"ba5ccf7f63c3cfcb6af5b7940f76076e691475a8","_id":"stack-generator@1.0.1","_shasum":"d9f44d2833ba228ec8b300886e6d1f5959477fcd","_from":".","_npmVersion":"1.4.28","_npmUser":{"name":"eriwen","email":"me@eriwen.com"},"dist":{"shasum":"d9f44d2833ba228ec8b300886e6d1f5959477fcd","tarball":"https://registry.npmjs.org/stack-generator/-/stack-generator-1.0.1.tgz"},"directories":{}},"1.0.2":{"name":"stack-generator","description":"Generate artificial backtrace by walking arguments.callee.caller chain","maintainers":[{"name":"eriwen","email":"me@eriwen.com"}],"version":"1.0.2","keywords":["stacktrace","error"],"homepage":"http://www.stacktracejs.com","repository":{"type":"git","url":"git://github.com/stacktracejs/stack-generator.git"},"dependencies":{"stackframe":"~0"},"devDependencies":{"colors":"~1.0.3","coveralls":"^2.11.2","jasmine-node":"~1.14","jshint":"^2.5.6","karma":"~0.12","karma-chrome-launcher":"^0.1.5","karma-coverage":"^0.2.6","karma-firefox-launcher":"^0.1.3","karma-ie-launcher":"^0.1.5","karma-jasmine":"^0.1.5","karma-opera-launcher":"^0.1.0","karma-phantomjs-launcher":"^0.1.4","karma-safari-launcher":"^0.1.1","karma-sauce-launcher":"^0.2.10","uglify-js2":"^2.1.11"},"bugs":{"url":"https://github.com/stacktracejs/stack-generator/issues"},"licenses":[{"type":"Public Domain","url":"https://github.com/stacktracejs/stack-generator/blob/master/LICENSE"}],"main":"./stack-generator.js","scripts":{"test":"make test"},"gitHead":"22f99f9c69c3cc01c2915c8abf9e2834373bfe1b","_id":"stack-generator@1.0.2","_shasum":"ad99b3b4439e77726bd071c4265a2c0f9aaeb96a","_from":".","_npmVersion":"1.4.28","_npmUser":{"name":"eriwen","email":"me@eriwen.com"},"dist":{"shasum":"ad99b3b4439e77726bd071c4265a2c0f9aaeb96a","tarball":"https://registry.npmjs.org/stack-generator/-/stack-generator-1.0.2.tgz"},"directories":{}},"1.0.3":{"name":"stack-generator","description":"Generate artificial backtrace by walking arguments.callee.caller chain","maintainers":[{"name":"eriwen","email":"me@eriwen.com"}],"version":"1.0.3","keywords":["stacktrace","error"],"homepage":"http://www.stacktracejs.com","repository":{"type":"git","url":"git://github.com/stacktracejs/stack-generator.git"},"dependencies":{"stackframe":"~0"},"devDependencies":{"colors":"~1.0.3","coveralls":"^2.11.2","jasmine-node":"~1.14","jshint":"^2.5.6","karma":"~0.12","karma-chrome-launcher":"^0.1.5","karma-coverage":"^0.2.6","karma-firefox-launcher":"^0.1.3","karma-ie-launcher":"^0.1.5","karma-jasmine":"^0.1.5","karma-opera-launcher":"^0.1.0","karma-phantomjs-launcher":"^0.1.4","karma-safari-launcher":"^0.1.1","karma-sauce-launcher":"^0.2.10","uglify-js2":"^2.1.11"},"bugs":{"url":"https://github.com/stacktracejs/stack-generator/issues"},"licenses":[{"type":"Public Domain","url":"https://github.com/stacktracejs/stack-generator/blob/master/LICENSE"}],"main":"./stack-generator.js","scripts":{"test":"make test"},"gitHead":"ca86a723dc2147b9dfeac8859d919967fb09ced9","_id":"stack-generator@1.0.3","_shasum":"49b015162d1a6c587a37db5848fd5ced69d58777","_from":".","_npmVersion":"1.4.28","_npmUser":{"name":"eriwen","email":"me@eriwen.com"},"dist":{"shasum":"49b015162d1a6c587a37db5848fd5ced69d58777","tarball":"https://registry.npmjs.org/stack-generator/-/stack-generator-1.0.3.tgz"},"directories":{}},"1.0.5":{"name":"stack-generator","description":"Generate artificial backtrace by walking arguments.callee.caller chain","maintainers":[{"name":"eriwen","email":"me@eriwen.com"}],"version":"1.0.5","license":"SEE LICENSE IN LICENSE","keywords":["stacktrace","error"],"homepage":"http://www.stacktracejs.com","repository":{"type":"git","url":"git://github.com/stacktracejs/stack-generator.git"},"dependencies":{"stackframe":"^0.3.0"},"devDependencies":{"colors":"~1.0.3","del":"^1.2.0","gulp":"^3.9.0","gulp-concat":"^2.6.0","gulp-coveralls":"^0.1.4","gulp-jshint":"^1.11.2","gulp-sourcemaps":"^1.5.2","gulp-uglify":"^1.2.0","jasmine-node":"~1.14","karma":"^0.12.37","karma-chrome-launcher":"^0.1.12","karma-coverage":"^0.2.6","karma-firefox-launcher":"^0.1.6","karma-ie-launcher":"^0.1.5","karma-jasmine":"^0.1.6","karma-opera-launcher":"^0.1.0","karma-phantomjs2-launcher":"^0.3.0","karma-safari-launcher":"^0.1.1","karma-sauce-launcher":"^0.2.14","run-sequence":"^1.1.2"},"bugs":{"url":"https://github.com/stacktracejs/stack-generator/issues"},"licenses":[{"type":"Public Domain","url":"https://github.com/stacktracejs/stack-generator/blob/master/LICENSE"}],"main":"./stack-generator.js","scripts":{"test":"gulp clean test"},"gitHead":"8e17d9da1490e88b393078d5acd6286709885b84","_id":"stack-generator@1.0.5","_shasum":"8ee1047360caba0259238e2ab351544e7c81310b","_from":".","_npmVersion":"2.10.1","_nodeVersion":"0.12.4","_npmUser":{"name":"eriwen","email":"me@eriwen.com"},"dist":{"shasum":"8ee1047360caba0259238e2ab351544e7c81310b","tarball":"https://registry.npmjs.org/stack-generator/-/stack-generator-1.0.5.tgz"},"directories":{}},"1.0.6":{"name":"stack-generator","description":"Generate artificial backtrace by walking arguments.callee.caller chain","maintainers":[{"name":"eriwen","email":"me@eriwen.com"}],"version":"1.0.6","license":"SEE LICENSE IN LICENSE","keywords":["stacktrace","error"],"homepage":"http://www.stacktracejs.com","repository":{"type":"git","url":"git://github.com/stacktracejs/stack-generator.git"},"dependencies":{"stackframe":"^0.3.1"},"devDependencies":{"colors":"~1.0.3","del":"^1.2.1","gulp":"^3.9.0","gulp-concat":"^2.6.0","gulp-coveralls":"^0.1.4","gulp-jshint":"^1.11.2","gulp-sourcemaps":"^1.5.2","gulp-uglify":"^1.4.1","jasmine-node":"~1.14","karma":"^0.12.37","karma-chrome-launcher":"^0.1.12","karma-coverage":"^0.2.6","karma-firefox-launcher":"^0.1.6","karma-ie-launcher":"^0.1.5","karma-jasmine":"^0.1.6","karma-opera-launcher":"^0.1.0","karma-phantomjs2-launcher":"^0.3.2","karma-safari-launcher":"^0.1.1","karma-sauce-launcher":"^0.2.14","run-sequence":"^1.1.2"},"bugs":{"url":"https://github.com/stacktracejs/stack-generator/issues"},"main":"./stack-generator.js","scripts":{"test":"gulp test"},"gitHead":"a5cd8e06872baa0d6ee88ca9760ca2dde0c54bb0","_id":"stack-generator@1.0.6","_shasum":"63eb6aa72f68f9cf49f9e596eec80454bd5beae1","_from":".","_npmVersion":"2.10.1","_nodeVersion":"0.12.4","_npmUser":{"name":"eriwen","email":"me@eriwen.com"},"dist":{"shasum":"63eb6aa72f68f9cf49f9e596eec80454bd5beae1","tarball":"https://registry.npmjs.org/stack-generator/-/stack-generator-1.0.6.tgz"},"directories":{}},"1.0.7":{"name":"stack-generator","description":"Generate artificial backtrace by walking arguments.callee.caller chain","maintainers":[{"name":"eriwen","email":"me@eriwen.com"}],"version":"1.0.7","license":"SEE LICENSE IN LICENSE","keywords":["stacktrace","error"],"homepage":"http://www.stacktracejs.com","repository":{"type":"git","url":"git://github.com/stacktracejs/stack-generator.git"},"dependencies":{"stackframe":"^0.3.1"},"devDependencies":{"colors":"~1.0.3","del":"^1.2.1","gulp":"^3.9.0","gulp-concat":"^2.6.0","gulp-coveralls":"^0.1.4","gulp-jshint":"^1.11.2","gulp-sourcemaps":"^1.5.2","gulp-uglify":"^1.4.1","jasmine-node":"~1.14","karma":"^0.12.37","karma-chrome-launcher":"^0.1.12","karma-coverage":"^0.2.6","karma-firefox-launcher":"^0.1.6","karma-ie-launcher":"^0.1.5","karma-jasmine":"^0.1.6","karma-opera-launcher":"^0.1.0","karma-phantomjs2-launcher":"^0.3.2","karma-safari-launcher":"^0.1.1","karma-sauce-launcher":"^0.2.14","run-sequence":"^1.1.2"},"bugs":{"url":"https://github.com/stacktracejs/stack-generator/issues"},"main":"./stack-generator.js","scripts":{"test":"gulp test"},"gitHead":"29c7c53ee7822a14ad9117a3047dafd58e122765","_id":"stack-generator@1.0.7","_shasum":"a567404f598244f6f29ffeed4d24e0d1146ac52a","_from":".","_npmVersion":"2.10.1","_nodeVersion":"0.12.4","_npmUser":{"name":"eriwen","email":"me@eriwen.com"},"dist":{"shasum":"a567404f598244f6f29ffeed4d24e0d1146ac52a","tarball":"https://registry.npmjs.org/stack-generator/-/stack-generator-1.0.7.tgz"},"directories":{}},"1.1.0":{"name":"stack-generator","description":"Generate artificial backtrace by walking arguments.callee.caller chain","maintainers":[{"name":"eriwen","email":"me@eriwen.com"},{"name":"oliversalzburg","email":"oliver.salzburg@gmail.com"}],"version":"1.1.0","license":"Unlicense","keywords":["stacktrace","error"],"homepage":"https://www.stacktracejs.com","repository":{"type":"git","url":"git://github.com/stacktracejs/stack-generator.git"},"dependencies":{"stackframe":"^1.0.2"},"devDependencies":{"colors":"^1.1.2","del":"^2.2.0","gulp":"^3.9.0","gulp-concat":"^2.6.0","gulp-coveralls":"^0.1.4","gulp-jshint":"^2.0.0","gulp-rename":"^1.2.2","gulp-sourcemaps":"^1.6.0","gulp-uglify":"^1.5.1","jasmine":"^2.4.1","jasmine-core":"^2.4.1","jshint":"^2.8.0","karma":"^0.13.15","karma-chrome-launcher":"^0.1.12","karma-coverage":"^0.2.6","karma-firefox-launcher":"^0.1.7","karma-ie-launcher":"^0.2.0","karma-jasmine":"^0.3.6","karma-opera-launcher":"^0.3.0","karma-phantomjs2-launcher":"^0.4.0","karma-safari-launcher":"^0.1.1","karma-sauce-launcher":"^0.2.14","karma-spec-reporter":"0.0.23","run-sequence":"^1.1.5"},"bugs":{"url":"https://github.com/stacktracejs/stack-generator/issues"},"main":"./stack-generator.js","scripts":{"test":"gulp test"},"gitHead":"63c96e381bb7a08e9e9e7e98c3f24109969f19fb","_id":"stack-generator@1.1.0","_shasum":"36f6a920751a6c10f499a13c32cbb5f51a0b8b25","_from":".","_npmVersion":"2.10.1","_nodeVersion":"0.12.4","_npmUser":{"name":"eriwen","email":"me@eriwen.com"},"dist":{"shasum":"36f6a920751a6c10f499a13c32cbb5f51a0b8b25","tarball":"https://registry.npmjs.org/stack-generator/-/stack-generator-1.1.0.tgz"},"directories":{}},"2.0.0":{"name":"stack-generator","description":"Generate artificial backtrace by walking arguments.callee.caller chain","maintainers":[{"name":"eriwen","email":"me@eriwen.com"},{"name":"oliversalzburg","email":"oliver.salzburg@gmail.com"}],"version":"2.0.0","license":"Unlicense","keywords":["stacktrace","error"],"homepage":"https://www.stacktracejs.com","repository":{"type":"git","url":"git://github.com/stacktracejs/stack-generator.git"},"dependencies":{"stackframe":"^1.0.2"},"devDependencies":{"colors":"^1.1.2","del":"^2.2.0","gulp":"^3.9.0","gulp-concat":"^2.6.0","gulp-coveralls":"^0.1.4","gulp-jshint":"^2.0.0","gulp-rename":"^1.2.2","gulp-sourcemaps":"^1.6.0","gulp-uglify":"^1.5.1","jasmine":"^2.4.1","jasmine-core":"^2.4.1","jscs":"^2.9.0","jshint":"^2.8.0","karma":"^0.13.15","karma-chrome-launcher":"^0.1.12","karma-coverage":"^0.5.3","karma-firefox-launcher":"^0.1.7","karma-ie-launcher":"^0.2.0","karma-jasmine":"^0.3.6","karma-opera-launcher":"^0.3.0","karma-phantomjs2-launcher":"^0.4.0","karma-safari-launcher":"^0.1.1","karma-sauce-launcher":"^0.2.14","karma-spec-reporter":"0.0.23","run-sequence":"^1.1.5"},"bugs":{"url":"https://github.com/stacktracejs/stack-generator/issues"},"main":"./stack-generator.js","scripts":{"test":"gulp test"},"gitHead":"5f26496ba247972c36ff89f14e9c248f7825d22b","_id":"stack-generator@2.0.0","_shasum":"932dc3749494f44fe66c614a2339fb9ec0409cbf","_from":".","_npmVersion":"3.10.3","_nodeVersion":"6.3.1","_npmUser":{"name":"eriwen","email":"me@eriwen.com"},"dist":{"shasum":"932dc3749494f44fe66c614a2339fb9ec0409cbf","tarball":"https://registry.npmjs.org/stack-generator/-/stack-generator-2.0.0.tgz"},"_npmOperationalInternal":{"host":"packages-12-west.internal.npmjs.com","tmp":"tmp/stack-generator-2.0.0.tgz_1480112636820_0.9903666977770627"},"directories":{}},"2.0.1":{"name":"stack-generator","description":"Generate artificial backtrace by walking arguments.callee.caller chain","maintainers":[{"name":"eriwen","email":"me@eriwen.com"}],"version":"2.0.1","license":"MIT","keywords":["stacktrace","error"],"homepage":"https://www.stacktracejs.com","repository":{"type":"git","url":"git://github.com/stacktracejs/stack-generator.git"},"dependencies":{"stackframe":"^1.0.3"},"devDependencies":{"colors":"^1.1.2","del":"^2.2.0","gulp":"^3.9.0","gulp-concat":"^2.6.0","gulp-coveralls":"^0.1.4","gulp-jshint":"^2.0.0","gulp-rename":"^1.2.2","gulp-sourcemaps":"^1.6.0","gulp-uglify":"^1.5.1","jasmine":"^2.4.1","jasmine-core":"^2.4.1","jscs":"^2.9.0","jshint":"^2.8.0","karma":"^0.13.15","karma-chrome-launcher":"^0.1.12","karma-coverage":"^0.5.3","karma-firefox-launcher":"^0.1.7","karma-ie-launcher":"^0.2.0","karma-jasmine":"^0.3.6","karma-opera-launcher":"^0.3.0","karma-phantomjs2-launcher":"^0.4.0","karma-safari-launcher":"^0.1.1","karma-sauce-launcher":"^0.2.14","karma-spec-reporter":"0.0.23","run-sequence":"^1.1.5"},"bugs":{"url":"https://github.com/stacktracejs/stack-generator/issues"},"main":"./stack-generator.js","scripts":{"test":"gulp test"},"gitHead":"ed07bc34aa2d859c24fc221cfc8b6cea7d2f6cf6","_id":"stack-generator@2.0.1","_shasum":"b37d8b0d9a2a6e52c06cc8e185f98f199fb63804","_from":".","_npmVersion":"3.10.3","_nodeVersion":"6.3.1","_npmUser":{"name":"eriwen","email":"me@eriwen.com"},"dist":{"shasum":"b37d8b0d9a2a6e52c06cc8e185f98f199fb63804","tarball":"https://registry.npmjs.org/stack-generator/-/stack-generator-2.0.1.tgz"},"_npmOperationalInternal":{"host":"packages-18-east.internal.npmjs.com","tmp":"tmp/stack-generator-2.0.1.tgz_1493521421988_0.7186834709718823"},"directories":{}}},"readme":"stack-generator\n===============\n[![Build Status](https://travis-ci.org/stacktracejs/stack-generator.svg?branch=master)](https://travis-ci.org/stacktracejs/stack-generator) [![Coverage Status](https://img.shields.io/coveralls/stacktracejs/stack-generator.svg)](https://coveralls.io/r/stacktracejs/stack-generator) [![GitHub license](https://img.shields.io/github/license/stacktracejs/stack-generator.svg)](https://opensource.org/licenses/MIT)\n\nGenerate artificial backtrace by walking arguments.callee.caller chain. **Works everywhere except strict-mode**.\n\n## Usage\n```\nStackGenerator.backtrace()\n\n=> [StackFrame({functionName: 'foo', args: []}), StackFrame(..), StackFrame(..)]\n```\n\n## Installation\n```\nnpm install stack-generator\nbower install stack-generator\nhttps://raw.githubusercontent.com/stacktracejs/stack-generator/master/dist/stack-generator.min.js\n```\n\n## Browser Support\n[![Sauce Test Status](https://saucelabs.com/browser-matrix/stacktracejs.svg)](https://saucelabs.com/u/stacktracejs)\n\n## Contributing\nWant to be listed as a *Contributor*? Start with the [Contributing Guide](CONTRIBUTING.md)!\n\n## License\nThis project is licensed to the [Public Domain](http://unlicense.org)\n","maintainers":[{"name":"eriwen","email":"me@eriwen.com"}],"time":{"modified":"2017-04-30T03:03:43.758Z","created":"2014-10-08T02:41:03.672Z","0.1.0":"2014-10-08T02:45:35.216Z","1.0.0":"2014-11-02T04:15:47.782Z","1.0.1":"2014-11-17T03:08:39.788Z","1.0.2":"2014-11-29T18:06:10.884Z","1.0.3":"2015-01-19T18:15:36.906Z","1.0.5":"2015-08-11T02:09:19.125Z","1.0.6":"2015-09-21T00:59:03.685Z","1.0.7":"2015-09-27T04:23:08.442Z","1.1.0":"2016-01-02T01:59:03.611Z","2.0.0":"2016-11-25T22:23:58.790Z","2.0.1":"2017-04-30T03:03:43.758Z"},"readmeFilename":"README.md","homepage":"https://www.stacktracejs.com","keywords":["stacktrace","error"],"repository":{"type":"git","url":"git://github.com/stacktracejs/stack-generator.git"},"bugs":{"url":"https://github.com/stacktracejs/stack-generator/issues"},"license":"MIT","_attachments":{},"_etag":"W/\"5905540f-4a42\"","_lastModified":"Sun, 30 Apr 2017 03:03:43 GMT","_cached":true}