{"_id":"string-argv","_rev":"14-7e118c740235caf2a53fa31683a7c304","name":"string-argv","description":"string-argv parses a string into an argument array to mimic process.argv. This is useful when testing Command Line Utilities that you want to pass arguments to.","dist-tags":{"latest":"0.0.2"},"versions":{"0.0.1":{"name":"string-argv","description":"string-argv parses a string into an argument array to mimic process.argv. This is useful when testing Command Line Utilities that you want to pass arguments to.","version":"0.0.1","author":{"name":"Anthony McCormick","email":"anthony.mccormick AT gmail.com"},"keywords":["logger"],"scripts":{"test":"./node_modules/jasmine-node/bin/jasmine-node test/ --verbose --color --captureExceptions"},"main":"index","engines":{"node":">=0.6.19"},"bugs":{"url":"https://github.com/mccormicka/string-argv/issues"},"repository":{"type":"git","url":"https://github.com/mccormicka/string-argv"},"homepage":"https://github.com/mccormicka/string-argv","dependencies":{"bunyan":"~0.22.1"},"devDependencies":{"grunt":"0.4.1","jasmine-node":"https://github.com/mccormicka/jasmine-node/archive/exclusive-tests.tar.gz","grunt-contrib-watch":"0.3.1","grunt-contrib-jshint":"0.4.3","grunt-jasmine-node":"~0.1.0"},"_id":"string-argv@0.0.1","dist":{"shasum":"9c33d59975e6ed920101a6227bba78076b690418","tarball":"https://registry.npmjs.org/string-argv/-/string-argv-0.0.1.tgz"},"_from":".","_npmVersion":"1.3.17","_npmUser":{"name":"mccormicka","email":"anthony.mccormick@gmail.com"},"maintainers":[{"name":"mccormicka","email":"anthony.mccormick@gmail.com"}],"directories":{}},"0.0.2":{"name":"string-argv","description":"string-argv parses a string into an argument array to mimic process.argv. This is useful when testing Command Line Utilities that you want to pass arguments to.","version":"0.0.2","author":{"name":"Anthony McCormick","email":"anthony.mccormick AT gmail.com"},"license":"MIT","keywords":["logger"],"scripts":{"lint":"eslint .","test":"jasmine JASMINE_CONFIG_PATH=test/config.json --verbose --color --captureExceptions && npm run lint"},"main":"index","engines":{"node":">=0.6.19"},"bugs":{"url":"https://github.com/mccormicka/string-argv/issues"},"repository":{"type":"git","url":"git+https://github.com/mccormicka/string-argv.git"},"homepage":"https://github.com/mccormicka/string-argv","dependencies":{},"devDependencies":{"eslint":"^2.0.0","eslint-config-cellule":"^3.0.0","jasmine":"^2.4.1"},"gitHead":"2cc695ff92c5cff134545c780520069ecdc475e6","_id":"string-argv@0.0.2","_shasum":"dac30408690c21f3c3630a3ff3a05877bdcbd736","_from":".","_npmVersion":"3.6.0","_nodeVersion":"5.6.0","_npmUser":{"name":"cellule","email":"mike.ferris@hotmail.com"},"dist":{"shasum":"dac30408690c21f3c3630a3ff3a05877bdcbd736","tarball":"https://registry.npmjs.org/string-argv/-/string-argv-0.0.2.tgz"},"maintainers":[{"name":"cellule","email":"mike.ferris@hotmail.com"},{"name":"mccormicka","email":"anthony.mccormick@gmail.com"}],"_npmOperationalInternal":{"host":"packages-13-west.internal.npmjs.com","tmp":"tmp/string-argv-0.0.2.tgz_1457662502932_0.01783936657011509"},"directories":{}}},"readme":"\r\n#What is it?\r\nstring-argv parses a string into an argument array to mimic process.argv.\r\nThis is useful when testing Command Line Utilities that you want to pass arguments to and is the opposite of what the other argv utilities do.\r\n\r\n#Installation\r\n\r\n```\r\nnpm install string-argv --save\r\n```\r\n\r\n#Usage\r\n\r\n```js\r\nvar stringArgv = require('string-argv');\r\nvar args = stringArgv(\r\n    '-testing test -valid=true --quotes \"test quotes\" \"nested \\'quotes\\'\" --key=\"some value\" --title=\"Peter\\'s Friends\"',\r\n    'node',\r\n    'testing.js'\r\n);\r\n\r\n//legacy\r\nvar args2 = stringArgv.parseArgsStringToArgv(\r\n    '-testing test -valid=true --quotes \"test quotes\" \"nested \\'quotes\\'\" --key=\"some value\" --title=\"Peter\\'s Friends\"',\r\n    'node',\r\n    'testing.js'\r\n);\r\n\r\nconsole.log(args);\r\n/** output\r\n[ 'node',\r\n  'testing.js',\r\n  '-testing',\r\n  'test',\r\n  '-valid=true',\r\n  '--quotes',\r\n  'test quotes',\r\n  'nested \\'quotes\\'',\r\n  '--key=\"some value\"',\r\n  '--title=\"Peter\\'s Friends\"' ]\r\n  **/\r\n```\r\n\r\n##params\r\n\r\n__required__: __arguments__ String: arguments that you would normally pass to the command line.\r\n\r\n__optional__: __environment__ String: Adds to the environment position in the argv array. If ommitted then there is no need to call argv.split(2) to remove the environment/file values. However if your cli.parse method expects a valid argv value then you should include this value.\r\n\r\n__optional__: __file__ String: file that called the arguments. If omitted then there is no need to call argv.split(2) to remove the environment/file values. However if your cli.parse method expects a valid argv value then you should include this value.\r\n","maintainers":[{"name":"cellule","email":"mike.ferris@hotmail.com"},{"name":"mccormicka","email":"anthony.mccormick@gmail.com"}],"time":{"modified":"2017-04-16T16:00:20.957Z","created":"2014-02-04T09:45:57.903Z","0.0.1":"2014-02-04T09:46:07.100Z","0.0.2":"2016-03-11T02:15:03.394Z"},"readmeFilename":"README.md","author":{"name":"Anthony McCormick","email":"anthony.mccormick AT gmail.com"},"repository":{"type":"git","url":"git+https://github.com/mccormicka/string-argv.git"},"users":{"gliviu":true,"dylanh724":true},"homepage":"https://github.com/mccormicka/string-argv","keywords":["logger"],"bugs":{"url":"https://github.com/mccormicka/string-argv/issues"},"license":"MIT","_attachments":{},"_etag":"W/\"58f39514-15de\"","_lastModified":"Sun, 16 Apr 2017 16:00:20 GMT","_cached":true}