{"_id":"v8flags","_rev":"49-8d9ea91f8256bfa124859d9c5ef0ea79","name":"v8flags","description":"Get available v8 flags.","dist-tags":{"latest":"2.1.1"},"versions":{"0.1.0":{"name":"v8flags","description":"List available v8 flags.","version":"0.1.0","homepage":"https://github.com/tkellen/node-v8flags","author":{"name":"Tyler Kellen","url":"http://goingslowly.com/"},"repository":{"type":"git","url":"git://github.com/tkellen/node-v8flags.git"},"bugs":{"url":"https://github.com/tkellen/node-v8flags/issues"},"licenses":[{"type":"MIT","url":"https://github.com/tkellen/node-v8flags/blob/master/LICENSE"}],"main":"index.js","engines":{"node":">= 0.8.0"},"keywords":["v8 flags","harmony flags"],"_id":"v8flags@0.1.0","dist":{"shasum":"9dc38a732a026f75f1002d867b12b4ec93de9180","tarball":"https://registry.npmjs.org/v8flags/-/v8flags-0.1.0.tgz"},"_from":".","_npmVersion":"1.4.3","_npmUser":{"name":"tkellen","email":"tyler@sleekcode.net"},"maintainers":[{"name":"tkellen","email":"tyler@sleekcode.net"}],"directories":{}},"0.2.0":{"name":"v8flags","description":"List available v8 flags.","version":"0.2.0","homepage":"https://github.com/tkellen/node-v8flags","author":{"name":"Tyler Kellen","url":"http://goingslowly.com/"},"repository":{"type":"git","url":"git://github.com/tkellen/node-v8flags.git"},"bugs":{"url":"https://github.com/tkellen/node-v8flags/issues"},"licenses":[{"type":"MIT","url":"https://github.com/tkellen/node-v8flags/blob/master/LICENSE"}],"main":"index.js","engines":{"node":">= 0.8.0"},"keywords":["v8 flags","harmony flags"],"_id":"v8flags@0.2.0","dist":{"shasum":"6423d61ff5d340387f3a5779f6cc871d11024d0f","tarball":"https://registry.npmjs.org/v8flags/-/v8flags-0.2.0.tgz"},"_from":".","_npmVersion":"1.3.25","_npmUser":{"name":"tkellen","email":"tyler@sleekcode.net"},"maintainers":[{"name":"tkellen","email":"tyler@sleekcode.net"}],"directories":{}},"0.3.0":{"name":"v8flags","description":"List available v8 flags.","version":"0.3.0","homepage":"https://github.com/tkellen/node-v8flags","author":{"name":"Tyler Kellen","url":"http://goingslowly.com/"},"repository":{"type":"git","url":"git://github.com/tkellen/node-v8flags.git"},"bugs":{"url":"https://github.com/tkellen/node-v8flags/issues"},"licenses":[{"type":"MIT","url":"https://github.com/tkellen/node-v8flags/blob/master/LICENSE"}],"main":"index.js","engines":{"node":">= 0.8.0"},"keywords":["v8 flags","harmony flags"],"_id":"v8flags@0.3.0","dist":{"shasum":"925b46a1730111810340a28101d5bf6cd6bb3c69","tarball":"https://registry.npmjs.org/v8flags/-/v8flags-0.3.0.tgz"},"_from":".","_npmVersion":"1.3.25","_npmUser":{"name":"tkellen","email":"tyler@sleekcode.net"},"maintainers":[{"name":"tkellen","email":"tyler@sleekcode.net"}],"directories":{}},"1.0.0":{"name":"v8flags","description":"Get available v8 flags.","version":"1.0.0","homepage":"https://github.com/tkellen/node-v8flags","author":{"name":"Tyler Kellen","url":"http://goingslowly.com/"},"repository":{"type":"git","url":"git://github.com/tkellen/node-v8flags.git"},"bugs":{"url":"https://github.com/tkellen/node-v8flags/issues"},"licenses":[{"type":"MIT","url":"https://github.com/tkellen/node-v8flags/blob/master/LICENSE"}],"scripts":{"install":"node fetch.js","test":"mocha -R spec test.js"},"main":"index.js","engines":{"node":">= 0.8.0"},"keywords":["v8 flags","harmony flags"],"devDependencies":{"chai":"~1.9.1","mocha":"~1.21.4"},"_id":"v8flags@1.0.0","_shasum":"1aba827b65a186f44228392d176ba699849eb1e3","_from":".","_npmVersion":"1.4.9","_npmUser":{"name":"tkellen","email":"tyler@sleekcode.net"},"maintainers":[{"name":"tkellen","email":"tyler@sleekcode.net"}],"dist":{"shasum":"1aba827b65a186f44228392d176ba699849eb1e3","tarball":"https://registry.npmjs.org/v8flags/-/v8flags-1.0.0.tgz"},"directories":{}},"1.0.1":{"name":"v8flags","description":"Get available v8 flags.","version":"1.0.1","homepage":"https://github.com/tkellen/node-v8flags","author":{"name":"Tyler Kellen","url":"http://goingslowly.com/"},"repository":{"type":"git","url":"git://github.com/tkellen/node-v8flags.git"},"bugs":{"url":"https://github.com/tkellen/node-v8flags/issues"},"licenses":[{"type":"MIT","url":"https://github.com/tkellen/node-v8flags/blob/master/LICENSE"}],"scripts":{"install":"node fetch.js","test":"mocha -R spec test.js"},"main":"index.js","engines":{"node":">= 0.8.0"},"keywords":["v8 flags","harmony flags"],"devDependencies":{"chai":"~1.9.1","mocha":"~1.21.4"},"_id":"v8flags@1.0.1","_shasum":"a35328d86fd040ef9cdeed5387a8e5bcb25216ec","_from":".","_npmVersion":"1.4.9","_npmUser":{"name":"tkellen","email":"tyler@sleekcode.net"},"maintainers":[{"name":"tkellen","email":"tyler@sleekcode.net"}],"dist":{"shasum":"a35328d86fd040ef9cdeed5387a8e5bcb25216ec","tarball":"https://registry.npmjs.org/v8flags/-/v8flags-1.0.1.tgz"},"directories":{}},"1.0.2":{"name":"v8flags","description":"Get available v8 flags.","version":"1.0.2","homepage":"https://github.com/tkellen/node-v8flags","author":{"name":"Tyler Kellen","url":"http://goingslowly.com/"},"repository":{"type":"git","url":"git://github.com/tkellen/node-v8flags.git"},"bugs":{"url":"https://github.com/tkellen/node-v8flags/issues"},"licenses":[{"type":"MIT","url":"https://github.com/tkellen/node-v8flags/blob/master/LICENSE"}],"scripts":{"install":"node fetch.js","test":"mocha -R spec test.js"},"main":"index.js","engines":{"node":">= 0.8.0"},"keywords":["v8 flags","harmony flags"],"devDependencies":{"chai":"~1.9.1","mocha":"~1.21.4"},"gitHead":"5b645bfd6bdb20d7b4635727d0862bf7e1fb0767","_id":"v8flags@1.0.2","_shasum":"14f276d3aa747373b1cb7e09e33de49bcc4235b9","_from":".","_npmVersion":"2.0.0","_npmUser":{"name":"tkellen","email":"tyler@sleekcode.net"},"maintainers":[{"name":"tkellen","email":"tyler@sleekcode.net"}],"dist":{"shasum":"14f276d3aa747373b1cb7e09e33de49bcc4235b9","tarball":"https://registry.npmjs.org/v8flags/-/v8flags-1.0.2.tgz"},"directories":{}},"1.0.3":{"name":"v8flags","description":"Get available v8 flags.","version":"1.0.3","homepage":"https://github.com/tkellen/node-v8flags","author":{"name":"Tyler Kellen","url":"http://goingslowly.com/"},"repository":{"type":"git","url":"git://github.com/tkellen/node-v8flags.git"},"bugs":{"url":"https://github.com/tkellen/node-v8flags/issues"},"licenses":[{"type":"MIT","url":"https://github.com/tkellen/node-v8flags/blob/master/LICENSE"}],"scripts":{"install":"node fetch.js","test":"mocha -R spec test.js"},"main":"index.js","engines":{"node":">= 0.8.0"},"keywords":["v8 flags","harmony flags"],"devDependencies":{"chai":"~1.9.1","mocha":"~1.21.4"},"gitHead":"e864a84173b7932f5aecec8e1e3e5cd4b8605066","_id":"v8flags@1.0.3","_shasum":"f0c1dda32739afd4d0a3cd8b3502731d0d893db5","_from":".","_npmVersion":"2.0.0","_npmUser":{"name":"tkellen","email":"tyler@sleekcode.net"},"maintainers":[{"name":"tkellen","email":"tyler@sleekcode.net"}],"dist":{"shasum":"f0c1dda32739afd4d0a3cd8b3502731d0d893db5","tarball":"https://registry.npmjs.org/v8flags/-/v8flags-1.0.3.tgz"},"directories":{}},"1.0.4":{"name":"v8flags","description":"Get available v8 flags.","version":"1.0.4","homepage":"https://github.com/tkellen/node-v8flags","author":{"name":"Tyler Kellen","url":"http://goingslowly.com/"},"repository":{"type":"git","url":"git://github.com/tkellen/node-v8flags.git"},"bugs":{"url":"https://github.com/tkellen/node-v8flags/issues"},"licenses":[{"type":"MIT","url":"https://github.com/tkellen/node-v8flags/blob/master/LICENSE"}],"scripts":{"install":"node fetch.js","test":"mocha -R spec test.js"},"main":"index.js","engines":{"node":">= 0.8.0"},"keywords":["v8 flags","harmony flags"],"devDependencies":{"chai":"~1.9.1","mocha":"~1.21.4"},"gitHead":"876f34f5aac11b91236b3b0165374905517eca32","_id":"v8flags@1.0.4","_shasum":"f006d9cd0acb71bf24df88941333b0f94cdf713e","_from":".","_npmVersion":"2.0.0","_npmUser":{"name":"tkellen","email":"tyler@sleekcode.net"},"maintainers":[{"name":"tkellen","email":"tyler@sleekcode.net"}],"dist":{"shasum":"f006d9cd0acb71bf24df88941333b0f94cdf713e","tarball":"https://registry.npmjs.org/v8flags/-/v8flags-1.0.4.tgz"},"directories":{}},"1.0.5":{"name":"v8flags","description":"Get available v8 flags.","version":"1.0.5","homepage":"https://github.com/tkellen/node-v8flags","author":{"name":"Tyler Kellen","url":"http://goingslowly.com/"},"repository":{"type":"git","url":"git://github.com/tkellen/node-v8flags.git"},"bugs":{"url":"https://github.com/tkellen/node-v8flags/issues"},"licenses":[{"type":"MIT","url":"https://github.com/tkellen/node-v8flags/blob/master/LICENSE"}],"scripts":{"install":"node fetch.js","test":"mocha -R spec test.js"},"main":"index.js","engines":{"node":">= 0.8.0"},"keywords":["v8 flags","harmony flags"],"devDependencies":{"chai":"~1.9.1","mocha":"~1.21.4"},"gitHead":"c226729ce57263632abba56c2b6b4733bc2bba9e","_id":"v8flags@1.0.5","_shasum":"d352362031d3286bcd906da45fe27a3b760e38e5","_from":".","_npmVersion":"2.0.0","_npmUser":{"name":"tkellen","email":"tyler@sleekcode.net"},"maintainers":[{"name":"tkellen","email":"tyler@sleekcode.net"}],"dist":{"shasum":"d352362031d3286bcd906da45fe27a3b760e38e5","tarball":"https://registry.npmjs.org/v8flags/-/v8flags-1.0.5.tgz"},"directories":{}},"1.0.6":{"name":"v8flags","description":"Get available v8 flags.","version":"1.0.6","homepage":"https://github.com/tkellen/node-v8flags","author":{"name":"Tyler Kellen","url":"http://goingslowly.com/"},"repository":{"type":"git","url":"git://github.com/tkellen/node-v8flags.git"},"bugs":{"url":"https://github.com/tkellen/node-v8flags/issues"},"licenses":[{"type":"MIT","url":"https://github.com/tkellen/node-v8flags/blob/master/LICENSE"}],"scripts":{"install":"node fetch.js","test":"mocha -R spec test.js"},"main":"index.js","engines":{"node":">= 0.8.0"},"keywords":["v8 flags","harmony flags"],"devDependencies":{"chai":"~1.9.1","mocha":"~1.21.4"},"gitHead":"7b528d0d8aa9dad756e1686e91c43a2f150dfe8d","_id":"v8flags@1.0.6","_shasum":"dc6b3d3347fabd196fad52b996059168918241b1","_from":".","_npmVersion":"2.0.0","_npmUser":{"name":"tkellen","email":"tyler@sleekcode.net"},"maintainers":[{"name":"tkellen","email":"tyler@sleekcode.net"}],"dist":{"shasum":"dc6b3d3347fabd196fad52b996059168918241b1","tarball":"https://registry.npmjs.org/v8flags/-/v8flags-1.0.6.tgz"},"directories":{}},"1.0.7":{"name":"v8flags","description":"Get available v8 flags.","version":"1.0.7","homepage":"https://github.com/tkellen/node-v8flags","author":{"name":"Tyler Kellen","url":"http://goingslowly.com/"},"repository":{"type":"git","url":"git://github.com/tkellen/node-v8flags.git"},"bugs":{"url":"https://github.com/tkellen/node-v8flags/issues"},"licenses":[{"type":"MIT","url":"https://github.com/tkellen/node-v8flags/blob/master/LICENSE"}],"scripts":{"install":"node fetch.js","test":"mocha -R spec test.js"},"main":"index.js","engines":{"node":">= 0.8.0"},"keywords":["v8 flags","harmony flags"],"devDependencies":{"chai":"~1.9.1","mocha":"~1.21.4"},"_id":"v8flags@1.0.7","dist":{"shasum":"74088c09192d8e56c388aa0f91fb78e16c78e462","tarball":"https://registry.npmjs.org/v8flags/-/v8flags-1.0.7.tgz"},"_from":".","_npmVersion":"1.2.12","_npmUser":{"name":"tkellen","email":"tyler@sleekcode.net"},"maintainers":[{"name":"tkellen","email":"tyler@sleekcode.net"}],"directories":{}},"1.0.8":{"name":"v8flags","description":"Get available v8 flags.","version":"1.0.8","homepage":"https://github.com/tkellen/node-v8flags","author":{"name":"Tyler Kellen","url":"http://goingslowly.com/"},"repository":{"type":"git","url":"git://github.com/tkellen/node-v8flags.git"},"bugs":{"url":"https://github.com/tkellen/node-v8flags/issues"},"licenses":[{"type":"MIT","url":"https://github.com/tkellen/node-v8flags/blob/master/LICENSE"}],"scripts":{"install":"node fetch.js","test":"mocha -R spec test.js"},"main":"index.js","engines":{"node":">= 0.8.0"},"keywords":["v8 flags","harmony flags"],"devDependencies":{"chai":"~1.9.1","mocha":"~1.21.4"},"gitHead":"0ccf86a1c6550c9b4ec1e3a7be34d9aee0a7a348","_id":"v8flags@1.0.8","_shasum":"7e7aa6119c82e4fb2393ce1ffd2868b35cd91084","_from":".","_npmVersion":"2.0.0","_npmUser":{"name":"tkellen","email":"tyler@sleekcode.net"},"maintainers":[{"name":"tkellen","email":"tyler@sleekcode.net"}],"dist":{"shasum":"7e7aa6119c82e4fb2393ce1ffd2868b35cd91084","tarball":"https://registry.npmjs.org/v8flags/-/v8flags-1.0.8.tgz"},"directories":{}},"2.0.0":{"name":"v8flags","description":"Get available v8 flags.","version":"2.0.0","homepage":"https://github.com/tkellen/node-v8flags","author":{"name":"Tyler Kellen","url":"http://goingslowly.com/"},"repository":{"type":"git","url":"git://github.com/tkellen/node-v8flags.git"},"bugs":{"url":"https://github.com/tkellen/node-v8flags/issues"},"licenses":[{"type":"MIT","url":"https://github.com/tkellen/node-v8flags/blob/master/LICENSE"}],"scripts":{"test":"mocha -R spec test.js"},"main":"index.js","engines":{"node":">= 0.8.0"},"keywords":["v8 flags","harmony flags"],"devDependencies":{"chai":"~1.9.1","mocha":"~1.21.4"},"gitHead":"1eca90555c9a9e3d3c22f46b1c3ed9f5ecd36fea","_id":"v8flags@2.0.0","_shasum":"8130af3064b98d520915ac5096d6033663213c45","_from":".","_npmVersion":"2.1.18","_nodeVersion":"0.10.32","_npmUser":{"name":"tkellen","email":"tyler@sleekcode.net"},"maintainers":[{"name":"tkellen","email":"tyler@sleekcode.net"}],"dist":{"shasum":"8130af3064b98d520915ac5096d6033663213c45","tarball":"https://registry.npmjs.org/v8flags/-/v8flags-2.0.0.tgz"},"directories":{}},"2.0.2":{"name":"v8flags","description":"Get available v8 flags.","version":"2.0.2","homepage":"https://github.com/tkellen/node-v8flags","author":{"name":"Tyler Kellen","url":"http://goingslowly.com/"},"repository":{"type":"git","url":"git://github.com/tkellen/node-v8flags.git"},"bugs":{"url":"https://github.com/tkellen/node-v8flags/issues"},"licenses":[{"type":"MIT","url":"https://github.com/tkellen/node-v8flags/blob/master/LICENSE"}],"scripts":{"test":"mocha -R spec test.js"},"main":"index.js","engines":{"node":">= 0.10.0"},"keywords":["v8 flags","harmony flags"],"devDependencies":{"chai":"~1.9.1","mocha":"~1.21.4"},"gitHead":"6e6cf1ee382b3499b809817a707de4cfcfcb7f24","_id":"v8flags@2.0.2","_shasum":"915730856e88547f8d023cfc07a671aff43adac4","_from":".","_npmVersion":"2.1.18","_nodeVersion":"0.10.32","_npmUser":{"name":"tkellen","email":"tyler@sleekcode.net"},"maintainers":[{"name":"tkellen","email":"tyler@sleekcode.net"},{"name":"phated","email":"blaine@iceddev.com"}],"dist":{"shasum":"915730856e88547f8d023cfc07a671aff43adac4","tarball":"https://registry.npmjs.org/v8flags/-/v8flags-2.0.2.tgz"},"directories":{}},"2.0.3":{"name":"v8flags","description":"Get available v8 flags.","version":"2.0.3","homepage":"https://github.com/tkellen/node-v8flags","author":{"name":"Tyler Kellen","url":"http://goingslowly.com/"},"repository":{"type":"git","url":"git://github.com/tkellen/node-v8flags.git"},"bugs":{"url":"https://github.com/tkellen/node-v8flags/issues"},"licenses":[{"type":"MIT","url":"https://github.com/tkellen/node-v8flags/blob/master/LICENSE"}],"scripts":{"test":"mocha -R spec test.js"},"main":"index.js","engines":{"node":">= 0.10.0"},"keywords":["v8 flags","harmony flags"],"devDependencies":{"chai":"~1.9.1","mocha":"~1.21.4"},"dependencies":{"user-home":"^1.1.1"},"gitHead":"72c6754ff846605e59d5d01c568dbc19071183d4","_id":"v8flags@2.0.3","_shasum":"4235e6090e078373ab3f2960c52bebd37e41854c","_from":".","_npmVersion":"2.7.4","_nodeVersion":"0.12.1","_npmUser":{"name":"tkellen","email":"tyler@sleekcode.net"},"maintainers":[{"name":"tkellen","email":"tyler@sleekcode.net"},{"name":"phated","email":"blaine@iceddev.com"}],"dist":{"shasum":"4235e6090e078373ab3f2960c52bebd37e41854c","tarball":"https://registry.npmjs.org/v8flags/-/v8flags-2.0.3.tgz"},"directories":{}},"2.0.4":{"name":"v8flags","description":"Get available v8 flags.","version":"2.0.4","homepage":"https://github.com/tkellen/node-v8flags","author":{"name":"Tyler Kellen","url":"http://goingslowly.com/"},"repository":{"type":"git","url":"git://github.com/tkellen/node-v8flags.git"},"bugs":{"url":"https://github.com/tkellen/node-v8flags/issues"},"licenses":[{"type":"MIT","url":"https://github.com/tkellen/node-v8flags/blob/master/LICENSE"}],"scripts":{"test":"mocha -R spec test.js"},"main":"index.js","engines":{"node":">= 0.10.0"},"keywords":["v8 flags","harmony flags"],"devDependencies":{"async":"^0.9.0","chai":"~1.9.1","mocha":"~1.21.4"},"dependencies":{"user-home":"^1.1.1"},"gitHead":"db26810c9962df245b9ee7da524d6e31de6224b9","_id":"v8flags@2.0.4","_shasum":"6fe4fb1d6ae704a4a749c0e63908cf40a07c49c5","_from":".","_npmVersion":"2.7.4","_nodeVersion":"0.12.2","_npmUser":{"name":"tkellen","email":"tyler@sleekcode.net"},"dist":{"shasum":"6fe4fb1d6ae704a4a749c0e63908cf40a07c49c5","tarball":"https://registry.npmjs.org/v8flags/-/v8flags-2.0.4.tgz"},"maintainers":[{"name":"tkellen","email":"tyler@sleekcode.net"},{"name":"phated","email":"blaine@iceddev.com"}],"directories":{}},"2.0.5":{"name":"v8flags","description":"Get available v8 flags.","version":"2.0.5","homepage":"https://github.com/tkellen/node-v8flags","author":{"name":"Tyler Kellen","url":"http://goingslowly.com/"},"repository":{"type":"git","url":"git://github.com/tkellen/node-v8flags.git"},"bugs":{"url":"https://github.com/tkellen/node-v8flags/issues"},"licenses":[{"type":"MIT","url":"https://github.com/tkellen/node-v8flags/blob/master/LICENSE"}],"scripts":{"test":"_mocha -R spec test.js"},"main":"index.js","engines":{"node":">= 0.10.0"},"keywords":["v8 flags","harmony flags"],"devDependencies":{"async":"^0.9.0","chai":"~1.9.1","mocha":"~1.21.4"},"dependencies":{"user-home":"^1.1.1"},"gitHead":"03e6a981dff9a39b0691ec062c2899dbfcc37cbf","_id":"v8flags@2.0.5","_shasum":"006e90eeba5f9c861f34a3b75fdb1fa26f8da629","_from":".","_npmVersion":"2.7.4","_nodeVersion":"0.12.2","_npmUser":{"name":"tkellen","email":"tyler@sleekcode.net"},"dist":{"shasum":"006e90eeba5f9c861f34a3b75fdb1fa26f8da629","tarball":"https://registry.npmjs.org/v8flags/-/v8flags-2.0.5.tgz"},"maintainers":[{"name":"tkellen","email":"tyler@sleekcode.net"},{"name":"phated","email":"blaine@iceddev.com"}],"directories":{}},"2.0.6":{"name":"v8flags","description":"Get available v8 flags.","version":"2.0.6","homepage":"https://github.com/tkellen/node-v8flags","author":{"name":"Tyler Kellen","url":"http://goingslowly.com/"},"repository":{"type":"git","url":"git://github.com/tkellen/node-v8flags.git"},"bugs":{"url":"https://github.com/tkellen/node-v8flags/issues"},"licenses":[{"type":"MIT","url":"https://github.com/tkellen/node-v8flags/blob/master/LICENSE"}],"scripts":{"test":"_mocha -R spec test.js"},"main":"index.js","engines":{"node":">= 0.10.0"},"keywords":["v8 flags","harmony flags"],"devDependencies":{"async":"^0.9.0","chai":"~1.9.1","mocha":"~1.21.4"},"dependencies":{"user-home":"^1.1.1"},"gitHead":"7f97b2a68ff095992bc6292f4a7f394bbd372b40","_id":"v8flags@2.0.6","_shasum":"9b7be0d23d2bf8dbc5cb7588ee162a46610f9617","_from":".","_npmVersion":"2.7.4","_nodeVersion":"0.12.4","_npmUser":{"name":"tkellen","email":"tyler@sleekcode.net"},"maintainers":[{"name":"tkellen","email":"tyler@sleekcode.net"},{"name":"phated","email":"blaine@iceddev.com"}],"dist":{"shasum":"9b7be0d23d2bf8dbc5cb7588ee162a46610f9617","tarball":"https://registry.npmjs.org/v8flags/-/v8flags-2.0.6.tgz"},"directories":{}},"2.0.7":{"name":"v8flags","description":"Get available v8 flags.","version":"2.0.7","homepage":"https://github.com/tkellen/node-v8flags","author":{"name":"Tyler Kellen","url":"http://goingslowly.com/"},"repository":{"type":"git","url":"git://github.com/tkellen/node-v8flags.git"},"bugs":{"url":"https://github.com/tkellen/node-v8flags/issues"},"licenses":[{"type":"MIT","url":"https://github.com/tkellen/node-v8flags/blob/master/LICENSE"}],"scripts":{"test":"_mocha -R spec test.js"},"main":"index.js","engines":{"node":">= 0.10.0"},"keywords":["v8 flags","harmony flags"],"devDependencies":{"async":"^0.9.0","chai":"~1.9.1","mocha":"~1.21.4"},"dependencies":{"user-home":"^1.1.1"},"gitHead":"e2f7f7659251ce57045a626a35d521ea33dc4eac","_id":"v8flags@2.0.7","_shasum":"a584c200ed13d5b8f0ca78c8c0a985e61d4014d1","_from":".","_npmVersion":"2.7.4","_nodeVersion":"0.12.4","_npmUser":{"name":"tkellen","email":"tyler@sleekcode.net"},"maintainers":[{"name":"tkellen","email":"tyler@sleekcode.net"},{"name":"phated","email":"blaine@iceddev.com"}],"dist":{"shasum":"a584c200ed13d5b8f0ca78c8c0a985e61d4014d1","tarball":"https://registry.npmjs.org/v8flags/-/v8flags-2.0.7.tgz"},"directories":{}},"2.0.8":{"name":"v8flags","description":"Get available v8 flags.","version":"2.0.8","homepage":"https://github.com/tkellen/node-v8flags","author":{"name":"Tyler Kellen","url":"http://goingslowly.com/"},"repository":{"type":"git","url":"git://github.com/tkellen/node-v8flags.git"},"bugs":{"url":"https://github.com/tkellen/node-v8flags/issues"},"licenses":[{"type":"MIT","url":"https://github.com/tkellen/node-v8flags/blob/master/LICENSE"}],"scripts":{"test":"_mocha -R spec test.js"},"main":"index.js","engines":{"node":">= 0.10.0"},"keywords":["v8 flags","harmony flags"],"devDependencies":{"async":"^0.9.0","chai":"~1.9.1","mocha":"~1.21.4"},"dependencies":{"user-home":"^1.1.1"},"gitHead":"6fb93b42f31ff1d2f0be29e14721a7ddb6ccb372","_id":"v8flags@2.0.8","_shasum":"bbd6600021ec1f889285389cf9dbd6aaad638e13","_from":".","_npmVersion":"2.7.4","_nodeVersion":"0.12.4","_npmUser":{"name":"tkellen","email":"tyler@sleekcode.net"},"maintainers":[{"name":"tkellen","email":"tyler@sleekcode.net"},{"name":"phated","email":"blaine@iceddev.com"}],"dist":{"shasum":"bbd6600021ec1f889285389cf9dbd6aaad638e13","tarball":"https://registry.npmjs.org/v8flags/-/v8flags-2.0.8.tgz"},"directories":{}},"2.0.9":{"name":"v8flags","description":"Get available v8 flags.","version":"2.0.9","homepage":"https://github.com/tkellen/node-v8flags","author":{"name":"Tyler Kellen","url":"http://goingslowly.com/"},"repository":{"type":"git","url":"git://github.com/tkellen/node-v8flags.git"},"bugs":{"url":"https://github.com/tkellen/node-v8flags/issues"},"licenses":[{"type":"MIT","url":"https://github.com/tkellen/node-v8flags/blob/master/LICENSE"}],"scripts":{"test":"_mocha -R spec test.js"},"main":"index.js","engines":{"node":">= 0.10.0"},"keywords":["v8 flags","harmony flags"],"devDependencies":{"async":"^0.9.0","chai":"~1.9.1","mocha":"~1.21.4"},"dependencies":{"user-home":"^1.1.1"},"gitHead":"b74e923334b9a9e575941cca428d8f6788fe1c30","_id":"v8flags@2.0.9","_shasum":"6191ad59f56ae909c7dd735c2fd43fc2d1ce7159","_from":".","_npmVersion":"2.7.4","_nodeVersion":"0.12.4","_npmUser":{"name":"tkellen","email":"tyler@sleekcode.net"},"maintainers":[{"name":"tkellen","email":"tyler@sleekcode.net"},{"name":"phated","email":"blaine@iceddev.com"}],"dist":{"shasum":"6191ad59f56ae909c7dd735c2fd43fc2d1ce7159","tarball":"https://registry.npmjs.org/v8flags/-/v8flags-2.0.9.tgz"},"directories":{}},"2.0.10":{"name":"v8flags","description":"Get available v8 flags.","version":"2.0.10","homepage":"https://github.com/tkellen/node-v8flags","author":{"name":"Tyler Kellen","url":"http://goingslowly.com/"},"repository":{"type":"git","url":"git://github.com/tkellen/node-v8flags.git"},"bugs":{"url":"https://github.com/tkellen/node-v8flags/issues"},"licenses":[{"type":"MIT","url":"https://github.com/tkellen/node-v8flags/blob/master/LICENSE"}],"scripts":{"test":"_mocha -R spec test.js"},"main":"index.js","engines":{"node":">= 0.10.0"},"keywords":["v8 flags","harmony flags"],"devDependencies":{"async":"^0.9.0","chai":"~1.9.1","mocha":"~1.21.4"},"dependencies":{"user-home":"^1.1.1"},"gitHead":"cecc670923fc1930bea9183478d394e7fe2d8892","_id":"v8flags@2.0.10","_shasum":"64a161374e97491009c78def2f964900e96d9cef","_from":".","_npmVersion":"2.7.4","_nodeVersion":"0.12.4","_npmUser":{"name":"tkellen","email":"tyler@sleekcode.net"},"maintainers":[{"name":"tkellen","email":"tyler@sleekcode.net"},{"name":"phated","email":"blaine@iceddev.com"}],"dist":{"shasum":"64a161374e97491009c78def2f964900e96d9cef","tarball":"https://registry.npmjs.org/v8flags/-/v8flags-2.0.10.tgz"},"directories":{}},"2.0.11":{"name":"v8flags","description":"Get available v8 flags.","version":"2.0.11","homepage":"https://github.com/tkellen/node-v8flags","author":{"name":"Tyler Kellen","url":"http://goingslowly.com/"},"repository":{"type":"git","url":"git://github.com/tkellen/node-v8flags.git"},"bugs":{"url":"https://github.com/tkellen/node-v8flags/issues"},"licenses":[{"type":"MIT","url":"https://github.com/tkellen/node-v8flags/blob/master/LICENSE"}],"scripts":{"test":"_mocha -R spec test.js"},"main":"index.js","engines":{"node":">= 0.10.0"},"keywords":["v8 flags","harmony flags"],"devDependencies":{"async":"^0.9.0","chai":"~1.9.1","mocha":"~1.21.4"},"dependencies":{"user-home":"^1.1.1"},"gitHead":"0f7bb94c6799f4d405e17681218d85df9b0e30c0","_id":"v8flags@2.0.11","_shasum":"bca8f30f0d6d60612cc2c00641e6962d42ae6881","_from":".","_npmVersion":"3.3.12","_nodeVersion":"5.2.0","_npmUser":{"name":"ilikebits","email":"leo@leozhang.me"},"maintainers":[{"name":"ilikebits","email":"leo@leozhang.me"},{"name":"phated","email":"blaine@iceddev.com"},{"name":"tkellen","email":"tyler@sleekcode.net"}],"dist":{"shasum":"bca8f30f0d6d60612cc2c00641e6962d42ae6881","tarball":"https://registry.npmjs.org/v8flags/-/v8flags-2.0.11.tgz"},"directories":{}},"2.0.12":{"name":"v8flags","description":"Get available v8 flags.","version":"2.0.12","homepage":"https://github.com/tkellen/node-v8flags","author":{"name":"Tyler Kellen","url":"http://goingslowly.com/"},"repository":{"type":"git","url":"git://github.com/tkellen/node-v8flags.git"},"bugs":{"url":"https://github.com/tkellen/node-v8flags/issues"},"licenses":[{"type":"MIT","url":"https://github.com/tkellen/node-v8flags/blob/master/LICENSE"}],"scripts":{"test":"_mocha -R spec test.js"},"main":"index.js","engines":{"node":">= 0.10.0"},"keywords":["v8 flags","harmony flags"],"devDependencies":{"async":"^0.9.0","chai":"~1.9.1","mocha":"~1.21.4"},"dependencies":{"user-home":"^1.1.1"},"gitHead":"0cce1eded21ccb793ed009d722bc704c66ed9360","_id":"v8flags@2.0.12","_shasum":"73235d9f7176f8e8833fb286795445f7938d84e5","_from":".","_npmVersion":"4.1.2","_nodeVersion":"7.7.3","_npmUser":{"name":"tkellen","email":"tyler@sleekcode.net"},"dist":{"shasum":"73235d9f7176f8e8833fb286795445f7938d84e5","tarball":"https://registry.npmjs.org/v8flags/-/v8flags-2.0.12.tgz"},"maintainers":[{"name":"ilikebits","email":"leo@leozhang.me"},{"name":"phated","email":"blaine@iceddev.com"},{"name":"tkellen","email":"tyler@sleekcode.net"}],"_npmOperationalInternal":{"host":"packages-12-west.internal.npmjs.com","tmp":"tmp/v8flags-2.0.12.tgz_1490982773096_0.08130623260512948"},"directories":{}},"2.1.0":{"name":"v8flags","description":"Get available v8 flags.","version":"2.1.0","homepage":"https://github.com/tkellen/node-v8flags","author":{"name":"Tyler Kellen","url":"http://goingslowly.com/"},"repository":{"type":"git","url":"git://github.com/tkellen/node-v8flags.git"},"bugs":{"url":"https://github.com/tkellen/node-v8flags/issues"},"licenses":[{"type":"MIT","url":"https://github.com/tkellen/node-v8flags/blob/master/LICENSE"}],"scripts":{"test":"_mocha -R spec test.js"},"main":"index.js","engines":{"node":">= 0.10.0"},"keywords":["v8 flags","harmony flags"],"devDependencies":{"async":"^0.9.0","chai":"~1.9.1","mocha":"~1.21.4"},"dependencies":{"user-home":"^1.1.1"},"gitHead":"f2675aa64e06c8967b6e340b53350d12b1275df5","_id":"v8flags@2.1.0","_shasum":"b21c7b1862261108865cb11aeed833ca53987d8a","_from":".","_npmVersion":"2.15.2","_nodeVersion":"0.10.41","_npmUser":{"name":"phated","email":"blaine.bublitz@gmail.com"},"maintainers":[{"name":"ilikebits","email":"leo@leozhang.me"},{"name":"phated","email":"blaine@iceddev.com"},{"name":"tkellen","email":"tyler@sleekcode.net"}],"dist":{"shasum":"b21c7b1862261108865cb11aeed833ca53987d8a","tarball":"https://registry.npmjs.org/v8flags/-/v8flags-2.1.0.tgz"},"_npmOperationalInternal":{"host":"packages-18-east.internal.npmjs.com","tmp":"tmp/v8flags-2.1.0.tgz_1492550698095_0.2919113750103861"},"directories":{}},"2.1.1":{"name":"v8flags","description":"Get available v8 flags.","version":"2.1.1","homepage":"https://github.com/tkellen/node-v8flags","author":{"name":"Tyler Kellen","url":"http://goingslowly.com/"},"repository":{"type":"git","url":"git://github.com/tkellen/node-v8flags.git"},"bugs":{"url":"https://github.com/tkellen/node-v8flags/issues"},"licenses":[{"type":"MIT","url":"https://github.com/tkellen/node-v8flags/blob/master/LICENSE"}],"scripts":{"test":"_mocha -R spec test.js"},"main":"index.js","engines":{"node":">= 0.10.0"},"keywords":["v8 flags","harmony flags"],"devDependencies":{"async":"^0.9.0","chai":"~1.9.1","mocha":"~1.21.4"},"dependencies":{"user-home":"^1.1.1"},"gitHead":"4c628146efa7eda11df0e10c73b3d8687873569e","_id":"v8flags@2.1.1","_shasum":"aab1a1fa30d45f88dd321148875ac02c0b55e5b4","_from":".","_npmVersion":"2.15.2","_nodeVersion":"0.10.41","_npmUser":{"name":"phated","email":"blaine.bublitz@gmail.com"},"maintainers":[{"name":"ilikebits","email":"leo@leozhang.me"},{"name":"phated","email":"blaine@iceddev.com"},{"name":"tkellen","email":"tyler@sleekcode.net"}],"dist":{"shasum":"aab1a1fa30d45f88dd321148875ac02c0b55e5b4","tarball":"https://registry.npmjs.org/v8flags/-/v8flags-2.1.1.tgz"},"_npmOperationalInternal":{"host":"packages-12-west.internal.npmjs.com","tmp":"tmp/v8flags-2.1.1.tgz_1492553662014_0.08135617268271744"},"directories":{}}},"readme":"# v8flags [![Build Status](https://secure.travis-ci.org/js-cli/js-v8flags.png)](http://travis-ci.org/js-cli/js-v8flags) [![Build status](https://ci.appveyor.com/api/projects/status/9psgmwayx9kpol1a?svg=true)](https://ci.appveyor.com/project/js-cli/js-v8flags)\n> Get available v8 flags.\n\n[![NPM](https://nodei.co/npm/v8flags.png)](https://nodei.co/npm/v8flags/)\n\n## Example\n```js\nconst v8flags = require('v8flags');\n\nv8flags(function (err, results) {\n  console.log(results);  // [ '--use_strict',\n                         //   '--es5_readonly',\n                         //   '--es52_globals',\n                         //   '--harmony_typeof',\n                         //   '--harmony_scoping',\n                         //   '--harmony_modules',\n                         //   '--harmony_proxies',\n                         //   '--harmony_collections',\n                         //   '--harmony',\n                         // ...\n});\n```\n\n## Release History\n\n* 2017-04-18 - v2.1.0 - hash username to support invalid path characters\n* 2017-03-31 - v2.0.12 - don't pollute global namespace\n* 2015-12-07 - v2.0.11 - cache to temp directory if home is present but unwritable\n* 2015-07-28 - v2.0.10 - don't throw for electron runtime, just call back with empty array\n* 2015-06-25 - v2.0.9 - call back with flags even if cache file can't be written\n* 2015-06-15 - v2.0.7 - revert to 2.0.5 behavior.\n* 2015-06-15 - v2.0.6 - store cache file in ~/.cache or ~/AppData/Local depending on platform\n* 2015-04-18 - v2.0.5 - attempt to require config file, if this throws for any reason, fopen w+ and re-create\n* 2015-04-16 - v2.0.4 - when concurrent processes are run and no config exists, don't append to the cached config.\n* 2015-03-31 - v2.0.3 - prefer to store config files in user home over tmp\n* 2015-01-18 - v2.0.2 - keep his dark tentacles contained\n* 2015-01-15 - v2.0.1 - store temp file in `os.tmpdir()`, drop support for node 0.8\n* 2015-01-15 - v2.0.0 - make the stupid thing async\n* 2014-12-22 - v1.0.8 - exclude `--help` flag\n* 2014-12-20 - v1.0.7 - pre-cache flags for every version of node from 0.8 to 0.11\n* 2014-12-09 - v1.0.6 - revert to 1.0.0 behavior\n* 2014-11-26 - v1.0.5 - get node executable from `process.execPath`\n* 2014-11-18 - v1.0.4 - wrap node executable path in quotes\n* 2014-11-17 - v1.0.3 - get node executable during npm install via `process.env.NODE`\n* 2014-11-17 - v1.0.2 - get node executable from `process.env._`\n* 2014-09-03 - v1.0.0 - first major version release\n* 2014-09-02 - v0.3.0 - keep -- in flag names\n* 2014-09-02 - v0.2.0 - cache flags\n* 2014-05-09 - v0.1.0 - initial release\n","maintainers":[{"name":"ilikebits","email":"leo@leozhang.me"},{"name":"phated","email":"blaine@iceddev.com"},{"name":"tkellen","email":"tyler@sleekcode.net"}],"time":{"modified":"2017-04-18T22:14:22.256Z","created":"2014-05-09T14:37:48.387Z","0.1.0":"2014-05-09T14:37:48.387Z","0.2.0":"2014-09-02T08:22:27.023Z","0.3.0":"2014-09-02T08:53:28.892Z","1.0.0":"2014-09-03T19:26:44.140Z","1.0.1":"2014-09-03T19:28:43.365Z","1.0.2":"2014-11-18T04:52:22.684Z","1.0.3":"2014-11-18T05:14:40.811Z","1.0.4":"2014-11-18T06:06:22.510Z","1.0.5":"2014-11-26T18:31:47.532Z","1.0.6":"2014-12-09T06:40:24.994Z","1.0.7":"2014-12-20T13:56:58.755Z","1.0.8":"2014-12-22T15:48:59.914Z","2.0.0":"2015-01-15T14:24:43.739Z","2.0.2":"2015-01-18T17:06:43.998Z","2.0.3":"2015-04-01T00:57:08.284Z","2.0.4":"2015-04-16T23:43:20.570Z","2.0.5":"2015-04-18T07:45:49.540Z","2.0.6":"2015-06-15T15:28:06.432Z","2.0.7":"2015-06-15T16:01:32.037Z","2.0.8":"2015-06-25T19:26:28.066Z","2.0.9":"2015-06-25T19:40:55.503Z","2.0.10":"2015-07-28T12:11:16.886Z","2.0.11":"2015-12-21T19:43:41.533Z","2.0.12":"2017-03-31T17:52:54.842Z","2.1.0":"2017-04-18T21:25:02.879Z","2.1.1":"2017-04-18T22:14:22.256Z"},"homepage":"https://github.com/tkellen/node-v8flags","keywords":["v8 flags","harmony flags"],"repository":{"type":"git","url":"git://github.com/tkellen/node-v8flags.git"},"author":{"name":"Tyler Kellen","url":"http://goingslowly.com/"},"bugs":{"url":"https://github.com/tkellen/node-v8flags/issues"},"readmeFilename":"README.md","users":{"sametsisartenep":true,"simplyianm":true,"montyanderson":true,"awen1983":true,"brainmurder":true},"_attachments":{},"_etag":"W/\"58f68fbe-8345\"","_lastModified":"Tue, 18 Apr 2017 22:14:22 GMT"}