{"_id":"selenium-webdriver","_rev":"237-c931db3b6e8bf94becf0858693961179","name":"selenium-webdriver","description":"The official WebDriver JavaScript bindings from the Selenium project","dist-tags":{"latest":"3.4.0"},"versions":{"2.29.0":{"name":"selenium-webdriver","version":"2.29.0","description":"The official WebDriver JavaScript bindings from the Selenium project","keywords":["automation","selenium","testing","webdriver","webdriverjs"],"homepage":"https://code.google.com/p/selenium/","bugs":"https://code.google.com/p/selenium/issues/list","main":"./index","repository":{"type":"git","url":"https://code.google.com/p/selenium/"},"engines":{"node":">= 0.8.x"},"_id":"selenium-webdriver@2.29.0","dist":{"shasum":"3ce4c8ba82ec15fd72b6596a56e15b37a83dde0c","tarball":"https://registry.npmjs.org/selenium-webdriver/-/selenium-webdriver-2.29.0.tgz"},"_from":".","_npmVersion":"1.2.2","_npmUser":{"name":"jmleyba","email":"jmleyba@gmail.com"},"maintainers":[{"name":"jmleyba","email":"jmleyba@gmail.com"}],"directories":{}},"2.29.1":{"name":"selenium-webdriver","version":"2.29.1","description":"The official WebDriver JavaScript bindings from the Selenium project","keywords":["automation","selenium","testing","webdriver","webdriverjs"],"homepage":"https://code.google.com/p/selenium/","bugs":"https://code.google.com/p/selenium/issues/list","main":"./index","repository":{"type":"git","url":"https://code.google.com/p/selenium/"},"engines":{"node":">= 0.8.x"},"_id":"selenium-webdriver@2.29.1","dist":{"shasum":"c109001a062073996d6f440a6ab9e02bec6949c7","tarball":"https://registry.npmjs.org/selenium-webdriver/-/selenium-webdriver-2.29.1.tgz"},"_from":".","_npmVersion":"1.2.2","_npmUser":{"name":"jmleyba","email":"jmleyba@gmail.com"},"maintainers":[{"name":"jmleyba","email":"jmleyba@gmail.com"}],"directories":{}},"2.30.0":{"name":"selenium-webdriver","version":"2.30.0","description":"The official WebDriver JavaScript bindings from the Selenium project","keywords":["automation","selenium","testing","webdriver","webdriverjs"],"homepage":"https://code.google.com/p/selenium/","bugs":{"url":"https://code.google.com/p/selenium/issues/list"},"main":"./index","repository":{"type":"git","url":"https://code.google.com/p/selenium/"},"engines":{"node":">= 0.8.x"},"_id":"selenium-webdriver@2.30.0","dist":{"shasum":"fdff5a426383a39e2ab4ade26649d949757f3d43","tarball":"https://registry.npmjs.org/selenium-webdriver/-/selenium-webdriver-2.30.0.tgz"},"_from":".","_npmVersion":"1.2.2","_npmUser":{"name":"jmleyba","email":"jmleyba@gmail.com"},"maintainers":[{"name":"jmleyba","email":"jmleyba@gmail.com"}],"directories":{}},"2.31.0":{"name":"selenium-webdriver","version":"2.31.0","description":"The official WebDriver JavaScript bindings from the Selenium project","keywords":["automation","selenium","testing","webdriver","webdriverjs"],"homepage":"https://code.google.com/p/selenium/","bugs":{"url":"https://code.google.com/p/selenium/issues/list"},"main":"./index","repository":{"type":"git","url":"https://code.google.com/p/selenium/"},"engines":{"node":">= 0.8.x"},"_id":"selenium-webdriver@2.31.0","dist":{"shasum":"70d7522747c9fa7df4179ead8077bfb8d310be3d","tarball":"https://registry.npmjs.org/selenium-webdriver/-/selenium-webdriver-2.31.0.tgz"},"_from":".","_npmVersion":"1.2.2","_npmUser":{"name":"jmleyba","email":"jmleyba@gmail.com"},"maintainers":[{"name":"jmleyba","email":"jmleyba@gmail.com"}],"directories":{}},"2.32.0":{"name":"selenium-webdriver","version":"2.32.0","description":"The official WebDriver JavaScript bindings from the Selenium project","keywords":["automation","selenium","testing","webdriver","webdriverjs"],"homepage":"https://code.google.com/p/selenium/","bugs":{"url":"https://code.google.com/p/selenium/issues/list"},"main":"./index","repository":{"type":"git","url":"https://code.google.com/p/selenium/"},"engines":{"node":">= 0.8.x"},"_id":"selenium-webdriver@2.32.0","dist":{"shasum":"5f65744ae03c863c9682ab5a34fb742d588a7251","tarball":"https://registry.npmjs.org/selenium-webdriver/-/selenium-webdriver-2.32.0.tgz"},"_from":".","_npmVersion":"1.2.2","_npmUser":{"name":"jmleyba","email":"jmleyba@gmail.com"},"maintainers":[{"name":"jmleyba","email":"jmleyba@gmail.com"}],"directories":{}},"2.32.1":{"name":"selenium-webdriver","version":"2.32.1","description":"The official WebDriver JavaScript bindings from the Selenium project","keywords":["automation","selenium","testing","webdriver","webdriverjs"],"homepage":"https://code.google.com/p/selenium/","bugs":{"url":"https://code.google.com/p/selenium/issues/list"},"main":"./index","repository":{"type":"git","url":"https://code.google.com/p/selenium/"},"engines":{"node":">= 0.8.x"},"_id":"selenium-webdriver@2.32.1","dist":{"shasum":"148d89ecafd8a972712daf5ac4a452b8c15b58cb","tarball":"https://registry.npmjs.org/selenium-webdriver/-/selenium-webdriver-2.32.1.tgz"},"_from":".","_npmVersion":"1.2.2","_npmUser":{"name":"jmleyba","email":"jmleyba@gmail.com"},"maintainers":[{"name":"jmleyba","email":"jmleyba@gmail.com"}],"directories":{}},"2.33.0":{"name":"selenium-webdriver","version":"2.33.0","description":"The official WebDriver JavaScript bindings from the Selenium project","keywords":["automation","selenium","testing","webdriver","webdriverjs"],"homepage":"https://code.google.com/p/selenium/","bugs":{"url":"https://code.google.com/p/selenium/issues/list"},"main":"./index","repository":{"type":"git","url":"https://code.google.com/p/selenium/"},"engines":{"node":">= 0.8.x"},"_id":"selenium-webdriver@2.33.0","dist":{"shasum":"dcb9f52b3534a6a157aaa8055b6dba7e60b08619","tarball":"https://registry.npmjs.org/selenium-webdriver/-/selenium-webdriver-2.33.0.tgz"},"_from":".","_npmVersion":"1.2.2","_npmUser":{"name":"jmleyba","email":"jmleyba@gmail.com"},"maintainers":[{"name":"jmleyba","email":"jmleyba@gmail.com"}],"directories":{}},"2.34.0":{"name":"selenium-webdriver","version":"2.34.0","description":"The official WebDriver JavaScript bindings from the Selenium project","keywords":["automation","selenium","testing","webdriver","webdriverjs"],"homepage":"https://code.google.com/p/selenium/","bugs":{"url":"https://code.google.com/p/selenium/issues/list"},"main":"./index","repository":{"type":"git","url":"https://code.google.com/p/selenium/"},"engines":{"node":">= 0.8.x"},"devDependencies":{"mocha":"~1.10.0"},"scripts":{"test":"node_modules/mocha/bin/mocha -R list --recursive test"},"_id":"selenium-webdriver@2.34.0","dist":{"shasum":"019396d0e04b60466ad70b49f8d99064e6a73012","tarball":"https://registry.npmjs.org/selenium-webdriver/-/selenium-webdriver-2.34.0.tgz"},"_from":"build/javascript/node/selenium-webdriver/","_npmVersion":"1.2.18","_npmUser":{"name":"jmleyba","email":"jmleyba@gmail.com"},"maintainers":[{"name":"jmleyba","email":"jmleyba@gmail.com"}],"directories":{}},"2.34.1":{"name":"selenium-webdriver","version":"2.34.1","description":"The official WebDriver JavaScript bindings from the Selenium project","keywords":["automation","selenium","testing","webdriver","webdriverjs"],"homepage":"https://code.google.com/p/selenium/","bugs":{"url":"https://code.google.com/p/selenium/issues/list"},"main":"./index","repository":{"type":"git","url":"https://code.google.com/p/selenium/"},"engines":{"node":">= 0.8.x"},"devDependencies":{"mocha":"~1.10.0"},"scripts":{"test":"node_modules/mocha/bin/mocha -R list --recursive test"},"_id":"selenium-webdriver@2.34.1","dist":{"shasum":"fb68a4419f74b750a90efdba74c164bc597217dc","tarball":"https://registry.npmjs.org/selenium-webdriver/-/selenium-webdriver-2.34.1.tgz"},"_from":".","_npmVersion":"1.2.18","_npmUser":{"name":"jmleyba","email":"jmleyba@gmail.com"},"maintainers":[{"name":"jmleyba","email":"jmleyba@gmail.com"}],"directories":{}},"2.35.0":{"name":"selenium-webdriver","version":"2.35.0","description":"The official WebDriver JavaScript bindings from the Selenium project","keywords":["automation","selenium","testing","webdriver","webdriverjs"],"homepage":"https://code.google.com/p/selenium/","bugs":{"url":"https://code.google.com/p/selenium/issues/list"},"main":"./index","repository":{"type":"git","url":"https://code.google.com/p/selenium/"},"engines":{"node":">= 0.8.x"},"devDependencies":{"mocha":"~1.10.0"},"scripts":{"test":"node_modules/mocha/bin/mocha -R list --recursive test"},"_id":"selenium-webdriver@2.35.0","dist":{"shasum":"0dc95194c05328ae650c9f7b9385d0a360529040","tarball":"https://registry.npmjs.org/selenium-webdriver/-/selenium-webdriver-2.35.0.tgz"},"_from":".","_npmVersion":"1.2.18","_npmUser":{"name":"jmleyba","email":"jmleyba@gmail.com"},"maintainers":[{"name":"jmleyba","email":"jmleyba@gmail.com"}],"directories":{}},"2.35.1":{"name":"selenium-webdriver","version":"2.35.1","description":"The official WebDriver JavaScript bindings from the Selenium project","keywords":["automation","selenium","testing","webdriver","webdriverjs"],"homepage":"https://code.google.com/p/selenium/","bugs":{"url":"https://code.google.com/p/selenium/issues/list"},"main":"./index","repository":{"type":"git","url":"https://code.google.com/p/selenium/"},"engines":{"node":">= 0.8.x"},"devDependencies":{"mocha":"~1.10.0"},"scripts":{"test":"node_modules/mocha/bin/mocha -R list --recursive test"},"_id":"selenium-webdriver@2.35.1","dist":{"shasum":"951fe7b9119ee3abac86ff3b89d3ad0c89ca2f5e","tarball":"https://registry.npmjs.org/selenium-webdriver/-/selenium-webdriver-2.35.1.tgz"},"_from":".","_npmVersion":"1.2.18","_npmUser":{"name":"jmleyba","email":"jmleyba@gmail.com"},"maintainers":[{"name":"jmleyba","email":"jmleyba@gmail.com"}],"directories":{}},"2.35.2":{"name":"selenium-webdriver","version":"2.35.2","description":"The official WebDriver JavaScript bindings from the Selenium project","keywords":["automation","selenium","testing","webdriver","webdriverjs"],"homepage":"https://code.google.com/p/selenium/","bugs":{"url":"https://code.google.com/p/selenium/issues/list"},"main":"./index","repository":{"type":"git","url":"https://code.google.com/p/selenium/"},"engines":{"node":">= 0.8.x"},"devDependencies":{"mocha":"~1.10.0"},"scripts":{"test":"node_modules/mocha/bin/mocha -R list --recursive test"},"_id":"selenium-webdriver@2.35.2","dist":{"shasum":"e6bbb6ff26ea61224173caa006a8eb87d6a94c2d","tarball":"https://registry.npmjs.org/selenium-webdriver/-/selenium-webdriver-2.35.2.tgz"},"_from":".","_npmVersion":"1.2.18","_npmUser":{"name":"jmleyba","email":"jmleyba@gmail.com"},"maintainers":[{"name":"jmleyba","email":"jmleyba@gmail.com"}],"directories":{}},"2.37.0":{"name":"selenium-webdriver","version":"2.37.0","description":"The official WebDriver JavaScript bindings from the Selenium project","keywords":["automation","selenium","testing","webdriver","webdriverjs"],"homepage":"https://code.google.com/p/selenium/","bugs":{"url":"https://code.google.com/p/selenium/issues/list"},"main":"./index","repository":{"type":"git","url":"https://code.google.com/p/selenium/"},"engines":{"node":">= 0.8.x"},"devDependencies":{"mocha":"~1.10.0"},"scripts":{"test":"node_modules/mocha/bin/mocha -R list --recursive test"},"_id":"selenium-webdriver@2.37.0","dist":{"shasum":"02a8c9240203c22d0400d466253d4af3f63748b8","tarball":"https://registry.npmjs.org/selenium-webdriver/-/selenium-webdriver-2.37.0.tgz"},"_from":".","_npmVersion":"1.2.18","_npmUser":{"name":"jmleyba","email":"jmleyba@gmail.com"},"maintainers":[{"name":"jmleyba","email":"jmleyba@gmail.com"}],"directories":{}},"2.38.0":{"name":"selenium-webdriver","version":"2.38.0","description":"The official WebDriver JavaScript bindings from the Selenium project","keywords":["automation","selenium","testing","webdriver","webdriverjs"],"homepage":"https://code.google.com/p/selenium/","bugs":{"url":"https://code.google.com/p/selenium/issues/list"},"main":"./index","repository":{"type":"git","url":"https://code.google.com/p/selenium/"},"engines":{"node":">= 0.8.x"},"devDependencies":{"mocha":"~1.10.0"},"scripts":{"test":"node_modules/mocha/bin/mocha -R list --recursive test"},"_id":"selenium-webdriver@2.38.0","dist":{"shasum":"62d060758258b838092d6006b04316cefb49d3e9","tarball":"https://registry.npmjs.org/selenium-webdriver/-/selenium-webdriver-2.38.0.tgz"},"_from":".","_npmVersion":"1.2.18","_npmUser":{"name":"jmleyba","email":"jmleyba@gmail.com"},"maintainers":[{"name":"jmleyba","email":"jmleyba@gmail.com"}],"directories":{}},"2.38.1":{"name":"selenium-webdriver","version":"2.38.1","description":"The official WebDriver JavaScript bindings from the Selenium project","keywords":["automation","selenium","testing","webdriver","webdriverjs"],"homepage":"https://code.google.com/p/selenium/","bugs":{"url":"https://code.google.com/p/selenium/issues/list"},"main":"./index","repository":{"type":"git","url":"https://code.google.com/p/selenium/"},"engines":{"node":">= 0.8.x"},"devDependencies":{"mocha":"~1.10.0"},"scripts":{"test":"node_modules/mocha/bin/mocha -R list --recursive test"},"_id":"selenium-webdriver@2.38.1","dist":{"shasum":"9299e3b808bec401334ca4e80cb0b70b872be651","tarball":"https://registry.npmjs.org/selenium-webdriver/-/selenium-webdriver-2.38.1.tgz"},"_from":".","_npmVersion":"1.2.2","_npmUser":{"name":"jmleyba","email":"jmleyba@gmail.com"},"maintainers":[{"name":"jmleyba","email":"jmleyba@gmail.com"}],"directories":{}},"2.39.0":{"name":"selenium-webdriver","version":"2.39.0","description":"The official WebDriver JavaScript bindings from the Selenium project","keywords":["automation","selenium","testing","webdriver","webdriverjs"],"homepage":"https://code.google.com/p/selenium/","bugs":{"url":"https://code.google.com/p/selenium/issues/list"},"main":"./index","repository":{"type":"git","url":"https://code.google.com/p/selenium/"},"engines":{"node":">= 0.8.x"},"devDependencies":{"mocha":"~1.10.0"},"scripts":{"test":"node_modules/mocha/bin/mocha -R list --recursive test"},"_id":"selenium-webdriver@2.39.0","dist":{"shasum":"546225f2f4f53f1f490a3077e5f14092fad3d205","tarball":"https://registry.npmjs.org/selenium-webdriver/-/selenium-webdriver-2.39.0.tgz"},"_from":".","_npmVersion":"1.2.18","_npmUser":{"name":"jmleyba","email":"jmleyba@gmail.com"},"maintainers":[{"name":"jmleyba","email":"jmleyba@gmail.com"}],"directories":{}},"2.40.0":{"name":"selenium-webdriver","version":"2.40.0","description":"The official WebDriver JavaScript bindings from the Selenium project","keywords":["automation","selenium","testing","webdriver","webdriverjs"],"homepage":"https://code.google.com/p/selenium/","bugs":{"url":"https://code.google.com/p/selenium/issues/list"},"main":"./index","repository":{"type":"git","url":"https://code.google.com/p/selenium/"},"engines":{"node":">= 0.8.x"},"devDependencies":{"mocha":"~1.10.0"},"scripts":{"test":"node_modules/mocha/bin/mocha -R list --recursive test"},"_id":"selenium-webdriver@2.40.0","dist":{"shasum":"ca4603c08311ec3688d67e1c8e8263cb9c1c1450","tarball":"https://registry.npmjs.org/selenium-webdriver/-/selenium-webdriver-2.40.0.tgz"},"_from":".","_npmVersion":"1.2.18","_npmUser":{"name":"jmleyba","email":"jmleyba@gmail.com"},"maintainers":[{"name":"jmleyba","email":"jmleyba@gmail.com"}],"directories":{}},"2.41.0":{"name":"selenium-webdriver","version":"2.41.0","description":"The official WebDriver JavaScript bindings from the Selenium project","keywords":["automation","selenium","testing","webdriver","webdriverjs"],"homepage":"https://code.google.com/p/selenium/","bugs":{"url":"https://code.google.com/p/selenium/issues/list"},"main":"./index","repository":{"type":"git","url":"https://code.google.com/p/selenium/"},"engines":{"node":">= 0.8.x"},"devDependencies":{"mocha":"~1.10.0"},"scripts":{"test":"node_modules/mocha/bin/mocha -R list --recursive test"},"_id":"selenium-webdriver@2.41.0","dist":{"shasum":"d084dfbc73bdf33aedc7d731eaab028affad7f16","tarball":"https://registry.npmjs.org/selenium-webdriver/-/selenium-webdriver-2.41.0.tgz"},"_from":".","_npmVersion":"1.2.18","_npmUser":{"name":"jmleyba","email":"jmleyba@gmail.com"},"maintainers":[{"name":"jmleyba","email":"jmleyba@gmail.com"}],"directories":{}},"2.42.0":{"name":"selenium-webdriver","version":"2.42.0","description":"The official WebDriver JavaScript bindings from the Selenium project","keywords":["automation","selenium","testing","webdriver","webdriverjs"],"homepage":"https://code.google.com/p/selenium/","bugs":{"url":"https://code.google.com/p/selenium/issues/list"},"main":"./index","repository":{"type":"git","url":"https://code.google.com/p/selenium/"},"engines":{"node":">= 0.8.x"},"devDependencies":{"mocha":"~1.10.0"},"scripts":{"test":"node_modules/mocha/bin/mocha -R list --recursive test"},"_id":"selenium-webdriver@2.42.0","dist":{"shasum":"a7ec4ca8779378f6b2627ba342f529c8d1187195","tarball":"https://registry.npmjs.org/selenium-webdriver/-/selenium-webdriver-2.42.0.tgz"},"_from":".","_npmVersion":"1.2.18","_npmUser":{"name":"jmleyba","email":"jmleyba@gmail.com"},"maintainers":[{"name":"jmleyba","email":"jmleyba@gmail.com"}],"directories":{}},"2.42.1":{"name":"selenium-webdriver","version":"2.42.1","description":"The official WebDriver JavaScript bindings from the Selenium project","keywords":["automation","selenium","testing","webdriver","webdriverjs"],"homepage":"https://code.google.com/p/selenium/","bugs":{"url":"https://code.google.com/p/selenium/issues/list"},"main":"./index","repository":{"type":"git","url":"https://code.google.com/p/selenium/"},"engines":{"node":">= 0.8.x"},"devDependencies":{"mocha":"~1.10.0"},"scripts":{"test":"node_modules/mocha/bin/mocha -R list --recursive test"},"_id":"selenium-webdriver@2.42.1","dist":{"shasum":"61984d1583b89c80a9f3bf31623d00bcc82a8d0e","tarball":"https://registry.npmjs.org/selenium-webdriver/-/selenium-webdriver-2.42.1.tgz"},"_from":".","_npmVersion":"1.2.18","_npmUser":{"name":"jmleyba","email":"jmleyba@gmail.com"},"maintainers":[{"name":"jmleyba","email":"jmleyba@gmail.com"}],"directories":{}},"2.43.1":{"name":"selenium-webdriver","version":"2.43.1","description":"The official WebDriver JavaScript bindings from the Selenium project","keywords":["automation","selenium","testing","webdriver","webdriverjs"],"homepage":"https://code.google.com/p/selenium/","bugs":{"url":"https://code.google.com/p/selenium/issues/list"},"main":"./index","repository":{"type":"git","url":"https://code.google.com/p/selenium/"},"engines":{"node":">= 0.8.x"},"dependencies":{"adm-zip":"0.4.4","tmp":"0.0.24","xml2js":"0.4.4"},"devDependencies":{"mocha":"~1.10.0"},"scripts":{"test":"mocha -t 600000 --recursive test"},"_id":"selenium-webdriver@2.43.1","dist":{"shasum":"959020b6fd7a129afe1523d0e67514c3b4654e89","tarball":"https://registry.npmjs.org/selenium-webdriver/-/selenium-webdriver-2.43.1.tgz"},"_from":".","_npmVersion":"1.3.25","_npmUser":{"name":"jmleyba","email":"jmleyba@gmail.com"},"maintainers":[{"name":"jmleyba","email":"jmleyba@gmail.com"}],"deprecated":"Does not install cleanly cross-platform","directories":{}},"2.43.2":{"name":"selenium-webdriver","version":"2.43.2","description":"The official WebDriver JavaScript bindings from the Selenium project","keywords":["automation","selenium","testing","webdriver","webdriverjs"],"homepage":"https://code.google.com/p/selenium/","bugs":{"url":"https://code.google.com/p/selenium/issues/list"},"main":"./index","repository":{"type":"git","url":"https://code.google.com/p/selenium/"},"engines":{"node":">= 0.8.x"},"dependencies":{"adm-zip":"0.4.4","tmp":"0.0.24","xml2js":"0.4.4"},"devDependencies":{"mocha":"~1.10.0"},"scripts":{"test":"mocha -t 600000 --recursive test"},"_id":"selenium-webdriver@2.43.2","dist":{"shasum":"cfc676cc4bd7ac528198271ef1b99fdd8ac336ff","tarball":"https://registry.npmjs.org/selenium-webdriver/-/selenium-webdriver-2.43.2.tgz"},"_resolved":"selenium-webdriver.tar.gz","_from":"selenium-webdriver.tar.gz","_npmVersion":"1.3.25","_npmUser":{"name":"jmleyba","email":"jmleyba@gmail.com"},"maintainers":[{"name":"jmleyba","email":"jmleyba@gmail.com"}],"deprecated":"Does not install cleanly cross-platform","directories":{}},"2.43.3":{"name":"selenium-webdriver","version":"2.43.3","description":"The official WebDriver JavaScript bindings from the Selenium project","keywords":["automation","selenium","testing","webdriver","webdriverjs"],"homepage":"https://code.google.com/p/selenium/","bugs":{"url":"https://code.google.com/p/selenium/issues/list"},"main":"./index","repository":{"type":"git","url":"https://code.google.com/p/selenium/"},"engines":{"node":">= 0.8.x"},"dependencies":{"adm-zip":"0.4.4","tmp":"0.0.24","xml2js":"0.4.4"},"devDependencies":{"mocha":"~1.10.0"},"scripts":{"test":"mocha -t 600000 --recursive test"},"_id":"selenium-webdriver@2.43.3","dist":{"shasum":"225d2896c8f959e008622306c6ddc0574d7508ec","tarball":"https://registry.npmjs.org/selenium-webdriver/-/selenium-webdriver-2.43.3.tgz"},"_resolved":"selenium-webdriver-2.43.3.tgz","_from":"selenium-webdriver-2.43.3.tgz","_npmVersion":"1.3.25","_npmUser":{"name":"jmleyba","email":"jmleyba@gmail.com"},"maintainers":[{"name":"jmleyba","email":"jmleyba@gmail.com"}],"directories":{}},"2.43.4":{"name":"selenium-webdriver","version":"2.43.4","description":"The official WebDriver JavaScript bindings from the Selenium project","keywords":["automation","selenium","testing","webdriver","webdriverjs"],"homepage":"https://code.google.com/p/selenium/","bugs":{"url":"https://code.google.com/p/selenium/issues/list"},"main":"./index","repository":{"type":"git","url":"https://code.google.com/p/selenium/"},"engines":{"node":">= 0.8.x"},"dependencies":{"adm-zip":"0.4.4","tmp":"0.0.24","xml2js":"0.4.4"},"devDependencies":{"mocha":"~1.10.0"},"scripts":{"test":"mocha -t 600000 --recursive test"},"_id":"selenium-webdriver@2.43.4","_shasum":"c0eb002dd80287d5caae0a529abe3fd3d49abca1","_resolved":"selenium-webdriver-2.43.4.tgz","_from":"selenium-webdriver-2.43.4.tgz","_npmVersion":"1.4.23","_npmUser":{"name":"jmleyba","email":"jmleyba@gmail.com"},"maintainers":[{"name":"jmleyba","email":"jmleyba@gmail.com"}],"dist":{"shasum":"c0eb002dd80287d5caae0a529abe3fd3d49abca1","tarball":"https://registry.npmjs.org/selenium-webdriver/-/selenium-webdriver-2.43.4.tgz"},"directories":{}},"2.43.5":{"name":"selenium-webdriver","version":"2.43.5","description":"The official WebDriver JavaScript bindings from the Selenium project","keywords":["automation","selenium","testing","webdriver","webdriverjs"],"homepage":"https://code.google.com/p/selenium/","bugs":{"url":"https://code.google.com/p/selenium/issues/list"},"main":"./index","repository":{"type":"git","url":"https://code.google.com/p/selenium/"},"engines":{"node":">= 0.8.x"},"dependencies":{"adm-zip":"0.4.4","tmp":"0.0.24","xml2js":"0.4.4"},"devDependencies":{"mocha":"~1.10.0"},"scripts":{"test":"mocha -t 600000 --recursive test"},"_id":"selenium-webdriver@2.43.5","_shasum":"6ac04302e3e81dfe59956454a19f90eeadfe5573","_resolved":"selenium-webdriver-2.43.5.tgz","_from":"selenium-webdriver-2.43.5.tgz","_npmVersion":"1.4.23","_npmUser":{"name":"jmleyba","email":"jmleyba@gmail.com"},"maintainers":[{"name":"jmleyba","email":"jmleyba@gmail.com"}],"dist":{"shasum":"6ac04302e3e81dfe59956454a19f90eeadfe5573","tarball":"https://registry.npmjs.org/selenium-webdriver/-/selenium-webdriver-2.43.5.tgz"},"directories":{}},"2.44.0":{"name":"selenium-webdriver","version":"2.44.0","description":"The official WebDriver JavaScript bindings from the Selenium project","keywords":["automation","selenium","testing","webdriver","webdriverjs"],"homepage":"https://code.google.com/p/selenium/","bugs":{"url":"https://code.google.com/p/selenium/issues/list"},"main":"./index","repository":{"type":"git","url":"https://code.google.com/p/selenium/"},"engines":{"node":">= 0.8.x"},"dependencies":{"adm-zip":"0.4.4","tmp":"0.0.24","xml2js":"0.4.4"},"devDependencies":{"mocha":"~1.10.0"},"scripts":{"test":"mocha --harmony -t 600000 --recursive test"},"_id":"selenium-webdriver@2.44.0","_shasum":"6cc6257731cd27c6db6471092857755f99d77b57","_from":".","_npmVersion":"1.4.23","_npmUser":{"name":"jmleyba","email":"jmleyba@gmail.com"},"maintainers":[{"name":"jmleyba","email":"jmleyba@gmail.com"}],"dist":{"shasum":"6cc6257731cd27c6db6471092857755f99d77b57","tarball":"https://registry.npmjs.org/selenium-webdriver/-/selenium-webdriver-2.44.0.tgz"},"directories":{}},"2.45.0":{"name":"selenium-webdriver","version":"2.45.0","description":"The official WebDriver JavaScript bindings from the Selenium project","keywords":["automation","selenium","testing","webdriver","webdriverjs"],"homepage":"https://code.google.com/p/selenium/","bugs":{"url":"https://code.google.com/p/selenium/issues/list"},"main":"./index","repository":{"type":"git","url":"https://code.google.com/p/selenium/"},"engines":{"node":">= 0.10.x"},"dependencies":{"adm-zip":"0.4.4","rimraf":"^2.2.8","tmp":"0.0.24","ws":"^0.7.1","xml2js":"0.4.4"},"devDependencies":{"express":"^4.11.2","mocha":">= 1.21.x","multer":"^0.1.7","promises-aplus-tests":"^2.1.0","serve-index":"^1.6.1"},"scripts":{"test":"mocha --harmony -t 600000 --recursive test"},"_id":"selenium-webdriver@2.45.0","_shasum":"211fa51ca822e99509fe0695399cef0299111064","_from":".","_npmVersion":"1.4.28","_npmUser":{"name":"jmleyba","email":"jmleyba@gmail.com"},"maintainers":[{"name":"jmleyba","email":"jmleyba@gmail.com"}],"dist":{"shasum":"211fa51ca822e99509fe0695399cef0299111064","tarball":"https://registry.npmjs.org/selenium-webdriver/-/selenium-webdriver-2.45.0.tgz"},"directories":{}},"2.45.1":{"name":"selenium-webdriver","version":"2.45.1","description":"The official WebDriver JavaScript bindings from the Selenium project","keywords":["automation","selenium","testing","webdriver","webdriverjs"],"homepage":"https://code.google.com/p/selenium/","bugs":{"url":"https://code.google.com/p/selenium/issues/list"},"main":"./index","repository":{"type":"git","url":"https://code.google.com/p/selenium/"},"engines":{"node":">= 0.10.x"},"dependencies":{"adm-zip":"0.4.4","rimraf":"^2.2.8","tmp":"0.0.24","ws":"^0.7.1","xml2js":"0.4.4"},"devDependencies":{"express":"^4.11.2","mocha":">= 1.21.x","multer":"^0.1.7","promises-aplus-tests":"^2.1.0","serve-index":"^1.6.1"},"scripts":{"test":"mocha --harmony -t 600000 --recursive test"},"_id":"selenium-webdriver@2.45.1","_shasum":"6fc6a8ce385085a7b670edd36a379b2eddadf2c9","_from":".","_npmVersion":"2.5.1","_nodeVersion":"0.12.0","_npmUser":{"name":"jmleyba","email":"jmleyba@gmail.com"},"maintainers":[{"name":"jmleyba","email":"jmleyba@gmail.com"}],"dist":{"shasum":"6fc6a8ce385085a7b670edd36a379b2eddadf2c9","tarball":"https://registry.npmjs.org/selenium-webdriver/-/selenium-webdriver-2.45.1.tgz"},"directories":{}},"2.46.0":{"name":"selenium-webdriver","version":"2.46.0","description":"The official WebDriver JavaScript bindings from the Selenium project","keywords":["automation","selenium","testing","webdriver","webdriverjs"],"homepage":"https://github.com/SeleniumHQ/selenium","bugs":{"url":"https://github.com/SeleniumHQ/selenium/issues"},"main":"./index","repository":{"type":"git","url":"https://github.com/SeleniumHQ/selenium.git"},"engines":{"node":">= 0.10.x"},"dependencies":{"adm-zip":"0.4.4","rimraf":"^2.2.8","tmp":"0.0.24","ws":"^0.7.1","xml2js":"0.4.4"},"devDependencies":{"express":"^4.11.2","mocha":">= 1.21.x","multer":"^0.1.7","promises-aplus-tests":"^2.1.0","serve-index":"^1.6.1"},"scripts":{"test":"mocha --harmony -t 600000 --recursive test"},"_id":"selenium-webdriver@2.46.0","_shasum":"a99440b1dfabed555d918aa9ee13894c0d9e1b62","_from":"selenium-webdriver","_resolved":"file:selenium-webdriver","_npmVersion":"2.5.1","_nodeVersion":"0.12.0","_npmUser":{"name":"jmleyba","email":"jmleyba@gmail.com"},"maintainers":[{"name":"jmleyba","email":"jmleyba@gmail.com"}],"dist":{"shasum":"a99440b1dfabed555d918aa9ee13894c0d9e1b62","tarball":"https://registry.npmjs.org/selenium-webdriver/-/selenium-webdriver-2.46.0.tgz"},"directories":{}},"2.46.1":{"name":"selenium-webdriver","version":"2.46.1","description":"The official WebDriver JavaScript bindings from the Selenium project","keywords":["automation","selenium","testing","webdriver","webdriverjs"],"homepage":"https://github.com/SeleniumHQ/selenium","bugs":{"url":"https://github.com/SeleniumHQ/selenium/issues"},"main":"./index","repository":{"type":"git","url":"git+https://github.com/SeleniumHQ/selenium.git"},"engines":{"node":">= 0.10.x"},"dependencies":{"adm-zip":"0.4.4","rimraf":"^2.2.8","tmp":"0.0.24","ws":"^0.7.1","xml2js":"0.4.4"},"devDependencies":{"express":"^4.11.2","mocha":">= 1.21.x","multer":"^0.1.7","promises-aplus-tests":"^2.1.0","serve-index":"^1.6.1"},"scripts":{"test":"mocha --harmony -t 600000 --recursive test"},"_id":"selenium-webdriver@2.46.1","_shasum":"cb74a52ab33eace7ec8447cf76facfaf2e3edd5f","_from":".","_npmVersion":"2.9.1","_nodeVersion":"0.12.3","_npmUser":{"name":"jmleyba","email":"jmleyba@gmail.com"},"maintainers":[{"name":"jmleyba","email":"jmleyba@gmail.com"}],"dist":{"shasum":"cb74a52ab33eace7ec8447cf76facfaf2e3edd5f","tarball":"https://registry.npmjs.org/selenium-webdriver/-/selenium-webdriver-2.46.1.tgz"},"directories":{}},"2.47.0":{"name":"selenium-webdriver","version":"2.47.0","description":"The official WebDriver JavaScript bindings from the Selenium project","license":"Apache-2.0","keywords":["automation","selenium","testing","webdriver","webdriverjs"],"homepage":"https://github.com/SeleniumHQ/selenium","bugs":{"url":"https://github.com/SeleniumHQ/selenium/issues"},"main":"./index","repository":{"type":"git","url":"git+https://github.com/SeleniumHQ/selenium.git"},"engines":{"node":">= 0.12.x"},"dependencies":{"adm-zip":"0.4.4","rimraf":"^2.2.8","tmp":"0.0.24","ws":"^0.8.0","xml2js":"0.4.4"},"devDependencies":{"express":"^4.11.2","mocha":">= 1.21.x","multer":"^0.1.7","promises-aplus-tests":"^2.1.0","serve-index":"^1.6.1"},"scripts":{"test":"mocha --harmony -t 600000 --recursive test"},"_id":"selenium-webdriver@2.47.0","_shasum":"e29b52d2daa0f648c40f602f4d2a8e8bee351ea5","_from":"selenium-webdriver","_resolved":"file:selenium-webdriver","_npmVersion":"2.14.2","_nodeVersion":"4.0.0","_npmUser":{"name":"jmleyba","email":"jmleyba@gmail.com"},"maintainers":[{"name":"jmleyba","email":"jmleyba@gmail.com"}],"dist":{"shasum":"e29b52d2daa0f648c40f602f4d2a8e8bee351ea5","tarball":"https://registry.npmjs.org/selenium-webdriver/-/selenium-webdriver-2.47.0.tgz"},"directories":{}},"2.48.0":{"name":"selenium-webdriver","version":"2.48.0","description":"The official WebDriver JavaScript bindings from the Selenium project","license":"Apache-2.0","keywords":["automation","selenium","testing","webdriver","webdriverjs"],"homepage":"https://github.com/SeleniumHQ/selenium","bugs":{"url":"https://github.com/SeleniumHQ/selenium/issues"},"main":"./index","repository":{"type":"git","url":"https://github.com/SeleniumHQ/selenium.git"},"engines":{"node":">= 0.12.x"},"dependencies":{"adm-zip":"0.4.4","rimraf":"^2.2.8","tmp":"0.0.24","ws":"^0.8.0","xml2js":"0.4.4"},"devDependencies":{"express":"^4.11.2","mocha":">= 1.21.x","multer":"^0.1.7","promises-aplus-tests":"^2.1.0","serve-index":"^1.6.1"},"scripts":{"test":"mocha --harmony -t 600000 --recursive test"},"_id":"selenium-webdriver@2.48.0","_shasum":"fb7d3eaa19e19774ff840954deeb672c1ddc2b85","_from":".","_npmVersion":"2.5.1","_nodeVersion":"0.12.0","_npmUser":{"name":"jmleyba","email":"jmleyba@gmail.com"},"maintainers":[{"name":"jmleyba","email":"jmleyba@gmail.com"}],"dist":{"shasum":"fb7d3eaa19e19774ff840954deeb672c1ddc2b85","tarball":"https://registry.npmjs.org/selenium-webdriver/-/selenium-webdriver-2.48.0.tgz"},"directories":{}},"2.48.1":{"name":"selenium-webdriver","version":"2.48.1","description":"The official WebDriver JavaScript bindings from the Selenium project","license":"Apache-2.0","keywords":["automation","selenium","testing","webdriver","webdriverjs"],"homepage":"https://github.com/SeleniumHQ/selenium","bugs":{"url":"https://github.com/SeleniumHQ/selenium/issues"},"main":"./index","repository":{"type":"git","url":"git+https://github.com/SeleniumHQ/selenium.git"},"engines":{"node":">= 0.12.x"},"dependencies":{"adm-zip":"0.4.4","rimraf":"^2.2.8","tmp":"0.0.24","ws":"^0.8.0","xml2js":"0.4.4"},"devDependencies":{"express":"^4.11.2","mocha":">= 1.21.x","multer":"^0.1.7","promises-aplus-tests":"^2.1.0","serve-index":"^1.6.1"},"scripts":{"test":"mocha --harmony -t 600000 --recursive test"},"_id":"selenium-webdriver@2.48.1","_shasum":"d65ba256dcdb50f7df1513ec656831a5fd34fc8e","_from":".","_npmVersion":"2.14.4","_nodeVersion":"4.1.2","_npmUser":{"name":"jmleyba","email":"jmleyba@gmail.com"},"maintainers":[{"name":"jmleyba","email":"jmleyba@gmail.com"}],"dist":{"shasum":"d65ba256dcdb50f7df1513ec656831a5fd34fc8e","tarball":"https://registry.npmjs.org/selenium-webdriver/-/selenium-webdriver-2.48.1.tgz"},"directories":{}},"2.48.2":{"name":"selenium-webdriver","version":"2.48.2","description":"The official WebDriver JavaScript bindings from the Selenium project","license":"Apache-2.0","keywords":["automation","selenium","testing","webdriver","webdriverjs"],"homepage":"https://github.com/SeleniumHQ/selenium","bugs":{"url":"https://github.com/SeleniumHQ/selenium/issues"},"main":"./index","repository":{"type":"git","url":"git+https://github.com/SeleniumHQ/selenium.git"},"engines":{"node":">= 0.12.x"},"dependencies":{"adm-zip":"0.4.4","rimraf":"^2.2.8","tmp":"0.0.24","ws":"^0.8.0","xml2js":"0.4.4"},"devDependencies":{"express":"^4.11.2","mocha":">= 1.21.x","multer":"^0.1.7","promises-aplus-tests":"^2.1.0","serve-index":"^1.6.1"},"scripts":{"test":"mocha --harmony -t 600000 --recursive test"},"_id":"selenium-webdriver@2.48.2","_shasum":"b26a4631430d0a9f36284ee0cfe09676e8f348ca","_from":".","_npmVersion":"2.14.7","_nodeVersion":"4.2.1","_npmUser":{"name":"jmleyba","email":"jmleyba@gmail.com"},"maintainers":[{"name":"jmleyba","email":"jmleyba@gmail.com"}],"dist":{"shasum":"b26a4631430d0a9f36284ee0cfe09676e8f348ca","tarball":"https://registry.npmjs.org/selenium-webdriver/-/selenium-webdriver-2.48.2.tgz"},"directories":{}},"2.52.0":{"name":"selenium-webdriver","version":"2.52.0","description":"The official WebDriver JavaScript bindings from the Selenium project","license":"Apache-2.0","keywords":["automation","selenium","testing","webdriver","webdriverjs"],"homepage":"https://github.com/SeleniumHQ/selenium","bugs":{"url":"https://github.com/SeleniumHQ/selenium/issues"},"main":"./index","repository":{"type":"git","url":"https://github.com/SeleniumHQ/selenium.git"},"engines":{"node":">= 4.2.x"},"dependencies":{"adm-zip":"0.4.4","rimraf":"^2.2.8","tmp":"0.0.24","ws":"^1.0.1","xml2js":"0.4.4"},"devDependencies":{"express":"^4.11.2","mocha":">= 1.21.x","multer":"^0.1.7","promises-aplus-tests":"^2.1.0","serve-index":"^1.6.1","sinon":"^1.17.2"},"scripts":{"test":"mocha --harmony -t 600000 --recursive test"},"_id":"selenium-webdriver@2.52.0","_shasum":"d2dcb2f51b48733d6c42829e52767ecee2bf4b6b","_from":".","_npmVersion":"2.5.1","_nodeVersion":"0.12.0","_npmUser":{"name":"jmleyba","email":"jmleyba@gmail.com"},"maintainers":[{"name":"jmleyba","email":"jmleyba@gmail.com"}],"dist":{"shasum":"d2dcb2f51b48733d6c42829e52767ecee2bf4b6b","tarball":"https://registry.npmjs.org/selenium-webdriver/-/selenium-webdriver-2.52.0.tgz"},"_npmOperationalInternal":{"host":"packages-9-west.internal.npmjs.com","tmp":"tmp/selenium-webdriver-2.52.0.tgz_1455259913894_0.6562679694034159"},"directories":{}},"2.53.1":{"name":"selenium-webdriver","version":"2.53.1","description":"The official WebDriver JavaScript bindings from the Selenium project","license":"Apache-2.0","keywords":["automation","selenium","testing","webdriver","webdriverjs"],"homepage":"https://github.com/SeleniumHQ/selenium","bugs":{"url":"https://github.com/SeleniumHQ/selenium/issues"},"main":"./index","repository":{"type":"git","url":"git+https://github.com/SeleniumHQ/selenium.git"},"engines":{"node":">= 4.2.x"},"dependencies":{"adm-zip":"0.4.4","rimraf":"^2.2.8","tmp":"0.0.24","ws":"^1.0.1","xml2js":"0.4.4"},"devDependencies":{"express":"^4.11.2","mocha":">= 1.21.x","multer":"^0.1.7","promises-aplus-tests":"^2.1.0","serve-index":"^1.6.1","sinon":"^1.17.2"},"scripts":{"test":"mocha --harmony -t 600000 --recursive test"},"_id":"selenium-webdriver@2.53.1","_shasum":"b50673955dc03b9164c07773a86b25ea7161dbd9","_from":"build/javascript/node/selenium-webdriver","_resolved":"file:build/javascript/node/selenium-webdriver","_npmVersion":"2.14.12","_nodeVersion":"4.3.2","_npmUser":{"name":"jmleyba","email":"jmleyba@gmail.com"},"maintainers":[{"name":"jmleyba","email":"jmleyba@gmail.com"}],"dist":{"shasum":"b50673955dc03b9164c07773a86b25ea7161dbd9","tarball":"https://registry.npmjs.org/selenium-webdriver/-/selenium-webdriver-2.53.1.tgz"},"_npmOperationalInternal":{"host":"packages-12-west.internal.npmjs.com","tmp":"tmp/selenium-webdriver-2.53.1.tgz_1458076665097_0.960372352739796"},"directories":{}},"2.53.2":{"name":"selenium-webdriver","version":"2.53.2","description":"The official WebDriver JavaScript bindings from the Selenium project","license":"Apache-2.0","keywords":["automation","selenium","testing","webdriver","webdriverjs"],"homepage":"https://github.com/SeleniumHQ/selenium","bugs":{"url":"https://github.com/SeleniumHQ/selenium/issues"},"main":"./index","repository":{"type":"git","url":"git+https://github.com/SeleniumHQ/selenium.git"},"engines":{"node":">= 4.2.x"},"dependencies":{"adm-zip":"0.4.4","rimraf":"^2.2.8","tmp":"0.0.24","ws":"^1.0.1","xml2js":"0.4.4"},"devDependencies":{"express":"^4.11.2","mocha":">= 1.21.x","multer":"^0.1.7","promises-aplus-tests":"^2.1.0","serve-index":"^1.6.1","sinon":"^1.17.2"},"scripts":{"test":"mocha --harmony -t 600000 --recursive test"},"_id":"selenium-webdriver@2.53.2","_shasum":"7d45f0b44c4d90d9c94b136e2dcaa0a70d54d67b","_from":"build/javascript/node/selenium-webdriver","_resolved":"file:build/javascript/node/selenium-webdriver","_npmVersion":"2.14.12","_nodeVersion":"4.3.2","_npmUser":{"name":"jmleyba","email":"jmleyba@gmail.com"},"maintainers":[{"name":"jmleyba","email":"jmleyba@gmail.com"}],"dist":{"shasum":"7d45f0b44c4d90d9c94b136e2dcaa0a70d54d67b","tarball":"https://registry.npmjs.org/selenium-webdriver/-/selenium-webdriver-2.53.2.tgz"},"_npmOperationalInternal":{"host":"packages-12-west.internal.npmjs.com","tmp":"tmp/selenium-webdriver-2.53.2.tgz_1461885460996_0.9391728369519114"},"directories":{}},"2.53.3":{"name":"selenium-webdriver","version":"2.53.3","description":"The official WebDriver JavaScript bindings from the Selenium project","license":"Apache-2.0","keywords":["automation","selenium","testing","webdriver","webdriverjs"],"homepage":"https://github.com/SeleniumHQ/selenium","bugs":{"url":"https://github.com/SeleniumHQ/selenium/issues"},"main":"./index","repository":{"type":"git","url":"git+https://github.com/SeleniumHQ/selenium.git"},"engines":{"node":">= 4.2.x"},"dependencies":{"adm-zip":"0.4.4","rimraf":"^2.2.8","tmp":"0.0.24","ws":"^1.0.1","xml2js":"0.4.4"},"devDependencies":{"express":"^4.11.2","mocha":">= 1.21.x","multer":"^0.1.7","promises-aplus-tests":"^2.1.0","serve-index":"^1.6.1","sinon":"^1.17.2"},"scripts":{"test":"mocha --harmony -t 600000 --recursive test"},"_id":"selenium-webdriver@2.53.3","_shasum":"d29ff5a957dff1a1b49dc457756e4e4bfbdce085","_from":"build/javascript/node/selenium-webdriver","_resolved":"file:build/javascript/node/selenium-webdriver","_npmVersion":"2.14.12","_nodeVersion":"4.3.2","_npmUser":{"name":"jmleyba","email":"jmleyba@gmail.com"},"maintainers":[{"name":"jmleyba","email":"jmleyba@gmail.com"}],"dist":{"shasum":"d29ff5a957dff1a1b49dc457756e4e4bfbdce085","tarball":"https://registry.npmjs.org/selenium-webdriver/-/selenium-webdriver-2.53.3.tgz"},"_npmOperationalInternal":{"host":"packages-12-west.internal.npmjs.com","tmp":"tmp/selenium-webdriver-2.53.3.tgz_1467155057997_0.9474922465160489"},"directories":{}},"3.0.0-beta-1":{"name":"selenium-webdriver","version":"3.0.0-beta-1","description":"The official WebDriver JavaScript bindings from the Selenium project","license":"Apache-2.0","keywords":["automation","selenium","testing","webdriver","webdriverjs"],"homepage":"https://github.com/SeleniumHQ/selenium","bugs":{"url":"https://github.com/SeleniumHQ/selenium/issues"},"main":"./index","repository":{"type":"git","url":"git+https://github.com/SeleniumHQ/selenium.git"},"engines":{"node":">= 4.2.x"},"dependencies":{"adm-zip":"0.4.4","rimraf":"^2.2.8","tmp":"0.0.24","ws":"^1.0.1","xml2js":"0.4.4"},"devDependencies":{"express":"^4.11.2","mocha":">= 1.21.x","multer":"^0.1.7","promises-aplus-tests":"^2.1.0","serve-index":"^1.6.1","sinon":"^1.17.2"},"scripts":{"test":"mocha --harmony -t 600000 --recursive test"},"_id":"selenium-webdriver@3.0.0-beta-1","_shasum":"a75fe1891fd73ead3ba94ed5fd11a6375539c322","_from":"build/javascript/node/selenium-webdriver","_resolved":"file:build/javascript/node/selenium-webdriver","_npmVersion":"2.15.8","_nodeVersion":"4.4.7","_npmUser":{"name":"jmleyba","email":"jmleyba@gmail.com"},"maintainers":[{"name":"jmleyba","email":"jmleyba@gmail.com"}],"dist":{"shasum":"a75fe1891fd73ead3ba94ed5fd11a6375539c322","tarball":"https://registry.npmjs.org/selenium-webdriver/-/selenium-webdriver-3.0.0-beta-1.tgz"},"_npmOperationalInternal":{"host":"packages-16-east.internal.npmjs.com","tmp":"tmp/selenium-webdriver-3.0.0-beta-1.tgz_1470504088805_0.4462254182435572"},"directories":{}},"3.0.0-beta-2":{"name":"selenium-webdriver","version":"3.0.0-beta-2","description":"The official WebDriver JavaScript bindings from the Selenium project","license":"Apache-2.0","keywords":["automation","selenium","testing","webdriver","webdriverjs"],"homepage":"https://github.com/SeleniumHQ/selenium","bugs":{"url":"https://github.com/SeleniumHQ/selenium/issues"},"main":"./index","repository":{"type":"git","url":"git+https://github.com/SeleniumHQ/selenium.git"},"engines":{"node":">= 4.2.x"},"dependencies":{"adm-zip":"0.4.4","rimraf":"^2.2.8","tmp":"0.0.24","ws":"^1.0.1","xml2js":"0.4.4"},"devDependencies":{"express":"^4.11.2","mocha":">= 1.21.x","multer":"^0.1.7","promises-aplus-tests":"^2.1.0","serve-index":"^1.6.1","sinon":"^1.17.2"},"scripts":{"test":"mocha --harmony -t 600000 --recursive test"},"_id":"selenium-webdriver@3.0.0-beta-2","_shasum":"0c4fe134aa827d143ea2acb1f1fe128cfb829526","_from":"build/javascript/node/selenium-webdriver","_resolved":"file:build/javascript/node/selenium-webdriver","_npmVersion":"2.15.8","_nodeVersion":"4.4.7","_npmUser":{"name":"jmleyba","email":"jmleyba@gmail.com"},"maintainers":[{"name":"jmleyba","email":"jmleyba@gmail.com"}],"dist":{"shasum":"0c4fe134aa827d143ea2acb1f1fe128cfb829526","tarball":"https://registry.npmjs.org/selenium-webdriver/-/selenium-webdriver-3.0.0-beta-2.tgz"},"_npmOperationalInternal":{"host":"packages-16-east.internal.npmjs.com","tmp":"tmp/selenium-webdriver-3.0.0-beta-2.tgz_1470627902526_0.313089708564803"},"directories":{}},"3.0.0-beta-3":{"name":"selenium-webdriver","version":"3.0.0-beta-3","description":"The official WebDriver JavaScript bindings from the Selenium project","license":"Apache-2.0","keywords":["automation","selenium","testing","webdriver","webdriverjs"],"homepage":"https://github.com/SeleniumHQ/selenium","bugs":{"url":"https://github.com/SeleniumHQ/selenium/issues"},"main":"./index","repository":{"type":"git","url":"git+https://github.com/SeleniumHQ/selenium.git"},"engines":{"node":">= 4.2.x"},"dependencies":{"adm-zip":"0.4.4","rimraf":"^2.2.8","tmp":"0.0.24","ws":"^1.0.1","xml2js":"0.4.4"},"devDependencies":{"express":"^4.11.2","mocha":">= 1.21.x","multer":"^0.1.7","promises-aplus-tests":"^2.1.0","serve-index":"^1.6.1","sinon":"^1.17.2"},"scripts":{"test":"mocha --harmony -t 600000 --recursive test"},"_id":"selenium-webdriver@3.0.0-beta-3","_shasum":"cf12c9cc57c1c781c51ae54ab71f99913cae9572","_from":"build/javascript/node/selenium-webdriver","_resolved":"file:build/javascript/node/selenium-webdriver","_npmVersion":"2.15.8","_nodeVersion":"4.4.7","_npmUser":{"name":"jmleyba","email":"jmleyba@gmail.com"},"maintainers":[{"name":"jmleyba","email":"jmleyba@gmail.com"}],"dist":{"shasum":"cf12c9cc57c1c781c51ae54ab71f99913cae9572","tarball":"https://registry.npmjs.org/selenium-webdriver/-/selenium-webdriver-3.0.0-beta-3.tgz"},"_npmOperationalInternal":{"host":"packages-16-east.internal.npmjs.com","tmp":"tmp/selenium-webdriver-3.0.0-beta-3.tgz_1474473901802_0.1357042295858264"},"directories":{}},"3.0.0":{"name":"selenium-webdriver","version":"3.0.0","description":"The official WebDriver JavaScript bindings from the Selenium project","license":"Apache-2.0","keywords":["automation","selenium","testing","webdriver","webdriverjs"],"homepage":"https://github.com/SeleniumHQ/selenium","bugs":{"url":"https://github.com/SeleniumHQ/selenium/issues"},"main":"./index","repository":{"type":"git","url":"git+https://github.com/SeleniumHQ/selenium.git"},"engines":{"node":">= 6.9.0"},"dependencies":{"adm-zip":"^0.4.7","rimraf":"^2.5.4","tmp":"0.0.30","xml2js":"^0.4.17"},"devDependencies":{"express":"^4.14.0","mocha":"^3.1.2","multer":"^1.2.0","promises-aplus-tests":"^2.1.2","serve-index":"^1.8.0","sinon":"^1.17.6"},"scripts":{"test":"mocha -t 600000 --recursive test"},"_id":"selenium-webdriver@3.0.0","_shasum":"dabd8112aaddc786e5cf72edcb53343ec8346b49","_from":"build/javascript/node/selenium-webdriver","_resolved":"file:build/javascript/node/selenium-webdriver","_npmVersion":"3.10.8","_nodeVersion":"7.0.0","_npmUser":{"name":"jmleyba","email":"jmleyba@gmail.com"},"maintainers":[{"name":"jmleyba","email":"jmleyba@gmail.com"}],"dist":{"shasum":"dabd8112aaddc786e5cf72edcb53343ec8346b49","tarball":"https://registry.npmjs.org/selenium-webdriver/-/selenium-webdriver-3.0.0.tgz"},"_npmOperationalInternal":{"host":"packages-12-west.internal.npmjs.com","tmp":"tmp/selenium-webdriver-3.0.0.tgz_1478197831017_0.5427238214761019"},"directories":{}},"3.0.1":{"name":"selenium-webdriver","version":"3.0.1","description":"The official WebDriver JavaScript bindings from the Selenium project","license":"Apache-2.0","keywords":["automation","selenium","testing","webdriver","webdriverjs"],"homepage":"https://github.com/SeleniumHQ/selenium","bugs":{"url":"https://github.com/SeleniumHQ/selenium/issues"},"main":"./index","repository":{"type":"git","url":"git+https://github.com/SeleniumHQ/selenium.git"},"engines":{"node":">= 6.9.0"},"dependencies":{"adm-zip":"^0.4.7","rimraf":"^2.5.4","tmp":"0.0.30","xml2js":"^0.4.17"},"devDependencies":{"express":"^4.14.0","mocha":"^3.1.2","multer":"^1.2.0","promises-aplus-tests":"^2.1.2","serve-index":"^1.8.0","sinon":"^1.17.6"},"scripts":{"test":"mocha -t 600000 --recursive test"},"_id":"selenium-webdriver@3.0.1","_shasum":"a2dea5da4a97f6672e89e7ca7276cefa365147a7","_from":"build/javascript/node/selenium-webdriver","_resolved":"file:build/javascript/node/selenium-webdriver","_npmVersion":"3.10.8","_nodeVersion":"7.0.0","_npmUser":{"name":"jmleyba","email":"jmleyba@gmail.com"},"maintainers":[{"name":"jmleyba","email":"jmleyba@gmail.com"}],"dist":{"shasum":"a2dea5da4a97f6672e89e7ca7276cefa365147a7","tarball":"https://registry.npmjs.org/selenium-webdriver/-/selenium-webdriver-3.0.1.tgz"},"_npmOperationalInternal":{"host":"packages-18-east.internal.npmjs.com","tmp":"tmp/selenium-webdriver-3.0.1.tgz_1478644054108_0.8589885896071792"},"directories":{}},"3.1.0":{"name":"selenium-webdriver","version":"3.1.0","description":"The official WebDriver JavaScript bindings from the Selenium project","license":"Apache-2.0","keywords":["automation","selenium","testing","webdriver","webdriverjs"],"homepage":"https://github.com/SeleniumHQ/selenium","bugs":{"url":"https://github.com/SeleniumHQ/selenium/issues"},"main":"./index","repository":{"type":"git","url":"git+https://github.com/SeleniumHQ/selenium.git"},"engines":{"node":">= 6.9.0"},"dependencies":{"adm-zip":"^0.4.7","rimraf":"^2.5.4","tmp":"0.0.30","xml2js":"^0.4.17"},"devDependencies":{"express":"^4.14.0","mocha":"^3.1.2","multer":"^1.2.0","promises-aplus-tests":"^2.1.2","serve-index":"^1.8.0","sinon":"^1.17.6"},"scripts":{"test":"mocha -t 600000 --recursive test"},"_id":"selenium-webdriver@3.1.0","_shasum":"d76182940cfb991edf4bc1c28318f4e7bc7730df","_from":"selenium-webdriver","_resolved":"file:selenium-webdriver","_npmVersion":"4.0.5","_nodeVersion":"7.4.0","_npmUser":{"name":"jmleyba","email":"jmleyba@gmail.com"},"maintainers":[{"name":"jmleyba","email":"jmleyba@gmail.com"}],"dist":{"shasum":"d76182940cfb991edf4bc1c28318f4e7bc7730df","tarball":"https://registry.npmjs.org/selenium-webdriver/-/selenium-webdriver-3.1.0.tgz"},"_npmOperationalInternal":{"host":"packages-12-west.internal.npmjs.com","tmp":"tmp/selenium-webdriver-3.1.0.tgz_1487184770701_0.44056453346274793"},"directories":{}},"3.3.0":{"name":"selenium-webdriver","version":"3.3.0","description":"The official WebDriver JavaScript bindings from the Selenium project","license":"Apache-2.0","keywords":["automation","selenium","testing","webdriver","webdriverjs"],"homepage":"https://github.com/SeleniumHQ/selenium","bugs":{"url":"https://github.com/SeleniumHQ/selenium/issues"},"main":"./index","repository":{"type":"git","url":"git+https://github.com/SeleniumHQ/selenium.git"},"engines":{"node":">= 6.9.0"},"dependencies":{"adm-zip":"^0.4.7","rimraf":"^2.5.4","tmp":"0.0.30","xml2js":"^0.4.17"},"devDependencies":{"express":"^4.14.0","mocha":"^3.1.2","multer":"^1.2.0","promises-aplus-tests":"^2.1.2","serve-index":"^1.8.0","sinon":"^1.17.6"},"scripts":{"test":"mocha -t 600000 --recursive test"},"_id":"selenium-webdriver@3.3.0","_shasum":"f14d9b04cee9495d4284d22105b189b8305ccca1","_from":"build/javascript/node/selenium-webdriver","_resolved":"file:build/javascript/node/selenium-webdriver","_npmVersion":"4.1.2","_nodeVersion":"7.5.0","_npmUser":{"name":"jmleyba","email":"jmleyba@gmail.com"},"maintainers":[{"name":"jmleyba","email":"jmleyba@gmail.com"}],"dist":{"shasum":"f14d9b04cee9495d4284d22105b189b8305ccca1","tarball":"https://registry.npmjs.org/selenium-webdriver/-/selenium-webdriver-3.3.0.tgz"},"_npmOperationalInternal":{"host":"packages-12-west.internal.npmjs.com","tmp":"tmp/selenium-webdriver-3.3.0.tgz_1488766606791_0.44574250956065953"},"directories":{}},"3.4.0":{"name":"selenium-webdriver","version":"3.4.0","description":"The official WebDriver JavaScript bindings from the Selenium project","license":"Apache-2.0","keywords":["automation","selenium","testing","webdriver","webdriverjs"],"homepage":"https://github.com/SeleniumHQ/selenium","bugs":{"url":"https://github.com/SeleniumHQ/selenium/issues"},"main":"./index","repository":{"type":"git","url":"git+https://github.com/SeleniumHQ/selenium.git"},"engines":{"node":">= 6.9.0"},"dependencies":{"adm-zip":"^0.4.7","rimraf":"^2.5.4","tmp":"0.0.30","xml2js":"^0.4.17"},"devDependencies":{"express":"^4.14.0","mocha":"^3.1.2","multer":"^1.2.0","promises-aplus-tests":"^2.1.2","serve-index":"^1.8.0","sinon":"^1.17.6"},"scripts":{"test":"mocha -t 600000 --recursive test"},"_id":"selenium-webdriver@3.4.0","_shasum":"151f7445294da6a66c49cc300747a2a17e53c52a","_from":"build/javascript/node/selenium-webdriver","_resolved":"file:build/javascript/node/selenium-webdriver","_npmVersion":"4.2.0","_nodeVersion":"7.9.0","_npmUser":{"name":"jmleyba","email":"jmleyba@gmail.com"},"maintainers":[{"name":"jmleyba","email":"jmleyba@gmail.com"}],"dist":{"shasum":"151f7445294da6a66c49cc300747a2a17e53c52a","tarball":"https://registry.npmjs.org/selenium-webdriver/-/selenium-webdriver-3.4.0.tgz"},"_npmOperationalInternal":{"host":"packages-18-east.internal.npmjs.com","tmp":"tmp/selenium-webdriver-3.4.0.tgz_1492806787375_0.8394842187408358"},"directories":{}}},"readme":"# selenium-webdriver\n\nSelenium is a browser automation library. Most often used for testing\nweb-applications, Selenium may be used for any task that requires automating\ninteraction with the browser.\n\n## Installation\n\nSelenium may be installed via npm with\n\n    npm install selenium-webdriver\n\nYou will need to download additional components to work with each of the major\nbrowsers. The drivers for Chrome, Firefox, PhantomJS, Opera, and\nMicrosoft's IE and Edge web browsers are all standalone executables that should\nbe placed on your system [PATH]. Apple's safaridriver is shipped with\nSafari 10 for OS X El Capitan and macOS Sierra. You will need to enable Remote\nAutomation in the Develop menu of Safari 10 before testing.\n\n> **NOTE:**  Mozilla's [geckodriver] is only required for Firefox 47+.\n> Everything you need for Firefox 38-46 is included with this package.\n\n\n| Browser           | Component                          |\n| ----------------- | ---------------------------------- |\n| Chrome            | [chromedriver(.exe)][chrome]       |\n| Internet Explorer | [IEDriverServer.exe][release]      |\n| Edge              | [MicrosoftWebDriver.msi][edge]     |\n| Firefox 47+       | [geckodriver(.exe)][geckodriver]   |\n| PhantomJS         | [phantomjs(.exe)][phantomjs]       |\n| Opera             | [operadriver(.exe)][opera]         |\n| Safari            | [safaridriver]                     |\n\n## Usage\n\nThe sample below and others are included in the `example` directory. You may\nalso find the tests for selenium-webdriver informative.\n\n    var webdriver = require('selenium-webdriver'),\n        By = webdriver.By,\n        until = webdriver.until;\n\n    var driver = new webdriver.Builder()\n        .forBrowser('firefox')\n        .build();\n\n    driver.get('http://www.google.com/ncr');\n    driver.findElement(By.name('q')).sendKeys('webdriver');\n    driver.findElement(By.name('btnG')).click();\n    driver.wait(until.titleIs('webdriver - Google Search'), 1000);\n    driver.quit();\n\n### Using the Builder API\n\nThe `Builder` class is your one-stop shop for configuring new WebDriver\ninstances. Rather than clutter your code with branches for the various browsers,\nthe builder lets you set all options in one flow. When you call\n`Builder#build()`, all options irrelevant to the selected browser are dropped:\n\n    var webdriver = require('selenium-webdriver'),\n        chrome = require('selenium-webdriver/chrome'),\n        firefox = require('selenium-webdriver/firefox');\n\n    var driver = new webdriver.Builder()\n        .forBrowser('firefox')\n        .setChromeOptions(/* ... */)\n        .setFirefoxOptions(/* ... */)\n        .build();\n\nWhy would you want to configure options irrelevant to the target browser? The\n`Builder`'s API defines your _default_ configuration. You can change the target\nbrowser at runtime through the `SELENIUM_BROWSER` environment variable. For\nexample, the `example/google_search.js` script is configured to run against\nFirefox. You can run the example against other browsers just by changing the\nruntime environment\n\n    # cd node_modules/selenium-webdriver\n    node example/google_search\n    SELENIUM_BROWSER=chrome node example/google_search\n    SELENIUM_BROWSER=safari node example/google_search\n\n### The Standalone Selenium Server\n\nThe standalone Selenium Server acts as a proxy between your script and the\nbrowser-specific drivers. The server may be used when running locally, but it's\nnot recommend as it introduces an extra hop for each request and will slow\nthings down. The server is required, however, to use a browser on a remote host\n(most browser drivers, like the IEDriverServer, do not accept remote\nconnections).\n\nTo use the Selenium Server, you will need to install the\n[JDK](http://www.oracle.com/technetwork/java/javase/downloads/index.html) and\ndownload the latest server from [Selenium][release]. Once downloaded, run the\nserver with\n\n    java -jar selenium-server-standalone-2.45.0.jar\n\nYou may configure your tests to run against a remote server through the Builder\nAPI:\n\n    var driver = new webdriver.Builder()\n        .forBrowser('firefox')\n        .usingServer('http://localhost:4444/wd/hub')\n        .build();\n\nOr change the Builder's configuration at runtime with the `SELENIUM_REMOTE_URL`\nenvironment variable:\n\n    SELENIUM_REMOTE_URL=\"http://localhost:4444/wd/hub\" node script.js\n\nYou can experiment with these options using the `example/google_search.js`\nscript provided with `selenium-webdriver`.\n\n## Documentation\n\nAPI documentation is available online from the [Selenium project][api].\nAdditional resources include\n\n- the #selenium channel on freenode IRC\n- the [selenium-users@googlegroups.com][users] list\n- [SeleniumHQ](http://www.seleniumhq.org/docs/) documentation\n\n## Contributing\n\nContributions are accepted either through [GitHub][gh] pull requests or patches\nvia the [Selenium issue tracker][issues]. You must sign our\n[Contributor License Agreement][cla] before your changes will be accepted.\n\n## Node Support Policy\n\nEach version of selenium-webdriver will support the latest _semver-minor_\nversion of the [LTS] and stable Node releases. All _semver-major_ &\n_semver-minor_ versions between the LTS and stable release will have \"best\neffort\" support. Following a Selenium release, any _semver-minor_ Node releases\nwill also have \"best effort\" support. Releases older than the latest LTS,\n_semver-major_ releases, and all unstable release branches (e.g. \"v.Next\")\nare considered strictly unsupported.\n\nFor example, suppose the current LTS and stable releases are v6.9.5 and v7.5.0,\nrespectively. Then a Selenium release would have the following support levels:\n\n| Version | Support       |\n| ------- | ------------- |\n| <= 6.8  | _unsupported_ |\n| 6.9     | supported     |\n| 7.0-4   | best effort   |\n| 7.5     | supported     |\n| >= 7.5  | best effort   |\n| v.Next  | _unsupported_ |\n\n### Support Level Definitions\n\n- _supported:_ A selenium-webdriver release will be API compatible with the\n    platform API, without the use of runtime flags.\n\n- _best effort:_ Bugs will be investigated as time permits. API compatibility is\n    only guaranteed where required by a _supported_ release. This effectively\n    means the adoption of new JS features, such as ES2015 modules, will depend\n    on what is supported in Node's LTS.\n\n- _unsupported:_ Bug submissions will be closed as will-not-fix and API\n    compatibility is not guaranteed.\n\n### Projected Support Schedule\n\nIf Node releases a new [LTS] each October and a new major version every 6\nmonths, the support window for selenium-webdriver will be roughly:\n\n| Date      | LTS  | Stable |\n| --------- | ---: | -----: |\n| (current) |  6.9 |    7.5 |\n| 2017-04   |  6.0 |    8.0 |\n| 2017-10   |  8.0 |    9.0 |\n| 2018-04   |  8.0 |   10.0 |\n| 2018-10   | 10.0 |   11.0 |\n\n## Issues\n\nPlease report any issues using the [Selenium issue tracker][issues]. When using\nthe issue tracker\n\n- __Do__ include a detailed description of the problem.\n- __Do__ include a link to a [gist](http://gist.github.com/) with any\n    interesting stack traces/logs (you may also attach these directly to the bug\n    report).\n- __Do__ include a [reduced test case][reduction]. Reporting \"unable to find\n    element on the page\" is _not_ a valid report - there's nothing for us to\n    look into. Expect your bug report to be closed if you do not provide enough\n    information for us to investigate.\n- __Do not__ use the issue tracker to submit basic help requests. All help\n    inquiries should be directed to the [user forum][users] or #selenium IRC\n    channel.\n- __Do not__ post empty \"I see this too\" or \"Any updates?\" comments. These\n    provide no additional information and clutter the log.\n- __Do not__ report regressions on closed bugs as they are not actively\n    monitored for updates (especially bugs that are >6 months old). Please open a\n    new issue and reference the original bug in your report.\n\n## License\n\nLicensed to the Software Freedom Conservancy (SFC) under one\nor more contributor license agreements.  See the NOTICE file\ndistributed with this work for additional information\nregarding copyright ownership.  The SFC licenses this file\nto you under the Apache License, Version 2.0 (the\n\"License\"); you may not use this file except in compliance\nwith the License.  You may obtain a copy of the License at\n\nhttp://www.apache.org/licenses/LICENSE-2.0\n\nUnless required by applicable law or agreed to in writing,\nsoftware distributed under the License is distributed on an\n\"AS IS\" BASIS, WITHOUT WARRANTIES OR CONDITIONS OF ANY\nKIND, either express or implied.  See the License for the\nspecific language governing permissions and limitations\nunder the License.\n\n[LTS]: https://github.com/nodejs/LTS\n[PATH]: http://en.wikipedia.org/wiki/PATH_%28variable%29\n[api]: http://seleniumhq.github.io/selenium/docs/api/javascript/module/selenium-webdriver/\n[cla]: http://goo.gl/qC50R\n[chrome]: http://chromedriver.storage.googleapis.com/index.html\n[gh]: https://github.com/SeleniumHQ/selenium/\n[issues]: https://github.com/SeleniumHQ/selenium/issues\n[opera]: https://github.com/operasoftware/operachromiumdriver/releases\n[phantomjs]: http://phantomjs.org/\n[edge]: http://go.microsoft.com/fwlink/?LinkId=619687\n[geckodriver]: https://github.com/mozilla/geckodriver/releases/\n[reduction]: http://www.webkit.org/quality/reduction.html\n[release]: http://selenium-release.storage.googleapis.com/index.html\n[users]: https://groups.google.com/forum/#!forum/selenium-users\n[safaridriver]: https://developer.apple.com/library/prerelease/content/releasenotes/General/WhatsNewInSafari/Articles/Safari_10_0.html#//apple_ref/doc/uid/TP40014305-CH11-DontLinkElementID_28\n","maintainers":[{"name":"jmleyba","email":"jmleyba@gmail.com"}],"time":{"modified":"2017-05-22T04:49:38.716Z","created":"2013-02-14T20:44:42.963Z","2.29.0":"2013-02-14T20:44:43.830Z","2.29.1":"2013-02-18T05:43:04.425Z","2.30.0":"2013-02-19T00:13:07.536Z","2.31.0":"2013-03-03T01:12:33.960Z","2.32.0":"2013-04-14T18:59:32.486Z","2.32.1":"2013-04-23T03:44:56.629Z","2.33.0":"2013-05-27T16:15:25.525Z","2.34.0":"2013-08-06T18:14:38.581Z","2.34.1":"2013-08-09T20:28:32.702Z","2.35.0":"2013-08-12T22:10:28.241Z","2.35.1":"2013-08-27T22:00:38.139Z","2.35.2":"2013-09-27T16:42:53.036Z","2.37.0":"2013-10-18T17:14:59.996Z","2.38.0":"2013-12-05T18:09:44.636Z","2.38.1":"2013-12-09T01:49:35.256Z","2.39.0":"2013-12-16T20:35:40.801Z","2.40.0":"2014-02-19T18:23:45.907Z","2.41.0":"2014-03-28T16:58:42.287Z","2.42.0":"2014-05-23T20:15:49.862Z","2.42.1":"2014-06-10T19:03:16.647Z","2.43.0":"2014-09-12T17:01:24.930Z","2.43.1":"2014-09-12T18:17:26.624Z","2.43.2":"2014-09-12T21:34:10.491Z","2.43.3":"2014-09-12T21:39:03.790Z","2.43.4":"2014-09-13T17:28:53.165Z","2.43.5":"2014-09-18T02:59:14.398Z","2.44.0":"2014-10-24T02:53:55.449Z","2.45.0":"2015-02-27T01:37:40.271Z","2.45.1":"2015-03-02T04:51:05.194Z","2.46.0":"2015-06-07T02:35:45.137Z","2.46.1":"2015-06-15T21:23:14.908Z","2.47.0":"2015-09-18T16:51:46.839Z","2.48.0":"2015-10-18T23:02:32.253Z","2.48.1":"2015-11-02T03:49:30.135Z","2.48.2":"2015-11-03T22:31:27.174Z","2.52.0":"2016-02-12T06:51:55.459Z","2.53.1":"2016-03-15T21:17:48.260Z","2.53.2":"2016-04-28T23:17:43.944Z","2.53.3":"2016-06-28T23:04:21.159Z","3.0.0-beta-1":"2016-08-06T17:21:32.559Z","3.0.0-beta-2":"2016-08-08T03:45:06.062Z","3.0.0-beta-3":"2016-09-21T16:05:04.403Z","3.0.0":"2016-11-03T18:30:34.002Z","3.0.1":"2016-11-08T22:27:34.771Z","3.1.0":"2017-02-15T18:52:50.958Z","3.3.0":"2017-03-06T02:16:47.049Z","3.4.0":"2017-04-21T20:33:09.967Z"},"repository":{"type":"git","url":"git+https://github.com/SeleniumHQ/selenium.git"},"readmeFilename":"README.md","homepage":"https://github.com/SeleniumHQ/selenium","keywords":["automation","selenium","testing","webdriver","webdriverjs"],"bugs":{"url":"https://github.com/SeleniumHQ/selenium/issues"},"users":{"winsonwq":true,"avishek":true,"jayrobot":true,"dujuan":true,"syzer":true,"blackoperat":true,"tomwayson":true,"ny":true,"rowemore":true,"awaterma":true,"flowlo":true,"vaibhavsingh":true,"hq":true,"mtscout6":true,"slava.hatnuke":true,"pratheek":true,"flashyrc":true,"roshanravi10":true,"walmik":true,"sobear":true,"paulomcnally":true,"nandini.3186":true,"billfeller":true,"fattenap":true,"rgraves90":true,"jmeester":true,"parkerproject":true,"shanewholloway":true,"hrmoller":true,"dyoshida":true,"santosharakere":true,"jhabdas":true,"kharytonenka":true,"jefrancomix":true,"taoyang987":true,"itonyyo":true,"brandonpapworth":true,"avdons":true,"thelmos":true,"pateldevang035":true,"msc654":true,"leonardorb":true,"n370":true,"kotti":true,"gerst20051":true,"slava-sh":true,"xingjianpan":true,"leonv":true,"panlw":true,"lseongjoo":true,"vichango":true,"holyzfy":true,"zombinary":true,"deusalgor":true,"allain":true,"octalmage":true,"ciceropablo":true,"igorpupkinable":true,"kurre":true,"zeljkofilipin":true,"fpmweb":true,"erikvold":true,"mccataldo":true,"abdihaikal":true,"klimnikita":true,"jokja":true,"po":true,"yokubee":true,"konamgil":true,"shaddix09":true,"baohx2000":true,"bapinney":true,"apehead":true,"coalesce":true,"greatghoul":true,"nickeltobias":true,"tverezo":true,"n1kkou":true,"manoj9788":true,"ppatron":true,"animabear":true,"maximkogan":true,"karthilxg":true,"duskalbatross":true,"randygoh":true,"mikestaub":true,"mhaidarh":true,"domjtalbot":true,"psychollama":true,"jh86":true,"jhal81":true,"ahvonenj":true,"cycomachead":true,"kkuehl":true,"xch":true,"gvr37leo":true,"code-curious":true,"abuelwafa":true,"marsojane":true,"alexbai1991":true,"chirag8642":true,"gauss02":true,"cyberx11":true,"vassiliy.pimkin":true,"serge-nikitin":true,"dkblay":true,"neha_wane":true,"p.haurylau":true,"aristo_sh":true,"chrisakakay":true,"olamedia":true,"ortee":true,"demian_dark":true,"altus":true,"marcobiedermann":true,"j3rrywan9":true,"rubiadias":true,"lsxlsxxslxsl":true,"webbot":true,"kaashin":true},"license":"Apache-2.0","_attachments":{},"_etag":"W/\"59226de2-1000c\"","_lastModified":"Mon, 22 May 2017 04:49:38 GMT","_cached":true}