{"_id":"jasmine","_rev":"91-73c4bb11fcc4ac688786837a1c45e88a","name":"jasmine","description":"Command line jasmine","dist-tags":{"latest":"2.6.0"},"versions":{"2.0.1":{"name":"jasmine","description":"Command line jasmine","homepage":"http://jasmine.github.io/","keywords":["test","jasmine","tdd","bdd"],"version":"2.0.1","repository":{"type":"git","url":"https://github.com/pivotal/jasmine-npm"},"dependencies":{"jasmine-core":"~2.0.1","glob":"^3.2.11","commander":"~2.1.0"},"bin":{"jasmine":"./bin/jasmine.js"},"main":"./lib/jasmine.js","devDependencies":{"grunt":"~0.4.2","grunt-cli":"~0.1.13","grunt-contrib-jshint":"~0.8.0","grunt-contrib-copy":"~0.5.0","shelljs":"~0.2.6"},"gitHead":"2adab08ad73604c2160ecf9f66f66b65732b0f6f","bugs":{"url":"https://github.com/pivotal/jasmine-npm/issues"},"_id":"jasmine@2.0.1","scripts":{},"_shasum":"08b947b39800110fbfe4c1fea540d0692689ab73","_from":".","_npmVersion":"1.4.16","_npmUser":{"name":"slackersoft","email":"gregg@slackersoft.net"},"maintainers":[{"name":"slackersoft","email":"gregg@slackersoft.net"}],"dist":{"shasum":"08b947b39800110fbfe4c1fea540d0692689ab73","tarball":"https://registry.npmjs.org/jasmine/-/jasmine-2.0.1.tgz"},"directories":{}},"2.1.0":{"name":"jasmine","description":"Command line jasmine","homepage":"http://jasmine.github.io/","keywords":["test","jasmine","tdd","bdd"],"version":"2.1.0","repository":{"type":"git","url":"https://github.com/pivotal/jasmine-npm"},"dependencies":{"jasmine-core":"~2.1.0","glob":"^3.2.11"},"bin":{"jasmine":"./bin/jasmine.js"},"main":"./lib/jasmine.js","devDependencies":{"grunt":"~0.4.2","grunt-cli":"~0.1.13","grunt-contrib-jshint":"~0.8.0","grunt-contrib-copy":"~0.5.0","shelljs":"~0.2.6"},"gitHead":"b9603085b09f3de2f8232fbf4aff7b2ec866ab89","bugs":{"url":"https://github.com/pivotal/jasmine-npm/issues"},"_id":"jasmine@2.1.0","scripts":{},"_shasum":"bfef2f6a3edfa16fcc7ba6c78e314762bf1f85c5","_from":".","_npmVersion":"1.4.16","_npmUser":{"name":"slackersoft","email":"gregg@slackersoft.net"},"maintainers":[{"name":"slackersoft","email":"gregg@slackersoft.net"},{"name":"dwfrank","email":"dwfrank@pivotallabs.com"},{"name":"amavisca","email":"chris.amavisca@gmail.com"}],"dist":{"shasum":"bfef2f6a3edfa16fcc7ba6c78e314762bf1f85c5","tarball":"https://registry.npmjs.org/jasmine/-/jasmine-2.1.0.tgz"},"directories":{}},"2.1.1":{"name":"jasmine","description":"Command line jasmine","homepage":"http://jasmine.github.io/","keywords":["test","jasmine","tdd","bdd"],"version":"2.1.1","repository":{"type":"git","url":"https://github.com/pivotal/jasmine-npm"},"dependencies":{"jasmine-core":"~2.1.0","glob":"^3.2.11"},"bin":{"jasmine":"./bin/jasmine.js"},"main":"./lib/jasmine.js","devDependencies":{"grunt":"~0.4.2","grunt-cli":"~0.1.13","grunt-contrib-jshint":"~0.8.0","grunt-contrib-copy":"~0.5.0","shelljs":"~0.2.6"},"gitHead":"cb109c4409ce66ece6e4bca8ba6d90dbc52c94e7","bugs":{"url":"https://github.com/pivotal/jasmine-npm/issues"},"_id":"jasmine@2.1.1","scripts":{},"_shasum":"9db8b17d54c7a30266feaf3a015f32812cb81748","_from":".","_npmVersion":"1.4.28","_npmUser":{"name":"amavisca","email":"chris.amavisca@gmail.com"},"maintainers":[{"name":"slackersoft","email":"gregg@slackersoft.net"},{"name":"dwfrank","email":"dwfrank@pivotallabs.com"},{"name":"amavisca","email":"chris.amavisca@gmail.com"}],"dist":{"shasum":"9db8b17d54c7a30266feaf3a015f32812cb81748","tarball":"https://registry.npmjs.org/jasmine/-/jasmine-2.1.1.tgz"},"directories":{}},"2.2.0":{"name":"jasmine","description":"Command line jasmine","homepage":"http://jasmine.github.io/","keywords":["test","jasmine","tdd","bdd"],"version":"2.2.0","repository":{"type":"git","url":"https://github.com/jasmine/jasmine-npm"},"scripts":{"test":"grunt && ./bin/jasmine.js"},"dependencies":{"jasmine-core":"~2.2.0","glob":"^3.2.11"},"bin":{"jasmine":"./bin/jasmine.js"},"main":"./lib/jasmine.js","devDependencies":{"grunt":"~0.4.2","grunt-cli":"~0.1.13","grunt-contrib-jshint":"~0.8.0","grunt-contrib-copy":"~0.5.0","shelljs":"~0.2.6"},"gitHead":"5e0a2ddf550b13b8a3b8da0394675ea11679de6d","bugs":{"url":"https://github.com/jasmine/jasmine-npm/issues"},"_id":"jasmine@2.2.0","_shasum":"fa63614658ae7b5517d65de49fa3e63b9f018d47","_from":".","_npmVersion":"1.4.13","_npmUser":{"name":"slackersoft","email":"gregg@slackersoft.net"},"maintainers":[{"name":"slackersoft","email":"gregg@slackersoft.net"},{"name":"dwfrank","email":"dwfrank@pivotallabs.com"},{"name":"amavisca","email":"chris.amavisca@gmail.com"}],"dist":{"shasum":"fa63614658ae7b5517d65de49fa3e63b9f018d47","tarball":"https://registry.npmjs.org/jasmine/-/jasmine-2.2.0.tgz"},"directories":{}},"2.2.1":{"name":"jasmine","description":"Command line jasmine","homepage":"http://jasmine.github.io/","keywords":["test","jasmine","tdd","bdd"],"version":"2.2.1","repository":{"type":"git","url":"https://github.com/jasmine/jasmine-npm"},"scripts":{"test":"grunt && ./bin/jasmine.js"},"dependencies":{"exit":"^0.1.2","glob":"^3.2.11","jasmine-core":"~2.2.0"},"bin":{"jasmine":"./bin/jasmine.js"},"main":"./lib/jasmine.js","devDependencies":{"grunt":"~0.4.2","grunt-cli":"~0.1.13","grunt-contrib-jshint":"~0.8.0","grunt-contrib-copy":"~0.5.0","shelljs":"~0.2.6"},"gitHead":"2009396d76f16e422791ab0383f8857e76d9496d","bugs":{"url":"https://github.com/jasmine/jasmine-npm/issues"},"_id":"jasmine@2.2.1","_shasum":"38f0ba79ba925eb5f9e99c2c467a65556288a79a","_from":".","_npmVersion":"2.3.0","_nodeVersion":"0.10.36","_npmUser":{"name":"amavisca","email":"chris.amavisca@gmail.com"},"maintainers":[{"name":"slackersoft","email":"gregg@slackersoft.net"},{"name":"dwfrank","email":"dwfrank@pivotallabs.com"},{"name":"amavisca","email":"chris.amavisca@gmail.com"}],"dist":{"shasum":"38f0ba79ba925eb5f9e99c2c467a65556288a79a","tarball":"https://registry.npmjs.org/jasmine/-/jasmine-2.2.1.tgz"},"directories":{}},"2.3.0":{"name":"jasmine","description":"Command line jasmine","homepage":"http://jasmine.github.io/","keywords":["test","jasmine","tdd","bdd"],"license":"MIT","version":"2.3.0","repository":{"type":"git","url":"https://github.com/jasmine/jasmine-npm"},"scripts":{"test":"grunt && ./bin/jasmine.js"},"dependencies":{"exit":"^0.1.2","glob":"^3.2.11","jasmine-core":"~2.3.0"},"bin":{"jasmine":"./bin/jasmine.js"},"main":"./lib/jasmine.js","devDependencies":{"grunt":"^0.4.2","grunt-cli":"^0.1.13","grunt-contrib-jshint":"^0.11.0","shelljs":"^0.3.0"},"gitHead":"a92a286a18c3a0e1a1723d87be9e3a1c1ac332c9","bugs":{"url":"https://github.com/jasmine/jasmine-npm/issues"},"_id":"jasmine@2.3.0","_shasum":"ae7435df979873df921515eb1088eb58af723305","_from":".","_npmVersion":"1.4.16","_npmUser":{"name":"slackersoft","email":"gregg@slackersoft.net"},"maintainers":[{"name":"slackersoft","email":"gregg@slackersoft.net"},{"name":"dwfrank","email":"dwfrank@pivotallabs.com"},{"name":"amavisca","email":"chris.amavisca@gmail.com"}],"dist":{"shasum":"ae7435df979873df921515eb1088eb58af723305","tarball":"https://registry.npmjs.org/jasmine/-/jasmine-2.3.0.tgz"},"directories":{}},"2.3.1":{"name":"jasmine","description":"Command line jasmine","homepage":"http://jasmine.github.io/","keywords":["test","jasmine","tdd","bdd"],"license":"MIT","version":"2.3.1","repository":{"type":"git","url":"https://github.com/jasmine/jasmine-npm"},"scripts":{"test":"grunt && ./bin/jasmine.js"},"dependencies":{"exit":"^0.1.2","glob":"^3.2.11","jasmine-core":"~2.3.0"},"bin":{"jasmine":"./bin/jasmine.js"},"main":"./lib/jasmine.js","devDependencies":{"grunt":"^0.4.2","grunt-cli":"^0.1.13","grunt-contrib-jshint":"^0.11.0","shelljs":"^0.3.0"},"gitHead":"12e9ba5979d18d5f208d04c23cc9061af885cebb","bugs":{"url":"https://github.com/jasmine/jasmine-npm/issues"},"_id":"jasmine@2.3.1","_shasum":"4b2a4923d9c0472f6f66d38a11cca0c6d6070bda","_from":".","_npmVersion":"2.5.1","_nodeVersion":"1.4.1","_npmUser":{"name":"amavisca","email":"chris.amavisca@gmail.com"},"maintainers":[{"name":"slackersoft","email":"gregg@slackersoft.net"},{"name":"dwfrank","email":"dwfrank@pivotallabs.com"},{"name":"amavisca","email":"chris.amavisca@gmail.com"}],"dist":{"shasum":"4b2a4923d9c0472f6f66d38a11cca0c6d6070bda","tarball":"https://registry.npmjs.org/jasmine/-/jasmine-2.3.1.tgz"},"directories":{}},"2.3.2":{"name":"jasmine","description":"Command line jasmine","homepage":"http://jasmine.github.io/","keywords":["test","jasmine","tdd","bdd"],"license":"MIT","version":"2.3.2","repository":{"type":"git","url":"git+https://github.com/jasmine/jasmine-npm.git"},"scripts":{"test":"grunt && ./bin/jasmine.js"},"dependencies":{"exit":"^0.1.2","glob":"^3.2.11","jasmine-core":"~2.3.0"},"bin":{"jasmine":"./bin/jasmine.js"},"main":"./lib/jasmine.js","devDependencies":{"grunt":"^0.4.2","grunt-cli":"^0.1.13","grunt-contrib-jshint":"^0.11.0","shelljs":"^0.3.0"},"gitHead":"6c9d5896e582b06e577ea62bef965cd7468eefeb","bugs":{"url":"https://github.com/jasmine/jasmine-npm/issues"},"_id":"jasmine@2.3.2","_shasum":"febf0e4b4afff63c2d09211f077da0b859f5f191","_from":".","_npmVersion":"2.12.1","_nodeVersion":"0.12.6","_npmUser":{"name":"slackersoft","email":"gregg@slackersoft.net"},"dist":{"shasum":"febf0e4b4afff63c2d09211f077da0b859f5f191","tarball":"https://registry.npmjs.org/jasmine/-/jasmine-2.3.2.tgz"},"maintainers":[{"name":"slackersoft","email":"gregg@slackersoft.net"},{"name":"dwfrank","email":"dwfrank@pivotallabs.com"},{"name":"amavisca","email":"chris.amavisca@gmail.com"}],"directories":{}},"2.4.0":{"name":"jasmine","description":"Command line jasmine","homepage":"http://jasmine.github.io/","keywords":["test","jasmine","tdd","bdd"],"license":"MIT","version":"2.4.0","repository":{"type":"git","url":"git+https://github.com/jasmine/jasmine-npm.git"},"scripts":{"test":"grunt && ./bin/jasmine.js"},"dependencies":{"exit":"^0.1.2","glob":"^3.2.11","jasmine-core":"~2.4.0"},"bin":{"jasmine":"./bin/jasmine.js"},"main":"./lib/jasmine.js","devDependencies":{"grunt":"^0.4.2","grunt-cli":"^0.1.13","grunt-contrib-jshint":"^0.11.0","shelljs":"^0.3.0"},"gitHead":"f53b73759f80fc40ee490690a076059da0776c98","bugs":{"url":"https://github.com/jasmine/jasmine-npm/issues"},"_id":"jasmine@2.4.0","_shasum":"5acea0b6220b818ab7d5971002aefdc82abd7bcf","_from":".","_npmVersion":"2.12.1","_nodeVersion":"0.12.7","_npmUser":{"name":"slackersoft","email":"gregg@slackersoft.net"},"maintainers":[{"name":"slackersoft","email":"gregg@slackersoft.net"},{"name":"dwfrank","email":"dwfrank@pivotallabs.com"},{"name":"amavisca","email":"chris.amavisca@gmail.com"}],"dist":{"shasum":"5acea0b6220b818ab7d5971002aefdc82abd7bcf","tarball":"https://registry.npmjs.org/jasmine/-/jasmine-2.4.0.tgz"},"directories":{}},"2.4.1":{"name":"jasmine","description":"Command line jasmine","homepage":"http://jasmine.github.io/","keywords":["test","jasmine","tdd","bdd"],"license":"MIT","version":"2.4.1","repository":{"type":"git","url":"git+https://github.com/jasmine/jasmine-npm.git"},"scripts":{"test":"grunt && ./bin/jasmine.js"},"dependencies":{"exit":"^0.1.2","glob":"^3.2.11","jasmine-core":"~2.4.0"},"bin":{"jasmine":"./bin/jasmine.js"},"main":"./lib/jasmine.js","devDependencies":{"grunt":"^0.4.2","grunt-cli":"^0.1.13","grunt-contrib-jshint":"^0.11.0","shelljs":"^0.3.0"},"gitHead":"17344da242f81c61e4d19a895960bf9414fae07d","bugs":{"url":"https://github.com/jasmine/jasmine-npm/issues"},"_id":"jasmine@2.4.1","_shasum":"9016dda453213d27ac6d43dc4ea97315a189085e","_from":".","_npmVersion":"2.12.1","_nodeVersion":"0.12.7","_npmUser":{"name":"slackersoft","email":"gregg@slackersoft.net"},"maintainers":[{"name":"slackersoft","email":"gregg@slackersoft.net"},{"name":"dwfrank","email":"dwfrank@pivotallabs.com"},{"name":"amavisca","email":"chris.amavisca@gmail.com"}],"dist":{"shasum":"9016dda453213d27ac6d43dc4ea97315a189085e","tarball":"https://registry.npmjs.org/jasmine/-/jasmine-2.4.1.tgz"},"directories":{}},"2.5.0":{"name":"jasmine","description":"Command line jasmine","homepage":"http://jasmine.github.io/","keywords":["test","jasmine","tdd","bdd"],"license":"MIT","version":"2.5.0","repository":{"type":"git","url":"git+https://github.com/jasmine/jasmine-npm.git"},"scripts":{"test":"grunt && ./bin/jasmine.js"},"dependencies":{"exit":"^0.1.2","glob":"^3.2.11","jasmine-core":"~2.5.0"},"bin":{"jasmine":"./bin/jasmine.js"},"main":"./lib/jasmine.js","devDependencies":{"grunt":"^0.4.2","grunt-cli":"^0.1.13","grunt-contrib-jshint":"^0.11.0","shelljs":"^0.3.0"},"gitHead":"787323177c1588a411fedb0430eb69926b60967c","bugs":{"url":"https://github.com/jasmine/jasmine-npm/issues"},"_id":"jasmine@2.5.0","_shasum":"7fbfcfbe49d3fc71da957612e700f128a154b671","_from":".","_npmVersion":"2.12.1","_nodeVersion":"0.12.7","_npmUser":{"name":"slackersoft","email":"gregg@slackersoft.net"},"maintainers":[{"name":"slackersoft","email":"gregg@slackersoft.net"},{"name":"dwfrank","email":"dwfrank@pivotallabs.com"},{"name":"amavisca","email":"chris.amavisca@gmail.com"}],"dist":{"shasum":"7fbfcfbe49d3fc71da957612e700f128a154b671","tarball":"https://registry.npmjs.org/jasmine/-/jasmine-2.5.0.tgz"},"_npmOperationalInternal":{"host":"packages-16-east.internal.npmjs.com","tmp":"tmp/jasmine-2.5.0.tgz_1472619345618_0.26670458377338946"},"directories":{}},"2.5.1":{"name":"jasmine","description":"Command line jasmine","homepage":"http://jasmine.github.io/","keywords":["test","jasmine","tdd","bdd"],"license":"MIT","version":"2.5.1","repository":{"type":"git","url":"git+https://github.com/jasmine/jasmine-npm.git"},"scripts":{"test":"grunt && ./bin/jasmine.js"},"dependencies":{"exit":"^0.1.2","glob":"^7.0.6","jasmine-core":"~2.5.1"},"bin":{"jasmine":"./bin/jasmine.js"},"main":"./lib/jasmine.js","devDependencies":{"grunt":"^0.4.2","grunt-cli":"^0.1.13","grunt-contrib-jshint":"^0.11.0","shelljs":"^0.3.0"},"gitHead":"3b5fd0a147cfd81281b287bcc33a701f53390b6b","bugs":{"url":"https://github.com/jasmine/jasmine-npm/issues"},"_id":"jasmine@2.5.1","_shasum":"31c4c50490ec6fba506ca0c7b36d979ecf22cd88","_from":".","_npmVersion":"2.12.1","_nodeVersion":"0.12.7","_npmUser":{"name":"slackersoft","email":"gregg@slackersoft.net"},"maintainers":[{"name":"slackersoft","email":"gregg@slackersoft.net"},{"name":"dwfrank","email":"dwfrank@pivotallabs.com"},{"name":"amavisca","email":"chris.amavisca@gmail.com"}],"dist":{"shasum":"31c4c50490ec6fba506ca0c7b36d979ecf22cd88","tarball":"https://registry.npmjs.org/jasmine/-/jasmine-2.5.1.tgz"},"_npmOperationalInternal":{"host":"packages-16-east.internal.npmjs.com","tmp":"tmp/jasmine-2.5.1.tgz_1473286756831_0.9913635065313429"},"directories":{}},"2.5.2":{"name":"jasmine","description":"Command line jasmine","homepage":"http://jasmine.github.io/","keywords":["test","jasmine","tdd","bdd"],"license":"MIT","version":"2.5.2","repository":{"type":"git","url":"git+https://github.com/jasmine/jasmine-npm.git"},"scripts":{"test":"grunt && ./bin/jasmine.js"},"dependencies":{"exit":"^0.1.2","glob":"^7.0.6","jasmine-core":"~2.5.2"},"bin":{"jasmine":"./bin/jasmine.js"},"main":"./lib/jasmine.js","devDependencies":{"grunt":"^0.4.2","grunt-cli":"^0.1.13","grunt-contrib-jshint":"^0.11.0","shelljs":"^0.3.0"},"gitHead":"43a219f832e424039089ec8f916faac3f2f27b4b","bugs":{"url":"https://github.com/jasmine/jasmine-npm/issues"},"_id":"jasmine@2.5.2","_shasum":"6283cef7085c095cc25d651e954df004f7e3e421","_from":".","_npmVersion":"2.12.1","_nodeVersion":"0.12.7","_npmUser":{"name":"slackersoft","email":"gregg@slackersoft.net"},"maintainers":[{"name":"slackersoft","email":"gregg@slackersoft.net"},{"name":"dwfrank","email":"dwfrank@pivotallabs.com"},{"name":"amavisca","email":"chris.amavisca@gmail.com"}],"dist":{"shasum":"6283cef7085c095cc25d651e954df004f7e3e421","tarball":"https://registry.npmjs.org/jasmine/-/jasmine-2.5.2.tgz"},"_npmOperationalInternal":{"host":"packages-12-west.internal.npmjs.com","tmp":"tmp/jasmine-2.5.2.tgz_1474071986100_0.5755787314847112"},"directories":{}},"2.5.3":{"name":"jasmine","description":"Command line jasmine","homepage":"http://jasmine.github.io/","keywords":["test","jasmine","tdd","bdd"],"license":"MIT","version":"2.5.3","repository":{"type":"git","url":"git+https://github.com/jasmine/jasmine-npm.git"},"scripts":{"test":"grunt && ./bin/jasmine.js"},"dependencies":{"exit":"^0.1.2","glob":"^7.0.6","jasmine-core":"~2.5.2"},"bin":{"jasmine":"./bin/jasmine.js"},"main":"./lib/jasmine.js","devDependencies":{"grunt":"^0.4.2","grunt-cli":"^0.1.13","grunt-contrib-jshint":"^0.11.0","shelljs":"^0.3.0"},"gitHead":"0da2582c4f162c700263b63c3144b99dd56d5015","bugs":{"url":"https://github.com/jasmine/jasmine-npm/issues"},"_id":"jasmine@2.5.3","_shasum":"5441f254e1fc2269deb1dfd93e0e57d565ff4d22","_from":".","_npmVersion":"2.12.1","_nodeVersion":"0.12.7","_npmUser":{"name":"slackersoft","email":"gregg@slackersoft.net"},"maintainers":[{"name":"slackersoft","email":"gregg@slackersoft.net"},{"name":"dwfrank","email":"dwfrank@pivotallabs.com"},{"name":"amavisca","email":"chris.amavisca@gmail.com"}],"dist":{"shasum":"5441f254e1fc2269deb1dfd93e0e57d565ff4d22","tarball":"https://registry.npmjs.org/jasmine/-/jasmine-2.5.3.tgz"},"_npmOperationalInternal":{"host":"packages-12-west.internal.npmjs.com","tmp":"tmp/jasmine-2.5.3.tgz_1484181031447_0.8811303661204875"},"directories":{}},"2.6.0":{"name":"jasmine","description":"Command line jasmine","homepage":"http://jasmine.github.io/","keywords":["test","jasmine","tdd","bdd"],"license":"MIT","version":"2.6.0","repository":{"type":"git","url":"git+https://github.com/jasmine/jasmine-npm.git"},"scripts":{"test":"grunt && ./bin/jasmine.js"},"dependencies":{"exit":"^0.1.2","glob":"^7.0.6","jasmine-core":"~2.6.0"},"bin":{"jasmine":"./bin/jasmine.js"},"main":"./lib/jasmine.js","devDependencies":{"grunt":"^0.4.2","grunt-cli":"^0.1.13","grunt-contrib-jshint":"^0.11.0","shelljs":"^0.3.0"},"gitHead":"94de6d5a6789ffe719603e9649bf667658df7b5b","bugs":{"url":"https://github.com/jasmine/jasmine-npm/issues"},"_id":"jasmine@2.6.0","_shasum":"6b22e70883e8e589d456346153b4d206ddbe217f","_from":".","_npmVersion":"4.1.2","_nodeVersion":"7.5.0","_npmUser":{"name":"slackersoft","email":"gregg@slackersoft.net"},"maintainers":[{"name":"slackersoft","email":"gregg@slackersoft.net"},{"name":"dwfrank","email":"dwfrank@pivotallabs.com"},{"name":"amavisca","email":"chris.amavisca@gmail.com"}],"dist":{"shasum":"6b22e70883e8e589d456346153b4d206ddbe217f","tarball":"https://registry.npmjs.org/jasmine/-/jasmine-2.6.0.tgz"},"_npmOperationalInternal":{"host":"packages-12-west.internal.npmjs.com","tmp":"tmp/jasmine-2.6.0.tgz_1493066784532_0.716917464742437"},"directories":{}}},"readme":"[![Build Status](https://travis-ci.org/jasmine/jasmine-npm.png?branch=master)](https://travis-ci.org/jasmine/jasmine-npm)\n\n# The Jasmine Module\n\nThe `jasmine` module is a package of helper code for developing Jasmine projects for Node.js. \n\nThe core of jasmine lives at https://github.com/jasmine/jasmine and is `jasmine-core` in npm.\n\n## Contents\n\nThis module allows you to run Jasmine specs for your Node.js code. The output will be displayed in your terminal by default.\n\n## Documentation\n\nhttp://jasmine.github.io/2.5/node.html\n\n## Installation\n```sh\n# Local installation:\nnpm install --save-dev jasmine\n\n# Global installation\nnpm install -g jasmine\n```\n\n## Initializing\n\nTo initialize a project for Jasmine\n\n`jasmine init`\n\nTo seed your project with some examples\n\n`jasmine examples`\n\n## Usage\n\nTo run your test suite\n\n`jasmine`\n\n## Configuration\n\nCustomize `spec/support/jasmine.json` to enumerate the source and spec files you would like the Jasmine runner to include.\nYou may use dir glob strings.\nMore information on the format of `jasmine.json` can be found in [the documentation](http://jasmine.github.io/2.4/node.html#section-Configuration)\n\nAlternatively, you may specify the path to your `jasmine.json` by setting an environment variable or an option:\n\n`jasmine JASMINE_CONFIG_PATH=relative/path/to/your/jasmine.json`\n`jasmine --config=relative/path/to/your/jasmine.json`\n\n## Support\n\nJasmine Mailing list: [jasmine-js@googlegroups.com](mailto:jasmine-js@googlegroups.com)\nTwitter: [@jasminebdd](http://twitter.com/jasminebdd)\n\nPlease file issues here at Github\n\nCopyright (c) 2008-2016 Pivotal Labs. This software is licensed under the MIT License.\n","maintainers":[{"name":"slackersoft","email":"gregg@slackersoft.net"},{"name":"dwfrank","email":"dwfrank@pivotallabs.com"},{"name":"amavisca","email":"chris.amavisca@gmail.com"}],"time":{"modified":"2017-05-07T01:56:45.869Z","created":"2014-08-22T20:18:42.737Z","2.0.1":"2014-08-22T20:18:42.737Z","2.1.0":"2014-11-14T21:06:52.288Z","2.1.1":"2014-12-01T21:16:57.386Z","2.2.0":"2015-02-02T20:09:36.898Z","2.2.1":"2015-02-06T23:20:14.768Z","2.3.0":"2015-04-28T20:57:26.088Z","2.3.1":"2015-05-02T01:42:08.193Z","2.3.2":"2015-08-03T23:30:20.569Z","2.4.0":"2015-12-03T06:25:19.774Z","2.4.1":"2015-12-03T22:29:52.206Z","2.5.0":"2016-08-31T04:55:48.239Z","2.5.1":"2016-09-07T22:19:18.956Z","2.5.2":"2016-09-17T00:26:26.324Z","2.5.3":"2017-01-12T00:30:31.688Z","2.6.0":"2017-04-24T20:46:24.755Z"},"homepage":"http://jasmine.github.io/","keywords":["test","jasmine","tdd","bdd"],"repository":{"type":"git","url":"git+https://github.com/jasmine/jasmine-npm.git"},"bugs":{"url":"https://github.com/jasmine/jasmine-npm/issues"},"readmeFilename":"README.md","users":{"slackersoft":true,"nitayneeman":true,"kikar":true,"21xhipster":true,"dante2008":true,"jefrancomix":true,"lifecube":true,"green_goo":true,"guiambros":true,"famousgarkin":true,"cestrensem":true,"cesarvelandia":true,"wangnan0610":true,"hema":true,"makay":true,"xgqfrms":true,"luckyulin":true,"jyounce":true,"dreamseer":true,"maur1th":true,"shanquan":true,"bapinney":true,"toryburgett":true,"geese98":true,"mccataldo":true,"shinelin":true,"italoacasas":true,"cfleschhut":true,"keeyanajones":true,"deneboulton":true,"anaumidis":true,"feyzee":true,"protosac":true,"alimd":true,"alexcoady":true,"thesystem":true,"icerainnuaa":true,"jaehong.lee":true,"segen":true,"mhaidarh":true,"nohomey":true,"knoja4":true,"juk":true,"morogasper":true,"langri-sha":true,"finnhvman":true,"danielmihai":true,"sunny_anna":true,"vchouhan":true,"hugovila":true,"edgardleal":true,"stefan.age":true,"beatwinthewave":true,"onursimsek":true,"modood":true},"license":"MIT","_attachments":{},"_etag":"W/\"590e7edd-569c\"","_lastModified":"Sun, 07 May 2017 01:56:45 GMT","_cached":true}