{"_id":"cucumber-expressions","_rev":"9-bb5ce0afb67e0ff82977904daf51b059","name":"cucumber-expressions","time":{"modified":"2017-03-09T00:03:37.813Z","created":"2016-09-28T22:28:21.521Z","1.0.0":"2016-09-28T22:28:21.521Z","1.0.1":"2016-09-28T22:34:20.523Z","1.0.2":"2016-11-23T22:14:12.113Z","1.0.3":"2016-11-25T10:15:52.426Z","1.0.4":"2017-01-20T21:27:52.320Z","2.0.0":"2017-02-17T13:26:50.568Z","2.0.1":"2017-02-17T23:04:00.246Z","3.0.0":"2017-03-09T00:03:37.813Z"},"maintainers":[{"name":"aslakhellesoy","email":"aslak.hellesoy@gmail.com"}],"dist-tags":{"latest":"3.0.0"},"description":"Cucumber Expressions - a simpler alternative to Regular Expressions","readme":"# Cucumber Expressions for JavaScript\n\n[![Build Status](https://travis-ci.org/cucumber/cucumber-expressions-javascript.svg?branch=master)](https://travis-ci.org/cucumber/cucumber-expressions-javascript)\n\n[The docs are here](http://docs.cucumber.io/cucumber-expressions/).\n","versions":{"1.0.1":{"name":"cucumber-expressions","version":"1.0.1","description":"Cucumber Expressions - a simpler alternative to Regular Expressions","scripts":{"test":"mocha --recursive","coverage":"ISTANBUL=true istanbul cover _mocha -- --recursive","postcoverage":"istanbul check-coverage --statements 100 --branches 100"},"repository":{"type":"git","url":"git://github.com/cucumber/cucumber-expressions-javascript.git"},"keywords":["cucumber","steps","regexp","regex"],"author":{"name":"Cucumber Limited","email":"cukes@googlegroups.com"},"license":"MIT","bugs":{"url":"https://github.com/cucumber/cucumber-expressions-javascript/issues"},"homepage":"https://github.com/cucumber/cucumber-expressions-javascript#readme","devDependencies":{"eslint":"^2.13.1","istanbul":"^0.4.0","mocha":"^2.3.3"},"gitHead":"51d8683173f3296594cacaf8c168116614af5de3","_id":"cucumber-expressions@1.0.1","_shasum":"b13db38d12ce12b589d0b370da9e0a85f96e06b2","_from":".","_npmVersion":"3.10.3","_nodeVersion":"6.6.0","_npmUser":{"name":"aslakhellesoy","email":"aslak.hellesoy@gmail.com"},"dist":{"shasum":"b13db38d12ce12b589d0b370da9e0a85f96e06b2","tarball":"https://registry.npmjs.org/cucumber-expressions/-/cucumber-expressions-1.0.1.tgz"},"maintainers":[{"name":"aslakhellesoy","email":"aslak.hellesoy@gmail.com"}],"_npmOperationalInternal":{"host":"packages-16-east.internal.npmjs.com","tmp":"tmp/cucumber-expressions-1.0.1.tgz_1475102059856_0.9558484188746661"},"directories":{}},"1.0.2":{"name":"cucumber-expressions","version":"1.0.2","description":"Cucumber Expressions - a simpler alternative to Regular Expressions","main":"dist/index.js","scripts":{"test":"npm run eslint && npm run coverage","eslint":"eslint src test","build":"babel src --out-dir dist","prepublish":"npm run build","postinstall":"node scripts/postinstall.js","mocha":"mocha","coverage":"ISTANBUL=true istanbul cover _mocha"},"repository":{"type":"git","url":"git://github.com/cucumber/cucumber-expressions-javascript.git"},"keywords":["cucumber","steps","regexp","regex"],"author":{"name":"Cucumber Limited","email":"cukes@googlegroups.com"},"license":"MIT","bugs":{"url":"https://github.com/cucumber/cucumber-expressions-javascript/issues"},"homepage":"https://github.com/cucumber/cucumber-expressions-javascript#readme","devDependencies":{"babel-cli":"^6.18.0","babel-preset-es2015":"^6.18.0","eslint":"^3.9.1","eslint-config-eslint":"^3.0.0","istanbul":"^1.1.0-alpha.1","mocha":"^3.1.2"},"_id":"cucumber-expressions@1.0.2","_shasum":"06f68174d943cd8d63f410c68fe4b5cbb2340ff7","_from":".","_npmVersion":"4.0.2","_nodeVersion":"7.0.0","_npmUser":{"name":"aslakhellesoy","email":"aslak.hellesoy@gmail.com"},"dist":{"shasum":"06f68174d943cd8d63f410c68fe4b5cbb2340ff7","tarball":"https://registry.npmjs.org/cucumber-expressions/-/cucumber-expressions-1.0.2.tgz"},"maintainers":[{"name":"aslakhellesoy","email":"aslak.hellesoy@gmail.com"}],"_npmOperationalInternal":{"host":"packages-12-west.internal.npmjs.com","tmp":"tmp/cucumber-expressions-1.0.2.tgz_1479939250007_0.7885462660342455"},"directories":{}},"1.0.3":{"name":"cucumber-expressions","version":"1.0.3","description":"Cucumber Expressions - a simpler alternative to Regular Expressions","main":"dist/index.js","scripts":{"test":"npm run eslint && npm run coverage","eslint":"eslint src test","build":"babel src --out-dir dist","prepublish":"npm run build","postinstall":"node scripts/postinstall.js","mocha":"mocha","coverage":"ISTANBUL=true istanbul cover _mocha"},"repository":{"type":"git","url":"git://github.com/cucumber/cucumber-expressions-javascript.git"},"keywords":["cucumber","steps","regexp","regex"],"author":{"name":"Cucumber Limited","email":"cukes@googlegroups.com"},"license":"MIT","bugs":{"url":"https://github.com/cucumber/cucumber-expressions-javascript/issues"},"homepage":"https://github.com/cucumber/cucumber-expressions-javascript#readme","devDependencies":{"babel-cli":"^6.18.0","babel-preset-es2015":"^6.18.0","eslint":"^3.9.1","eslint-config-eslint":"^3.0.0","istanbul":"^1.1.0-alpha.1","mocha":"^3.1.2"},"files":["*"],"gitHead":"8ef8b261a81d7f4d679922bd4f078bbe96e9ec49","_id":"cucumber-expressions@1.0.3","_shasum":"ea96ab5600f441f192f1c90540555baa1ae83580","_from":".","_npmVersion":"4.0.2","_nodeVersion":"7.0.0","_npmUser":{"name":"aslakhellesoy","email":"aslak.hellesoy@gmail.com"},"dist":{"shasum":"ea96ab5600f441f192f1c90540555baa1ae83580","tarball":"https://registry.npmjs.org/cucumber-expressions/-/cucumber-expressions-1.0.3.tgz"},"maintainers":[{"name":"aslakhellesoy","email":"aslak.hellesoy@gmail.com"}],"_npmOperationalInternal":{"host":"packages-12-west.internal.npmjs.com","tmp":"tmp/cucumber-expressions-1.0.3.tgz_1480068950376_0.5589068965055048"},"directories":{}},"1.0.4":{"name":"cucumber-expressions","version":"1.0.4","description":"Cucumber Expressions - a simpler alternative to Regular Expressions","main":"dist/index.js","scripts":{"test":"npm run eslint && npm run coverage","eslint":"eslint src test","build":"babel src --out-dir dist","prepublish":"npm run build","postinstall":"node scripts/postinstall.js","mocha":"mocha","coverage":"ISTANBUL=true istanbul cover _mocha"},"repository":{"type":"git","url":"git://github.com/cucumber/cucumber-expressions-javascript.git"},"keywords":["cucumber","steps","regexp","regex"],"author":{"name":"Cucumber Limited","email":"cukes@googlegroups.com"},"license":"MIT","bugs":{"url":"https://github.com/cucumber/cucumber-expressions-javascript/issues"},"homepage":"https://github.com/cucumber/cucumber-expressions-javascript#readme","devDependencies":{"babel-cli":"^6.18.0","babel-preset-es2015":"^6.18.0","eslint":"^3.9.1","eslint-config-eslint":"^3.0.0","istanbul":"^1.1.0-alpha.1","mocha":"^3.1.2"},"files":["*"],"gitHead":"c658eaef0fed6d1320edb3282216c73d4d66a638","_id":"cucumber-expressions@1.0.4","_shasum":"5d59d8ee39e18899431f49de16037e3161b8f31d","_from":".","_npmVersion":"3.10.10","_nodeVersion":"7.2.1","_npmUser":{"name":"aslakhellesoy","email":"aslak.hellesoy@gmail.com"},"dist":{"shasum":"5d59d8ee39e18899431f49de16037e3161b8f31d","tarball":"https://registry.npmjs.org/cucumber-expressions/-/cucumber-expressions-1.0.4.tgz"},"maintainers":[{"name":"aslakhellesoy","email":"aslak.hellesoy@gmail.com"}],"_npmOperationalInternal":{"host":"packages-12-west.internal.npmjs.com","tmp":"tmp/cucumber-expressions-1.0.4.tgz_1484947670634_0.627734174951911"},"directories":{}},"2.0.0":{"name":"cucumber-expressions","version":"2.0.0","description":"Cucumber Expressions - a simpler alternative to Regular Expressions","main":"dist/index.js","scripts":{"test":"npm run eslint && npm run coverage","eslint":"eslint src test","build":"babel src --out-dir dist","prepublish":"npm run build","postinstall":"node scripts/postinstall.js","mocha":"mocha","coverage":"node --harmony ./node_modules/.bin/istanbul cover ./node_modules/.bin/_mocha -- test"},"repository":{"type":"git","url":"git://github.com/cucumber/cucumber-expressions-javascript.git"},"keywords":["cucumber","steps","regexp","regex"],"author":{"name":"Cucumber Limited","email":"cukes@googlegroups.com"},"license":"MIT","bugs":{"url":"https://github.com/cucumber/cucumber-expressions-javascript/issues"},"homepage":"https://github.com/cucumber/cucumber-expressions-javascript#readme","devDependencies":{"babel-cli":"^6.23.0","eslint":"^3.15.0","eslint-config-eslint":"^3.0.0","istanbul":"1.0.0-alpha.2","mocha":"^3.2.0"},"files":["*"],"gitHead":"e5593d3cef4004584b49e01f32ab780ae6a56ee1","_id":"cucumber-expressions@2.0.0","_shasum":"fec6174d38c52d296f726f4c5d91e0d836af0cc8","_from":".","_npmVersion":"3.10.9","_nodeVersion":"7.2.1","_npmUser":{"name":"aslakhellesoy","email":"aslak.hellesoy@gmail.com"},"dist":{"shasum":"fec6174d38c52d296f726f4c5d91e0d836af0cc8","tarball":"https://registry.npmjs.org/cucumber-expressions/-/cucumber-expressions-2.0.0.tgz"},"maintainers":[{"name":"aslakhellesoy","email":"aslak.hellesoy@gmail.com"}],"_npmOperationalInternal":{"host":"packages-18-east.internal.npmjs.com","tmp":"tmp/cucumber-expressions-2.0.0.tgz_1487338010012_0.26499274116940796"},"directories":{}},"2.0.1":{"name":"cucumber-expressions","version":"2.0.1","description":"Cucumber Expressions - a simpler alternative to Regular Expressions","main":"dist/index.js","scripts":{"test":"npm run eslint && npm run coverage","eslint":"eslint src test","build":"babel src --out-dir dist","prepublish":"npm run build","postinstall":"node scripts/postinstall.js","mocha":"mocha","coverage":"node --harmony ./node_modules/.bin/istanbul cover ./node_modules/.bin/_mocha -- test"},"repository":{"type":"git","url":"git://github.com/cucumber/cucumber-expressions-javascript.git"},"keywords":["cucumber","steps","regexp","regex"],"author":{"name":"Cucumber Limited","email":"cukes@googlegroups.com"},"license":"MIT","bugs":{"url":"https://github.com/cucumber/cucumber-expressions-javascript/issues"},"homepage":"https://github.com/cucumber/cucumber-expressions-javascript#readme","devDependencies":{"babel-cli":"^6.23.0","babel-preset-es2015":"^6.22.0","eslint":"^3.15.0","eslint-config-eslint":"^3.0.0","istanbul":"1.0.0-alpha.2","mocha":"^3.2.0"},"files":["*"],"gitHead":"d958299d1793775298101fe588da1f956c4867b3","_id":"cucumber-expressions@2.0.1","_shasum":"500bb11f11705f162f613b0dc0ee57f769583e1b","_from":".","_npmVersion":"3.10.9","_nodeVersion":"7.2.1","_npmUser":{"name":"aslakhellesoy","email":"aslak.hellesoy@gmail.com"},"dist":{"shasum":"500bb11f11705f162f613b0dc0ee57f769583e1b","tarball":"https://registry.npmjs.org/cucumber-expressions/-/cucumber-expressions-2.0.1.tgz"},"maintainers":[{"name":"aslakhellesoy","email":"aslak.hellesoy@gmail.com"}],"_npmOperationalInternal":{"host":"packages-12-west.internal.npmjs.com","tmp":"tmp/cucumber-expressions-2.0.1.tgz_1487372638283_0.8112408698070794"},"directories":{}},"3.0.0":{"name":"cucumber-expressions","version":"3.0.0","description":"Cucumber Expressions - a simpler alternative to Regular Expressions","main":"dist/index.js","scripts":{"test":"npm run eslint && npm run coverage","eslint":"eslint src test","build":"babel src --out-dir dist","prepublish":"npm run build","postinstall":"node scripts/postinstall.js","mocha":"mocha","coverage":"node --harmony ./node_modules/.bin/istanbul cover ./node_modules/.bin/_mocha -- test"},"repository":{"type":"git","url":"git://github.com/cucumber/cucumber-expressions-javascript.git"},"keywords":["cucumber","steps","regexp","regex"],"author":{"name":"Cucumber Limited","email":"cukes@googlegroups.com"},"license":"MIT","bugs":{"url":"https://github.com/cucumber/cucumber-expressions-javascript/issues"},"homepage":"https://github.com/cucumber/cucumber-expressions-javascript#readme","devDependencies":{"babel-cli":"^6.23.0","babel-preset-es2015":"^6.22.0","eslint":"^3.15.0","eslint-config-eslint":"^4.0.0","istanbul":"1.0.0-alpha.2","mocha":"^3.2.0"},"files":["*"],"gitHead":"d07ec62ad58e19b65658f2caf9e9f8dd5243d401","_id":"cucumber-expressions@3.0.0","_shasum":"4cf424813dae396cc9dab714b8104b459befc32c","_from":".","_npmVersion":"3.10.9","_nodeVersion":"7.2.1","_npmUser":{"name":"aslakhellesoy","email":"aslak.hellesoy@gmail.com"},"dist":{"shasum":"4cf424813dae396cc9dab714b8104b459befc32c","tarball":"https://registry.npmjs.org/cucumber-expressions/-/cucumber-expressions-3.0.0.tgz"},"maintainers":[{"name":"aslakhellesoy","email":"aslak.hellesoy@gmail.com"}],"_npmOperationalInternal":{"host":"packages-18-east.internal.npmjs.com","tmp":"tmp/cucumber-expressions-3.0.0.tgz_1489017817115_0.6420700729358941"},"directories":{}}},"homepage":"https://github.com/cucumber/cucumber-expressions-javascript#readme","keywords":["cucumber","steps","regexp","regex"],"repository":{"type":"git","url":"git://github.com/cucumber/cucumber-expressions-javascript.git"},"author":{"name":"Cucumber Limited","email":"cukes@googlegroups.com"},"bugs":{"url":"https://github.com/cucumber/cucumber-expressions-javascript/issues"},"license":"MIT","readmeFilename":"README.md","_attachments":{},"_etag":"W/\"58c09bd9-326f\"","_lastModified":"Thu, 09 Mar 2017 00:03:37 GMT","_cached":true}