{"_id":"tmp","_rev":"99-50d3b1263ce0561d5f4f54a37c08a838","name":"tmp","description":"Temporary file and directory creator","dist-tags":{"latest":"0.0.31"},"versions":{"0.0.1":{"name":"tmp","version":"0.0.1","description":"Temporary file and directory creator","preferGlobal":true,"keywords":["temporary","tmp","temp","tempdir","tempfile","tmpdir","tmpfile"],"author":"","contributors":[{"name":"KARASZI Istvan","email":"github@spam.raszi.hu"}],"bugs":{"url":"https://github.com/raszi/tmp/issues"},"main":"lib/tmp.js","scripts":{"test":"vows test/*-test.js"},"engines":{"node":"0.4.10"},"dependencies":{"underscore":"~1.1.7"},"devDependencies":{"vows":"~0.5.11"},"_npmJsonOpts":{"file":"/Users/raszi/.npm/tmp/0.0.1/package/package.json","wscript":false,"contributors":false,"serverjs":false},"_id":"tmp@0.0.1","_engineSupported":true,"_npmVersion":"1.0.25","_nodeVersion":"v0.4.10","_defaultsLoaded":true,"dist":{"shasum":"2b488c532ed9738a95ff96ccfe7e6234ac484ba9","tarball":"https://registry.npmjs.org/tmp/-/tmp-0.0.1.tgz"},"maintainers":[{"name":"raszi","email":"npm@spam.raszi.hu"}],"directories":{}},"0.0.2":{"name":"tmp","version":"0.0.2","description":"Temporary file and directory creator","homepage":"http://github.com/raszi/tmp","keywords":["temporary","tmp","temp","tempdir","tempfile","tmpdir","tmpfile"],"author":"","contributors":[{"name":"KARASZI Istvan","email":"github@spam.raszi.hu","url":"http://raszi.hu/"}],"licenses":[{"type":"GPLv2","url":"http://www.example.com/licenses/gpl.html"}],"repositories":[{"type":"git","url":"git://github.com/raszi/tmp.git"}],"bugs":{"url":"https://github.com/raszi/tmp/issues"},"main":"lib/tmp.js","scripts":{"test":"vows test/*-test.js"},"engines":{"node":"0.4.10"},"dependencies":{"underscore":"~1.1.7"},"devDependencies":{"vows":"~0.5.11"},"_npmJsonOpts":{"file":"/Users/raszi/.npm/tmp/0.0.2/package/package.json","wscript":false,"contributors":false,"serverjs":false},"_id":"tmp@0.0.2","_engineSupported":true,"_npmVersion":"1.0.25","_nodeVersion":"v0.4.10","_defaultsLoaded":true,"dist":{"shasum":"f32d3bb73f3a405fb3f85ead63838189e516dad9","tarball":"https://registry.npmjs.org/tmp/-/tmp-0.0.2.tgz"},"maintainers":[{"name":"raszi","email":"npm@spam.raszi.hu"}],"directories":{}},"0.0.3":{"name":"tmp","version":"0.0.3","description":"Temporary file and directory creator","homepage":"http://github.com/raszi/tmp","keywords":["temporary","tmp","temp","tempdir","tempfile","tmpdir","tmpfile"],"author":"","contributors":[{"name":"KARASZI Istvan","email":"github@spam.raszi.hu","url":"http://raszi.hu/"}],"licenses":[{"type":"GPLv2","url":"http://www.example.com/licenses/gpl.html"}],"repositories":[{"type":"git","url":"git://github.com/raszi/tmp.git"}],"bugs":{"url":"https://github.com/raszi/tmp/issues"},"main":"lib/tmp.js","scripts":{"test":"vows test/*-test.js"},"engines":{"node":"0.4.10"},"dependencies":{},"devDependencies":{"vows":"~0.5.11"},"_npmJsonOpts":{"file":"/Users/raszi/.npm/tmp/0.0.3/package/package.json","wscript":false,"contributors":false,"serverjs":false},"_id":"tmp@0.0.3","_engineSupported":true,"_npmVersion":"1.0.25","_nodeVersion":"v0.4.10","_defaultsLoaded":true,"dist":{"shasum":"72035c83ba264668aa3393364f79ae1201b5ca6f","tarball":"https://registry.npmjs.org/tmp/-/tmp-0.0.3.tgz"},"maintainers":[{"name":"raszi","email":"npm@spam.raszi.hu"}],"directories":{}},"0.0.4":{"name":"tmp","version":"0.0.4","description":"Temporary file and directory creator","author":{"name":"KARASZI István","email":"github@spam.raszi.hu","url":"http://raszi.hu/"},"homepage":"http://github.com/raszi/tmp","keywords":["temporary","tmp","temp","tempdir","tempfile","tmpdir","tmpfile"],"licenses":[{"type":"GPLv2","url":"http://www.example.com/licenses/gpl.html"}],"repository":[{"type":"git","url":"git://github.com/raszi/tmp.git"}],"bugs":{"url":"https://github.com/raszi/tmp/issues"},"main":"lib/tmp.js","scripts":{"test":"vows test/*-test.js"},"engines":{"node":"0.4.10"},"dependencies":{},"devDependencies":{"vows":"~0.5.11"},"_npmJsonOpts":{"file":"/Users/raszi/.npm/tmp/0.0.4/package/package.json","wscript":false,"contributors":false,"serverjs":false},"_id":"tmp@0.0.4","_engineSupported":true,"_npmVersion":"1.0.25","_nodeVersion":"v0.4.10","_defaultsLoaded":true,"dist":{"shasum":"744300c5b4bd7a0a6e8b451355b792961bd168e0","tarball":"https://registry.npmjs.org/tmp/-/tmp-0.0.4.tgz"},"maintainers":[{"name":"raszi","email":"npm@spam.raszi.hu"}],"directories":{}},"0.0.5":{"name":"tmp","version":"0.0.5","description":"Temporary file and directory creator","author":{"name":"KARASZI István","email":"github@spam.raszi.hu","url":"http://raszi.hu/"},"homepage":"http://github.com/raszi/tmp","keywords":["temporary","tmp","temp","tempdir","tempfile","tmpdir","tmpfile"],"licenses":[{"type":"GPLv2","url":"http://www.example.com/licenses/gpl.html"}],"repository":{"type":"git","url":"git://github.com/raszi/tmp.git"},"bugs":{"url":"http://github.com/raszi/tmp/issues"},"main":"lib/tmp.js","scripts":{"test":"vows test/*-test.js"},"engines":{"node":"0.4.10"},"dependencies":{},"devDependencies":{"vows":"~0.5.11"},"_npmJsonOpts":{"file":"/Users/raszi/.npm/tmp/0.0.5/package/package.json","wscript":false,"contributors":false,"serverjs":false},"_id":"tmp@0.0.5","_engineSupported":true,"_npmVersion":"1.0.25","_nodeVersion":"v0.4.10","_defaultsLoaded":true,"dist":{"shasum":"a80e8fc3288a83fd09834e77cc77a1f0ee9956f6","tarball":"https://registry.npmjs.org/tmp/-/tmp-0.0.5.tgz"},"maintainers":[{"name":"raszi","email":"npm@spam.raszi.hu"}],"directories":{}},"0.0.6":{"name":"tmp","version":"0.0.6","description":"Temporary file and directory creator","author":{"name":"KARASZI István","email":"github@spam.raszi.hu","url":"http://raszi.hu/"},"homepage":"http://github.com/raszi/tmp","keywords":["temporary","tmp","temp","tempdir","tempfile","tmpdir","tmpfile"],"licenses":[{"type":"GPLv2","url":"http://www.example.com/licenses/gpl.html"}],"repository":{"type":"git","url":"git://github.com/raszi/tmp.git"},"bugs":{"url":"http://github.com/raszi/tmp/issues"},"main":"lib/tmp.js","scripts":{"test":"vows test/*-test.js"},"engines":{"node":"0.4.10"},"dependencies":{},"devDependencies":{"vows":"~0.5.11"},"_npmJsonOpts":{"file":"/Users/raszi/.npm/tmp/0.0.6/package/package.json","wscript":false,"contributors":false,"serverjs":false},"_id":"tmp@0.0.6","_engineSupported":true,"_npmVersion":"1.0.25","_nodeVersion":"v0.4.10","_defaultsLoaded":true,"dist":{"shasum":"6cf38e542640111bf335f496502b532250cba0ef","tarball":"https://registry.npmjs.org/tmp/-/tmp-0.0.6.tgz"},"maintainers":[{"name":"raszi","email":"npm@spam.raszi.hu"}],"directories":{}},"0.0.7":{"name":"tmp","version":"0.0.7","description":"Temporary file and directory creator","author":{"name":"KARASZI István","email":"github@spam.raszi.hu","url":"http://raszi.hu/"},"homepage":"http://github.com/raszi/tmp","keywords":["temporary","tmp","temp","tempdir","tempfile","tmpdir","tmpfile"],"licenses":[{"type":"GPLv2","url":"http://www.example.com/licenses/gpl.html"}],"repository":{"type":"git","url":"git://github.com/raszi/tmp.git"},"bugs":{"url":"http://github.com/raszi/tmp/issues"},"main":"lib/tmp.js","scripts":{"test":"vows test/*-test.js"},"engines":{"node":"0.4.10"},"dependencies":{},"devDependencies":{"vows":"~0.5.11"},"_npmJsonOpts":{"file":"/Users/raszi/.npm/tmp/0.0.7/package/package.json","wscript":false,"contributors":false,"serverjs":false},"_id":"tmp@0.0.7","_engineSupported":true,"_npmVersion":"1.0.25","_nodeVersion":"v0.4.10","_defaultsLoaded":true,"dist":{"shasum":"f5cfabafccf23a8084e83362d316ba7252fb871a","tarball":"https://registry.npmjs.org/tmp/-/tmp-0.0.7.tgz"},"maintainers":[{"name":"raszi","email":"npm@spam.raszi.hu"}],"directories":{}},"0.0.8":{"name":"tmp","version":"0.0.8","description":"Temporary file and directory creator","author":{"name":"KARASZI István","email":"github@spam.raszi.hu","url":"http://raszi.hu/"},"homepage":"http://github.com/raszi/tmp","keywords":["temporary","tmp","temp","tempdir","tempfile","tmpdir","tmpfile"],"licenses":[{"type":"GPLv2","url":"http://www.example.com/licenses/gpl.html"}],"repository":{"type":"git","url":"git://github.com/raszi/tmp.git"},"bugs":{"url":"http://github.com/raszi/tmp/issues"},"main":"lib/tmp.js","scripts":{"test":"vows test/*-test.js"},"engines":{"node":"0.4.10"},"dependencies":{},"devDependencies":{"vows":"~0.5.11"},"_npmJsonOpts":{"file":"/Users/raszi/.npm/tmp/0.0.8/package/package.json","wscript":false,"contributors":false,"serverjs":false},"_id":"tmp@0.0.8","_engineSupported":false,"_npmVersion":"1.0.25","_nodeVersion":"v0.4.11","_defaultsLoaded":true,"dist":{"shasum":"68352569f2a3a94f8625146111b911e9c10ce677","tarball":"https://registry.npmjs.org/tmp/-/tmp-0.0.8.tgz"},"maintainers":[{"name":"raszi","email":"npm@spam.raszi.hu"}],"directories":{}},"0.0.9":{"name":"tmp","version":"0.0.9","description":"Temporary file and directory creator","author":{"name":"KARASZI István","email":"github@spam.raszi.hu","url":"http://raszi.hu/"},"homepage":"http://github.com/raszi/tmp","keywords":["temporary","tmp","temp","tempdir","tempfile","tmpdir","tmpfile"],"licenses":[{"type":"GPLv2","url":"http://www.example.com/licenses/gpl.html"}],"repository":{"type":"git","url":"git://github.com/raszi/tmp.git"},"bugs":{"url":"http://github.com/raszi/tmp/issues"},"main":"lib/tmp.js","scripts":{"test":"vows test/*-test.js"},"engines":{"node":"0.4.10"},"dependencies":{},"devDependencies":{"vows":"~0.5.11"},"_npmJsonOpts":{"file":"/Users/raszi/.npm/tmp/0.0.9/package/package.json","wscript":false,"contributors":false,"serverjs":false},"_id":"tmp@0.0.9","_engineSupported":false,"_npmVersion":"1.0.25","_nodeVersion":"v0.4.11","_defaultsLoaded":true,"dist":{"shasum":"da2b03ca4de44bc84a50bdc7232b76aa8e995e95","tarball":"https://registry.npmjs.org/tmp/-/tmp-0.0.9.tgz"},"maintainers":[{"name":"raszi","email":"npm@spam.raszi.hu"}],"directories":{}},"0.0.10":{"name":"tmp","version":"0.0.10","description":"Temporary file and directory creator","author":{"name":"KARASZI István","email":"github@spam.raszi.hu","url":"http://raszi.hu/"},"homepage":"http://github.com/raszi/tmp","keywords":["temporary","tmp","temp","tempdir","tempfile","tmpdir","tmpfile"],"licenses":[{"type":"GPLv2","url":"http://www.example.com/licenses/gpl.html"}],"repository":{"type":"git","url":"git://github.com/raszi/tmp.git"},"bugs":{"url":"http://github.com/raszi/tmp/issues"},"main":"lib/tmp.js","scripts":{"test":"vows test/*-test.js"},"engines":{"node":">=0.4.10"},"dependencies":{},"devDependencies":{"vows":"~0.5.11"},"_npmJsonOpts":{"file":"/Users/raszi/.npm/tmp/0.0.10/package/package.json","wscript":false,"contributors":false,"serverjs":false},"_id":"tmp@0.0.10","_engineSupported":true,"_npmVersion":"1.0.25","_nodeVersion":"v0.4.11","_defaultsLoaded":true,"dist":{"shasum":"7452abddd98bf0ef0c06926c7bd688005bb48c60","tarball":"https://registry.npmjs.org/tmp/-/tmp-0.0.10.tgz"},"maintainers":[{"name":"raszi","email":"npm@spam.raszi.hu"}],"directories":{}},"0.0.11":{"name":"tmp","version":"0.0.11","description":"Temporary file and directory creator","author":{"name":"KARASZI István","email":"github@spam.raszi.hu","url":"http://raszi.hu/"},"homepage":"http://github.com/raszi/node-tmp","keywords":["temporary","tmp","temp","tempdir","tempfile","tmpdir","tmpfile"],"licenses":[{"type":"GPLv2","url":"http://www.example.com/licenses/gpl.html"}],"repository":{"type":"git","url":"git://github.com/raszi/node-tmp.git"},"bugs":{"url":"http://github.com/raszi/node-tmp/issues"},"main":"lib/tmp.js","scripts":{"test":"vows test/*-test.js"},"engines":{"node":">=0.4.10"},"dependencies":{},"devDependencies":{"vows":"~0.5.11"},"_npmJsonOpts":{"file":"/Users/raszi/.npm/tmp/0.0.11/package/package.json","wscript":false,"contributors":false,"serverjs":false},"_id":"tmp@0.0.11","_engineSupported":true,"_npmVersion":"1.0.25","_nodeVersion":"v0.4.11","_defaultsLoaded":true,"dist":{"shasum":"1feb344d42ffc4f91d961b0a89bac6ba7c94a3e1","tarball":"https://registry.npmjs.org/tmp/-/tmp-0.0.11.tgz"},"maintainers":[{"name":"raszi","email":"npm@spam.raszi.hu"}],"directories":{}},"0.0.12":{"name":"tmp","version":"0.0.12","description":"Temporary file and directory creator","author":{"name":"KARASZI István","email":"github@spam.raszi.hu","url":"http://raszi.hu/"},"homepage":"http://github.com/raszi/node-tmp","keywords":["temporary","tmp","temp","tempdir","tempfile","tmpdir","tmpfile"],"licenses":[{"type":"GPLv2","url":"http://www.example.com/licenses/gpl.html"}],"repository":{"type":"git","url":"git://github.com/raszi/node-tmp.git"},"bugs":{"url":"http://github.com/raszi/node-tmp/issues"},"main":"lib/tmp.js","scripts":{"test":"vows test/*-test.js"},"engines":{"node":">=0.4.0"},"dependencies":{},"devDependencies":{"vows":"~0.5.11"},"_npmUser":{"name":"raszi","email":"npm@spam.raszi.hu"},"_id":"tmp@0.0.12","_engineSupported":true,"_npmVersion":"1.0.101","_nodeVersion":"v0.4.12","_defaultsLoaded":true,"dist":{"shasum":"14ac64e3eceadfbcc9dc625507c98811b7a5a402","tarball":"https://registry.npmjs.org/tmp/-/tmp-0.0.12.tgz"},"maintainers":[{"name":"raszi","email":"npm@spam.raszi.hu"}],"directories":{}},"0.0.13":{"name":"tmp","version":"0.0.13","description":"A simple temporary file and directory creator for [node.js.][1]","author":{"name":"KARASZI István","email":"github@spam.raszi.hu","url":"http://raszi.hu/"},"homepage":"http://github.com/raszi/node-tmp","keywords":["temporary","tmp","temp","tempdir","tempfile","tmpdir","tmpfile"],"licenses":[{"type":"GPLv2","url":"http://www.example.com/licenses/gpl.html"}],"repository":{"type":"git","url":"git://github.com/raszi/node-tmp.git"},"bugs":{"url":"http://github.com/raszi/node-tmp/issues"},"main":"lib/tmp.js","scripts":{"test":"vows test/*-test.js"},"engines":{"node":">=0.4.0"},"dependencies":{},"devDependencies":{"vows":"~0.6.3"},"_id":"tmp@0.0.13","dist":{"shasum":"18b1b0ca8a28bfef0d42173d99fcbdc1fdf9dff7","tarball":"https://registry.npmjs.org/tmp/-/tmp-0.0.13.tgz"},"maintainers":[{"name":"raszi","email":"npm@spam.raszi.hu"}],"directories":{}},"0.0.14":{"name":"tmp","version":"0.0.14","description":"Temporary file and directory creator","author":{"name":"KARASZI István","email":"github@spam.raszi.hu","url":"http://raszi.hu/"},"homepage":"http://github.com/raszi/node-tmp","keywords":["temporary","tmp","temp","tempdir","tempfile","tmpdir","tmpfile"],"licenses":[{"type":"GPLv2","url":"http://www.example.com/licenses/gpl.html"}],"repository":{"type":"git","url":"git://github.com/raszi/node-tmp.git"},"bugs":{"url":"http://github.com/raszi/node-tmp/issues"},"main":"lib/tmp.js","scripts":{"test":"vows test/*-test.js"},"engines":{"node":">=0.4.0"},"dependencies":{},"devDependencies":{"vows":"~0.6.3"},"_id":"tmp@0.0.14","dist":{"shasum":"0ee0abcfaf2a45fab69dc8e8b853c012b26c3640","tarball":"https://registry.npmjs.org/tmp/-/tmp-0.0.14.tgz"},"maintainers":[{"name":"raszi","email":"npm@spam.raszi.hu"}],"directories":{}},"0.0.15":{"name":"tmp","version":"0.0.15","description":"Temporary file and directory creator","author":{"name":"KARASZI István","email":"github@spam.raszi.hu","url":"http://raszi.hu/"},"homepage":"http://github.com/raszi/node-tmp","keywords":["temporary","tmp","temp","tempdir","tempfile","tmpdir","tmpfile"],"licenses":[{"type":"GPLv2","url":"http://www.example.com/licenses/gpl.html"}],"repository":{"type":"git","url":"git://github.com/raszi/node-tmp.git"},"bugs":{"url":"http://github.com/raszi/node-tmp/issues"},"main":"lib/tmp.js","scripts":{"test":"vows test/*-test.js"},"engines":{"node":">=0.4.0"},"dependencies":{},"devDependencies":{"vows":"~0.6.3"},"_id":"tmp@0.0.15","dist":{"shasum":"041ecde5f3bd044b55d8214b0bb3eac72f6aa1da","tarball":"https://registry.npmjs.org/tmp/-/tmp-0.0.15.tgz"},"_npmVersion":"1.1.62","_npmUser":{"name":"raszi","email":"npm@spam.raszi.hu"},"maintainers":[{"name":"raszi","email":"npm@spam.raszi.hu"}],"directories":{}},"0.0.16":{"name":"tmp","version":"0.0.16","description":"Temporary file and directory creator","author":{"name":"KARASZI István","email":"github@spam.raszi.hu","url":"http://raszi.hu/"},"homepage":"http://github.com/raszi/node-tmp","keywords":["temporary","tmp","temp","tempdir","tempfile","tmpdir","tmpfile"],"licenses":[{"type":"GPLv2","url":"http://www.example.com/licenses/gpl.html"}],"repository":{"type":"git","url":"git://github.com/raszi/node-tmp.git"},"bugs":{"url":"http://github.com/raszi/node-tmp/issues"},"main":"lib/tmp.js","scripts":{"test":"vows test/*-test.js"},"engines":{"node":">=0.4.0"},"dependencies":{},"devDependencies":{"vows":"~0.6.3"},"_id":"tmp@0.0.16","dist":{"shasum":"704ea0513c15375389ef5b6dde865730528f2245","tarball":"https://registry.npmjs.org/tmp/-/tmp-0.0.16.tgz"},"_npmVersion":"1.1.65","_npmUser":{"name":"raszi","email":"npm@spam.raszi.hu"},"maintainers":[{"name":"raszi","email":"npm@spam.raszi.hu"}],"directories":{}},"0.0.17":{"name":"tmp","version":"0.0.17","description":"Temporary file and directory creator","author":{"name":"KARASZI István","email":"github@spam.raszi.hu","url":"http://raszi.hu/"},"homepage":"http://github.com/raszi/node-tmp","keywords":["temporary","tmp","temp","tempdir","tempfile","tmpdir","tmpfile"],"licenses":[{"type":"MIT","url":"http://opensource.org/licenses/MIT"}],"repository":{"type":"git","url":"git://github.com/raszi/node-tmp.git"},"bugs":{"url":"http://github.com/raszi/node-tmp/issues"},"main":"lib/tmp.js","scripts":{"test":"vows test/*-test.js"},"engines":{"node":">=0.4.0"},"dependencies":{},"devDependencies":{"vows":"~0.6.3"},"_id":"tmp@0.0.17","dist":{"shasum":"3b3a2ff4d359e8e2d9f4e6f99a63115f78e19188","tarball":"https://registry.npmjs.org/tmp/-/tmp-0.0.17.tgz"},"_from":".","_npmVersion":"1.2.11","_npmUser":{"name":"raszi","email":"npm@spam.raszi.hu"},"maintainers":[{"name":"raszi","email":"npm@spam.raszi.hu"}],"directories":{}},"0.0.18":{"name":"tmp","version":"0.0.18","description":"Temporary file and directory creator","author":{"name":"KARASZI István","email":"github@spam.raszi.hu","url":"http://raszi.hu/"},"homepage":"http://github.com/raszi/node-tmp","keywords":["temporary","tmp","temp","tempdir","tempfile","tmpdir","tmpfile"],"licenses":[{"type":"MIT","url":"http://opensource.org/licenses/MIT"}],"repository":{"type":"git","url":"git://github.com/raszi/node-tmp.git"},"bugs":{"url":"http://github.com/raszi/node-tmp/issues"},"main":"lib/tmp.js","scripts":{"test":"vows test/*-test.js"},"engines":{"node":">=0.4.0"},"dependencies":{},"devDependencies":{"vows":"~0.7.0"},"_id":"tmp@0.0.18","dist":{"shasum":"d0f72e034f5c5de580225a85494a06acc2e8aebe","tarball":"https://registry.npmjs.org/tmp/-/tmp-0.0.18.tgz"},"_from":".","_npmVersion":"1.2.18","_npmUser":{"name":"raszi","email":"npm@spam.raszi.hu"},"maintainers":[{"name":"raszi","email":"npm@spam.raszi.hu"}],"directories":{}},"0.0.20":{"name":"tmp","version":"0.0.20","description":"Temporary file and directory creator","author":{"name":"KARASZI István","email":"github@spam.raszi.hu","url":"http://raszi.hu/"},"homepage":"http://github.com/raszi/node-tmp","keywords":["temporary","tmp","temp","tempdir","tempfile","tmpdir","tmpfile"],"licenses":[{"type":"MIT","url":"http://opensource.org/licenses/MIT"}],"repository":{"type":"git","url":"git://github.com/raszi/node-tmp.git"},"bugs":{"url":"http://github.com/raszi/node-tmp/issues"},"main":"lib/tmp.js","scripts":{"test":"vows test/*-test.js"},"engines":{"node":">=0.4.0"},"dependencies":{},"devDependencies":{"vows":"~0.7.0"},"_id":"tmp@0.0.20","dist":{"shasum":"b090f3f80eba1801ee3f315616f83a89e9b0186e","tarball":"https://registry.npmjs.org/tmp/-/tmp-0.0.20.tgz"},"_from":".","_npmVersion":"1.2.23","_npmUser":{"name":"raszi","email":"npm@spam.raszi.hu"},"maintainers":[{"name":"raszi","email":"npm@spam.raszi.hu"}],"directories":{}},"0.0.21":{"name":"tmp","version":"0.0.21","description":"Temporary file and directory creator","author":{"name":"KARASZI István","email":"github@spam.raszi.hu","url":"http://raszi.hu/"},"homepage":"http://github.com/raszi/node-tmp","keywords":["temporary","tmp","temp","tempdir","tempfile","tmpdir","tmpfile"],"licenses":[{"type":"MIT","url":"http://opensource.org/licenses/MIT"}],"repository":{"type":"git","url":"git://github.com/raszi/node-tmp.git"},"bugs":{"url":"http://github.com/raszi/node-tmp/issues"},"main":"lib/tmp.js","scripts":{"test":"vows test/*-test.js"},"engines":{"node":">=0.4.0"},"dependencies":{},"devDependencies":{"vows":"~0.7.0"},"_id":"tmp@0.0.21","dist":{"shasum":"6d263fede6570dc4d4510ffcc2efc640223b1153","tarball":"https://registry.npmjs.org/tmp/-/tmp-0.0.21.tgz"},"_from":".","_npmVersion":"1.3.5","_npmUser":{"name":"raszi","email":"npm@spam.raszi.hu"},"maintainers":[{"name":"raszi","email":"npm@spam.raszi.hu"}],"directories":{}},"0.0.22":{"name":"tmp","version":"0.0.22","description":"Temporary file and directory creator","author":{"name":"KARASZI István","email":"github@spam.raszi.hu","url":"http://raszi.hu/"},"homepage":"http://github.com/raszi/node-tmp","keywords":["temporary","tmp","temp","tempdir","tempfile","tmpdir","tmpfile"],"licenses":[{"type":"MIT","url":"http://opensource.org/licenses/MIT"}],"repository":{"type":"git","url":"git://github.com/raszi/node-tmp.git"},"bugs":{"url":"http://github.com/raszi/node-tmp/issues"},"main":"lib/tmp.js","scripts":{"test":"vows test/*-test.js"},"engines":{"node":">=0.4.0"},"dependencies":{},"devDependencies":{"vows":"~0.7.0"},"_id":"tmp@0.0.22","dist":{"shasum":"92133c8a93785fbbd3971c9454561921d58283cd","tarball":"https://registry.npmjs.org/tmp/-/tmp-0.0.22.tgz"},"_from":".","_npmVersion":"1.3.8","_npmUser":{"name":"raszi","email":"npm@spam.raszi.hu"},"maintainers":[{"name":"raszi","email":"npm@spam.raszi.hu"}],"directories":{}},"0.0.23":{"name":"tmp","version":"0.0.23","description":"Temporary file and directory creator","author":{"name":"KARASZI István","email":"github@spam.raszi.hu","url":"http://raszi.hu/"},"homepage":"http://github.com/raszi/node-tmp","keywords":["temporary","tmp","temp","tempdir","tempfile","tmpdir","tmpfile"],"licenses":[{"type":"MIT","url":"http://opensource.org/licenses/MIT"}],"repository":{"type":"git","url":"git://github.com/raszi/node-tmp.git"},"bugs":{"url":"http://github.com/raszi/node-tmp/issues"},"main":"lib/tmp.js","scripts":{"test":"vows test/*-test.js"},"engines":{"node":">=0.4.0"},"dependencies":{},"devDependencies":{"vows":"~0.7.0"},"_id":"tmp@0.0.23","dist":{"shasum":"de874aa5e974a85f0a32cdfdbd74663cb3bd9c74","tarball":"https://registry.npmjs.org/tmp/-/tmp-0.0.23.tgz"},"_from":".","_npmVersion":"1.3.8","_npmUser":{"name":"raszi","email":"npm@spam.raszi.hu"},"maintainers":[{"name":"raszi","email":"npm@spam.raszi.hu"}],"directories":{}},"0.0.24":{"name":"tmp","version":"0.0.24","description":"Temporary file and directory creator","author":{"name":"KARASZI István","email":"github@spam.raszi.hu","url":"http://raszi.hu/"},"homepage":"http://github.com/raszi/node-tmp","keywords":["temporary","tmp","temp","tempdir","tempfile","tmpdir","tmpfile"],"licenses":[{"type":"MIT","url":"http://opensource.org/licenses/MIT"}],"repository":{"type":"git","url":"git://github.com/raszi/node-tmp.git"},"bugs":{"url":"http://github.com/raszi/node-tmp/issues"},"main":"lib/tmp.js","scripts":{"test":"vows test/*-test.js"},"engines":{"node":">=0.4.0"},"dependencies":{},"devDependencies":{"vows":"~0.7.0"},"gitHead":"6864655f13a11c6043c119a0cb60385f072bcecf","_id":"tmp@0.0.24","_shasum":"d6a5e198d14a9835cc6f2d7c3d9e302428c8cf12","_from":".","_npmVersion":"1.4.16","_npmUser":{"name":"raszi","email":"npm@spam.raszi.hu"},"maintainers":[{"name":"raszi","email":"npm@spam.raszi.hu"}],"dist":{"shasum":"d6a5e198d14a9835cc6f2d7c3d9e302428c8cf12","tarball":"https://registry.npmjs.org/tmp/-/tmp-0.0.24.tgz"},"directories":{}},"0.0.25":{"name":"tmp","version":"0.0.25","description":"Temporary file and directory creator","author":{"name":"KARASZI István","email":"github@spam.raszi.hu","url":"http://raszi.hu/"},"homepage":"http://github.com/raszi/node-tmp","keywords":["temporary","tmp","temp","tempdir","tempfile","tmpdir","tmpfile"],"licenses":[{"type":"MIT","url":"http://opensource.org/licenses/MIT"}],"repository":{"type":"git","url":"git://github.com/raszi/node-tmp.git"},"bugs":{"url":"http://github.com/raszi/node-tmp/issues"},"main":"lib/tmp.js","scripts":{"test":"vows test/*-test.js"},"engines":{"node":">=0.4.0"},"dependencies":{},"devDependencies":{"vows":"~0.7.0"},"gitHead":"6641f3ab9533748d7eb10d659e1e53f2e010e341","_id":"tmp@0.0.25","_shasum":"b29629768c55f38df0bff33f6dfde052443da27d","_from":".","_npmVersion":"2.5.1","_nodeVersion":"0.12.0","_npmUser":{"name":"raszi","email":"npm@spam.raszi.hu"},"maintainers":[{"name":"raszi","email":"npm@spam.raszi.hu"}],"dist":{"shasum":"b29629768c55f38df0bff33f6dfde052443da27d","tarball":"https://registry.npmjs.org/tmp/-/tmp-0.0.25.tgz"},"directories":{}},"0.0.26":{"name":"tmp","version":"0.0.26","description":"Temporary file and directory creator","author":{"name":"KARASZI István","email":"github@spam.raszi.hu","url":"http://raszi.hu/"},"homepage":"http://github.com/raszi/node-tmp","keywords":["temporary","tmp","temp","tempdir","tempfile","tmpdir","tmpfile"],"licenses":[{"type":"MIT","url":"http://opensource.org/licenses/MIT"}],"repository":{"type":"git","url":"git://github.com/raszi/node-tmp.git"},"bugs":{"url":"http://github.com/raszi/node-tmp/issues"},"main":"lib/tmp.js","scripts":{"test":"vows test/*-test.js"},"engines":{"node":">=0.4.0"},"dependencies":{"os-tmpdir":"~1.0.0"},"devDependencies":{"vows":"~0.7.0"},"gitHead":"65bf12c4cfef4ba7d02062c19168624967d7147c","_id":"tmp@0.0.26","_shasum":"9efa820ce2a10f81f8979555bace3f15526ce1f2","_from":".","_npmVersion":"2.7.5","_nodeVersion":"0.12.2","_npmUser":{"name":"raszi","email":"npm@spam.raszi.hu"},"maintainers":[{"name":"raszi","email":"npm@spam.raszi.hu"}],"dist":{"shasum":"9efa820ce2a10f81f8979555bace3f15526ce1f2","tarball":"https://registry.npmjs.org/tmp/-/tmp-0.0.26.tgz"},"directories":{}},"0.0.27":{"name":"tmp","version":"0.0.27","description":"Temporary file and directory creator","author":{"name":"KARASZI István","email":"github@spam.raszi.hu","url":"http://raszi.hu/"},"homepage":"http://github.com/raszi/node-tmp","keywords":["temporary","tmp","temp","tempdir","tempfile","tmpdir","tmpfile"],"license":"MIT","repository":{"type":"git","url":"git://github.com/raszi/node-tmp.git"},"bugs":{"url":"http://github.com/raszi/node-tmp/issues"},"main":"lib/tmp.js","scripts":{"test":"vows test/*-test.js"},"engines":{"node":">=0.4.0"},"dependencies":{"os-tmpdir":"~1.0.0"},"devDependencies":{"vows":"~0.7.0"},"gitHead":"a9133e6823075bf286e6239b90f0085e0fadc9b2","_id":"tmp@0.0.27","_shasum":"6aaf42a2d7664150ab528287068ecbc27139a013","_from":".","_npmVersion":"2.12.1","_nodeVersion":"0.12.7","_npmUser":{"name":"raszi","email":"npm@spam.raszi.hu"},"maintainers":[{"name":"raszi","email":"npm@spam.raszi.hu"}],"dist":{"shasum":"6aaf42a2d7664150ab528287068ecbc27139a013","tarball":"https://registry.npmjs.org/tmp/-/tmp-0.0.27.tgz"},"directories":{}},"0.0.28":{"name":"tmp","version":"0.0.28","description":"Temporary file and directory creator","author":{"name":"KARASZI István","email":"github@spam.raszi.hu","url":"http://raszi.hu/"},"homepage":"http://github.com/raszi/node-tmp","keywords":["temporary","tmp","temp","tempdir","tempfile","tmpdir","tmpfile"],"license":"MIT","repository":{"type":"git","url":"git://github.com/raszi/node-tmp.git"},"bugs":{"url":"http://github.com/raszi/node-tmp/issues"},"main":"lib/tmp.js","scripts":{"test":"vows test/*-test.js"},"engines":{"node":">=0.4.0"},"dependencies":{"os-tmpdir":"~1.0.1"},"devDependencies":{"vows":"~0.7.0"},"gitHead":"9fe2a507d8b041c92c83ce1045b83e7283834431","_id":"tmp@0.0.28","_shasum":"172735b7f614ea7af39664fa84cf0de4e515d120","_from":".","_npmVersion":"2.14.4","_nodeVersion":"4.1.1","_npmUser":{"name":"raszi","email":"npm@spam.raszi.hu"},"maintainers":[{"name":"raszi","email":"npm@spam.raszi.hu"}],"dist":{"shasum":"172735b7f614ea7af39664fa84cf0de4e515d120","tarball":"https://registry.npmjs.org/tmp/-/tmp-0.0.28.tgz"},"directories":{}},"0.0.29":{"name":"tmp","version":"0.0.29","description":"Temporary file and directory creator","author":{"name":"KARASZI István","email":"github@spam.raszi.hu","url":"http://raszi.hu/"},"homepage":"http://github.com/raszi/node-tmp","keywords":["temporary","tmp","temp","tempdir","tempfile","tmpdir","tmpfile"],"license":"MIT","repository":{"type":"git","url":"git://github.com/raszi/node-tmp.git"},"bugs":{"url":"http://github.com/raszi/node-tmp/issues"},"main":"lib/tmp.js","scripts":{"test":"vows test/*-test.js"},"engines":{"node":">=0.4.0"},"dependencies":{"os-tmpdir":"~1.0.1"},"devDependencies":{"vows":"~0.7.0"},"gitHead":"e31c67620ff1277545e1e1bb30537ae89bf5c9c6","_id":"tmp@0.0.29","_shasum":"f25125ff0dd9da3ccb0c2dd371ee1288bb9128c0","_from":".","_npmVersion":"3.10.7","_nodeVersion":"6.6.0","_npmUser":{"name":"raszi","email":"npm@spam.raszi.hu"},"maintainers":[{"name":"raszi","email":"npm@spam.raszi.hu"}],"dist":{"shasum":"f25125ff0dd9da3ccb0c2dd371ee1288bb9128c0","tarball":"https://registry.npmjs.org/tmp/-/tmp-0.0.29.tgz"},"_npmOperationalInternal":{"host":"packages-12-west.internal.npmjs.com","tmp":"tmp/tmp-0.0.29.tgz_1474206034339_0.5949684288352728"},"directories":{}},"0.0.30":{"name":"tmp","version":"0.0.30","description":"Temporary file and directory creator","author":{"name":"KARASZI István","email":"github@spam.raszi.hu","url":"http://raszi.hu/"},"homepage":"http://github.com/raszi/node-tmp","keywords":["temporary","tmp","temp","tempdir","tempfile","tmpdir","tmpfile"],"license":"MIT","repository":{"type":"git","url":"git://github.com/raszi/node-tmp.git"},"bugs":{"url":"http://github.com/raszi/node-tmp/issues"},"main":"lib/tmp.js","scripts":{"test":"vows test/*-test.js"},"engines":{"node":">=0.4.0"},"dependencies":{"os-tmpdir":"~1.0.1"},"devDependencies":{"vows":"~0.7.0"},"gitHead":"d31f69e7df59622fed6b920e447e7dce16d8e258","_id":"tmp@0.0.30","_shasum":"72419d4a8be7d6ce75148fd8b324e593a711c2ed","_from":".","_npmVersion":"3.10.8","_nodeVersion":"7.0.0","_npmUser":{"name":"raszi","email":"npm@spam.raszi.hu"},"maintainers":[{"name":"raszi","email":"npm@spam.raszi.hu"}],"dist":{"shasum":"72419d4a8be7d6ce75148fd8b324e593a711c2ed","tarball":"https://registry.npmjs.org/tmp/-/tmp-0.0.30.tgz"},"_npmOperationalInternal":{"host":"packages-18-east.internal.npmjs.com","tmp":"tmp/tmp-0.0.30.tgz_1478036265762_0.7139906866941601"},"directories":{}},"0.0.31":{"name":"tmp","version":"0.0.31","description":"Temporary file and directory creator","author":{"name":"KARASZI István","email":"github@spam.raszi.hu","url":"http://raszi.hu/"},"keywords":["temporary","tmp","temp","tempdir","tempfile","tmpdir","tmpfile"],"license":"MIT","repository":{"type":"git","url":"git+https://github.com/raszi/node-tmp.git"},"homepage":"http://github.com/raszi/node-tmp","bugs":{"url":"http://github.com/raszi/node-tmp/issues"},"engines":{"node":">=0.4.0"},"dependencies":{"os-tmpdir":"~1.0.1"},"devDependencies":{"vows":"~0.7.0"},"main":"lib/tmp.js","files":["lib/"],"scripts":{"test":"vows test/*-test.js"},"gitHead":"f60eace1da5b4812776fcfb5afbf11cda88034d9","_id":"tmp@0.0.31","_shasum":"8f38ab9438e17315e5dbd8b3657e8bfb277ae4a7","_from":".","_npmVersion":"3.10.8","_nodeVersion":"7.1.0","_npmUser":{"name":"raszi","email":"npm@spam.raszi.hu"},"maintainers":[{"name":"raszi","email":"npm@spam.raszi.hu"}],"dist":{"shasum":"8f38ab9438e17315e5dbd8b3657e8bfb277ae4a7","tarball":"https://registry.npmjs.org/tmp/-/tmp-0.0.31.tgz"},"_npmOperationalInternal":{"host":"packages-12-west.internal.npmjs.com","tmp":"tmp/tmp-0.0.31.tgz_1479731985968_0.6135591438505799"},"directories":{}}},"maintainers":[{"name":"raszi","email":"npm@spam.raszi.hu"}],"time":{"modified":"2017-04-25T18:42:33.501Z","created":"2011-09-02T12:30:13.534Z","0.0.1":"2011-09-02T12:30:15.269Z","0.0.2":"2011-09-02T12:37:00.785Z","0.0.3":"2011-09-02T12:45:19.487Z","0.0.4":"2011-09-02T13:22:17.215Z","0.0.5":"2011-09-02T13:24:10.723Z","0.0.6":"2011-09-03T15:51:32.316Z","0.0.7":"2011-09-03T18:46:19.017Z","0.0.8":"2011-09-05T12:51:42.406Z","0.0.9":"2011-09-05T13:05:56.815Z","0.0.10":"2011-09-05T13:32:30.752Z","0.0.11":"2011-09-07T11:36:25.971Z","0.0.12":"2011-10-21T12:09:32.466Z","0.0.13":"2012-06-27T09:12:57.078Z","0.0.14":"2012-08-26T18:51:54.612Z","0.0.15":"2012-10-13T10:15:06.633Z","0.0.16":"2012-11-22T14:29:15.604Z","0.0.17":"2013-04-09T13:42:49.781Z","0.0.18":"2013-04-19T18:33:31.427Z","0.0.20":"2013-06-01T20:08:31.740Z","0.0.21":"2013-08-07T10:00:57.255Z","0.0.22":"2013-11-29T14:42:16.499Z","0.0.23":"2013-12-03T22:28:28.462Z","0.0.24":"2014-07-11T16:10:53.864Z","0.0.25":"2015-03-01T12:19:01.255Z","0.0.26":"2015-05-12T07:41:23.521Z","0.0.27":"2015-08-14T22:12:47.477Z","0.0.28":"2015-09-27T20:45:30.978Z","0.0.29":"2016-09-18T13:40:36.056Z","0.0.30":"2016-11-01T21:37:46.418Z","0.0.31":"2016-11-21T12:39:47.884Z"},"author":{"name":"KARASZI István","email":"github@spam.raszi.hu","url":"http://raszi.hu/"},"repository":{"type":"git","url":"git+https://github.com/raszi/node-tmp.git"},"users":{"bencevans":true,"pid":true,"julien-f":true,"chyingp":true,"sdolard":true,"aw":true,"gdbtek":true,"tophsic":true,"vitre":true,"harutlc":true,"goliatone":true,"fedor":true,"leodutra":true,"developit":true,"mygoare":true,"leahcimic":true,"draganhr":true,"arunrajmony":true,"mhfrantz":true,"xiechao06":true,"keyn":true,"brend":true,"tfentonz":true,"recursion_excursion":true,"daizch":true,"roccomuso":true,"platdesign":true,"cknowles":true,"majgis":true,"traffective":true,"olonam":true,"rbecheras":true,"shanewholloway":true,"rickdesantis":true,"ahme-t":true,"markstos":true,"giussa_dan":true,"mucbuc":true,"chinawolf_wyp":true,"ahmed-dinar":true},"readme":"# Tmp\n\nA simple temporary file and directory creator for [node.js.][1]\n\n[![Build Status](https://travis-ci.org/raszi/node-tmp.svg?branch=master)](https://travis-ci.org/raszi/node-tmp)\n[![Dependencies](https://david-dm.org/raszi/node-tmp.svg)](https://david-dm.org/raszi/node-tmp)\n[![npm version](https://badge.fury.io/js/tmp.svg)](https://badge.fury.io/js/tmp)\n\n## About\n\nThis is a [widely used library][2] to create temporary files and directories\nin a [node.js][1] environment.\n\nTmp offers both an asynchronous and a synchronous API. For all API calls, all\nthe parameters are optional.\n\nTmp uses crypto for determining random file names, or, when using templates,\na six letter random identifier. And just in case that you do not have that much\nentropy left on your system, Tmp will fall back to pseudo random numbers.\n\nYou can set whether you want to remove the temporary file on process exit or\nnot, and the destination directory can also be set.\n\n## How to install\n\n```bash\nnpm install tmp\n```\n\n## Usage\n\n### Asynchronous file creation\n\nSimple temporary file creation, the file will be closed and unlinked on process exit.\n\n```javascript\nvar tmp = require('tmp');\n\ntmp.file(function _tempFileCreated(err, path, fd, cleanupCallback) {\n  if (err) throw err;\n\n  console.log(\"File: \", path);\n  console.log(\"Filedescriptor: \", fd);\n  \n  // If we don't need the file anymore we could manually call the cleanupCallback\n  // But that is not necessary if we didn't pass the keep option because the library\n  // will clean after itself.\n  cleanupCallback();\n});\n```\n\n### Synchronous file creation\n\nA synchronous version of the above.\n\n```javascript\nvar tmp = require('tmp');\n\nvar tmpobj = tmp.fileSync();\nconsole.log(\"File: \", tmpobj.name);\nconsole.log(\"Filedescriptor: \", tmpobj.fd);\n  \n// If we don't need the file anymore we could manually call the removeCallback\n// But that is not necessary if we didn't pass the keep option because the library\n// will clean after itself.\ntmpobj.removeCallback();\n```\n\nNote that this might throw an exception if either the maximum limit of retries\nfor creating a temporary name fails, or, in case that you do not have the permission\nto write to the directory where the temporary file should be created in.\n\n### Asynchronous directory creation\n\nSimple temporary directory creation, it will be removed on process exit.\n\nIf the directory still contains items on process exit, then it won't be removed.\n\n```javascript\nvar tmp = require('tmp');\n\ntmp.dir(function _tempDirCreated(err, path, cleanupCallback) {\n  if (err) throw err;\n\n  console.log(\"Dir: \", path);\n  \n  // Manual cleanup\n  cleanupCallback();\n});\n```\n\nIf you want to cleanup the directory even when there are entries in it, then\nyou can pass the `unsafeCleanup` option when creating it.\n\n### Synchronous directory creation\n\nA synchronous version of the above.\n\n```javascript\nvar tmp = require('tmp');\n\nvar tmpobj = tmp.dirSync();\nconsole.log(\"Dir: \", tmpobj.name);\n// Manual cleanup\ntmpobj.removeCallback();\n```\n\nNote that this might throw an exception if either the maximum limit of retries\nfor creating a temporary name fails, or, in case that you do not have the permission\nto write to the directory where the temporary directory should be created in.\n\n### Asynchronous filename generation\n\nIt is possible with this library to generate a unique filename in the specified\ndirectory.\n\n```javascript\nvar tmp = require('tmp');\n\ntmp.tmpName(function _tempNameGenerated(err, path) {\n    if (err) throw err;\n\n    console.log(\"Created temporary filename: \", path);\n});\n```\n\n### Synchronous filename generation\n\nA synchronous version of the above.\n\n```javascript\nvar tmp = require('tmp');\n\nvar name = tmp.tmpNameSync();\nconsole.log(\"Created temporary filename: \", name);\n```\n\n## Advanced usage\n\n### Asynchronous file creation\n\nCreates a file with mode `0644`, prefix will be `prefix-` and postfix will be `.txt`.\n\n```javascript\nvar tmp = require('tmp');\n\ntmp.file({ mode: 0644, prefix: 'prefix-', postfix: '.txt' }, function _tempFileCreated(err, path, fd) {\n  if (err) throw err;\n\n  console.log(\"File: \", path);\n  console.log(\"Filedescriptor: \", fd);\n});\n```\n\n### Synchronous file creation\n\nA synchronous version of the above.\n\n```javascript\nvar tmp = require('tmp');\n\nvar tmpobj = tmp.fileSync({ mode: 0644, prefix: 'prefix-', postfix: '.txt' });\nconsole.log(\"File: \", tmpobj.name);\nconsole.log(\"Filedescriptor: \", tmpobj.fd);\n```\n\n### Controlling the Descriptor\n\nAs a side effect of creating a unique file `tmp` gets a file descriptor that is\nreturned to the user as the `fd` parameter.  The descriptor may be used by the\napplication and is closed when the `removeCallback` is invoked.\n\nIn some use cases the application does not need the descriptor, needs to close it\nwithout removing the file, or needs to remove the file without closing the\ndescriptor.  Two options control how the descriptor is managed:\n\n* `discardDescriptor` - if `true` causes `tmp` to close the descriptor after the file\n  is created.  In this case the `fd` parameter is undefined.\n* `detachDescriptor` - if `true` causes `tmp` to return the descriptor in the `fd`\n  parameter, but it is the application's responsibility to close it when it is no\n  longer needed.\n\n```javascript\nvar tmp = require('tmp');\n\ntmp.file({ discardDescriptor: true }, function _tempFileCreated(err, path, fd, cleanupCallback) {\n  if (err) throw err;\n  // fd will be undefined, allowing application to use fs.createReadStream(path)\n  // without holding an unused descriptor open.\n});\n```\n\n```javascript\nvar tmp = require('tmp');\n\ntmp.file({ detachDescriptor: true }, function _tempFileCreated(err, path, fd, cleanupCallback) {\n  if (err) throw err;\n\n  cleanupCallback();\n  // Application can store data through fd here; the space used will automatically\n  // be reclaimed by the operating system when the descriptor is closed or program\n  // terminates.\n});\n```\n\n### Asynchronous directory creation\n\nCreates a directory with mode `0755`, prefix will be `myTmpDir_`.\n\n```javascript\nvar tmp = require('tmp');\n\ntmp.dir({ mode: 0750, prefix: 'myTmpDir_' }, function _tempDirCreated(err, path) {\n  if (err) throw err;\n\n  console.log(\"Dir: \", path);\n});\n```\n\n### Synchronous directory creation\n\nAgain, a synchronous version of the above.\n\n```javascript\nvar tmp = require('tmp');\n\nvar tmpobj = tmp.dirSync({ mode: 0750, prefix: 'myTmpDir_' });\nconsole.log(\"Dir: \", tmpobj.name);\n```\n\n### mkstemp like, asynchronously\n\nCreates a new temporary directory with mode `0700` and filename like `/tmp/tmp-nk2J1u`.\n\n```javascript\nvar tmp = require('tmp');\n\ntmp.dir({ template: '/tmp/tmp-XXXXXX' }, function _tempDirCreated(err, path) {\n  if (err) throw err;\n\n  console.log(\"Dir: \", path);\n});\n```\n\n### mkstemp like, synchronously\n\nThis will behave similarly to the asynchronous version.\n\n```javascript\nvar tmp = require('tmp');\n\nvar tmpobj = tmp.dirSync({ template: '/tmp/tmp-XXXXXX' });\nconsole.log(\"Dir: \", tmpobj.name);\n```\n\n### Asynchronous filename generation\n\nThe `tmpName()` function accepts the `prefix`, `postfix`, `dir`, etc. parameters also:\n\n```javascript\nvar tmp = require('tmp');\n\ntmp.tmpName({ template: '/tmp/tmp-XXXXXX' }, function _tempNameGenerated(err, path) {\n    if (err) throw err;\n\n    console.log(\"Created temporary filename: \", path);\n});\n```\n\n### Synchronous filename generation\n\nThe `tmpNameSync()` function works similarly to `tmpName()`.\n\n```javascript\nvar tmp = require('tmp');\nvar tmpname = tmp.tmpNameSync({ template: '/tmp/tmp-XXXXXX' });\nconsole.log(\"Created temporary filename: \", tmpname);\n```\n\n## Graceful cleanup\n\nOne may want to cleanup the temporary files even when an uncaught exception\noccurs. To enforce this, you can call the `setGracefulCleanup()` method:\n\n```javascript\nvar tmp = require('tmp');\n\ntmp.setGracefulCleanup();\n```\n\n## Options\n\nAll options are optional :)\n\n  * `mode`: the file mode to create with, it fallbacks to `0600` on file creation and `0700` on directory creation\n  * `prefix`: the optional prefix, fallbacks to `tmp-` if not provided\n  * `postfix`: the optional postfix, fallbacks to `.tmp` on file creation\n  * `template`: [`mkstemp`][3] like filename template, no default\n  * `dir`: the optional temporary directory, fallbacks to system default (guesses from environment)\n  * `tries`: how many times should the function try to get a unique filename before giving up, default `3`\n  * `keep`: signals that the temporary file or directory should not be deleted on exit, default is `false`, means delete\n    * Please keep in mind that it is recommended in this case to call the provided `cleanupCallback` function manually.\n  * `unsafeCleanup`: recursively removes the created temporary directory, even when it's not empty. default is `false`\n\n[1]: http://nodejs.org/\n[2]: https://www.npmjs.com/browse/depended/tmp\n[3]: http://www.kernel.org/doc/man-pages/online/pages/man3/mkstemp.3.html\n","homepage":"http://github.com/raszi/node-tmp","keywords":["temporary","tmp","temp","tempdir","tempfile","tmpdir","tmpfile"],"bugs":{"url":"http://github.com/raszi/node-tmp/issues"},"readmeFilename":"README.md","license":"MIT","_attachments":{},"_etag":"W/\"58ff9899-a876\"","_lastModified":"Tue, 25 Apr 2017 18:42:33 GMT","_cached":true}